START RECORD GO HERE.                                                   S      1
1H,,1H;,20HCNEXT - IGES PRODUCT,19HHousing_Lid_v12.igs,44HIBM CATIA IGESG      1
 - CATIA Version 5 Release 18 ,27HCATIA Version 5 Release 18 ,32,75,6,  G      2
75,15,15HHousing_Lid_v12,1.0,2,2HMM,1000,1.0,15H20251206.135256,0.001,  G      3
10000.0,5Hhelmh,15HWINDOWS-E7MI9UT,11,0,15H20251206.135256,;            G      4
     108       1       0       0       0       0       0       001010001D      1
     108       0       0       2       0                               0D      2
     124       3       0       0       0       0       0       001020201D      3
     124       0       0       3       0                               0D      4
     100       6       0       0       0       0       3       001010001D      5
     100       0       0       1       0                               0D      6
     124       7       0       0       0       0       0       001020201D      7
     124       0       0       3       0                               0D      8
     100      10       0       0       0       0       7       001010001D      9
     100       0       0       1       0                               0D     10
     102      11       0       0       0       0       0       001010001D     11
     102       0       0       1       0                               0D     12
     142      12       0       0       0       0       0       001010001D     13
     142       0       0       1       0                               0D     14
     124      13       0       0       0       0       0       001020201D     15
     124       0       0       3       0                               0D     16
     100      16       0       0       0       0      15       001010001D     17
     100       0       0       1       0                               0D     18
     124      17       0       0       0       0       0       001020201D     19
     124       0       0       3       0                               0D     20
     100      20       0       0       0       0      19       001010001D     21
     100       0       0       1       0                               0D     22
     102      21       0       0       0       0       0       001010001D     23
     102       0       0       1       0                               0D     24
     142      22       0       0       0       0       0       001010001D     25
     142       0       0       1       0                               0D     26
     144      23       0       0   10000       0       0       000000000D     27
     144       0       0       1       0                PartBody       0D     28
     110      24       0       0       0       0       0       001010001D     29
     110       0       0       2       0                               0D     30
     110      26       0       0       0       0       0       001010001D     31
     110       0       0       2       0                               0D     32
     120      28       0       0       0       0       0       001010001D     33
     120       0       0       1       0                               0D     34
     110      29       0       0       0       0       0       001010001D     35
     110       0       0       2       0                               0D     36
     124      31       0       0       0       0       0       001020201D     37
     124       0       0       3       0                               0D     38
     100      34       0       0       0       0      37       001010001D     39
     100       0       0       1       0                               0D     40
     110      35       0       0       0       0       0       001010001D     41
     110       0       0       2       0                               0D     42
     124      37       0       0       0       0       0       001020201D     43
     124       0       0       3       0                               0D     44
     100      40       0       0       0       0      43       001010001D     45
     100       0       0       1       0                               0D     46
     102      41       0       0       0       0       0       001010001D     47
     102       0       0       1       0                               0D     48
     142      42       0       0       0       0       0       001010001D     49
     142       0       0       1       0                               0D     50
     144      43       0       0   10000       0       0       000000000D     51
     144       0       0       1       0                PartBody       0D     52
     110      44       0       0       0       0       0       001010001D     53
     110       0       0       2       0                               0D     54
     110      46       0       0       0       0       0       001010001D     55
     110       0       0       2       0                               0D     56
     120      48       0       0       0       0       0       001010001D     57
     120       0       0       1       0                               0D     58
     110      49       0       0       0       0       0       001010001D     59
     110       0       0       2       0                               0D     60
     124      51       0       0       0       0       0       001020201D     61
     124       0       0       3       0                               0D     62
     100      54       0       0       0       0      61       001010001D     63
     100       0       0       1       0                               0D     64
     110      55       0       0       0       0       0       001010001D     65
     110       0       0       2       0                               0D     66
     124      57       0       0       0       0       0       001020201D     67
     124       0       0       3       0                               0D     68
     100      60       0       0       0       0      67       001010001D     69
     100       0       0       1       0                               0D     70
     102      61       0       0       0       0       0       001010001D     71
     102       0       0       1       0                               0D     72
     142      62       0       0       0       0       0       001010001D     73
     142       0       0       1       0                               0D     74
     144      63       0       0   10000       0       0       000000000D     75
     144       0       0       1       0                PartBody       0D     76
     108      64       0       0       0       0       0       001010001D     77
     108       0       0       2       0                               0D     78
     110      66       0       0       0       0       0       001010001D     79
     110       0       0       2       0                               0D     80
     110      68       0       0       0       0       0       001010001D     81
     110       0       0       2       0                               0D     82
     110      70       0       0       0       0       0       001010001D     83
     110       0       0       2       0                               0D     84
     110      72       0       0       0       0       0       001010001D     85
     110       0       0       2       0                               0D     86
     102      74       0       0       0       0       0       001010001D     87
     102       0       0       1       0                               0D     88
     142      75       0       0       0       0       0       001010001D     89
     142       0       0       1       0                               0D     90
     144      76       0       0   10000       0       0       000000000D     91
     144       0       0       1       0                PartBody       0D     92
     110      77       0       0       0       0       0       001010001D     93
     110       0       0       2       0                               0D     94
     110      79       0       0       0       0       0       001010001D     95
     110       0       0       2       0                               0D     96
     120      81       0       0       0       0       0       001010001D     97
     120       0       0       1       0                               0D     98
     110      82       0       0       0       0       0       001010001D     99
     110       0       0       2       0                               0D    100
     124      84       0       0       0       0       0       001020201D    101
     124       0       0       3       0                               0D    102
     100      87       0       0       0       0     101       001010001D    103
     100       0       0       1       0                               0D    104
     110      88       0       0       0       0       0       001010001D    105
     110       0       0       2       0                               0D    106
     124      90       0       0       0       0       0       001020201D    107
     124       0       0       3       0                               0D    108
     100      93       0       0       0       0     107       001010001D    109
     100       0       0       1       0                               0D    110
     102      94       0       0       0       0       0       001010001D    111
     102       0       0       1       0                               0D    112
     142      95       0       0       0       0       0       001010001D    113
     142       0       0       1       0                               0D    114
     144      96       0       0   10000       0       0       000000000D    115
     144       0       0       1       0                PartBody       0D    116
     108      97       0       0       0       0       0       001010001D    117
     108       0       0       2       0                               0D    118
     110      99       0       0       0       0       0       001010001D    119
     110       0       0       2       0                               0D    120
     110     101       0       0       0       0       0       001010001D    121
     110       0       0       2       0                               0D    122
     110     103       0       0       0       0       0       001010001D    123
     110       0       0       2       0                               0D    124
     110     105       0       0       0       0       0       001010001D    125
     110       0       0       2       0                               0D    126
     102     107       0       0       0       0       0       001010001D    127
     102       0       0       1       0                               0D    128
     142     108       0       0       0       0       0       001010001D    129
     142       0       0       1       0                               0D    130
     144     109       0       0   10000       0       0       000000000D    131
     144       0       0       1       0                PartBody       0D    132
     110     110       0       0       0       0       0       001010001D    133
     110       0       0       2       0                               0D    134
     110     112       0       0       0       0       0       001010001D    135
     110       0       0       2       0                               0D    136
     120     114       0       0       0       0       0       001010001D    137
     120       0       0       1       0                               0D    138
     110     115       0       0       0       0       0       001010001D    139
     110       0       0       2       0                               0D    140
     124     117       0       0       0       0       0       001020201D    141
     124       0       0       3       0                               0D    142
     100     120       0       0       0       0     141       001010001D    143
     100       0       0       1       0                               0D    144
     110     121       0       0       0       0       0       001010001D    145
     110       0       0       2       0                               0D    146
     124     123       0       0       0       0       0       001020201D    147
     124       0       0       3       0                               0D    148
     100     126       0       0       0       0     147       001010001D    149
     100       0       0       1       0                               0D    150
     102     127       0       0       0       0       0       001010001D    151
     102       0       0       1       0                               0D    152
     142     128       0       0       0       0       0       001010001D    153
     142       0       0       1       0                               0D    154
     144     129       0       0   10000       0       0       000000000D    155
     144       0       0       1       0                PartBody       0D    156
     108     130       0       0       0       0       0       001010001D    157
     108       0       0       2       0                               0D    158
     110     132       0       0       0       0       0       001010001D    159
     110       0       0       2       0                               0D    160
     110     134       0       0       0       0       0       001010001D    161
     110       0       0       2       0                               0D    162
     110     136       0       0       0       0       0       001010001D    163
     110       0       0       2       0                               0D    164
     110     138       0       0       0       0       0       001010001D    165
     110       0       0       2       0                               0D    166
     102     140       0       0       0       0       0       001010001D    167
     102       0       0       1       0                               0D    168
     142     141       0       0       0       0       0       001010001D    169
     142       0       0       1       0                               0D    170
     144     142       0       0   10000       0       0       000000000D    171
     144       0       0       1       0                PartBody       0D    172
     108     143       0       0       0       0       0       001010001D    173
     108       0       0       2       0                               0D    174
     110     145       0       0       0       0       0       001010001D    175
     110       0       0       2       0                               0D    176
     110     147       0       0       0       0       0       001010001D    177
     110       0       0       2       0                               0D    178
     110     149       0       0       0       0       0       001010001D    179
     110       0       0       2       0                               0D    180
     110     151       0       0       0       0       0       001010001D    181
     110       0       0       2       0                               0D    182
     102     153       0       0       0       0       0       001010001D    183
     102       0       0       1       0                               0D    184
     142     154       0       0       0       0       0       001010001D    185
     142       0       0       1       0                               0D    186
     144     155       0       0   10000       0       0       000000000D    187
     144       0       0       1       0                PartBody       0D    188
     108     156       0       0       0       0       0       001010001D    189
     108       0       0       2       0                               0D    190
     110     158       0       0       0       0       0       001010001D    191
     110       0       0       2       0                               0D    192
     110     160       0       0       0       0       0       001010001D    193
     110       0       0       2       0                               0D    194
     124     162       0       0       0       0       0       001020201D    195
     124       0       0       3       0                               0D    196
     100     165       0       0       0       0     195       001010001D    197
     100       0       0       1       0                               0D    198
     110     166       0       0       0       0       0       001010001D    199
     110       0       0       2       0                               0D    200
     124     168       0       0       0       0       0       001020201D    201
     124       0       0       3       0                               0D    202
     100     171       0       0       0       0     201       001010001D    203
     100       0       0       1       0                               0D    204
     110     172       0       0       0       0       0       001010001D    205
     110       0       0       2       0                               0D    206
     102     174       0       0       0       0       0       001010001D    207
     102       0       0       1       0                               0D    208
     142     175       0       0       0       0       0       001010001D    209
     142       0       0       1       0                               0D    210
     110     176       0       0       0       0       0       001010001D    211
     110       0       0       2       0                               0D    212
     110     178       0       0       0       0       0       001010001D    213
     110       0       0       2       0                               0D    214
     124     180       0       0       0       0       0       001020201D    215
     124       0       0       3       0                               0D    216
     100     183       0       0       0       0     215       001010001D    217
     100       0       0       1       0                               0D    218
     110     184       0       0       0       0       0       001010001D    219
     110       0       0       2       0                               0D    220
     124     186       0       0       0       0       0       001020201D    221
     124       0       0       3       0                               0D    222
     100     189       0       0       0       0     221       001010001D    223
     100       0       0       1       0                               0D    224
     110     190       0       0       0       0       0       001010001D    225
     110       0       0       2       0                               0D    226
     102     192       0       0       0       0       0       001010001D    227
     102       0       0       1       0                               0D    228
     142     193       0       0       0       0       0       001010001D    229
     142       0       0       1       0                               0D    230
     144     194       0       0   10000       0       0       000000000D    231
     144       0       0       1       0                PartBody       0D    232
     108     195       0       0       0       0       0       001010001D    233
     108       0       0       2       0                               0D    234
     110     197       0       0       0       0       0       001010001D    235
     110       0       0       2       0                               0D    236
     110     199       0       0       0       0       0       001010001D    237
     110       0       0       2       0                               0D    238
     110     201       0       0       0       0       0       001010001D    239
     110       0       0       2       0                               0D    240
     110     203       0       0       0       0       0       001010001D    241
     110       0       0       2       0                               0D    242
     102     205       0       0       0       0       0       001010001D    243
     102       0       0       1       0                               0D    244
     142     206       0       0       0       0       0       001010001D    245
     142       0       0       1       0                               0D    246
     144     207       0       0   10000       0       0       000000000D    247
     144       0       0       1       0                PartBody       0D    248
     110     208       0       0       0       0       0       001010001D    249
     110       0       0       2       0                               0D    250
     110     210       0       0       0       0       0       001010001D    251
     110       0       0       2       0                               0D    252
     120     212       0       0       0       0       0       001010001D    253
     120       0       0       1       0                               0D    254
     124     213       0       0       0       0       0       001020201D    255
     124       0       0       3       0                               0D    256
     100     216       0       0       0       0     255       001010001D    257
     100       0       0       1       0                               0D    258
     110     217       0       0       0       0       0       001010001D    259
     110       0       0       2       0                               0D    260
     124     219       0       0       0       0       0       001020201D    261
     124       0       0       3       0                               0D    262
     100     222       0       0       0       0     261       001010001D    263
     100       0       0       1       0                               0D    264
     110     223       0       0       0       0       0       001010001D    265
     110       0       0       2       0                               0D    266
     102     225       0       0       0       0       0       001010001D    267
     102       0       0       1       0                               0D    268
     142     226       0       0       0       0       0       001010001D    269
     142       0       0       1       0                               0D    270
     144     227       0       0   10000       0       0       000000000D    271
     144       0       0       1       0                PartBody       0D    272
     108     228       0       0       0       0       0       001010001D    273
     108       0       0       2       0                               0D    274
     110     230       0       0       0       0       0       001010001D    275
     110       0       0       2       0                               0D    276
     110     232       0       0       0       0       0       001010001D    277
     110       0       0       2       0                               0D    278
     110     234       0       0       0       0       0       001010001D    279
     110       0       0       2       0                               0D    280
     110     236       0       0       0       0       0       001010001D    281
     110       0       0       2       0                               0D    282
     102     238       0       0       0       0       0       001010001D    283
     102       0       0       1       0                               0D    284
     142     239       0       0       0       0       0       001010001D    285
     142       0       0       1       0                               0D    286
     144     240       0       0   10000       0       0       000000000D    287
     144       0       0       1       0                PartBody       0D    288
     110     241       0       0       0       0       0       001010001D    289
     110       0       0       2       0                               0D    290
     110     243       0       0       0       0       0       001010001D    291
     110       0       0       2       0                               0D    292
     120     245       0       0       0       0       0       001010001D    293
     120       0       0       1       0                               0D    294
     124     246       0       0       0       0       0       001020201D    295
     124       0       0       3       0                               0D    296
     100     249       0       0       0       0     295       001010001D    297
     100       0       0       1       0                               0D    298
     110     250       0       0       0       0       0       001010001D    299
     110       0       0       2       0                               0D    300
     124     252       0       0       0       0       0       001020201D    301
     124       0       0       3       0                               0D    302
     100     255       0       0       0       0     301       001010001D    303
     100       0       0       1       0                               0D    304
     110     256       0       0       0       0       0       001010001D    305
     110       0       0       2       0                               0D    306
     102     258       0       0       0       0       0       001010001D    307
     102       0       0       1       0                               0D    308
     142     259       0       0       0       0       0       001010001D    309
     142       0       0       1       0                               0D    310
     144     260       0       0   10000       0       0       000000000D    311
     144       0       0       1       0                PartBody       0D    312
     108     261       0       0       0       0       0       001010001D    313
     108       0       0       2       0                               0D    314
     110     263       0       0       0       0       0       001010001D    315
     110       0       0       2       0                               0D    316
     110     265       0       0       0       0       0       001010001D    317
     110       0       0       2       0                               0D    318
     110     267       0       0       0       0       0       001010001D    319
     110       0       0       2       0                               0D    320
     110     269       0       0       0       0       0       001010001D    321
     110       0       0       2       0                               0D    322
     102     271       0       0       0       0       0       001010001D    323
     102       0       0       1       0                               0D    324
     142     272       0       0       0       0       0       001010001D    325
     142       0       0       1       0                               0D    326
     144     273       0       0   10000       0       0       000000000D    327
     144       0       0       1       0                PartBody       0D    328
     108     274       0       0       0       0       0       001010001D    329
     108       0       0       2       0                               0D    330
     110     276       0       0       0       0       0       001010001D    331
     110       0       0       2       0                               0D    332
     110     278       0       0       0       0       0       001010001D    333
     110       0       0       2       0                               0D    334
     110     280       0       0       0       0       0       001010001D    335
     110       0       0       2       0                               0D    336
     110     282       0       0       0       0       0       001010001D    337
     110       0       0       2       0                               0D    338
     102     284       0       0       0       0       0       001010001D    339
     102       0       0       1       0                               0D    340
     142     285       0       0       0       0       0       001010001D    341
     142       0       0       1       0                               0D    342
     144     286       0       0   10000       0       0       000000000D    343
     144       0       0       1       0                PartBody       0D    344
     110     287       0       0       0       0       0       001010001D    345
     110       0       0       2       0                               0D    346
     110     289       0       0       0       0       0       001010001D    347
     110       0       0       2       0                               0D    348
     120     291       0       0       0       0       0       001010001D    349
     120       0       0       1       0                               0D    350
     110     292       0       0       0       0       0       001010001D    351
     110       0       0       2       0                               0D    352
     124     294       0       0       0       0       0       001020201D    353
     124       0       0       3       0                               0D    354
     100     297       0       0       0       0     353       001010001D    355
     100       0       0       1       0                               0D    356
     110     298       0       0       0       0       0       001010001D    357
     110       0       0       2       0                               0D    358
     124     300       0       0       0       0       0       001020201D    359
     124       0       0       3       0                               0D    360
     100     303       0       0       0       0     359       001010001D    361
     100       0       0       1       0                               0D    362
     102     304       0       0       0       0       0       001010001D    363
     102       0       0       1       0                               0D    364
     142     305       0       0       0       0       0       001010001D    365
     142       0       0       1       0                               0D    366
     144     306       0       0   10000       0       0       000000000D    367
     144       0       0       1       0                PartBody       0D    368
     110     307       0       0       0       0       0       001010001D    369
     110       0       0       2       0                               0D    370
     110     309       0       0       0       0       0       001010001D    371
     110       0       0       2       0                               0D    372
     120     311       0       0       0       0       0       001010001D    373
     120       0       0       1       0                               0D    374
     110     312       0       0       0       0       0       001010001D    375
     110       0       0       2       0                               0D    376
     124     314       0       0       0       0       0       001020201D    377
     124       0       0       3       0                               0D    378
     100     317       0       0       0       0     377       001010001D    379
     100       0       0       1       0                               0D    380
     110     318       0       0       0       0       0       001010001D    381
     110       0       0       2       0                               0D    382
     124     320       0       0       0       0       0       001020201D    383
     124       0       0       3       0                               0D    384
     100     323       0       0       0       0     383       001010001D    385
     100       0       0       1       0                               0D    386
     102     324       0       0       0       0       0       001010001D    387
     102       0       0       1       0                               0D    388
     142     325       0       0       0       0       0       001010001D    389
     142       0       0       1       0                               0D    390
     144     326       0       0   10000       0       0       000000000D    391
     144       0       0       1       0                PartBody       0D    392
     108     327       0       0       0       0       0       001010001D    393
     108       0       0       2       0                               0D    394
     110     329       0       0       0       0       0       001010001D    395
     110       0       0       2       0                               0D    396
     124     331       0       0       0       0       0       001020201D    397
     124       0       0       3       0                               0D    398
     100     334       0       0       0       0     397       001010001D    399
     100       0       0       1       0                               0D    400
     110     335       0       0       0       0       0       001010001D    401
     110       0       0       2       0                               0D    402
     124     337       0       0       0       0       0       001020201D    403
     124       0       0       3       0                               0D    404
     100     340       0       0       0       0     403       001010001D    405
     100       0       0       1       0                               0D    406
     110     341       0       0       0       0       0       001010001D    407
     110       0       0       2       0                               0D    408
     124     343       0       0       0       0       0       001020201D    409
     124       0       0       3       0                               0D    410
     100     346       0       0       0       0     409       001010001D    411
     100       0       0       1       0                               0D    412
     110     347       0       0       0       0       0       001010001D    413
     110       0       0       2       0                               0D    414
     124     349       0       0       0       0       0       001020201D    415
     124       0       0       3       0                               0D    416
     100     352       0       0       0       0     415       001010001D    417
     100       0       0       1       0                               0D    418
     102     353       0       0       0       0       0       001010001D    419
     102       0       0       1       0                               0D    420
     142     354       0       0       0       0       0       001010001D    421
     142       0       0       1       0                               0D    422
     124     355       0       0       0       0       0       001020201D    423
     124       0       0       3       0                               0D    424
     100     358       0       0       0       0     423       001010001D    425
     100       0       0       1       0                               0D    426
     124     359       0       0       0       0       0       001020201D    427
     124       0       0       3       0                               0D    428
     100     362       0       0       0       0     427       001010001D    429
     100       0       0       1       0                               0D    430
     102     363       0       0       0       0       0       001010001D    431
     102       0       0       1       0                               0D    432
     142     364       0       0       0       0       0       001010001D    433
     142       0       0       1       0                               0D    434
     144     365       0       0   10000       0       0       000000000D    435
     144       0       0       1       0                PartBody       0D    436
     108     366       0       0       0       0       0       001010001D    437
     108       0       0       2       0                               0D    438
     110     368       0       0       0       0       0       001010001D    439
     110       0       0       2       0                               0D    440
     110     370       0       0       0       0       0       001010001D    441
     110       0       0       2       0                               0D    442
     110     372       0       0       0       0       0       001010001D    443
     110       0       0       2       0                               0D    444
     110     374       0       0       0       0       0       001010001D    445
     110       0       0       2       0                               0D    446
     102     376       0       0       0       0       0       001010001D    447
     102       0       0       1       0                               0D    448
     142     377       0       0       0       0       0       001010001D    449
     142       0       0       1       0                               0D    450
     144     378       0       0   10000       0       0       000000000D    451
     144       0       0       1       0                PartBody       0D    452
     110     379       0       0       0       0       0       001010001D    453
     110       0       0       2       0                               0D    454
     110     381       0       0       0       0       0       001010001D    455
     110       0       0       2       0                               0D    456
     120     383       0       0       0       0       0       001010001D    457
     120       0       0       1       0                               0D    458
     124     384       0       0       0       0       0       001020201D    459
     124       0       0       3       0                               0D    460
     100     387       0       0       0       0     459       001010001D    461
     100       0       0       1       0                               0D    462
     110     388       0       0       0       0       0       001010001D    463
     110       0       0       2       0                               0D    464
     124     390       0       0       0       0       0       001020201D    465
     124       0       0       3       0                               0D    466
     100     393       0       0       0       0     465       001010001D    467
     100       0       0       1       0                               0D    468
     110     394       0       0       0       0       0       001010001D    469
     110       0       0       2       0                               0D    470
     102     396       0       0       0       0       0       001010001D    471
     102       0       0       1       0                               0D    472
     142     397       0       0       0       0       0       001010001D    473
     142       0       0       1       0                               0D    474
     144     398       0       0   10000       0       0       000000000D    475
     144       0       0       1       0                PartBody       0D    476
     108     399       0       0       0       0       0       001010001D    477
     108       0       0       2       0                               0D    478
     110     401       0       0       0       0       0       001010001D    479
     110       0       0       2       0                               0D    480
     110     403       0       0       0       0       0       001010001D    481
     110       0       0       2       0                               0D    482
     110     405       0       0       0       0       0       001010001D    483
     110       0       0       2       0                               0D    484
     110     407       0       0       0       0       0       001010001D    485
     110       0       0       2       0                               0D    486
     102     409       0       0       0       0       0       001010001D    487
     102       0       0       1       0                               0D    488
     142     410       0       0       0       0       0       001010001D    489
     142       0       0       1       0                               0D    490
     144     411       0       0   10000       0       0       000000000D    491
     144       0       0       1       0                PartBody       0D    492
     110     412       0       0       0       0       0       001010001D    493
     110       0       0       2       0                               0D    494
     110     414       0       0       0       0       0       001010001D    495
     110       0       0       2       0                               0D    496
     120     416       0       0       0       0       0       001010001D    497
     120       0       0       1       0                               0D    498
     124     417       0       0       0       0       0       001020201D    499
     124       0       0       3       0                               0D    500
     100     420       0       0       0       0     499       001010001D    501
     100       0       0       1       0                               0D    502
     110     421       0       0       0       0       0       001010001D    503
     110       0       0       2       0                               0D    504
     124     423       0       0       0       0       0       001020201D    505
     124       0       0       3       0                               0D    506
     100     426       0       0       0       0     505       001010001D    507
     100       0       0       1       0                               0D    508
     110     427       0       0       0       0       0       001010001D    509
     110       0       0       2       0                               0D    510
     102     429       0       0       0       0       0       001010001D    511
     102       0       0       1       0                               0D    512
     142     430       0       0       0       0       0       001010001D    513
     142       0       0       1       0                               0D    514
     144     431       0       0   10000       0       0       000000000D    515
     144       0       0       1       0                PartBody       0D    516
     108     432       0       0       0       0       0       001010001D    517
     108       0       0       2       0                               0D    518
     110     434       0       0       0       0       0       001010001D    519
     110       0       0       2       0                               0D    520
     110     436       0       0       0       0       0       001010001D    521
     110       0       0       2       0                               0D    522
     110     438       0       0       0       0       0       001010001D    523
     110       0       0       2       0                               0D    524
     110     440       0       0       0       0       0       001010001D    525
     110       0       0       2       0                               0D    526
     102     442       0       0       0       0       0       001010001D    527
     102       0       0       1       0                               0D    528
     142     443       0       0       0       0       0       001010001D    529
     142       0       0       1       0                               0D    530
     144     444       0       0   10000       0       0       000000000D    531
     144       0       0       1       0                PartBody       0D    532
     110     445       0       0       0       0       0       001010001D    533
     110       0       0       2       0                               0D    534
     110     447       0       0       0       0       0       001010001D    535
     110       0       0       2       0                               0D    536
     120     449       0       0       0       0       0       001010001D    537
     120       0       0       1       0                               0D    538
     124     450       0       0       0       0       0       001020201D    539
     124       0       0       3       0                               0D    540
     100     453       0       0       0       0     539       001010001D    541
     100       0       0       1       0                               0D    542
     110     454       0       0       0       0       0       001010001D    543
     110       0       0       2       0                               0D    544
     124     456       0       0       0       0       0       001020201D    545
     124       0       0       3       0                               0D    546
     100     459       0       0       0       0     545       001010001D    547
     100       0       0       1       0                               0D    548
     110     460       0       0       0       0       0       001010001D    549
     110       0       0       2       0                               0D    550
     102     462       0       0       0       0       0       001010001D    551
     102       0       0       1       0                               0D    552
     142     463       0       0       0       0       0       001010001D    553
     142       0       0       1       0                               0D    554
     144     464       0       0   10000       0       0       000000000D    555
     144       0       0       1       0                PartBody       0D    556
     108     465       0       0       0       0       0       001010001D    557
     108       0       0       2       0                               0D    558
     110     467       0       0       0       0       0       001010001D    559
     110       0       0       2       0                               0D    560
     110     469       0       0       0       0       0       001010001D    561
     110       0       0       2       0                               0D    562
     110     471       0       0       0       0       0       001010001D    563
     110       0       0       2       0                               0D    564
     110     473       0       0       0       0       0       001010001D    565
     110       0       0       2       0                               0D    566
     102     475       0       0       0       0       0       001010001D    567
     102       0       0       1       0                               0D    568
     142     476       0       0       0       0       0       001010001D    569
     142       0       0       1       0                               0D    570
     144     477       0       0   10000       0       0       000000000D    571
     144       0       0       1       0                PartBody       0D    572
     110     478       0       0       0       0       0       001010001D    573
     110       0       0       2       0                               0D    574
     110     480       0       0       0       0       0       001010001D    575
     110       0       0       2       0                               0D    576
     120     482       0       0       0       0       0       001010001D    577
     120       0       0       1       0                               0D    578
     124     483       0       0       0       0       0       001020201D    579
     124       0       0       3       0                               0D    580
     100     486       0       0       0       0     579       001010001D    581
     100       0       0       1       0                               0D    582
     110     487       0       0       0       0       0       001010001D    583
     110       0       0       2       0                               0D    584
     124     489       0       0       0       0       0       001020201D    585
     124       0       0       3       0                               0D    586
     100     492       0       0       0       0     585       001010001D    587
     100       0       0       1       0                               0D    588
     110     493       0       0       0       0       0       001010001D    589
     110       0       0       2       0                               0D    590
     102     495       0       0       0       0       0       001010001D    591
     102       0       0       1       0                               0D    592
     142     496       0       0       0       0       0       001010001D    593
     142       0       0       1       0                               0D    594
     144     497       0       0   10000       0       0       000000000D    595
     144       0       0       1       0                PartBody       0D    596
     110     498       0       0       0       0       0       001010001D    597
     110       0       0       2       0                               0D    598
     110     500       0       0       0       0       0       001010001D    599
     110       0       0       2       0                               0D    600
     120     502       0       0       0       0       0       001010001D    601
     120       0       0       1       0                               0D    602
     110     503       0       0       0       0       0       001010001D    603
     110       0       0       2       0                               0D    604
     124     505       0       0       0       0       0       001020201D    605
     124       0       0       3       0                               0D    606
     100     508       0       0       0       0     605       001010001D    607
     100       0       0       1       0                               0D    608
     110     509       0       0       0       0       0       001010001D    609
     110       0       0       2       0                               0D    610
     124     511       0       0       0       0       0       001020201D    611
     124       0       0       3       0                               0D    612
     100     514       0       0       0       0     611       001010001D    613
     100       0       0       1       0                               0D    614
     102     515       0       0       0       0       0       001010001D    615
     102       0       0       1       0                               0D    616
     142     516       0       0       0       0       0       001010001D    617
     142       0       0       1       0                               0D    618
     144     517       0       0   10000       0       0       000000000D    619
     144       0       0       1       0                PartBody       0D    620
     110     518       0       0       0       0       0       001010001D    621
     110       0       0       2       0                               0D    622
     110     520       0       0       0       0       0       001010001D    623
     110       0       0       2       0                               0D    624
     120     522       0       0       0       0       0       001010001D    625
     120       0       0       1       0                               0D    626
     110     523       0       0       0       0       0       001010001D    627
     110       0       0       2       0                               0D    628
     124     525       0       0       0       0       0       001020201D    629
     124       0       0       3       0                               0D    630
     100     528       0       0       0       0     629       001010001D    631
     100       0       0       1       0                               0D    632
     110     529       0       0       0       0       0       001010001D    633
     110       0       0       2       0                               0D    634
     124     531       0       0       0       0       0       001020201D    635
     124       0       0       3       0                               0D    636
     100     534       0       0       0       0     635       001010001D    637
     100       0       0       1       0                               0D    638
     102     535       0       0       0       0       0       001010001D    639
     102       0       0       1       0                               0D    640
     142     536       0       0       0       0       0       001010001D    641
     142       0       0       1       0                               0D    642
     144     537       0       0   10000       0       0       000000000D    643
     144       0       0       1       0                PartBody       0D    644
     108     538       0       0       0       0       0       001010001D    645
     108       0       0       2       0                               0D    646
     124     540       0       0       0       0       0       001020201D    647
     124       0       0       3       0                               0D    648
     100     543       0       0       0       0     647       001010001D    649
     100       0       0       1       0                               0D    650
     110     544       0       0       0       0       0       001010001D    651
     110       0       0       2       0                               0D    652
     124     546       0       0       0       0       0       001020201D    653
     124       0       0       3       0                               0D    654
     100     549       0       0       0       0     653       001010001D    655
     100       0       0       1       0                               0D    656
     110     550       0       0       0       0       0       001010001D    657
     110       0       0       2       0                               0D    658
     110     552       0       0       0       0       0       001010001D    659
     110       0       0       2       0                               0D    660
     110     554       0       0       0       0       0       001010001D    661
     110       0       0       2       0                               0D    662
     102     556       0       0       0       0       0       001010001D    663
     102       0       0       1       0                               0D    664
     142     557       0       0       0       0       0       001010001D    665
     142       0       0       1       0                               0D    666
     124     558       0       0       0       0       0       001020201D    667
     124       0       0       3       0                               0D    668
     100     561       0       0       0       0     667       001010001D    669
     100       0       0       1       0                               0D    670
     124     562       0       0       0       0       0       001020201D    671
     124       0       0       3       0                               0D    672
     100     565       0       0       0       0     671       001010001D    673
     100       0       0       1       0                               0D    674
     102     566       0       0       0       0       0       001010001D    675
     102       0       0       1       0                               0D    676
     142     567       0       0       0       0       0       001010001D    677
     142       0       0       1       0                               0D    678
     124     568       0       0       0       0       0       001020201D    679
     124       0       0       3       0                               0D    680
     100     571       0       0       0       0     679       001010001D    681
     100       0       0       1       0                               0D    682
     124     572       0       0       0       0       0       001020201D    683
     124       0       0       3       0                               0D    684
     100     575       0       0       0       0     683       001010001D    685
     100       0       0       1       0                               0D    686
     102     576       0       0       0       0       0       001010001D    687
     102       0       0       1       0                               0D    688
     142     577       0       0       0       0       0       001010001D    689
     142       0       0       1       0                               0D    690
     124     578       0       0       0       0       0       001020201D    691
     124       0       0       3       0                               0D    692
     100     581       0       0       0       0     691       001010001D    693
     100       0       0       1       0                               0D    694
     124     582       0       0       0       0       0       001020201D    695
     124       0       0       3       0                               0D    696
     100     585       0       0       0       0     695       001010001D    697
     100       0       0       1       0                               0D    698
     102     586       0       0       0       0       0       001010001D    699
     102       0       0       1       0                               0D    700
     142     587       0       0       0       0       0       001010001D    701
     142       0       0       1       0                               0D    702
     144     588       0       0   10000       0       0       000000000D    703
     144       0       0       1       0                PartBody       0D    704
     108     589       0       0       0       0       0       001010001D    705
     108       0       0       2       0                               0D    706
     110     591       0       0       0       0       0       001010001D    707
     110       0       0       2       0                               0D    708
     110     593       0       0       0       0       0       001010001D    709
     110       0       0       2       0                               0D    710
     124     595       0       0       0       0       0       001020201D    711
     124       0       0       3       0                               0D    712
     100     598       0       0       0       0     711       001010001D    713
     100       0       0       1       0                               0D    714
     110     599       0       0       0       0       0       001010001D    715
     110       0       0       2       0                               0D    716
     124     601       0       0       0       0       0       001020201D    717
     124       0       0       3       0                               0D    718
     100     604       0       0       0       0     717       001010001D    719
     100       0       0       1       0                               0D    720
     110     605       0       0       0       0       0       001010001D    721
     110       0       0       2       0                               0D    722
     102     607       0       0       0       0       0       001010001D    723
     102       0       0       1       0                               0D    724
     142     608       0       0       0       0       0       001010001D    725
     142       0       0       1       0                               0D    726
     124     609       0       0       0       0       0       001020201D    727
     124       0       0       3       0                               0D    728
     100     612       0       0       0       0     727       001010001D    729
     100       0       0       1       0                               0D    730
     124     613       0       0       0       0       0       001020201D    731
     124       0       0       3       0                               0D    732
     100     616       0       0       0       0     731       001010001D    733
     100       0       0       1       0                               0D    734
     102     617       0       0       0       0       0       001010001D    735
     102       0       0       1       0                               0D    736
     142     618       0       0       0       0       0       001010001D    737
     142       0       0       1       0                               0D    738
     124     619       0       0       0       0       0       001020201D    739
     124       0       0       3       0                               0D    740
     100     622       0       0       0       0     739       001010001D    741
     100       0       0       1       0                               0D    742
     124     623       0       0       0       0       0       001020201D    743
     124       0       0       3       0                               0D    744
     100     626       0       0       0       0     743       001010001D    745
     100       0       0       1       0                               0D    746
     102     627       0       0       0       0       0       001010001D    747
     102       0       0       1       0                               0D    748
     142     628       0       0       0       0       0       001010001D    749
     142       0       0       1       0                               0D    750
     110     629       0       0       0       0       0       001010001D    751
     110       0       0       2       0                               0D    752
     124     631       0       0       0       0       0       001020201D    753
     124       0       0       3       0                               0D    754
     100     634       0       0       0       0     753       001010001D    755
     100       0       0       1       0                               0D    756
     110     635       0       0       0       0       0       001010001D    757
     110       0       0       2       0                               0D    758
     124     637       0       0       0       0       0       001020201D    759
     124       0       0       3       0                               0D    760
     100     640       0       0       0       0     759       001010001D    761
     100       0       0       1       0                               0D    762
     110     641       0       0       0       0       0       001010001D    763
     110       0       0       2       0                               0D    764
     124     643       0       0       0       0       0       001020201D    765
     124       0       0       3       0                               0D    766
     100     646       0       0       0       0     765       001010001D    767
     100       0       0       1       0                               0D    768
     110     647       0       0       0       0       0       001010001D    769
     110       0       0       2       0                               0D    770
     124     649       0       0       0       0       0       001020201D    771
     124       0       0       3       0                               0D    772
     100     652       0       0       0       0     771       001010001D    773
     100       0       0       1       0                               0D    774
     102     653       0       0       0       0       0       001010001D    775
     102       0       0       1       0                               0D    776
     142     654       0       0       0       0       0       001010001D    777
     142       0       0       1       0                               0D    778
     144     655       0       0   10000       0       0       000000000D    779
     144       0       0       1       0                PartBody       0D    780
     124     656       0       0       0       0       0       001020201D    781
     124       0       0       3       0                               0D    782
     100     659       0       0       0       0     781       001010001D    783
     100       0       0       1       0                               0D    784
     124     660       0       0       0       0       0       001020201D    785
     124       0       0       3       0                               0D    786
     100     663       0       0       0       0     785       001010001D    787
     100       0       0       1       0                               0D    788
     102     664       0       0       0       0       0       001010001D    789
     102       0       0       1       0                               0D    790
     142     665       0       0       0       0       0       001010001D    791
     142       0       0       1       0                               0D    792
     124     666       0       0       0       0       0       001020201D    793
     124       0       0       3       0                               0D    794
     100     669       0       0       0       0     793       001010001D    795
     100       0       0       1       0                               0D    796
     124     670       0       0       0       0       0       001020201D    797
     124       0       0       3       0                               0D    798
     100     673       0       0       0       0     797       001010001D    799
     100       0       0       1       0                               0D    800
     102     674       0       0       0       0       0       001010001D    801
     102       0       0       1       0                               0D    802
     142     675       0       0       0       0       0       001010001D    803
     142       0       0       1       0                               0D    804
     144     676       0       0   10000       0       0       000000000D    805
     144       0       0       1       0                PartBody       0D    806
     110     677       0       0       0       0       0       001010001D    807
     110       0       0       2       0                               0D    808
     110     679       0       0       0       0       0       001010001D    809
     110       0       0       2       0                               0D    810
     120     681       0       0       0       0       0       001010001D    811
     120       0       0       1       0                               0D    812
     110     682       0       0       0       0       0       001010001D    813
     110       0       0       2       0                               0D    814
     124     684       0       0       0       0       0       001020201D    815
     124       0       0       3       0                               0D    816
     100     687       0       0       0       0     815       001010001D    817
     100       0       0       1       0                               0D    818
     110     688       0       0       0       0       0       001010001D    819
     110       0       0       2       0                               0D    820
     124     690       0       0       0       0       0       001020201D    821
     124       0       0       3       0                               0D    822
     100     693       0       0       0       0     821       001010001D    823
     100       0       0       1       0                               0D    824
     102     694       0       0       0       0       0       001010001D    825
     102       0       0       1       0                               0D    826
     142     695       0       0       0       0       0       001010001D    827
     142       0       0       1       0                               0D    828
     144     696       0       0   10000       0       0       000000000D    829
     144       0       0       1       0                PartBody       0D    830
     110     697       0       0       0       0       0       001010001D    831
     110       0       0       2       0                               0D    832
     110     699       0       0       0       0       0       001010001D    833
     110       0       0       2       0                               0D    834
     120     701       0       0       0       0       0       001010001D    835
     120       0       0       1       0                               0D    836
     110     702       0       0       0       0       0       001010001D    837
     110       0       0       2       0                               0D    838
     124     704       0       0       0       0       0       001020201D    839
     124       0       0       3       0                               0D    840
     100     707       0       0       0       0     839       001010001D    841
     100       0       0       1       0                               0D    842
     110     708       0       0       0       0       0       001010001D    843
     110       0       0       2       0                               0D    844
     124     710       0       0       0       0       0       001020201D    845
     124       0       0       3       0                               0D    846
     100     713       0       0       0       0     845       001010001D    847
     100       0       0       1       0                               0D    848
     102     714       0       0       0       0       0       001010001D    849
     102       0       0       1       0                               0D    850
     142     715       0       0       0       0       0       001010001D    851
     142       0       0       1       0                               0D    852
     144     716       0       0   10000       0       0       000000000D    853
     144       0       0       1       0                PartBody       0D    854
     110     717       0       0       0       0       0       001010001D    855
     110       0       0       2       0                               0D    856
     110     719       0       0       0       0       0       001010001D    857
     110       0       0       2       0                               0D    858
     120     721       0       0       0       0       0       001010001D    859
     120       0       0       1       0                               0D    860
     110     722       0       0       0       0       0       001010001D    861
     110       0       0       2       0                               0D    862
     124     724       0       0       0       0       0       001020201D    863
     124       0       0       3       0                               0D    864
     100     727       0       0       0       0     863       001010001D    865
     100       0       0       1       0                               0D    866
     110     728       0       0       0       0       0       001010001D    867
     110       0       0       2       0                               0D    868
     124     730       0       0       0       0       0       001020201D    869
     124       0       0       3       0                               0D    870
     100     733       0       0       0       0     869       001010001D    871
     100       0       0       1       0                               0D    872
     102     734       0       0       0       0       0       001010001D    873
     102       0       0       1       0                               0D    874
     142     735       0       0       0       0       0       001010001D    875
     142       0       0       1       0                               0D    876
     144     736       0       0   10000       0       0       000000000D    877
     144       0       0       1       0                PartBody       0D    878
     110     737       0       0       0       0       0       001010001D    879
     110       0       0       2       0                               0D    880
     110     739       0       0       0       0       0       001010001D    881
     110       0       0       2       0                               0D    882
     120     741       0       0       0       0       0       001010001D    883
     120       0       0       1       0                               0D    884
     110     742       0       0       0       0       0       001010001D    885
     110       0       0       2       0                               0D    886
     124     744       0       0       0       0       0       001020201D    887
     124       0       0       3       0                               0D    888
     100     747       0       0       0       0     887       001010001D    889
     100       0       0       1       0                               0D    890
     110     748       0       0       0       0       0       001010001D    891
     110       0       0       2       0                               0D    892
     124     750       0       0       0       0       0       001020201D    893
     124       0       0       3       0                               0D    894
     100     753       0       0       0       0     893       001010001D    895
     100       0       0       1       0                               0D    896
     102     754       0       0       0       0       0       001010001D    897
     102       0       0       1       0                               0D    898
     142     755       0       0       0       0       0       001010001D    899
     142       0       0       1       0                               0D    900
     144     756       0       0   10000       0       0       000000000D    901
     144       0       0       1       0                PartBody       0D    902
108,-0.9890938222,0.1472693419,0.002269767678,-560.0738595,0,          1P      1
514.1354527,-347.0541082,-191.7506188,1.0,0,0;                         1P      2
124,-0.1292563554,0.0706130688,-0.9890938222,513.8408791,              3P      3
-0.8752966149,0.4606165183,0.1472693419,-349.0320609,                  3P      4
0.4659920928,0.8847859727,0.002269767678,-191.7811037,0,0;             3P      5
100,0.0,0.0,0.0,3.0,0.0,-3.0,0.0,0,0;                                  5P      6
124,0.1292563554,-0.0706130688,-0.9890938222,513.8408791,              7P      7
0.8752966149,-0.4606165183,0.1472693419,-349.0320609,                  7P      8
-0.4659920928,-0.8847859727,0.002269767678,-191.7811037,0,0;           7P      9
100,0.0,0.0,0.0,3.0,0.0,-3.0,0.0,0,0;                                  9P     10
102,2,5,9,0,0;                                                        11P     11
142,0,1,0,11,2,0,0;                                                   13P     12
124,-0.1292563554,-0.0706130688,0.9890938222,513.8408791,             15P     13
-0.8752966149,-0.4606165183,-0.1472693419,-349.0320609,               15P     14
0.4659920928,-0.8847859727,-0.002269767678,-191.7811037,0,0;          15P     15
100,0.0,0.0,0.0,2.0,0.0,-2.0,-1.110223025E-016,0,0;                   17P     16
124,0.1292563554,0.0706130688,0.9890938222,513.8408791,               19P     17
0.8752966149,0.4606165183,-0.1472693419,-349.0320609,                 19P     18
-0.4659920928,0.8847859727,-0.002269767678,-191.7811037,0,0;          19P     19
100,0.0,0.0,0.0,2.0,0.0,-2.0,-1.110223025E-016,0,0;                   21P     20
102,2,17,21,0,0;                                                      23P     21
142,0,1,0,23,2,0,0;                                                   25P     22
144,1,1,1,13,25,0,0;                                                  27P     23
110,518.6874388,-349.7536807,-191.7922256,517.698345,                 29P     24
-349.6064113,-191.7899558,0,0;                                        29P     25
110,514.0993918,-347.2814677,-192.7130879,510.1430165,                31P     26
-346.6923903,-192.7040088,0,0;                                        31P     27
120,29,31,0.0,6.283185307,0,0;                                        33P     28
110,510.1430165,-346.6923903,-192.7040088,514.0993918,                35P     29
-347.2814677,-192.7130879,0,0;                                        35P     30
124,0.1292563554,-0.0706130688,-0.9890938222,513.8408791,             37P     31
0.8752966149,-0.4606165183,0.1472693419,-349.0320609,                 37P     32
-0.4659920928,-0.8847859727,0.002269767678,-191.7811037,0,0;          37P     33
100,0.0,0.0,0.0,2.0,0.0,-2.0,1.110223025E-016,0,0;                    39P     34
110,513.5823664,-350.7826541,-190.8491195,509.6259911,                41P     35
-350.1935768,-190.8400405,0,0;                                        41P     36
124,-0.1292563554,-0.0706130688,0.9890938222,509.8845038,             43P     37
-0.8752966149,-0.4606165183,-0.1472693419,-348.4429835,               43P     38
0.4659920928,-0.8847859727,-0.002269767678,-191.7720246,0,0;          43P     39
100,0.0,0.0,0.0,2.0,0.0,-2.0,1.110223025E-016,0,0;                    45P     40
102,4,35,39,41,45,0,0;                                                47P     41
142,0,33,0,47,2,0,0;                                                  49P     42
144,33,1,0,49,0,0;                                                    51P     43
110,518.6874388,-349.7536807,-191.7922256,517.698345,                 53P     44
-349.6064113,-191.7899558,0,0;                                        53P     45
110,513.5823664,-350.7826541,-190.8491195,509.6259911,                55P     46
-350.1935768,-190.8400405,0,0;                                        55P     47
120,53,55,0.0,6.283185307,0,0;                                        57P     48
110,509.6259911,-350.1935768,-190.8400405,513.5823664,                59P     49
-350.7826541,-190.8491195,0,0;                                        59P     50
124,-0.1292563554,0.0706130688,-0.9890938222,513.8408791,             61P     51
-0.8752966149,0.4606165183,0.1472693419,-349.0320609,                 61P     52
0.4659920928,0.8847859727,0.002269767678,-191.7811037,0,0;            61P     53
100,0.0,0.0,0.0,2.0,0.0,-2.0,1.110223025E-016,0,0;                    63P     54
110,514.0993918,-347.2814677,-192.7130879,510.1430165,                65P     55
-346.6923903,-192.7040088,0,0;                                        65P     56
124,0.1292563554,0.0706130688,0.9890938222,509.8845038,               67P     57
0.8752966149,0.4606165183,-0.1472693419,-348.4429835,                 67P     58
-0.4659920928,0.8847859727,-0.002269767678,-191.7720246,0,0;          67P     59
100,0.0,0.0,0.0,2.0,0.0,-2.0,1.110223025E-016,0,0;                    69P     60
102,4,59,63,65,69,0,0;                                                71P     61
142,0,57,0,71,2,0,0;                                                  73P     62
144,57,1,0,73,0,0;                                                    75P     63
108,-9.648987338E-013,0.01541052682,-0.9998812508,182.2695073,0,      77P     64
510.9707442,-341.2126209,-187.550045,1.0,0,0;                         77P     65
110,506.3627501,-358.5762553,-187.8176595,508.3409378,                79P     66
-358.870794,-187.822199,0,0;                                          79P     67
110,508.3409378,-358.870794,-187.822199,510.9707442,                  81P     68
-341.2126209,-187.550045,0,0;                                         81P     69
110,510.9707442,-341.2126209,-187.550045,508.9925565,                 83P     70
-340.9180822,-187.5455054,0,0;                                        83P     71
110,508.9925565,-340.9180822,-187.5455054,506.3627501,                85P     72
-358.5762553,-187.8176595,0,0;                                        85P     73
102,4,79,81,83,85,0,0;                                                87P     74
142,0,77,0,87,2,0,0;                                                  89P     75
144,77,1,0,89,0,0;                                                    91P     76
110,509.9678387,-341.1087994,-190.7474504,508.9787448,                93P     77
-340.96153,-190.7451807,0,0;                                          93P     78
110,510.9707442,-341.2126209,-187.550045,508.9925565,                 95P     79
-340.9180822,-187.5455054,0,0;                                        95P     80
120,93,95,0.0,6.283185307,0,0;                                        97P     81
110,508.9925565,-340.9180822,-187.5455054,510.9707442,                99P     82
-341.2126209,-187.550045,0,0;                                         99P     83
124,0.004316148985,0.1472235775,-0.9890938222,510.9569325,           101P     84
0.01357742867,0.9890032327,0.1472693419,-341.2560687,                101P     85
0.999898507,-0.01406498724,0.002269767678,-190.7497202,0,0;          101P     86
100,0.0,0.0,0.0,3.2,0.0,0.1822711353,3.194804725,0,0;                103P     87
110,511.4280698,-338.0939217,-190.6124024,509.4498821,               105P     88
-337.799383,-190.6078629,0,0;                                        105P     89
124,0.1472304032,-0.004076673572,0.9890938222,508.9787448,           107P     90
0.9881709296,-0.04277797148,-0.1472693419,-340.96153,                107P     91
0.04291179635,0.9990762863,-0.002269767678,-190.7451807,0,0;         107P     92
100,0.0,0.0,0.0,3.2,0.0,0.1822711353,3.194804725,0,0;                109P     93
102,4,99,103,105,109,0,0;                                            111P     94
142,0,97,0,111,2,0,0;                                                113P     95
144,97,1,0,113,0,0;                                                  115P     96
108,-0.1472868321,-0.9889763681,-0.01524245688,261.9456799,0,        117P     97
511.4280698,-337.6161954,-221.6087213,1.0,0,0;                       117P     98
110,509.4498821,-337.799383,-190.6078629,511.4280698,                119P     99
-338.0939217,-190.6124024,0,0;                                       119P    100
110,511.4280698,-338.0939217,-190.6124024,511.4280698,               121P    101
-337.6161954,-221.6087213,0,0;                                       121P    102
110,511.4280698,-337.6161954,-221.6087213,509.4498821,               123P    103
-337.3216567,-221.6041818,0,0;                                       123P    104
110,509.4498821,-337.3216567,-221.6041818,509.4498821,               125P    105
-337.799383,-190.6078629,0,0;                                        125P    106
102,4,119,121,123,125,0,0;                                           127P    107
142,0,117,0,127,2,0,0;                                               129P    108
144,117,1,0,129,0,0;                                                 131P    109
110,509.9678823,-340.6336659,-221.5565269,508.9787885,               133P    110
-340.4863966,-221.5542572,0,0;                                       133P    111
110,511.4280698,-337.6161954,-221.6087213,509.4498821,               135P    112
-337.3216567,-221.6041818,0,0;                                       135P    113
120,133,135,0.0,6.283185307,0,0;                                     137P    114
110,509.4498821,-337.3216567,-221.6041818,511.4280698,               139P    115
-337.6161954,-221.6087213,0,0;                                       139P    116
124,0.1472167713,-0.004542371871,-0.9890938222,510.9569761,          141P    117
0.9889812016,-0.01509714344,0.1472693419,-340.7809352,               141P    118
-0.01560144343,-0.9998757138,0.002269767678,-221.5587967,0,0;        141P    119
100,0.0,0.0,0.0,3.2,0.0,0.1920802555,3.194229982,0,0;                143P    120
110,510.9707442,-340.6391952,-224.7556264,508.9925565,               145P    121
-340.3446565,-224.7510869,0,0;                                       145P    122
124,0.004302517073,0.1472239765,0.9890938222,508.9787885,            147P    123
0.04429375428,0.9881041465,-0.1472693419,-340.4863966,               147P    124
-0.9990092851,0.04444430757,-0.002269767678,-221.5542572,0,0;        147P    125
100,0.0,0.0,0.0,3.2,0.0,0.1920802555,3.194229982,0,0;                149P    126
102,4,139,143,145,149,0,0;                                           151P    127
142,0,137,0,151,2,0,0;                                               153P    128
144,137,1,0,153,0,0;                                                 155P    129
108,9.645361766E-013,-0.01541052682,0.9998812508,-219.4795074,0,     157P    130
508.3409378,-358.2973683,-225.0277805,1.0,0,0;                       157P    131
110,508.9925565,-340.3446565,-224.7510869,510.9707442,               159P    132
-340.6391952,-224.7556264,0,0;                                       159P    133
110,510.9707442,-340.6391952,-224.7556264,508.3409378,               161P    134
-358.2973683,-225.0277805,0,0;                                       161P    135
110,508.3409378,-358.2973683,-225.0277805,506.3627501,               163P    136
-358.0028296,-225.023241,0,0;                                        163P    137
110,506.3627501,-358.0028296,-225.023241,508.9925565,                165P    138
-340.3446565,-224.7510869,0,0;                                       165P    139
102,4,159,161,163,165,0,0;                                           167P    140
142,0,157,0,167,2,0,0;                                               169P    141
144,157,1,0,169,0,0;                                                 171P    142
108,0.1472868321,0.9889763681,0.01524245688,-282.9056799,0,          173P    143
508.3409378,-358.870794,-187.822199,1.0,0,0;                         173P    144
110,506.3627501,-358.0028296,-225.023241,508.3409378,                175P    145
-358.2973683,-225.0277805,0,0;                                       175P    146
110,508.3409378,-358.2973683,-225.0277805,508.3409378,               177P    147
-358.870794,-187.822199,0,0;                                         177P    148
110,508.3409378,-358.870794,-187.822199,506.3627501,                 179P    149
-358.5762553,-187.8176595,0,0;                                       179P    150
110,506.3627501,-358.5762553,-187.8176595,506.3627501,               181P    151
-358.0028296,-225.023241,0,0;                                        181P    152
102,4,175,177,179,181,0,0;                                           183P    153
142,0,173,0,183,2,0,0;                                               185P    154
144,173,1,0,185,0,0;                                                 187P    155
108,-0.9890938222,0.1472693419,0.002269767678,-554.0738595,0,        189P    156
548.0310315,-81.59809265,-1.257618937,1.0,0,0;                       189P    157
110,506.157285,-359.977375,-186.4440884,506.157285,-359.3609539,     191P    158
-226.4393385,0,0;                                                    191P    159
110,506.157285,-359.3609539,-226.4393385,509.2134868,                193P    160
-338.8396943,-226.1230575,0,0;                                       193P    161
124,-9.663381206E-013,0.1472868321,0.9890938222,509.2134868,         195P    162
0.01541052682,0.9889763681,-0.1472693419,-338.8859259,               195P    163
-0.9998812508,0.01524245688,-0.002269767678,-223.1234138,0,0;        195P    164
100,0.0,0.0,0.0,3.0,0.0,-7.572067973E-014,3.0,0,0;                   197P    165
110,509.6553473,-335.9189968,-223.0776864,509.6553473,               199P    166
-336.4429547,-189.0817238,0,0;                                       199P    167
124,0.1472868321,9.419518117E-013,0.9890938222,509.2134868,          201P    168
0.9889763681,-0.01541052682,-0.1472693419,-339.4098838,              201P    169
0.01524245688,0.9998812508,-0.002269767678,-189.1274512,0,0;         201P    170
100,0.0,0.0,0.0,3.0,0.0,7.868133228E-013,3.0,0,0;                    203P    171
110,509.2134868,-339.4561154,-186.1278074,506.157285,                205P    172
-359.977375,-186.4440884,0,0;                                        205P    173
102,6,191,193,197,199,203,205,0,0;                                   207P    174
142,0,189,0,207,2,0,0;                                               209P    175
110,506.3627501,-358.0028296,-225.023241,506.3627501,                211P    176
-358.5762553,-187.8176595,0,0;                                       211P    177
110,506.3627501,-358.5762553,-187.8176595,508.9925565,               213P    178
-340.9180822,-187.5455054,0,0;                                       213P    179
124,0.004316148985,0.1472235775,-0.9890938222,508.9787448,           215P    180
0.01357742867,0.9890032327,0.1472693419,-340.96153,0.999898507,      215P    181
-0.01406498724,0.002269767678,-190.7451807,0,0;                      215P    182
100,0.0,0.0,0.0,3.2,0.0,0.1822711353,3.194804725,0,0;                217P    183
110,509.4498821,-337.799383,-190.6078629,509.4498821,                219P    184
-337.3216567,-221.6041818,0,0;                                       219P    185
124,0.1472167713,-0.004542371871,-0.9890938222,508.9787885,          221P    186
0.9889812016,-0.01509714344,0.1472693419,-340.4863966,               221P    187
-0.01560144343,-0.9998757138,0.002269767678,-221.5542572,0,0;        221P    188
100,0.0,0.0,0.0,3.2,0.0,0.1920802555,3.194229982,0,0;                223P    189
110,508.9925565,-340.3446565,-224.7510869,506.3627501,               225P    190
-358.0028296,-225.023241,0,0;                                        225P    191
102,6,211,213,217,219,223,225,0,0;                                   227P    192
142,0,189,0,227,2,0,0;                                               229P    193
144,189,1,1,209,229,0,0;                                             231P    194
108,9.64435129E-013,-0.01541052682,0.9998812508,-180.8745073,0,      233P    195
511.1916744,-339.7506541,-186.1323469,1.0,0,0;                       233P    196
110,506.157285,-359.977375,-186.4440884,509.2134868,                 235P    197
-339.4561154,-186.1278074,0,0;                                       235P    198
110,509.2134868,-339.4561154,-186.1278074,520.0935188,               237P    199
-341.0760781,-186.1527749,0,0;                                       237P    200
110,520.0935188,-341.0760781,-186.1527749,517.0373171,               239P    201
-361.5973378,-186.4690558,0,0;                                       239P    202
110,517.0373171,-361.5973378,-186.4690558,506.157285,                241P    203
-359.977375,-186.4440884,0,0;                                        241P    204
102,4,235,237,239,241,0,0;                                           243P    205
142,0,233,0,243,2,0,0;                                               245P    206
144,233,1,0,245,0,0;                                                 247P    207
110,515.6425966,-340.3671345,-189.1422047,514.6535028,               249P    208
-340.2198652,-189.1399349,0,0;                                       249P    209
110,520.0935188,-341.0760781,-186.1527749,509.2134868,               251P    210
-339.4561154,-186.1278074,0,0;                                       251P    211
120,249,251,0.0,6.283185307,0,0;                                     253P    212
124,9.473903143E-013,0.1472868321,-0.9890938222,509.2134868,         255P    213
-0.01541052682,0.9889763681,0.1472693419,-339.4098838,               255P    214
0.9998812508,0.01524245688,0.002269767678,-189.1274512,0,0;          255P    215
100,0.0,0.0,0.0,3.0,0.0,2.132200666E-013,3.0,0,0;                    257P    216
110,509.6553473,-336.4429547,-189.0817238,520.5353793,               259P    217
-338.0629175,-189.1066912,0,0;                                       259P    218
124,0.1472868321,9.654564474E-013,0.9890938222,520.0935188,          261P    219
0.9889763681,-0.01541052682,-0.1472693419,-341.0298466,              261P    220
0.01524245688,0.9998812508,-0.002269767678,-189.1524186,0,0;         261P    221
100,0.0,0.0,0.0,3.0,0.0,-8.183557998E-014,3.0,0,0;                   263P    222
110,520.0935188,-341.0760781,-186.1527749,509.2134868,               265P    223
-339.4561154,-186.1278074,0,0;                                       265P    224
102,4,257,259,263,265,0,0;                                           267P    225
142,0,253,0,267,2,0,0;                                               269P    226
144,253,1,0,269,0,0;                                                 271P    227
108,-0.1472868321,-0.9889763681,-0.01524245688,260.5506799,0,        273P    228
511.6335349,-336.7374934,-189.0862633,1.0,0,0;                       273P    229
110,509.6553473,-336.4429547,-189.0817238,509.6553473,               275P    230
-335.9189968,-223.0776864,0,0;                                       275P    231
110,509.6553473,-335.9189968,-223.0776864,520.5353793,               277P    232
-337.5389595,-223.1026539,0,0;                                       277P    233
110,520.5353793,-337.5389595,-223.1026539,520.5353793,               279P    234
-338.0629175,-189.1066912,0,0;                                       279P    235
110,520.5353793,-338.0629175,-189.1066912,509.6553473,               281P    236
-336.4429547,-189.0817238,0,0;                                       281P    237
102,4,275,277,279,281,0,0;                                           283P    238
142,0,273,0,283,2,0,0;                                               285P    239
144,273,1,0,285,0,0;                                                 287P    240
110,515.6425966,-339.8431766,-223.1381673,514.6535028,               289P    241
-339.6959073,-223.1358975,0,0;                                       289P    242
110,520.5353793,-337.5389595,-223.1026539,509.6553473,               291P    243
-335.9189968,-223.0776864,0,0;                                       291P    244
120,289,291,0.0,6.283185307,0,0;                                     293P    245
124,0.1472868321,-9.682038157E-013,-0.9890938222,509.2134868,        295P    246
0.9889763681,0.01541052682,0.1472693419,-338.8859259,                295P    247
0.01524245688,-0.9998812508,0.002269767678,-223.1234138,0,0;         295P    248
100,0.0,0.0,0.0,3.0,0.0,8.994888168E-014,3.0,0,0;                    297P    249
110,509.2134868,-338.8396943,-226.1230575,520.0935188,               299P    250
-340.4596571,-226.148025,0,0;                                        299P    251
124,-9.852859269E-013,0.1472868321,0.9890938222,520.0935188,         301P    252
0.01541052682,0.9889763681,-0.1472693419,-340.5058886,               301P    253
-0.9998812508,0.01524245688,-0.002269767678,-223.1483812,0,0;        301P    254
100,0.0,0.0,0.0,3.0,0.0,-2.810252031E-015,3.0,0,0;                   303P    255
110,520.5353793,-337.5389595,-223.1026539,509.6553473,               305P    256
-335.9189968,-223.0776864,0,0;                                       305P    257
102,4,297,299,303,305,0,0;                                           307P    258
142,0,293,0,307,2,0,0;                                               309P    259
144,293,1,0,309,0,0;                                                 311P    260
108,-9.644229859E-013,0.01541052682,-0.9998812508,220.8745074,0,     313P    261
508.1354727,-359.6554926,-226.4438781,1.0,0,0;                       313P    262
110,509.2134868,-338.8396943,-226.1230575,506.157285,                315P    263
-359.3609539,-226.4393385,0,0;                                       315P    264
110,506.157285,-359.3609539,-226.4393385,517.0373171,                317P    265
-360.9809167,-226.464306,0,0;                                        317P    266
110,517.0373171,-360.9809167,-226.464306,520.0935188,                319P    267
-340.4596571,-226.148025,0,0;                                        319P    268
110,520.0935188,-340.4596571,-226.148025,509.2134868,                321P    269
-338.8396943,-226.1230575,0,0;                                       321P    270
102,4,315,317,319,321,0,0;                                           323P    271
142,0,313,0,323,2,0,0;                                               325P    272
144,313,1,0,325,0,0;                                                 327P    273
108,0.1472868321,0.9889763681,0.01524245688,-284.3006799,0,          329P    274
508.1354727,-359.6554926,-226.4438781,1.0,0,0;                       329P    275
110,506.157285,-359.3609539,-226.4393385,506.157285,-359.977375,     331P    276
-186.4440884,0,0;                                                    331P    277
110,506.157285,-359.977375,-186.4440884,517.0373171,                 333P    278
-361.5973378,-186.4690558,0,0;                                       333P    279
110,517.0373171,-361.5973378,-186.4690558,517.0373171,               335P    280
-360.9809167,-226.464306,0,0;                                        335P    281
110,517.0373171,-360.9809167,-226.464306,506.157285,                 337P    282
-359.3609539,-226.4393385,0,0;                                       337P    283
102,4,331,333,335,337,0,0;                                           339P    284
142,0,329,0,339,2,0,0;                                               341P    285
144,329,1,0,341,0,0;                                                 343P    286
110,514.20655,-349.7476729,-206.2889441,513.2174562,                 345P    287
-349.6004036,-206.2866744,0,0;                                       345P    288
110,519.5999984,-344.0801682,-206.2991581,516.632717,                347P    289
-343.6383602,-206.2923488,0,0;                                       347P    290
120,345,347,0.0,6.283185307,0,0;                                     349P    291
110,516.632717,-343.6383602,-206.2923488,519.5999984,                351P    292
-344.0801682,-206.2991581,0,0;                                       351P    293
124,0.1472697212,-0.002245018971,-0.9890938222,518.6574722,          353P    294
0.98909637,0.0003342680532,0.1472693419,-350.410385,0.0,             353P    295
-0.9999974241,0.002269767678,-206.2991581,0,0;                       353P    296
100,0.0,0.0,0.0,6.4,0.0,-6.4,-2.842128927E-014,0,0;                  355P    297
110,517.714946,-356.7406017,-206.2991581,514.7476645,                357P    298
-356.2987937,-206.2923488,0,0;                                       357P    299
124,-0.1472697212,-0.002245018971,0.9890938222,515.6901907,          359P    300
-0.98909637,0.0003342680532,-0.1472693419,-349.9685769,              359P    301
4.440892099E-015,-0.9999974241,-0.002269767678,-206.2923488,0,0;     359P    302
100,0.0,0.0,0.0,6.4,0.0,-6.4,-5.684334565E-014,0,0;                  361P    303
102,4,351,355,357,361,0,0;                                           363P    304
142,0,349,0,363,2,0,0;                                               365P    305
144,349,1,0,365,0,0;                                                 367P    306
110,514.20655,-349.7476729,-206.2889441,513.2174562,                 369P    307
-349.6004036,-206.2866744,0,0;                                       369P    308
110,517.714946,-356.7406017,-206.2991581,514.7476645,                371P    309
-356.2987937,-206.2923488,0,0;                                       371P    310
120,369,371,0.0,6.283185307,0,0;                                     373P    311
110,514.7476645,-356.2987937,-206.2923488,517.714946,                375P    312
-356.7406017,-206.2991581,0,0;                                       375P    313
124,-0.1472697212,0.002245018971,-0.9890938222,518.6574722,          377P    314
-0.98909637,-0.0003342680532,0.1472693419,-350.410385,               377P    315
4.440892099E-015,0.9999974241,0.002269767678,-206.2991581,0,0;       377P    316
100,0.0,0.0,0.0,6.4,0.0,-6.4,2.842170943E-014,0,0;                   379P    317
110,519.5999984,-344.0801682,-206.2991581,516.632717,                381P    318
-343.6383602,-206.2923488,0,0;                                       381P    319
124,0.1472697212,0.002245018971,0.9890938222,515.6901907,            383P    320
0.98909637,-0.0003342680532,-0.1472693419,-349.9685769,              383P    321
4.440892099E-015,0.9999974241,-0.002269767678,-206.2923488,0,0;      383P    322
100,0.0,0.0,0.0,6.4,0.0,-6.4,5.684334565E-014,0,0;                   385P    323
102,4,375,379,381,385,0,0;                                           387P    324
142,0,373,0,387,2,0,0;                                               389P    325
144,373,1,0,389,0,0;                                                 391P    326
108,-0.9890938222,0.1472693419,0.002269767678,-562.0738595,0,        393P    327
555.9437821,-82.77624739,-1.275777079,1.0,0,0;                       393P    328
110,516.7211986,-343.2036582,-195.9395981,514.7328263,               395P    329
-356.5548392,-196.1453712,0,0;                                       395P    330
124,9.663381206E-013,-0.1472868321,0.9890938222,514.7328263,         397P    331
-0.01541052682,-0.9889763681,-0.1472693419,-356.5240181,             397P    332
0.9998812508,-0.01524245688,-0.002269767678,-198.1451337,0,0;        397P    333
100,0.0,0.0,0.0,2.0,0.0,-6.09547135E-014,2.0,0,0;                    399P    334
110,514.4382527,-358.5019708,-198.1756186,514.4382527,               401P    335
-358.2476972,-214.6736592,0,0;                                       401P    336
124,-0.1472868321,-9.654555801E-013,0.9890938222,514.7328263,        403P    337
-0.9889763681,0.01541052682,-0.1472693419,-356.2697444,              403P    338
-0.01524245688,-0.9998812508,-0.002269767678,-214.6431743,0,0;       403P    339
100,0.0,0.0,0.0,2.0,0.0,-2.193731308E-014,2.0,0,0;                   405P    340
110,514.7328263,-356.2389234,-216.6429368,516.7211986,               407P    341
-342.8877424,-216.4371636,0,0;                                       407P    342
124,-1.023181539E-012,0.1472868321,0.9890938222,516.7211986,         409P    343
0.01541052682,0.9889763681,-0.1472693419,-342.9185635,               409P    344
-0.9998812508,0.01524245688,-0.002269767678,-214.4374011,0,0;        409P    345
100,0.0,0.0,0.0,2.0,0.0,3.560693407E-014,2.0,0,0;                    411P    346
110,517.0157722,-340.9406107,-214.4069162,517.0157722,               413P    347
-341.1948844,-197.9088756,0,0;                                       413P    348
124,0.1472868321,9.676773272E-013,0.9890938222,516.7211986,          415P    349
0.9889763681,-0.01541052682,-0.1472693419,-343.1728371,              415P    350
0.01524245688,0.9998812508,-0.002269767678,-197.9393606,0,0;         415P    351
100,0.0,0.0,0.0,2.0,0.0,3.2439329E-015,2.0,0,0;                      417P    352
102,8,395,399,401,405,407,411,413,417,0,0;                           419P    353
142,0,393,0,419,2,0,0;                                               421P    354
124,-0.1472697212,0.002245018971,-0.9890938222,515.6901907,          423P    355
-0.98909637,-0.0003342680532,0.1472693419,-349.9685769,              423P    356
1.33226763E-014,0.9999974241,0.002269767678,-206.2923488,0,0;        423P    357
100,0.0,0.0,0.0,6.4,0.0,-6.4,1.709644117E-013,0,0;                   425P    358
124,0.1472697212,-0.002245018971,-0.9890938222,515.6901907,          427P    359
0.98909637,0.0003342680532,0.1472693419,-349.9685769,                427P    360
4.440892099E-015,-0.9999974241,0.002269767678,-206.2923488,0,0;      427P    361
100,0.0,0.0,0.0,6.4,0.0,-6.4,-5.731623127E-014,0,0;                  429P    362
102,2,425,429,0,0;                                                   431P    363
142,0,393,0,431,2,0,0;                                               433P    364
144,393,1,1,421,433,0,0;                                             435P    365
108,9.643254077E-013,-0.01541052682,0.9998812508,-190.6273812,0,     437P    366
510.7866356,-342.3200421,-195.9259795,1.0,0,0;                       437P    367
110,514.7328263,-356.5548392,-196.1453712,516.7211986,               439P    368
-343.2036582,-195.9395981,0,0;                                       439P    369
110,516.7211986,-343.2036582,-195.9395981,510.7866356,               441P    370
-342.3200421,-195.9259795,0,0;                                       441P    371
110,510.7866356,-342.3200421,-195.9259795,508.7982634,               443P    372
-355.6712231,-196.1317526,0,0;                                       443P    373
110,508.7982634,-355.6712231,-196.1317526,514.7328263,               445P    374
-356.5548392,-196.1453712,0,0;                                       445P    375
102,4,439,441,443,445,0,0;                                           447P    376
142,0,437,0,447,2,0,0;                                               449P    377
144,437,1,0,449,0,0;                                                 451P    378
110,513.7539171,-342.7310291,-197.9325513,512.7648233,               453P    379
-342.5837598,-197.9302815,0,0;                                       453P    380
110,516.7211986,-343.2036582,-195.9395981,510.7866356,               455P    381
-342.3200421,-195.9259795,0,0;                                       455P    382
120,453,455,0.0,6.283185307,0,0;                                     457P    383
124,9.663381206E-013,0.1472868321,-0.9890938222,516.7211986,         459P    384
-0.01541052682,0.9889763681,0.1472693419,-343.1728371,               459P    385
0.9998812508,0.01524245688,0.002269767678,-197.9393606,0,0;          459P    386
100,0.0,0.0,0.0,2.0,0.0,-5.209721543E-014,2.0,0,0;                   461P    387
110,517.0157722,-341.1948844,-197.9088756,511.0812093,               463P    388
-340.3112684,-197.895257,0,0;                                        463P    389
124,0.1472868321,9.676131424E-013,0.9890938222,510.7866356,          465P    390
0.9889763681,-0.01541052682,-0.1472693419,-342.2892211,              465P    391
0.01524245688,0.9998812508,-0.002269767678,-197.925742,0,0;          465P    392
100,0.0,0.0,0.0,2.0,0.0,-5.209721543E-014,2.0,0,0;                   467P    393
110,510.7866356,-342.3200421,-195.9259795,516.7211986,               469P    394
-343.2036582,-195.9395981,0,0;                                       469P    395
102,4,461,463,467,469,0,0;                                           471P    396
142,0,457,0,471,2,0,0;                                               473P    397
144,457,1,0,473,0,0;                                                 475P    398
108,-0.1472868321,-0.9889763681,-0.01524245688,264.3006799,0,        477P    399
511.0812093,-340.3112684,-197.895257,1.0,0,0;                        477P    400
110,517.0157722,-341.1948844,-197.9088756,517.0157722,               479P    401
-340.9406107,-214.4069162,0,0;                                       479P    402
110,517.0157722,-340.9406107,-214.4069162,511.0812093,               481P    403
-340.0569947,-214.3932976,0,0;                                       481P    404
110,511.0812093,-340.0569947,-214.3932976,511.0812093,               483P    405
-340.3112684,-197.895257,0,0;                                        483P    406
110,511.0812093,-340.3112684,-197.895257,517.0157722,                485P    407
-341.1948844,-197.9088756,0,0;                                       485P    408
102,4,479,481,483,485,0,0;                                           487P    409
142,0,477,0,487,2,0,0;                                               489P    410
144,477,1,0,489,0,0;                                                 491P    411
110,513.7539171,-342.4767554,-214.4305918,512.7648233,               493P    412
-342.3294861,-214.4283221,0,0;                                       493P    413
110,517.0157722,-340.9406107,-214.4069162,511.0812093,               495P    414
-340.0569947,-214.3932976,0,0;                                       495P    415
120,493,495,0.0,6.283185307,0,0;                                     497P    416
124,0.1472868321,-9.634276883E-013,-0.9890938222,516.7211986,        499P    417
0.9889763681,0.01541052682,0.1472693419,-342.9185635,                499P    418
0.01524245688,-0.9998812508,0.002269767678,-214.4374011,0,0;         499P    419
100,0.0,0.0,0.0,2.0,0.0,-4.739264536E-015,2.0,0,0;                   501P    420
110,516.7211986,-342.8877424,-216.4371636,510.7866356,               503P    421
-342.0041263,-216.423545,0,0;                                        503P    422
124,-9.663381206E-013,0.1472868321,0.9890938222,510.7866356,         505P    423
0.01541052682,0.9889763681,-0.1472693419,-342.0349474,               505P    424
-0.9998812508,0.01524245688,-0.002269767678,-214.4237825,0,0;        505P    425
100,0.0,0.0,0.0,2.0,0.0,-2.016199707E-013,2.0,0,0;                   507P    426
110,511.0812093,-340.0569947,-214.3932976,517.0157722,               509P    427
-340.9406107,-214.4069162,0,0;                                       509P    428
102,4,501,503,507,509,0,0;                                           511P    429
142,0,497,0,511,2,0,0;                                               513P    430
144,497,1,0,513,0,0;                                                 515P    431
108,-9.640244332E-013,0.01541052682,-0.9998812508,211.1273812,0,     517P    432
508.7982634,-355.3553073,-216.6293182,1.0,0,0;                       517P    433
110,516.7211986,-342.8877424,-216.4371636,514.7328263,               519P    434
-356.2389234,-216.6429368,0,0;                                       519P    435
110,514.7328263,-356.2389234,-216.6429368,508.7982634,               521P    436
-355.3553073,-216.6293182,0,0;                                       521P    437
110,508.7982634,-355.3553073,-216.6293182,510.7866356,               523P    438
-342.0041263,-216.423545,0,0;                                        523P    439
110,510.7866356,-342.0041263,-216.423545,516.7211986,                525P    440
-342.8877424,-216.4371636,0,0;                                       525P    441
102,4,519,521,523,525,0,0;                                           527P    442
142,0,517,0,527,2,0,0;                                               529P    443
144,517,1,0,529,0,0;                                                 531P    444
110,511.7655449,-355.8279364,-214.636365,510.776451,                 533P    445
-355.6806671,-214.6340952,0,0;                                       533P    446
110,514.7328263,-356.2389234,-216.6429368,508.7982634,               535P    447
-355.3553073,-216.6293182,0,0;                                       535P    448
120,533,535,0.0,6.283185307,0,0;                                     537P    449
124,-9.663381206E-013,-0.1472868321,-0.9890938222,514.7328263,       539P    450
0.01541052682,-0.9889763681,0.1472693419,-356.2697444,               539P    451
-0.9998812508,-0.01524245688,0.002269767678,-214.6431743,0,0;        539P    452
100,0.0,0.0,0.0,2.0,0.0,3.340383525E-014,2.0,0,0;                    541P    453
110,514.4382527,-358.2476972,-214.6736592,508.5036897,               543P    454
-357.3640811,-214.6600406,0,0;                                       543P    455
124,-0.1472868321,-9.738915403E-013,0.9890938222,508.7982634,        545P    456
-0.9889763681,0.01541052682,-0.1472693419,-355.3861284,              545P    457
-0.01524245688,-0.9998812508,-0.002269767678,-214.6295557,0,0;       545P    458
100,0.0,0.0,0.0,2.0,0.0,-1.373519354E-013,2.0,0,0;                   547P    459
110,508.7982634,-355.3553073,-216.6293182,514.7328263,               549P    460
-356.2389234,-216.6429368,0,0;                                       549P    461
102,4,541,543,547,549,0,0;                                           551P    462
142,0,537,0,551,2,0,0;                                               553P    463
144,537,1,0,553,0,0;                                                 555P    464
108,0.1472868321,0.9889763681,0.01524245688,-281.8006799,0,          557P    465
508.5036897,-357.3640811,-214.6600406,1.0,0,0;                       557P    466
110,514.4382527,-358.2476972,-214.6736592,514.4382527,               559P    467
-358.5019708,-198.1756186,0,0;                                       559P    468
110,514.4382527,-358.5019708,-198.1756186,508.5036897,               561P    469
-357.6183548,-198.162,0,0;                                           561P    470
110,508.5036897,-357.6183548,-198.162,508.5036897,-357.3640811,      563P    471
-214.6600406,0,0;                                                    563P    472
110,508.5036897,-357.3640811,-214.6600406,514.4382527,               565P    473
-358.2476972,-214.6736592,0,0;                                       565P    474
102,4,559,561,563,565,0,0;                                           567P    475
142,0,557,0,567,2,0,0;                                               569P    476
144,557,1,0,569,0,0;                                                 571P    477
110,511.7655449,-356.0822101,-198.1383244,510.776451,                573P    478
-355.9349407,-198.1360547,0,0;                                       573P    479
110,514.4382527,-358.5019708,-198.1756186,508.5036897,               575P    480
-357.6183548,-198.162,0,0;                                           575P    481
120,573,575,0.0,6.283185307,0,0;                                     577P    482
124,-0.1472868321,9.634918731E-013,-0.9890938222,514.7328263,        579P    483
-0.9889763681,-0.01541052682,0.1472693419,-356.5240181,              579P    484
-0.01524245688,0.9998812508,0.002269767678,-198.1451337,0,0;         579P    485
100,0.0,0.0,0.0,2.0,0.0,-3.864963904E-015,2.0,0,0;                   581P    486
110,514.7328263,-356.5548392,-196.1453712,508.7982634,               583P    487
-355.6712231,-196.1317526,0,0;                                       583P    488
124,9.379164112E-013,-0.1472868321,0.9890938222,508.7982634,         585P    489
-0.01541052682,-0.9889763681,-0.1472693419,-355.6404021,             585P    490
0.9998812508,-0.01524245688,-0.002269767678,-198.1315151,0,0;        585P    491
100,0.0,0.0,0.0,2.0,0.0,1.165040286E-013,2.0,0,0;                    587P    492
110,508.5036897,-357.6183548,-198.162,514.4382527,-358.5019708,      589P    493
-198.1756186,0,0;                                                    589P    494
102,4,581,583,587,589,0,0;                                           591P    495
142,0,577,0,591,2,0,0;                                               593P    496
144,577,1,0,593,0,0;                                                 595P    497
110,518.6874388,-349.7536807,-191.7922256,517.698345,                597P    498
-349.6064113,-191.7899558,0,0;                                       597P    499
110,519.1741172,-347.1425178,-193.1904288,514.2286481,               599P    500
-346.4061711,-193.17908,0,0;                                         599P    501
120,597,599,0.0,6.283185307,0,0;                                     601P    502
110,518.3985791,-352.3942975,-190.3944763,513.45311,                 603P    503
-351.6579507,-190.3831274,0,0;                                       603P    504
124,-0.1292563554,-0.0706130688,0.9890938222,513.8408791,            605P    505
-0.8752966149,-0.4606165183,-0.1472693419,-349.0320609,              605P    506
0.4659920928,-0.8847859727,-0.002269767678,-191.7811037,0,0;         605P    507
100,0.0,0.0,0.0,3.0,0.0,-3.0,0.0,0,0;                                607P    508
110,514.2286481,-346.4061711,-193.17908,519.1741172,                 609P    509
-347.1425178,-193.1904288,0,0;                                       609P    510
124,0.1292563554,-0.0706130688,-0.9890938222,518.7863482,            611P    511
0.8752966149,-0.4606165183,0.1472693419,-349.7684076,                611P    512
-0.4659920928,-0.8847859727,0.002269767678,-191.7924526,0,0;         611P    513
100,0.0,0.0,0.0,3.0,0.0,-3.0,0.0,0,0;                                613P    514
102,4,603,607,609,613,0,0;                                           615P    515
142,0,601,0,615,2,0,0;                                               617P    516
144,601,1,0,617,0,0;                                                 619P    517
110,518.6874388,-349.7536807,-191.7922256,517.698345,                621P    518
-349.6064113,-191.7899558,0,0;                                       621P    519
110,518.3985791,-352.3942975,-190.3944763,513.45311,                 623P    520
-351.6579507,-190.3831274,0,0;                                       623P    521
120,621,623,0.0,6.283185307,0,0;                                     625P    522
110,519.1741172,-347.1425178,-193.1904288,514.2286481,               627P    523
-346.4061711,-193.17908,0,0;                                         627P    524
124,0.1292563554,0.0706130688,0.9890938222,513.8408791,              629P    525
0.8752966149,0.4606165183,-0.1472693419,-349.0320609,                629P    526
-0.4659920928,0.8847859727,-0.002269767678,-191.7811037,0,0;         629P    527
100,0.0,0.0,0.0,3.0,0.0,-3.0,0.0,0,0;                                631P    528
110,513.45311,-351.6579507,-190.3831274,518.3985791,                 633P    529
-352.3942975,-190.3944763,0,0;                                       633P    530
124,-0.1292563554,0.0706130688,-0.9890938222,518.7863482,            635P    531
-0.8752966149,0.4606165183,0.1472693419,-349.7684076,                635P    532
0.4659920928,0.8847859727,0.002269767678,-191.7924526,0,0;           635P    533
100,0.0,0.0,0.0,3.0,0.0,-3.0,0.0,0,0;                                637P    534
102,4,627,631,633,637,0,0;                                           639P    535
142,0,625,0,639,2,0,0;                                               641P    536
144,625,1,0,641,0,0;                                                 643P    537
108,-0.9890938222,0.1472693419,0.002269767678,-565.0738595,0,        645P    538
558.9110635,-83.21805541,-1.282586382,1.0,0,0;                       645P    539
124,9.473903143E-013,0.1472868321,-0.9890938222,520.0935188,         647P    540
-0.01541052682,0.9889763681,0.1472693419,-341.0298466,               647P    541
0.9998812508,0.01524245688,0.002269767678,-189.1524186,0,0;          647P    542
100,0.0,0.0,0.0,3.0,0.0,-1.274241129E-013,3.0,0,0;                   649P    543
110,520.5353793,-338.0629175,-189.1066912,520.5353793,               651P    544
-337.5389595,-223.1026539,0,0;                                       651P    545
124,0.1472868321,-9.654564474E-013,-0.9890938222,520.0935188,        653P    546
0.9889763681,0.01541052682,0.1472693419,-340.5058886,                653P    547
0.01524245688,-0.9998812508,0.002269767678,-223.1483812,0,0;         653P    548
100,0.0,0.0,0.0,3.0,0.0,8.441164434E-015,3.0,0,0;                    655P    549
110,520.0935188,-340.4596571,-226.148025,517.0373171,                657P    550
-360.9809167,-226.464306,0,0;                                        657P    551
110,517.0373171,-360.9809167,-226.464306,517.0373171,                659P    552
-361.5973378,-186.4690558,0,0;                                       659P    553
110,517.0373171,-361.5973378,-186.4690558,520.0935188,               661P    554
-341.0760781,-186.1527749,0,0;                                       661P    555
102,6,649,651,655,657,659,661,0,0;                                   663P    556
142,0,645,0,663,2,0,0;                                               665P    557
124,0.1292563554,0.0706130688,0.9890938222,518.7863482,              667P    558
0.8752966149,0.4606165183,-0.1472693419,-349.3215023,                667P    559
-0.4659920928,0.8847859727,-0.002269767678,-220.7890088,0,0;         667P    560
100,0.0,0.0,0.0,3.0,0.0,-3.0,-2.414735079E-014,0,0;                  669P    561
124,-0.1292563554,-0.0706130688,0.9890938222,518.7863482,            671P    562
-0.8752966149,-0.4606165183,-0.1472693419,-349.3215023,              671P    563
0.4659920928,-0.8847859727,-0.002269767678,-220.7890088,0,0;         671P    564
100,0.0,0.0,0.0,3.0,0.0,-3.0,-7.627232179E-014,0,0;                  673P    565
102,2,669,673,0,0;                                                   675P    566
142,0,645,0,675,2,0,0;                                               677P    567
124,-0.1292563554,-0.0706130688,0.9890938222,518.7863482,            679P    568
-0.8752966149,-0.4606165183,-0.1472693419,-349.7684076,              679P    569
0.4659920928,-0.8847859727,-0.002269767678,-191.7924526,0,0;         679P    570
100,0.0,0.0,0.0,3.0,0.0,-3.0,-1.552091788E-013,0,0;                  681P    571
124,0.1292563554,0.0706130688,0.9890938222,518.7863482,              683P    572
0.8752966149,0.4606165183,-0.1472693419,-349.7684076,                683P    573
-0.4659920928,0.8847859727,-0.002269767678,-191.7924526,0,0;         683P    574
100,0.0,0.0,0.0,3.0,0.0,-3.0,5.445643936E-014,0,0;                   685P    575
102,2,681,685,0,0;                                                   687P    576
142,0,645,0,687,2,0,0;                                               689P    577
124,-0.1472697212,-0.002245018971,0.9890938222,518.6574722,          691P    578
-0.98909637,0.0003342680532,-0.1472693419,-350.410385,0.0,           691P    579
-0.9999974241,-0.002269767678,-206.2991581,0,0;                      691P    580
100,0.0,0.0,0.0,6.4,0.0,-6.4,2.842128927E-014,0,0;                   693P    581
124,0.1472697212,0.002245018971,0.9890938222,518.6574722,            695P    582
0.98909637,-0.0003342680532,-0.1472693419,-350.410385,               695P    583
-4.440892099E-015,0.9999974241,-0.002269767678,-206.2991581,0,0;     695P    584
100,0.0,0.0,0.0,6.4,0.0,-6.4,-2.842170943E-014,0,0;                  697P    585
102,2,693,697,0,0;                                                   699P    586
142,0,645,0,699,2,0,0;                                               701P    587
144,645,1,3,665,677,689,701,0,0;                                     703P    588
108,-0.9890938222,0.1472693419,0.002269767678,-556.0738595,0,        705P    589
550.0092191,-81.89263134,-1.262158473,1.0,0,0;                       705P    590
110,508.3409378,-358.870794,-187.822199,508.3409378,                 707P    591
-358.2973683,-225.0277805,0,0;                                       707P    592
110,508.3409378,-358.2973683,-225.0277805,510.9707442,               709P    593
-340.6391952,-224.7556264,0,0;                                       709P    594
124,0.004302517073,0.1472239765,0.9890938222,510.9569761,            711P    595
0.04429375428,0.9881041465,-0.1472693419,-340.7809352,               711P    596
-0.9990092851,0.04444430757,-0.002269767678,-221.5587967,0,0;        711P    597
100,0.0,0.0,0.0,3.2,0.0,0.1920802555,3.194229982,0,0;                713P    598
110,511.4280698,-337.6161954,-221.6087213,511.4280698,               715P    599
-338.0939217,-190.6124024,0,0;                                       715P    600
124,0.1472304032,-0.004076673572,0.9890938222,510.9569325,           717P    601
0.9881709296,-0.04277797148,-0.1472693419,-341.2560687,              717P    602
0.04291179635,0.9990762863,-0.002269767678,-190.7497202,0,0;         717P    603
100,0.0,0.0,0.0,3.2,0.0,0.1822711353,3.194804725,0,0;                719P    604
110,510.9707442,-341.2126209,-187.550045,508.3409378,                721P    605
-358.870794,-187.822199,0,0;                                         721P    606
102,6,707,709,713,715,719,721,0,0;                                   723P    607
142,0,705,0,723,2,0,0;                                               725P    608
124,0.1292563554,-0.0706130688,-0.9890938222,509.8845038,            727P    609
0.8752966149,-0.4606165183,0.1472693419,-347.9960783,                727P    610
-0.4659920928,-0.8847859727,0.002269767678,-220.7685809,0,0;         727P    611
100,0.0,0.0,0.0,2.0,0.0,-2.0,5.42899059E-014,0,0;                    729P    612
124,-0.1292563554,0.0706130688,-0.9890938222,509.8845038,            731P    613
-0.8752966149,0.4606165183,0.1472693419,-347.9960783,                731P    614
0.4659920928,0.8847859727,0.002269767678,-220.7685809,0,0;           731P    615
100,0.0,0.0,0.0,2.0,0.0,-2.0,-3.885780586E-015,0,0;                  733P    616
102,2,729,733,0,0;                                                   735P    617
142,0,705,0,735,2,0,0;                                               737P    618
124,-0.1292563554,0.0706130688,-0.9890938222,509.8845038,            739P    619
-0.8752966149,0.4606165183,0.1472693419,-348.4429835,                739P    620
0.4659920928,0.8847859727,0.002269767678,-191.7720246,0,0;           739P    621
100,0.0,0.0,0.0,2.0,0.0,-2.0,1.046940312E-013,0,0;                   741P    622
124,0.1292563554,-0.0706130688,-0.9890938222,509.8845038,            743P    623
0.8752966149,-0.4606165183,0.1472693419,-348.4429835,                743P    624
-0.4659920928,-0.8847859727,0.002269767678,-191.7720246,0,0;         743P    625
100,0.0,0.0,0.0,2.0,0.0,-2.0,-5.451195051E-014,0,0;                  745P    626
102,2,741,745,0,0;                                                   747P    627
142,0,705,0,747,2,0,0;                                               749P    628
110,508.7982634,-355.6712231,-196.1317526,510.7866356,               751P    629
-342.3200421,-195.9259795,0,0;                                       751P    630
124,9.663381206E-013,0.1472868321,-0.9890938222,510.7866356,         753P    631
-0.01541052682,0.9889763681,0.1472693419,-342.2892211,               753P    632
0.9998812508,0.01524245688,0.002269767678,-197.925742,0,0;           753P    633
100,0.0,0.0,0.0,2.0,0.0,6.09477746E-014,2.0,0,0;                     755P    634
110,511.0812093,-340.3112684,-197.895257,511.0812093,                757P    635
-340.0569947,-214.3932976,0,0;                                       757P    636
124,0.1472868321,-9.635569252E-013,-0.9890938222,510.7866356,        759P    637
0.9889763681,0.01541052682,0.1472693419,-342.0349474,                759P    638
0.01524245688,-0.9998812508,0.002269767678,-214.4237825,0,0;         759P    639
100,0.0,0.0,0.0,2.0,0.0,-1.237933367E-013,2.0,0,0;                   761P    640
110,510.7866356,-342.0041263,-216.423545,508.7982634,                763P    641
-355.3553073,-216.6293182,0,0;                                       763P    642
124,-9.663381206E-013,-0.1472868321,-0.9890938222,508.7982634,       765P    643
0.01541052682,-0.9889763681,0.1472693419,-355.3861284,               765P    644
-0.9998812508,-0.01524245688,0.002269767678,-214.6295557,0,0;        765P    645
100,0.0,0.0,0.0,2.0,0.0,-3.057346043E-013,2.0,0,0;                   767P    646
110,508.5036897,-357.3640811,-214.6600406,508.5036897,               769P    647
-357.6183548,-198.162,0,0;                                           769P    648
124,-0.1472868321,9.65391829E-013,-0.9890938222,508.7982634,         771P    649
-0.9889763681,-0.01541052682,0.1472693419,-355.6404021,              771P    650
-0.01524245688,0.9998812508,0.002269767678,-198.1315151,0,0;         771P    651
100,0.0,0.0,0.0,2.0,0.0,3.029521078E-014,2.0,0,0;                    773P    652
102,8,751,755,757,761,763,767,769,773,0,0;                           775P    653
142,0,705,0,775,2,0,0;                                               777P    654
144,705,1,3,725,737,749,777,0,0;                                     779P    655
124,-0.1292563554,0.0706130688,-0.9890938222,513.8408791,            781P    656
-0.8752966149,0.4606165183,0.1472693419,-348.5851556,                781P    657
0.4659920928,0.8847859727,0.002269767678,-220.77766,0,0;             781P    658
100,0.0,0.0,0.0,3.0,0.0,-3.0,0.0,0,0;                                783P    659
124,0.1292563554,-0.0706130688,-0.9890938222,513.8408791,            785P    660
0.8752966149,-0.4606165183,0.1472693419,-348.5851556,                785P    661
-0.4659920928,-0.8847859727,0.002269767678,-220.77766,0,0;           785P    662
100,0.0,0.0,0.0,3.0,0.0,-3.0,0.0,0,0;                                787P    663
102,2,783,787,0,0;                                                   789P    664
142,0,1,0,789,2,0,0;                                                 791P    665
124,-0.1292563554,-0.0706130688,0.9890938222,513.8408791,            793P    666
-0.8752966149,-0.4606165183,-0.1472693419,-348.5851556,              793P    667
0.4659920928,-0.8847859727,-0.002269767678,-220.77766,0,0;           793P    668
100,0.0,0.0,0.0,2.0,0.0,-2.0,-1.110223025E-016,0,0;                  795P    669
124,0.1292563554,0.0706130688,0.9890938222,513.8408791,              797P    670
0.8752966149,0.4606165183,-0.1472693419,-348.5851556,                797P    671
-0.4659920928,0.8847859727,-0.002269767678,-220.77766,0,0;           797P    672
100,0.0,0.0,0.0,2.0,0.0,-2.0,-1.110223025E-016,0,0;                  799P    673
102,2,795,799,0,0;                                                   801P    674
142,0,1,0,801,2,0,0;                                                 803P    675
144,1,1,1,791,803,0,0;                                               805P    676
110,518.6874388,-349.3067754,-220.7887819,517.698345,                807P    677
-349.1595061,-220.7865121,0,0;                                       807P    678
110,518.3985791,-351.9473922,-219.3910326,513.45311,                 809P    679
-351.2110455,-219.3796837,0,0;                                       809P    680
120,807,809,0.0,6.283185307,0,0;                                     811P    681
110,519.1741172,-346.6956125,-222.1869851,514.2286481,               813P    682
-345.9592658,-222.1756363,0,0;                                       813P    683
124,0.1292563554,0.0706130688,0.9890938222,513.8408791,              815P    684
0.8752966149,0.4606165183,-0.1472693419,-348.5851556,                815P    685
-0.4659920928,0.8847859727,-0.002269767678,-220.77766,0,0;           815P    686
100,0.0,0.0,0.0,3.0,0.0,-3.0,0.0,0,0;                                817P    687
110,513.45311,-351.2110455,-219.3796837,518.3985791,                 819P    688
-351.9473922,-219.3910326,0,0;                                       819P    689
124,-0.1292563554,0.0706130688,-0.9890938222,518.7863482,            821P    690
-0.8752966149,0.4606165183,0.1472693419,-349.3215023,                821P    691
0.4659920928,0.8847859727,0.002269767678,-220.7890088,0,0;           821P    692
100,0.0,0.0,0.0,3.0,0.0,-3.0,-7.860379014E-014,0,0;                  823P    693
102,4,813,817,819,823,0,0;                                           825P    694
142,0,811,0,825,2,0,0;                                               827P    695
144,811,1,0,827,0,0;                                                 829P    696
110,518.6874388,-349.3067754,-220.7887819,517.698345,                831P    697
-349.1595061,-220.7865121,0,0;                                       831P    698
110,519.1741172,-346.6956125,-222.1869851,514.2286481,               833P    699
-345.9592658,-222.1756363,0,0;                                       833P    700
120,831,833,0.0,6.283185307,0,0;                                     835P    701
110,518.3985791,-351.9473922,-219.3910326,513.45311,                 837P    702
-351.2110455,-219.3796837,0,0;                                       837P    703
124,-0.1292563554,-0.0706130688,0.9890938222,513.8408791,            839P    704
-0.8752966149,-0.4606165183,-0.1472693419,-348.5851556,              839P    705
0.4659920928,-0.8847859727,-0.002269767678,-220.77766,0,0;           839P    706
100,0.0,0.0,0.0,3.0,0.0,-3.0,0.0,0,0;                                841P    707
110,514.2286481,-345.9592658,-222.1756363,519.1741172,               843P    708
-346.6956125,-222.1869851,0,0;                                       843P    709
124,0.1292563554,-0.0706130688,-0.9890938222,518.7863482,            845P    710
0.8752966149,-0.4606165183,0.1472693419,-349.3215023,                845P    711
-0.4659920928,-0.8847859727,0.002269767678,-220.7890088,0,0;         845P    712
100,0.0,0.0,0.0,3.0,0.0,-3.0,7.860379014E-014,0,0;                   847P    713
102,4,837,841,843,847,0,0;                                           849P    714
142,0,835,0,849,2,0,0;                                               851P    715
144,835,1,0,851,0,0;                                                 853P    716
110,518.6874388,-349.3067754,-220.7887819,517.698345,                855P    717
-349.1595061,-220.7865121,0,0;                                       855P    718
110,514.0993918,-346.8345624,-221.7096442,510.1430165,               857P    719
-346.245485,-221.7005651,0,0;                                        857P    720
120,855,857,0.0,6.283185307,0,0;                                     859P    721
110,510.1430165,-346.245485,-221.7005651,514.0993918,                861P    722
-346.8345624,-221.7096442,0,0;                                       861P    723
124,0.1292563554,-0.0706130688,-0.9890938222,513.8408791,            863P    724
0.8752966149,-0.4606165183,0.1472693419,-348.5851556,                863P    725
-0.4659920928,-0.8847859727,0.002269767678,-220.77766,0,0;           863P    726
100,0.0,0.0,0.0,2.0,0.0,-2.0,1.110223025E-016,0,0;                   865P    727
110,513.5823664,-350.3357489,-219.8456758,509.6259911,               867P    728
-349.7466715,-219.8365967,0,0;                                       867P    729
124,-0.1292563554,-0.0706130688,0.9890938222,509.8845038,            869P    730
-0.8752966149,-0.4606165183,-0.1472693419,-347.9960783,              869P    731
0.4659920928,-0.8847859727,-0.002269767678,-220.7685809,0,0;         869P    732
100,0.0,0.0,0.0,2.0,0.0,-2.0,1.008082506E-013,0,0;                   871P    733
102,4,861,865,867,871,0,0;                                           873P    734
142,0,859,0,873,2,0,0;                                               875P    735
144,859,1,0,875,0,0;                                                 877P    736
110,518.6874388,-349.3067754,-220.7887819,517.698345,                879P    737
-349.1595061,-220.7865121,0,0;                                       879P    738
110,513.5823664,-350.3357489,-219.8456758,509.6259911,               881P    739
-349.7466715,-219.8365967,0,0;                                       881P    740
120,879,881,0.0,6.283185307,0,0;                                     883P    741
110,509.6259911,-349.7466715,-219.8365967,513.5823664,               885P    742
-350.3357489,-219.8456758,0,0;                                       885P    743
124,-0.1292563554,0.0706130688,-0.9890938222,513.8408791,            887P    744
-0.8752966149,0.4606165183,0.1472693419,-348.5851556,                887P    745
0.4659920928,0.8847859727,0.002269767678,-220.77766,0,0;             887P    746
100,0.0,0.0,0.0,2.0,0.0,-2.0,1.110223025E-016,0,0;                   889P    747
110,514.0993918,-346.8345624,-221.7096442,510.1430165,               891P    748
-346.245485,-221.7005651,0,0;                                        891P    749
124,0.1292563554,0.0706130688,0.9890938222,509.8845038,              893P    750
0.8752966149,0.4606165183,-0.1472693419,-347.9960783,                893P    751
-0.4659920928,0.8847859727,-0.002269767678,-220.7685809,0,0;         893P    752
100,0.0,0.0,0.0,2.0,0.0,-2.0,-1.00586206E-013,0,0;                   895P    753
102,4,885,889,891,895,0,0;                                           897P    754
142,0,883,0,897,2,0,0;                                               899P    755
144,883,1,0,899,0,0;                                                 901P    756
S      1G      4D    902P    756                                        T      1
