START RECORD GO HERE.                                                   S      1
1H,,1H;,20HCNEXT - IGES PRODUCT,18HIR_Housing_V14.igs,44HIBM CATIA IGES G      1
- CATIA Version 5 Release 18 ,27HCATIA Version 5 Release 18 ,32,75,6,75,G      2
15,14HIR_Housing_V14,1.0,2,2HMM,1000,1.0,15H20251206.135222,0.001,      G      3
10000.0,5Hhelmh,15HWINDOWS-E7MI9UT,11,0,15H20251206.135222,;            G      4
     108       1       0       0       0       0       0       001010001D      1
     108       0       0       2       0                               0D      2
     124       3       0       0       0       0       0       001020201D      3
     124       0       0       3       0                               0D      4
     100       6       0       0       0       0       3       001010001D      5
     100       0       0       1       0                               0D      6
     124       7       0       0       0       0       0       001020201D      7
     124       0       0       3       0                               0D      8
     100      10       0       0       0       0       7       001010001D      9
     100       0       0       1       0                               0D     10
     102      11       0       0       0       0       0       001010001D     11
     102       0       0       1       0                               0D     12
     142      12       0       0       0       0       0       001010001D     13
     142       0       0       1       0                               0D     14
     144      13       0       0   10000       0       0       000000000D     15
     144       0       0       1       0                PartBody       0D     16
     110      14       0       0       0       0       0       001010001D     17
     110       0       0       2       0                               0D     18
     110      16       0       0       0       0       0       001010001D     19
     110       0       0       2       0                               0D     20
     120      18       0       0       0       0       0       001010001D     21
     120       0       0       1       0                               0D     22
     110      19       0       0       0       0       0       001010001D     23
     110       0       0       2       0                               0D     24
     124      21       0       0       0       0       0       001020201D     25
     124       0       0       3       0                               0D     26
     100      24       0       0       0       0      25       001010001D     27
     100       0       0       1       0                               0D     28
     110      25       0       0       0       0       0       001010001D     29
     110       0       0       2       0                               0D     30
     124      27       0       0       0       0       0       001020201D     31
     124       0       0       3       0                               0D     32
     100      30       0       0       0       0      31       001010001D     33
     100       0       0       1       0                               0D     34
     102      31       0       0       0       0       0       001010001D     35
     102       0       0       1       0                               0D     36
     142      32       0       0       0       0       0       001010001D     37
     142       0       0       1       0                               0D     38
     144      33       0       0   10000       0       0       000000000D     39
     144       0       0       1       0                PartBody       0D     40
     108      34       0       0       0       0       0       001010001D     41
     108       0       0       2       0                               0D     42
     110      36       0       0       0       0       0       001010001D     43
     110       0       0       2       0                               0D     44
     110      38       0       0       0       0       0       001010001D     45
     110       0       0       2       0                               0D     46
     110      40       0       0       0       0       0       001010001D     47
     110       0       0       2       0                               0D     48
     110      42       0       0       0       0       0       001010001D     49
     110       0       0       2       0                               0D     50
     102      44       0       0       0       0       0       001010001D     51
     102       0       0       1       0                               0D     52
     142      45       0       0       0       0       0       001010001D     53
     142       0       0       1       0                               0D     54
     144      46       0       0   10000       0       0       000000000D     55
     144       0       0       1       0                PartBody       0D     56
     110      47       0       0       0       0       0       001010001D     57
     110       0       0       2       0                               0D     58
     110      49       0       0       0       0       0       001010001D     59
     110       0       0       2       0                               0D     60
     120      51       0       0       0       0       0       001010001D     61
     120       0       0       1       0                               0D     62
     110      52       0       0       0       0       0       001010001D     63
     110       0       0       2       0                               0D     64
     124      54       0       0       0       0       0       001020201D     65
     124       0       0       3       0                               0D     66
     100      57       0       0       0       0      65       001010001D     67
     100       0       0       1       0                               0D     68
     110      58       0       0       0       0       0       001010001D     69
     110       0       0       2       0                               0D     70
     124      60       0       0       0       0       0       001020201D     71
     124       0       0       3       0                               0D     72
     100      63       0       0       0       0      71       001010001D     73
     100       0       0       1       0                               0D     74
     102      64       0       0       0       0       0       001010001D     75
     102       0       0       1       0                               0D     76
     142      65       0       0       0       0       0       001010001D     77
     142       0       0       1       0                               0D     78
     144      66       0       0   10000       0       0       000000000D     79
     144       0       0       1       0                PartBody       0D     80
     110      67       0       0       0       0       0       001010001D     81
     110       0       0       2       0                               0D     82
     110      69       0       0       0       0       0       001010001D     83
     110       0       0       2       0                               0D     84
     120      71       0       0       0       0       0       001010001D     85
     120       0       0       1       0                               0D     86
     124      72       0       0       0       0       0       001020201D     87
     124       0       0       3       0                               0D     88
     100      75       0       0       0       0      87       001010001D     89
     100       0       0       1       0                               0D     90
     110      76       0       0       0       0       0       001010001D     91
     110       0       0       2       0                               0D     92
     124      78       0       0       0       0       0       001020201D     93
     124       0       0       3       0                               0D     94
     100      81       0       0       0       0      93       001010001D     95
     100       0       0       1       0                               0D     96
     110      82       0       0       0       0       0       001010001D     97
     110       0       0       2       0                               0D     98
     102      84       0       0       0       0       0       001010001D     99
     102       0       0       1       0                               0D    100
     142      85       0       0       0       0       0       001010001D    101
     142       0       0       1       0                               0D    102
     144      86       0       0   10000       0       0       000000000D    103
     144       0       0       1       0                PartBody       0D    104
     110      87       0       0       0       0       0       001010001D    105
     110       0       0       2       0                               0D    106
     110      89       0       0       0       0       0       001010001D    107
     110       0       0       2       0                               0D    108
     120      91       0       0       0       0       0       001010001D    109
     120       0       0       1       0                               0D    110
     124      92       0       0       0       0       0       001020201D    111
     124       0       0       3       0                               0D    112
     100      95       0       0       0       0     111       001010001D    113
     100       0       0       1       0                               0D    114
     110      96       0       0       0       0       0       001010001D    115
     110       0       0       2       0                               0D    116
     124      98       0       0       0       0       0       001020201D    117
     124       0       0       3       0                               0D    118
     100     101       0       0       0       0     117       001010001D    119
     100       0       0       1       0                               0D    120
     110     102       0       0       0       0       0       001010001D    121
     110       0       0       2       0                               0D    122
     102     104       0       0       0       0       0       001010001D    123
     102       0       0       1       0                               0D    124
     142     105       0       0       0       0       0       001010001D    125
     142       0       0       1       0                               0D    126
     144     106       0       0   10000       0       0       000000000D    127
     144       0       0       1       0                PartBody       0D    128
     108     107       0       0       0       0       0       001010001D    129
     108       0       0       2       0                               0D    130
     110     109       0       0       0       0       0       001010001D    131
     110       0       0       2       0                               0D    132
     124     111       0       0       0       0       0       001020201D    133
     124       0       0       3       0                               0D    134
     100     114       0       0       0       0     133       001010001D    135
     100       0       0       1       0                               0D    136
     124     115       0       0       0       0       0       001020201D    137
     124       0       0       3       0                               0D    138
     100     118       0       0       0       0     137       001010001D    139
     100       0       0       1       0                               0D    140
     110     119       0       0       0       0       0       001010001D    141
     110       0       0       2       0                               0D    142
     110     121       0       0       0       0       0       001010001D    143
     110       0       0       2       0                               0D    144
     102     123       0       0       0       0       0       001010001D    145
     102       0       0       1       0                               0D    146
     142     124       0       0       0       0       0       001010001D    147
     142       0       0       1       0                               0D    148
     144     125       0       0   10000       0       0       000000000D    149
     144       0       0       1       0                PartBody       0D    150
     108     126       0       0       0       0       0       001010001D    151
     108       0       0       2       0                               0D    152
     110     128       0       0       0       0       0       001010001D    153
     110       0       0       2       0                               0D    154
     110     130       0       0       0       0       0       001010001D    155
     110       0       0       2       0                               0D    156
     124     132       0       0       0       0       0       001020201D    157
     124       0       0       3       0                               0D    158
     100     135       0       0       0       0     157       001010001D    159
     100       0       0       1       0                               0D    160
     124     136       0       0       0       0       0       001020201D    161
     124       0       0       3       0                               0D    162
     100     139       0       0       0       0     161       001010001D    163
     100       0       0       1       0                               0D    164
     110     140       0       0       0       0       0       001010001D    165
     110       0       0       2       0                               0D    166
     110     142       0       0       0       0       0       001010001D    167
     110       0       0       2       0                               0D    168
     110     144       0       0       0       0       0       001010001D    169
     110       0       0       2       0                               0D    170
     124     146       0       0       0       0       0       001020201D    171
     124       0       0       3       0                               0D    172
     100     149       0       0       0       0     171       001010001D    173
     100       0       0       1       0                               0D    174
     124     150       0       0       0       0       0       001020201D    175
     124       0       0       3       0                               0D    176
     100     153       0       0       0       0     175       001010001D    177
     100       0       0       1       0                               0D    178
     110     154       0       0       0       0       0       001010001D    179
     110       0       0       2       0                               0D    180
     102     156       0       0       0       0       0       001010001D    181
     102       0       0       1       0                               0D    182
     142     157       0       0       0       0       0       001010001D    183
     142       0       0       1       0                               0D    184
     124     158       0       0       0       0       0       001020201D    185
     124       0       0       3       0                               0D    186
     100     161       0       0       0       0     185       001010001D    187
     100       0       0       1       0                               0D    188
     124     162       0       0       0       0       0       001020201D    189
     124       0       0       3       0                               0D    190
     100     165       0       0       0       0     189       001010001D    191
     100       0       0       1       0                               0D    192
     102     166       0       0       0       0       0       001010001D    193
     102       0       0       1       0                               0D    194
     142     167       0       0       0       0       0       001010001D    195
     142       0       0       1       0                               0D    196
     144     168       0       0   10000       0       0       000000000D    197
     144       0       0       1       0                PartBody       0D    198
     110     169       0       0       0       0       0       001010001D    199
     110       0       0       2       0                               0D    200
     110     171       0       0       0       0       0       001010001D    201
     110       0       0       2       0                               0D    202
     120     173       0       0       0       0       0       001010001D    203
     120       0       0       1       0                               0D    204
     126     174       0       0       0       0       0       001010001D    205
     126       0       0       7       0                               0D    206
     110     181       0       0       0       0       0       001010001D    207
     110       0       0       2       0                               0D    208
     126     183       0       0       0       0       0       001010001D    209
     126       0       0       9       0                               0D    210
     110     192       0       0       0       0       0       001010001D    211
     110       0       0       2       0                               0D    212
     102     194       0       0       0       0       0       001010001D    213
     102       0       0       1       0                               0D    214
     142     195       0       0       0       0       0       001010001D    215
     142       0       0       1       0                               0D    216
     144     196       0       0   10000       0       0       000000000D    217
     144       0       0       1       0                PartBody       0D    218
     110     197       0       0       0       0       0       001010001D    219
     110       0       0       2       0                               0D    220
     110     199       0       0       0       0       0       001010001D    221
     110       0       0       2       0                               0D    222
     120     201       0       0       0       0       0       001010001D    223
     120       0       0       1       0                               0D    224
     110     202       0       0       0       0       0       001010001D    225
     110       0       0       2       0                               0D    226
     124     204       0       0       0       0       0       001020201D    227
     124       0       0       3       0                               0D    228
     100     207       0       0       0       0     227       001010001D    229
     100       0       0       1       0                               0D    230
     110     208       0       0       0       0       0       001010001D    231
     110       0       0       2       0                               0D    232
     124     210       0       0       0       0       0       001020201D    233
     124       0       0       3       0                               0D    234
     100     213       0       0       0       0     233       001010001D    235
     100       0       0       1       0                               0D    236
     110     214       0       0       0       0       0       001010001D    237
     110       0       0       2       0                               0D    238
     124     216       0       0       0       0       0       001020201D    239
     124       0       0       3       0                               0D    240
     100     219       0       0       0       0     239       001010001D    241
     100       0       0       1       0                               0D    242
     126     220       0       0       0       0       0       001010001D    243
     126       0       0       9       0                               0D    244
     110     229       0       0       0       0       0       001010001D    245
     110       0       0       2       0                               0D    246
     124     231       0       0       0       0       0       001020201D    247
     124       0       0       3       0                               0D    248
     100     234       0       0       0       0     247       001010001D    249
     100       0       0       1       0                               0D    250
     102     235       0       0       0       0       0       001010001D    251
     102       0       0       1       0                               0D    252
     142     236       0       0       0       0       0       001010001D    253
     142       0       0       1       0                               0D    254
     144     237       0       0   10000       0       0       000000000D    255
     144       0       0       1       0                PartBody       0D    256
     110     238       0       0       0       0       0       001010001D    257
     110       0       0       2       0                               0D    258
     110     240       0       0       0       0       0       001010001D    259
     110       0       0       2       0                               0D    260
     120     242       0       0       0       0       0       001010001D    261
     120       0       0       1       0                               0D    262
     124     243       0       0       0       0       0       001020201D    263
     124       0       0       3       0                               0D    264
     100     246       0       0       0       0     263       001010001D    265
     100       0       0       1       0                               0D    266
     110     247       0       0       0       0       0       001010001D    267
     110       0       0       2       0                               0D    268
     124     249       0       0       0       0       0       001020201D    269
     124       0       0       3       0                               0D    270
     100     252       0       0       0       0     269       001010001D    271
     100       0       0       1       0                               0D    272
     110     253       0       0       0       0       0       001010001D    273
     110       0       0       2       0                               0D    274
     126     255       0       0       0       0       0       001010001D    275
     126       0       0       9       0                               0D    276
     124     264       0       0       0       0       0       001020201D    277
     124       0       0       3       0                               0D    278
     100     267       0       0       0       0     277       001010001D    279
     100       0       0       1       0                               0D    280
     110     268       0       0       0       0       0       001010001D    281
     110       0       0       2       0                               0D    282
     124     270       0       0       0       0       0       001020201D    283
     124       0       0       3       0                               0D    284
     100     273       0       0       0       0     283       001010001D    285
     100       0       0       1       0                               0D    286
     110     274       0       0       0       0       0       001010001D    287
     110       0       0       2       0                               0D    288
     124     276       0       0       0       0       0       001020201D    289
     124       0       0       3       0                               0D    290
     100     279       0       0       0       0     289       001010001D    291
     100       0       0       1       0                               0D    292
     124     280       0       0       0       0       0       001020201D    293
     124       0       0       3       0                               0D    294
     100     283       0       0       0       0     293       001010001D    295
     100       0       0       1       0                               0D    296
     102     284       0       0       0       0       0       001010001D    297
     102       0       0       1       0                               0D    298
     142     285       0       0       0       0       0       001010001D    299
     142       0       0       1       0                               0D    300
     144     286       0       0   10000       0       0       000000000D    301
     144       0       0       1       0                PartBody       0D    302
     110     287       0       0       0       0       0       001010001D    303
     110       0       0       2       0                               0D    304
     110     289       0       0       0       0       0       001010001D    305
     110       0       0       2       0                               0D    306
     120     291       0       0       0       0       0       001010001D    307
     120       0       0       1       0                               0D    308
     124     292       0       0       0       0       0       001020201D    309
     124       0       0       3       0                               0D    310
     100     295       0       0       0       0     309       001010001D    311
     100       0       0       1       0                               0D    312
     110     296       0       0       0       0       0       001010001D    313
     110       0       0       2       0                               0D    314
     124     298       0       0       0       0       0       001020201D    315
     124       0       0       3       0                               0D    316
     100     301       0       0       0       0     315       001010001D    317
     100       0       0       1       0                               0D    318
     110     302       0       0       0       0       0       001010001D    319
     110       0       0       2       0                               0D    320
     126     304       0       0       0       0       0       001010001D    321
     126       0       0       5       0                               0D    322
     102     309       0       0       0       0       0       001010001D    323
     102       0       0       1       0                               0D    324
     142     310       0       0       0       0       0       001010001D    325
     142       0       0       1       0                               0D    326
     144     311       0       0   10000       0       0       000000000D    327
     144       0       0       1       0                PartBody       0D    328
     108     312       0       0       0       0       0       001010001D    329
     108       0       0       2       0                               0D    330
     124     314       0       0       0       0       0       001020201D    331
     124       0       0       3       0                               0D    332
     100     317       0       0       0       0     331       001010001D    333
     100       0       0       1       0                               0D    334
     110     318       0       0       0       0       0       001010001D    335
     110       0       0       2       0                               0D    336
     110     320       0       0       0       0       0       001010001D    337
     110       0       0       2       0                               0D    338
     110     322       0       0       0       0       0       001010001D    339
     110       0       0       2       0                               0D    340
     102     324       0       0       0       0       0       001010001D    341
     102       0       0       1       0                               0D    342
     142     325       0       0       0       0       0       001010001D    343
     142       0       0       1       0                               0D    344
     144     326       0       0   10000       0       0       000000000D    345
     144       0       0       1       0                PartBody       0D    346
     108     327       0       0       0       0       0       001010001D    347
     108       0       0       2       0                               0D    348
     110     329       0       0       0       0       0       001010001D    349
     110       0       0       2       0                               0D    350
     110     331       0       0       0       0       0       001010001D    351
     110       0       0       2       0                               0D    352
     110     333       0       0       0       0       0       001010001D    353
     110       0       0       2       0                               0D    354
     110     335       0       0       0       0       0       001010001D    355
     110       0       0       2       0                               0D    356
     102     337       0       0       0       0       0       001010001D    357
     102       0       0       1       0                               0D    358
     142     338       0       0       0       0       0       001010001D    359
     142       0       0       1       0                               0D    360
     144     339       0       0   10000       0       0       000000000D    361
     144       0       0       1       0                PartBody       0D    362
     108     340       0       0       0       0       0       001010001D    363
     108       0       0       2       0                               0D    364
     110     342       0       0       0       0       0       001010001D    365
     110       0       0       2       0                               0D    366
     124     344       0       0       0       0       0       001020201D    367
     124       0       0       3       0                               0D    368
     100     347       0       0       0       0     367       001010001D    369
     100       0       0       1       0                               0D    370
     110     348       0       0       0       0       0       001010001D    371
     110       0       0       2       0                               0D    372
     110     350       0       0       0       0       0       001010001D    373
     110       0       0       2       0                               0D    374
     102     352       0       0       0       0       0       001010001D    375
     102       0       0       1       0                               0D    376
     142     353       0       0       0       0       0       001010001D    377
     142       0       0       1       0                               0D    378
     144     354       0       0   10000       0       0       000000000D    379
     144       0       0       1       0                PartBody       0D    380
     110     355       0       0       0       0       0       001010001D    381
     110       0       0       2       0                               0D    382
     110     357       0       0       0       0       0       001010001D    383
     110       0       0       2       0                               0D    384
     120     359       0       0       0       0       0       001010001D    385
     120       0       0       1       0                               0D    386
     124     360       0       0       0       0       0       001020201D    387
     124       0       0       3       0                               0D    388
     100     363       0       0       0       0     387       001010001D    389
     100       0       0       1       0                               0D    390
     110     364       0       0       0       0       0       001010001D    391
     110       0       0       2       0                               0D    392
     124     366       0       0       0       0       0       001020201D    393
     124       0       0       3       0                               0D    394
     100     369       0       0       0       0     393       001010001D    395
     100       0       0       1       0                               0D    396
     126     370       0       0       0       0       0       001010001D    397
     126       0       0       5       0                               0D    398
     110     375       0       0       0       0       0       001010001D    399
     110       0       0       2       0                               0D    400
     102     377       0       0       0       0       0       001010001D    401
     102       0       0       1       0                               0D    402
     142     378       0       0       0       0       0       001010001D    403
     142       0       0       1       0                               0D    404
     144     379       0       0   10000       0       0       000000000D    405
     144       0       0       1       0                PartBody       0D    406
     108     380       0       0       0       0       0       001010001D    407
     108       0       0       2       0                               0D    408
     124     382       0       0       0       0       0       001020201D    409
     124       0       0       3       0                               0D    410
     100     385       0       0       0       0     409       001010001D    411
     100       0       0       1       0                               0D    412
     124     386       0       0       0       0       0       001020201D    413
     124       0       0       3       0                               0D    414
     100     389       0       0       0       0     413       001010001D    415
     100       0       0       1       0                               0D    416
     102     390       0       0       0       0       0       001010001D    417
     102       0       0       1       0                               0D    418
     142     391       0       0       0       0       0       001010001D    419
     142       0       0       1       0                               0D    420
     126     392       0       0       0       0       0       001010001D    421
     126       0       0      25       0                               0D    422
     126     417       0       0       0       0       0       001010001D    423
     126       0       0      25       0                               0D    424
     102     442       0       0       0       0       0       001010001D    425
     102       0       0       1       0                               0D    426
     142     443       0       0       0       0       0       001010001D    427
     142       0       0       1       0                               0D    428
     144     444       0       0   10000       0       0       000000000D    429
     144       0       0       1       0                PartBody       0D    430
     124     445       0       0       0       0       0       001020201D    431
     124       0       0       3       0                               0D    432
     100     448       0       0       0       0     431       001010001D    433
     100       0       0       1       0                               0D    434
     124     449       0       0       0       0       0       001020201D    435
     124       0       0       3       0                               0D    436
     100     452       0       0       0       0     435       001010001D    437
     100       0       0       1       0                               0D    438
     124     453       0       0       0       0       0       001020201D    439
     124       0       0       3       0                               0D    440
     100     456       0       0       0       0     439       001010001D    441
     100       0       0       1       0                               0D    442
     124     457       0       0       0       0       0       001020201D    443
     124       0       0       3       0                               0D    444
     100     460       0       0       0       0     443       001010001D    445
     100       0       0       1       0                               0D    446
     110     461       0       0       0       0       0       001010001D    447
     110       0       0       2       0                               0D    448
     124     463       0       0       0       0       0       001020201D    449
     124       0       0       3       0                               0D    450
     100     466       0       0       0       0     449       001010001D    451
     100       0       0       1       0                               0D    452
     124     467       0       0       0       0       0       001020201D    453
     124       0       0       3       0                               0D    454
     100     470       0       0       0       0     453       001010001D    455
     100       0       0       1       0                               0D    456
     102     471       0       0       0       0       0       001010001D    457
     102       0       0       1       0                               0D    458
     142     472       0       0       0       0       0       001010001D    459
     142       0       0       1       0                               0D    460
     144     473       0       0   10000       0       0       000000000D    461
     144       0       0       1       0                PartBody       0D    462
     110     474       0       0       0       0       0       001010001D    463
     110       0       0       2       0                               0D    464
     124     476       0       0       0       0       0       001020201D    465
     124       0       0       3       0                               0D    466
     100     479       0       0       0       0     465       001010001D    467
     100       0       0       1       0                               0D    468
     120     480       0       0       0       0       0       001010001D    469
     120       0       0       1       0                               0D    470
     124     481       0       0       0       0       0       001020201D    471
     124       0       0       3       0                               0D    472
     100     484       0       0       0       0     471       001010001D    473
     100       0       0       1       0                               0D    474
     124     485       0       0       0       0       0       001020201D    475
     124       0       0       3       0                               0D    476
     100     488       0       0       0       0     475       001010001D    477
     100       0       0       1       0                               0D    478
     124     489       0       0       0       0       0       001020201D    479
     124       0       0       3       0                               0D    480
     100     492       0       0       0       0     479       001010001D    481
     100       0       0       1       0                               0D    482
     126     493       0       0       0       0       0       001010001D    483
     126       0       0      15       0                               0D    484
     102     508       0       0       0       0       0       001010001D    485
     102       0       0       1       0                               0D    486
     142     509       0       0       0       0       0       001010001D    487
     142       0       0       1       0                               0D    488
     144     510       0       0   10000       0       0       000000000D    489
     144       0       0       1       0                PartBody       0D    490
     110     511       0       0       0       0       0       001010001D    491
     110       0       0       2       0                               0D    492
     110     513       0       0       0       0       0       001010001D    493
     110       0       0       2       0                               0D    494
     120     515       0       0       0       0       0       001010001D    495
     120       0       0       1       0                               0D    496
     124     516       0       0       0       0       0       001020201D    497
     124       0       0       3       0                               0D    498
     100     519       0       0       0       0     497       001010001D    499
     100       0       0       1       0                               0D    500
     110     520       0       0       0       0       0       001010001D    501
     110       0       0       2       0                               0D    502
     124     522       0       0       0       0       0       001020201D    503
     124       0       0       3       0                               0D    504
     100     525       0       0       0       0     503       001010001D    505
     100       0       0       1       0                               0D    506
     110     526       0       0       0       0       0       001010001D    507
     110       0       0       2       0                               0D    508
     102     528       0       0       0       0       0       001010001D    509
     102       0       0       1       0                               0D    510
     142     529       0       0       0       0       0       001010001D    511
     142       0       0       1       0                               0D    512
     144     530       0       0   10000       0       0       000000000D    513
     144       0       0       1       0                PartBody       0D    514
     110     531       0       0       0       0       0       001010001D    515
     110       0       0       2       0                               0D    516
     110     533       0       0       0       0       0       001010001D    517
     110       0       0       2       0                               0D    518
     120     535       0       0       0       0       0       001010001D    519
     120       0       0       1       0                               0D    520
     124     536       0       0       0       0       0       001020201D    521
     124       0       0       3       0                               0D    522
     100     539       0       0       0       0     521       001010001D    523
     100       0       0       1       0                               0D    524
     110     540       0       0       0       0       0       001010001D    525
     110       0       0       2       0                               0D    526
     124     542       0       0       0       0       0       001020201D    527
     124       0       0       3       0                               0D    528
     100     545       0       0       0       0     527       001010001D    529
     100       0       0       1       0                               0D    530
     110     546       0       0       0       0       0       001010001D    531
     110       0       0       2       0                               0D    532
     102     548       0       0       0       0       0       001010001D    533
     102       0       0       1       0                               0D    534
     142     549       0       0       0       0       0       001010001D    535
     142       0       0       1       0                               0D    536
     144     550       0       0   10000       0       0       000000000D    537
     144       0       0       1       0                PartBody       0D    538
     108     551       0       0       0       0       0       001010001D    539
     108       0       0       2       0                               0D    540
     110     553       0       0       0       0       0       001010001D    541
     110       0       0       2       0                               0D    542
     110     555       0       0       0       0       0       001010001D    543
     110       0       0       2       0                               0D    544
     110     557       0       0       0       0       0       001010001D    545
     110       0       0       2       0                               0D    546
     110     559       0       0       0       0       0       001010001D    547
     110       0       0       2       0                               0D    548
     102     561       0       0       0       0       0       001010001D    549
     102       0       0       1       0                               0D    550
     142     562       0       0       0       0       0       001010001D    551
     142       0       0       1       0                               0D    552
     144     563       0       0   10000       0       0       000000000D    553
     144       0       0       1       0                PartBody       0D    554
     108     564       0       0       0       0       0       001010001D    555
     108       0       0       2       0                               0D    556
     110     566       0       0       0       0       0       001010001D    557
     110       0       0       2       0                               0D    558
     110     568       0       0       0       0       0       001010001D    559
     110       0       0       2       0                               0D    560
     110     570       0       0       0       0       0       001010001D    561
     110       0       0       2       0                               0D    562
     110     572       0       0       0       0       0       001010001D    563
     110       0       0       2       0                               0D    564
     102     574       0       0       0       0       0       001010001D    565
     102       0       0       1       0                               0D    566
     142     575       0       0       0       0       0       001010001D    567
     142       0       0       1       0                               0D    568
     144     576       0       0   10000       0       0       000000000D    569
     144       0       0       1       0                PartBody       0D    570
     110     577       0       0       0       0       0       001010001D    571
     110       0       0       2       0                               0D    572
     124     579       0       0       0       0       0       001020201D    573
     124       0       0       3       0                               0D    574
     100     582       0       0       0       0     573       001010001D    575
     100       0       0       1       0                               0D    576
     102     583       0       0       0       0       0       001010001D    577
     102       0       0       1       0                               0D    578
     142     584       0       0       0       0       0       001010001D    579
     142       0       0       1       0                               0D    580
     144     585       0       0   10000       0       0       000000000D    581
     144       0       0       1       0                PartBody       0D    582
     110     586       0       0       0       0       0       001010001D    583
     110       0       0       2       0                               0D    584
     110     588       0       0       0       0       0       001010001D    585
     110       0       0       2       0                               0D    586
     120     590       0       0       0       0       0       001010001D    587
     120       0       0       1       0                               0D    588
     110     591       0       0       0       0       0       001010001D    589
     110       0       0       2       0                               0D    590
     124     593       0       0       0       0       0       001020201D    591
     124       0       0       3       0                               0D    592
     100     596       0       0       0       0     591       001010001D    593
     100       0       0       1       0                               0D    594
     110     597       0       0       0       0       0       001010001D    595
     110       0       0       2       0                               0D    596
     124     599       0       0       0       0       0       001020201D    597
     124       0       0       3       0                               0D    598
     100     602       0       0       0       0     597       001010001D    599
     100       0       0       1       0                               0D    600
     110     603       0       0       0       0       0       001010001D    601
     110       0       0       2       0                               0D    602
     124     605       0       0       0       0       0       001020201D    603
     124       0       0       3       0                               0D    604
     100     608       0       0       0       0     603       001010001D    605
     100       0       0       1       0                               0D    606
     110     609       0       0       0       0       0       001010001D    607
     110       0       0       2       0                               0D    608
     126     611       0       0       0       0       0       001010001D    609
     126       0       0      12       0                               0D    610
     102     623       0       0       0       0       0       001010001D    611
     102       0       0       1       0                               0D    612
     142     624       0       0       0       0       0       001010001D    613
     142       0       0       1       0                               0D    614
     144     625       0       0   10000       0       0       000000000D    615
     144       0       0       1       0                PartBody       0D    616
     110     626       0       0       0       0       0       001010001D    617
     110       0       0       2       0                               0D    618
     110     628       0       0       0       0       0       001010001D    619
     110       0       0       2       0                               0D    620
     120     630       0       0       0       0       0       001010001D    621
     120       0       0       1       0                               0D    622
     110     631       0       0       0       0       0       001010001D    623
     110       0       0       2       0                               0D    624
     124     633       0       0       0       0       0       001020201D    625
     124       0       0       3       0                               0D    626
     100     636       0       0       0       0     625       001010001D    627
     100       0       0       1       0                               0D    628
     110     637       0       0       0       0       0       001010001D    629
     110       0       0       2       0                               0D    630
     126     639       0       0       0       0       0       001010001D    631
     126       0       0      12       0                               0D    632
     102     651       0       0       0       0       0       001010001D    633
     102       0       0       1       0                               0D    634
     142     652       0       0       0       0       0       001010001D    635
     142       0       0       1       0                               0D    636
     144     653       0       0   10000       0       0       000000000D    637
     144       0       0       1       0                PartBody       0D    638
     110     654       0       0       0       0       0       001010001D    639
     110       0       0       2       0                               0D    640
     110     656       0       0       0       0       0       001010001D    641
     110       0       0       2       0                               0D    642
     110     658       0       0       0       0       0       001010001D    643
     110       0       0       2       0                               0D    644
     110     660       0       0       0       0       0       001010001D    645
     110       0       0       2       0                               0D    646
     102     662       0       0       0       0       0       001010001D    647
     102       0       0       1       0                               0D    648
     142     663       0       0       0       0       0       001010001D    649
     142       0       0       1       0                               0D    650
     144     664       0       0   10000       0       0       000000000D    651
     144       0       0       1       0                PartBody       0D    652
     110     665       0       0       0       0       0       001010001D    653
     110       0       0       2       0                               0D    654
     110     667       0       0       0       0       0       001010001D    655
     110       0       0       2       0                               0D    656
     120     669       0       0       0       0       0       001010001D    657
     120       0       0       1       0                               0D    658
     110     670       0       0       0       0       0       001010001D    659
     110       0       0       2       0                               0D    660
     124     672       0       0       0       0       0       001020201D    661
     124       0       0       3       0                               0D    662
     100     675       0       0       0       0     661       001010001D    663
     100       0       0       1       0                               0D    664
     110     676       0       0       0       0       0       001010001D    665
     110       0       0       2       0                               0D    666
     126     678       0       0       0       0       0       001010001D    667
     126       0       0      12       0                               0D    668
     102     690       0       0       0       0       0       001010001D    669
     102       0       0       1       0                               0D    670
     142     691       0       0       0       0       0       001010001D    671
     142       0       0       1       0                               0D    672
     144     692       0       0   10000       0       0       000000000D    673
     144       0       0       1       0                PartBody       0D    674
     126     693       0       0       0       0       0       001010001D    675
     126       0       0      25       0                               0D    676
     126     718       0       0       0       0       0       001010001D    677
     126       0       0      25       0                               0D    678
     102     743       0       0       0       0       0       001010001D    679
     102       0       0       1       0                               0D    680
     142     744       0       0       0       0       0       001010001D    681
     142       0       0       1       0                               0D    682
     124     745       0       0       0       0       0       001020201D    683
     124       0       0       3       0                               0D    684
     100     748       0       0       0       0     683       001010001D    685
     100       0       0       1       0                               0D    686
     124     749       0       0       0       0       0       001020201D    687
     124       0       0       3       0                               0D    688
     100     752       0       0       0       0     687       001010001D    689
     100       0       0       1       0                               0D    690
     102     753       0       0       0       0       0       001010001D    691
     102       0       0       1       0                               0D    692
     142     754       0       0       0       0       0       001010001D    693
     142       0       0       1       0                               0D    694
     144     755       0       0   10000       0       0       000000000D    695
     144       0       0       1       0                PartBody       0D    696
     110     756       0       0       0       0       0       001010001D    697
     110       0       0       2       0                               0D    698
     110     758       0       0       0       0       0       001010001D    699
     110       0       0       2       0                               0D    700
     120     760       0       0       0       0       0       001010001D    701
     120       0       0       1       0                               0D    702
     124     761       0       0       0       0       0       001020201D    703
     124       0       0       3       0                               0D    704
     100     764       0       0       0       0     703       001010001D    705
     100       0       0       1       0                               0D    706
     110     765       0       0       0       0       0       001010001D    707
     110       0       0       2       0                               0D    708
     124     767       0       0       0       0       0       001020201D    709
     124       0       0       3       0                               0D    710
     100     770       0       0       0       0     709       001010001D    711
     100       0       0       1       0                               0D    712
     110     771       0       0       0       0       0       001010001D    713
     110       0       0       2       0                               0D    714
     102     773       0       0       0       0       0       001010001D    715
     102       0       0       1       0                               0D    716
     142     774       0       0       0       0       0       001010001D    717
     142       0       0       1       0                               0D    718
     144     775       0       0   10000       0       0       000000000D    719
     144       0       0       1       0                PartBody       0D    720
     110     776       0       0       0       0       0       001010001D    721
     110       0       0       2       0                               0D    722
     110     778       0       0       0       0       0       001010001D    723
     110       0       0       2       0                               0D    724
     120     780       0       0       0       0       0       001010001D    725
     120       0       0       1       0                               0D    726
     124     781       0       0       0       0       0       001020201D    727
     124       0       0       3       0                               0D    728
     100     784       0       0       0       0     727       001010001D    729
     100       0       0       1       0                               0D    730
     110     785       0       0       0       0       0       001010001D    731
     110       0       0       2       0                               0D    732
     124     787       0       0       0       0       0       001020201D    733
     124       0       0       3       0                               0D    734
     100     790       0       0       0       0     733       001010001D    735
     100       0       0       1       0                               0D    736
     110     791       0       0       0       0       0       001010001D    737
     110       0       0       2       0                               0D    738
     102     793       0       0       0       0       0       001010001D    739
     102       0       0       1       0                               0D    740
     142     794       0       0       0       0       0       001010001D    741
     142       0       0       1       0                               0D    742
     144     795       0       0   10000       0       0       000000000D    743
     144       0       0       1       0                PartBody       0D    744
     110     796       0       0       0       0       0       001010001D    745
     110       0       0       2       0                               0D    746
     110     798       0       0       0       0       0       001010001D    747
     110       0       0       2       0                               0D    748
     120     800       0       0       0       0       0       001010001D    749
     120       0       0       1       0                               0D    750
     126     801       0       0       0       0       0       001010001D    751
     126       0       0       5       0                               0D    752
     124     806       0       0       0       0       0       001020201D    753
     124       0       0       3       0                               0D    754
     100     809       0       0       0       0     753       001010001D    755
     100       0       0       1       0                               0D    756
     126     810       0       0       0       0       0       001010001D    757
     126       0       0       5       0                               0D    758
     124     815       0       0       0       0       0       001020201D    759
     124       0       0       3       0                               0D    760
     100     818       0       0       0       0     759       001010001D    761
     100       0       0       1       0                               0D    762
     126     819       0       0       0       0       0       001010001D    763
     126       0       0       5       0                               0D    764
     124     824       0       0       0       0       0       001020201D    765
     124       0       0       3       0                               0D    766
     100     827       0       0       0       0     765       001010001D    767
     100       0       0       1       0                               0D    768
     126     828       0       0       0       0       0       001010001D    769
     126       0       0       5       0                               0D    770
     110     833       0       0       0       0       0       001010001D    771
     110       0       0       2       0                               0D    772
     124     835       0       0       0       0       0       001020201D    773
     124       0       0       3       0                               0D    774
     100     838       0       0       0       0     773       001010001D    775
     100       0       0       1       0                               0D    776
     110     839       0       0       0       0       0       001010001D    777
     110       0       0       2       0                               0D    778
     102     841       0       0       0       0       0       001010001D    779
     102       0       0       1       0                               0D    780
     142     842       0       0       0       0       0       001010001D    781
     142       0       0       1       0                               0D    782
     144     843       0       0   10000       0       0       000000000D    783
     144       0       0       1       0                PartBody       0D    784
     110     844       0       0       0       0       0       001010001D    785
     110       0       0       2       0                               0D    786
     110     846       0       0       0       0       0       001010001D    787
     110       0       0       2       0                               0D    788
     120     848       0       0       0       0       0       001010001D    789
     120       0       0       1       0                               0D    790
     126     849       0       0       0       0       0       001010001D    791
     126       0       0       5       0                               0D    792
     124     854       0       0       0       0       0       001020201D    793
     124       0       0       3       0                               0D    794
     100     857       0       0       0       0     793       001010001D    795
     100       0       0       1       0                               0D    796
     126     858       0       0       0       0       0       001010001D    797
     126       0       0       5       0                               0D    798
     124     863       0       0       0       0       0       001020201D    799
     124       0       0       3       0                               0D    800
     100     866       0       0       0       0     799       001010001D    801
     100       0       0       1       0                               0D    802
     126     867       0       0       0       0       0       001010001D    803
     126       0       0       5       0                               0D    804
     124     872       0       0       0       0       0       001020201D    805
     124       0       0       3       0                               0D    806
     100     875       0       0       0       0     805       001010001D    807
     100       0       0       1       0                               0D    808
     126     876       0       0       0       0       0       001010001D    809
     126       0       0       5       0                               0D    810
     110     881       0       0       0       0       0       001010001D    811
     110       0       0       2       0                               0D    812
     124     883       0       0       0       0       0       001020201D    813
     124       0       0       3       0                               0D    814
     100     886       0       0       0       0     813       001010001D    815
     100       0       0       1       0                               0D    816
     110     887       0       0       0       0       0       001010001D    817
     110       0       0       2       0                               0D    818
     102     889       0       0       0       0       0       001010001D    819
     102       0       0       1       0                               0D    820
     142     890       0       0       0       0       0       001010001D    821
     142       0       0       1       0                               0D    822
     144     891       0       0   10000       0       0       000000000D    823
     144       0       0       1       0                PartBody       0D    824
     108     892       0       0       0       0       0       001010001D    825
     108       0       0       2       0                               0D    826
     110     894       0       0       0       0       0       001010001D    827
     110       0       0       2       0                               0D    828
     124     896       0       0       0       0       0       001020201D    829
     124       0       0       3       0                               0D    830
     100     899       0       0       0       0     829       001010001D    831
     100       0       0       1       0                               0D    832
     110     900       0       0       0       0       0       001010001D    833
     110       0       0       2       0                               0D    834
     126     902       0       0       0       0       0       001010001D    835
     126       0       0       8       0                               0D    836
     126     910       0       0       0       0       0       001010001D    837
     126       0       0       7       0                               0D    838
     102     917       0       0       0       0       0       001010001D    839
     102       0       0       1       0                               0D    840
     142     918       0       0       0       0       0       001010001D    841
     142       0       0       1       0                               0D    842
     144     919       0       0   10000       0       0       000000000D    843
     144       0       0       1       0                PartBody       0D    844
     110     920       0       0       0       0       0       001010001D    845
     110       0       0       2       0                               0D    846
     110     922       0       0       0       0       0       001010001D    847
     110       0       0       2       0                               0D    848
     120     924       0       0       0       0       0       001010001D    849
     120       0       0       1       0                               0D    850
     124     925       0       0       0       0       0       001020201D    851
     124       0       0       3       0                               0D    852
     100     928       0       0       0       0     851       001010001D    853
     100       0       0       1       0                               0D    854
     110     929       0       0       0       0       0       001010001D    855
     110       0       0       2       0                               0D    856
     124     931       0       0       0       0       0       001020201D    857
     124       0       0       3       0                               0D    858
     100     934       0       0       0       0     857       001010001D    859
     100       0       0       1       0                               0D    860
     110     935       0       0       0       0       0       001010001D    861
     110       0       0       2       0                               0D    862
     102     937       0       0       0       0       0       001010001D    863
     102       0       0       1       0                               0D    864
     142     938       0       0       0       0       0       001010001D    865
     142       0       0       1       0                               0D    866
     144     939       0       0   10000       0       0       000000000D    867
     144       0       0       1       0                PartBody       0D    868
     110     940       0       0       0       0       0       001010001D    869
     110       0       0       2       0                               0D    870
     124     942       0       0       0       0       0       001020201D    871
     124       0       0       3       0                               0D    872
     100     945       0       0       0       0     871       001010001D    873
     100       0       0       1       0                               0D    874
     110     946       0       0       0       0       0       001010001D    875
     110       0       0       2       0                               0D    876
     126     948       0       0       0       0       0       001010001D    877
     126       0       0       8       0                               0D    878
     102     956       0       0       0       0       0       001010001D    879
     102       0       0       1       0                               0D    880
     142     957       0       0       0       0       0       001010001D    881
     142       0       0       1       0                               0D    882
     144     958       0       0   10000       0       0       000000000D    883
     144       0       0       1       0                PartBody       0D    884
     110     959       0       0       0       0       0       001010001D    885
     110       0       0       2       0                               0D    886
     110     961       0       0       0       0       0       001010001D    887
     110       0       0       2       0                               0D    888
     120     963       0       0       0       0       0       001010001D    889
     120       0       0       1       0                               0D    890
     124     964       0       0       0       0       0       001020201D    891
     124       0       0       3       0                               0D    892
     100     967       0       0       0       0     891       001010001D    893
     100       0       0       1       0                               0D    894
     110     968       0       0       0       0       0       001010001D    895
     110       0       0       2       0                               0D    896
     124     970       0       0       0       0       0       001020201D    897
     124       0       0       3       0                               0D    898
     100     973       0       0       0       0     897       001010001D    899
     100       0       0       1       0                               0D    900
     110     974       0       0       0       0       0       001010001D    901
     110       0       0       2       0                               0D    902
     102     976       0       0       0       0       0       001010001D    903
     102       0       0       1       0                               0D    904
     142     977       0       0       0       0       0       001010001D    905
     142       0       0       1       0                               0D    906
     144     978       0       0   10000       0       0       000000000D    907
     144       0       0       1       0                PartBody       0D    908
     110     979       0       0       0       0       0       001010001D    909
     110       0       0       2       0                               0D    910
     124     981       0       0       0       0       0       001020201D    911
     124       0       0       3       0                               0D    912
     100     984       0       0       0       0     911       001010001D    913
     100       0       0       1       0                               0D    914
     110     985       0       0       0       0       0       001010001D    915
     110       0       0       2       0                               0D    916
     126     987       0       0       0       0       0       001010001D    917
     126       0       0       8       0                               0D    918
     102     995       0       0       0       0       0       001010001D    919
     102       0       0       1       0                               0D    920
     142     996       0       0       0       0       0       001010001D    921
     142       0       0       1       0                               0D    922
     144     997       0       0   10000       0       0       000000000D    923
     144       0       0       1       0                PartBody       0D    924
     110     998       0       0       0       0       0       001010001D    925
     110       0       0       2       0                               0D    926
     110    1000       0       0       0       0       0       001010001D    927
     110       0       0       2       0                               0D    928
     120    1002       0       0       0       0       0       001010001D    929
     120       0       0       1       0                               0D    930
     124    1003       0       0       0       0       0       001020201D    931
     124       0       0       3       0                               0D    932
     100    1006       0       0       0       0     931       001010001D    933
     100       0       0       1       0                               0D    934
     110    1007       0       0       0       0       0       001010001D    935
     110       0       0       2       0                               0D    936
     124    1009       0       0       0       0       0       001020201D    937
     124       0       0       3       0                               0D    938
     100    1012       0       0       0       0     937       001010001D    939
     100       0       0       1       0                               0D    940
     110    1013       0       0       0       0       0       001010001D    941
     110       0       0       2       0                               0D    942
     102    1015       0       0       0       0       0       001010001D    943
     102       0       0       1       0                               0D    944
     142    1016       0       0       0       0       0       001010001D    945
     142       0       0       1       0                               0D    946
     144    1017       0       0   10000       0       0       000000000D    947
     144       0       0       1       0                PartBody       0D    948
     110    1018       0       0       0       0       0       001010001D    949
     110       0       0       2       0                               0D    950
     124    1020       0       0       0       0       0       001020201D    951
     124       0       0       3       0                               0D    952
     100    1023       0       0       0       0     951       001010001D    953
     100       0       0       1       0                               0D    954
     110    1024       0       0       0       0       0       001010001D    955
     110       0       0       2       0                               0D    956
     126    1026       0       0       0       0       0       001010001D    957
     126       0       0       8       0                               0D    958
     126    1034       0       0       0       0       0       001010001D    959
     126       0       0       7       0                               0D    960
     102    1041       0       0       0       0       0       001010001D    961
     102       0       0       1       0                               0D    962
     142    1042       0       0       0       0       0       001010001D    963
     142       0       0       1       0                               0D    964
     144    1043       0       0   10000       0       0       000000000D    965
     144       0       0       1       0                PartBody       0D    966
     110    1044       0       0       0       0       0       001010001D    967
     110       0       0       2       0                               0D    968
     110    1046       0       0       0       0       0       001010001D    969
     110       0       0       2       0                               0D    970
     120    1048       0       0       0       0       0       001010001D    971
     120       0       0       1       0                               0D    972
     124    1049       0       0       0       0       0       001020201D    973
     124       0       0       3       0                               0D    974
     100    1052       0       0       0       0     973       001010001D    975
     100       0       0       1       0                               0D    976
     110    1053       0       0       0       0       0       001010001D    977
     110       0       0       2       0                               0D    978
     124    1055       0       0       0       0       0       001020201D    979
     124       0       0       3       0                               0D    980
     100    1058       0       0       0       0     979       001010001D    981
     100       0       0       1       0                               0D    982
     110    1059       0       0       0       0       0       001010001D    983
     110       0       0       2       0                               0D    984
     102    1061       0       0       0       0       0       001010001D    985
     102       0       0       1       0                               0D    986
     142    1062       0       0       0       0       0       001010001D    987
     142       0       0       1       0                               0D    988
     144    1063       0       0   10000       0       0       000000000D    989
     144       0       0       1       0                PartBody       0D    990
     110    1064       0       0       0       0       0       001010001D    991
     110       0       0       2       0                               0D    992
     124    1066       0       0       0       0       0       001020201D    993
     124       0       0       3       0                               0D    994
     100    1069       0       0       0       0     993       001010001D    995
     100       0       0       1       0                               0D    996
     110    1070       0       0       0       0       0       001010001D    997
     110       0       0       2       0                               0D    998
     126    1072       0       0       0       0       0       001010001D    999
     126       0       0       8       0                               0D   1000
     102    1080       0       0       0       0       0       001010001D   1001
     102       0       0       1       0                               0D   1002
     142    1081       0       0       0       0       0       001010001D   1003
     142       0       0       1       0                               0D   1004
     144    1082       0       0   10000       0       0       000000000D   1005
     144       0       0       1       0                PartBody       0D   1006
     110    1083       0       0       0       0       0       001010001D   1007
     110       0       0       2       0                               0D   1008
     110    1085       0       0       0       0       0       001010001D   1009
     110       0       0       2       0                               0D   1010
     120    1087       0       0       0       0       0       001010001D   1011
     120       0       0       1       0                               0D   1012
     110    1088       0       0       0       0       0       001010001D   1013
     110       0       0       2       0                               0D   1014
     124    1090       0       0       0       0       0       001020201D   1015
     124       0       0       3       0                               0D   1016
     100    1093       0       0       0       0    1015       001010001D   1017
     100       0       0       1       0                               0D   1018
     110    1094       0       0       0       0       0       001010001D   1019
     110       0       0       2       0                               0D   1020
     124    1096       0       0       0       0       0       001020201D   1021
     124       0       0       3       0                               0D   1022
     100    1099       0       0       0       0    1021       001010001D   1023
     100       0       0       1       0                               0D   1024
     102    1100       0       0       0       0       0       001010001D   1025
     102       0       0       1       0                               0D   1026
     142    1101       0       0       0       0       0       001010001D   1027
     142       0       0       1       0                               0D   1028
     144    1102       0       0   10000       0       0       000000000D   1029
     144       0       0       1       0                PartBody       0D   1030
     110    1103       0       0       0       0       0       001010001D   1031
     110       0       0       2       0                               0D   1032
     124    1105       0       0       0       0       0       001020201D   1033
     124       0       0       3       0                               0D   1034
     100    1108       0       0       0       0    1033       001010001D   1035
     100       0       0       1       0                               0D   1036
     110    1109       0       0       0       0       0       001010001D   1037
     110       0       0       2       0                               0D   1038
     126    1111       0       0       0       0       0       001010001D   1039
     126       0       0       8       0                               0D   1040
     102    1119       0       0       0       0       0       001010001D   1041
     102       0       0       1       0                               0D   1042
     142    1120       0       0       0       0       0       001010001D   1043
     142       0       0       1       0                               0D   1044
     144    1121       0       0   10000       0       0       000000000D   1045
     144       0       0       1       0                PartBody       0D   1046
     110    1122       0       0       0       0       0       001010001D   1047
     110       0       0       2       0                               0D   1048
     110    1124       0       0       0       0       0       001010001D   1049
     110       0       0       2       0                               0D   1050
     120    1126       0       0       0       0       0       001010001D   1051
     120       0       0       1       0                               0D   1052
     110    1127       0       0       0       0       0       001010001D   1053
     110       0       0       2       0                               0D   1054
     124    1129       0       0       0       0       0       001020201D   1055
     124       0       0       3       0                               0D   1056
     100    1132       0       0       0       0    1055       001010001D   1057
     100       0       0       1       0                               0D   1058
     110    1133       0       0       0       0       0       001010001D   1059
     110       0       0       2       0                               0D   1060
     124    1135       0       0       0       0       0       001020201D   1061
     124       0       0       3       0                               0D   1062
     100    1138       0       0       0       0    1061       001010001D   1063
     100       0       0       1       0                               0D   1064
     102    1139       0       0       0       0       0       001010001D   1065
     102       0       0       1       0                               0D   1066
     142    1140       0       0       0       0       0       001010001D   1067
     142       0       0       1       0                               0D   1068
     144    1141       0       0   10000       0       0       000000000D   1069
     144       0       0       1       0                PartBody       0D   1070
     110    1142       0       0       0       0       0       001010001D   1071
     110       0       0       2       0                               0D   1072
     110    1144       0       0       0       0       0       001010001D   1073
     110       0       0       2       0                               0D   1074
     120    1146       0       0       0       0       0       001010001D   1075
     120       0       0       1       0                               0D   1076
     124    1147       0       0       0       0       0       001020201D   1077
     124       0       0       3       0                               0D   1078
     100    1150       0       0       0       0    1077       001010001D   1079
     100       0       0       1       0                               0D   1080
     126    1151       0       0       0       0       0       001010001D   1081
     126       0       0       5       0                               0D   1082
     124    1156       0       0       0       0       0       001020201D   1083
     124       0       0       3       0                               0D   1084
     100    1159       0       0       0       0    1083       001010001D   1085
     100       0       0       1       0                               0D   1086
     126    1160       0       0       0       0       0       001010001D   1087
     126       0       0       5       0                               0D   1088
     102    1165       0       0       0       0       0       001010001D   1089
     102       0       0       1       0                               0D   1090
     142    1166       0       0       0       0       0       001010001D   1091
     142       0       0       1       0                               0D   1092
     144    1167       0       0   10000       0       0       000000000D   1093
     144       0       0       1       0                PartBody       0D   1094
     110    1168       0       0       0       0       0       001010001D   1095
     110       0       0       2       0                               0D   1096
     110    1170       0       0       0       0       0       001010001D   1097
     110       0       0       2       0                               0D   1098
     120    1172       0       0       0       0       0       001010001D   1099
     120       0       0       1       0                               0D   1100
     124    1173       0       0       0       0       0       001020201D   1101
     124       0       0       3       0                               0D   1102
     100    1176       0       0       0       0    1101       001010001D   1103
     100       0       0       1       0                               0D   1104
     126    1177       0       0       0       0       0       001010001D   1105
     126       0       0       5       0                               0D   1106
     124    1182       0       0       0       0       0       001020201D   1107
     124       0       0       3       0                               0D   1108
     100    1185       0       0       0       0    1107       001010001D   1109
     100       0       0       1       0                               0D   1110
     126    1186       0       0       0       0       0       001010001D   1111
     126       0       0       5       0                               0D   1112
     102    1191       0       0       0       0       0       001010001D   1113
     102       0       0       1       0                               0D   1114
     142    1192       0       0       0       0       0       001010001D   1115
     142       0       0       1       0                               0D   1116
     144    1193       0       0   10000       0       0       000000000D   1117
     144       0       0       1       0                PartBody       0D   1118
     110    1194       0       0       0       0       0       001010001D   1119
     110       0       0       2       0                               0D   1120
     110    1196       0       0       0       0       0       001010001D   1121
     110       0       0       2       0                               0D   1122
     120    1198       0       0       0       0       0       001010001D   1123
     120       0       0       1       0                               0D   1124
     124    1199       0       0       0       0       0       001020201D   1125
     124       0       0       3       0                               0D   1126
     100    1202       0       0       0       0    1125       001010001D   1127
     100       0       0       1       0                               0D   1128
     126    1203       0       0       0       0       0       001010001D   1129
     126       0       0       5       0                               0D   1130
     124    1208       0       0       0       0       0       001020201D   1131
     124       0       0       3       0                               0D   1132
     100    1211       0       0       0       0    1131       001010001D   1133
     100       0       0       1       0                               0D   1134
     126    1212       0       0       0       0       0       001010001D   1135
     126       0       0       5       0                               0D   1136
     102    1217       0       0       0       0       0       001010001D   1137
     102       0       0       1       0                               0D   1138
     142    1218       0       0       0       0       0       001010001D   1139
     142       0       0       1       0                               0D   1140
     144    1219       0       0   10000       0       0       000000000D   1141
     144       0       0       1       0                PartBody       0D   1142
     110    1220       0       0       0       0       0       001010001D   1143
     110       0       0       2       0                               0D   1144
     110    1222       0       0       0       0       0       001010001D   1145
     110       0       0       2       0                               0D   1146
     120    1224       0       0       0       0       0       001010001D   1147
     120       0       0       1       0                               0D   1148
     124    1225       0       0       0       0       0       001020201D   1149
     124       0       0       3       0                               0D   1150
     100    1228       0       0       0       0    1149       001010001D   1151
     100       0       0       1       0                               0D   1152
     126    1229       0       0       0       0       0       001010001D   1153
     126       0       0       5       0                               0D   1154
     124    1234       0       0       0       0       0       001020201D   1155
     124       0       0       3       0                               0D   1156
     100    1237       0       0       0       0    1155       001010001D   1157
     100       0       0       1       0                               0D   1158
     126    1238       0       0       0       0       0       001010001D   1159
     126       0       0       5       0                               0D   1160
     102    1243       0       0       0       0       0       001010001D   1161
     102       0       0       1       0                               0D   1162
     142    1244       0       0       0       0       0       001010001D   1163
     142       0       0       1       0                               0D   1164
     144    1245       0       0   10000       0       0       000000000D   1165
     144       0       0       1       0                PartBody       0D   1166
     110    1246       0       0       0       0       0       001010001D   1167
     110       0       0       2       0                               0D   1168
     110    1248       0       0       0       0       0       001010001D   1169
     110       0       0       2       0                               0D   1170
     120    1250       0       0       0       0       0       001010001D   1171
     120       0       0       1       0                               0D   1172
     126    1251       0       0       0       0       0       001010001D   1173
     126       0       0       5       0                               0D   1174
     124    1256       0       0       0       0       0       001020201D   1175
     124       0       0       3       0                               0D   1176
     100    1259       0       0       0       0    1175       001010001D   1177
     100       0       0       1       0                               0D   1178
     126    1260       0       0       0       0       0       001010001D   1179
     126       0       0       5       0                               0D   1180
     124    1265       0       0       0       0       0       001020201D   1181
     124       0       0       3       0                               0D   1182
     100    1268       0       0       0       0    1181       001010001D   1183
     100       0       0       1       0                               0D   1184
     102    1269       0       0       0       0       0       001010001D   1185
     102       0       0       1       0                               0D   1186
     142    1270       0       0       0       0       0       001010001D   1187
     142       0       0       1       0                               0D   1188
     144    1271       0       0   10000       0       0       000000000D   1189
     144       0       0       1       0                PartBody       0D   1190
     110    1272       0       0       0       0       0       001010001D   1191
     110       0       0       2       0                               0D   1192
     110    1274       0       0       0       0       0       001010001D   1193
     110       0       0       2       0                               0D   1194
     120    1276       0       0       0       0       0       001010001D   1195
     120       0       0       1       0                               0D   1196
     126    1277       0       0       0       0       0       001010001D   1197
     126       0       0       5       0                               0D   1198
     124    1282       0       0       0       0       0       001020201D   1199
     124       0       0       3       0                               0D   1200
     100    1285       0       0       0       0    1199       001010001D   1201
     100       0       0       1       0                               0D   1202
     126    1286       0       0       0       0       0       001010001D   1203
     126       0       0       5       0                               0D   1204
     124    1291       0       0       0       0       0       001020201D   1205
     124       0       0       3       0                               0D   1206
     100    1294       0       0       0       0    1205       001010001D   1207
     100       0       0       1       0                               0D   1208
     102    1295       0       0       0       0       0       001010001D   1209
     102       0       0       1       0                               0D   1210
     142    1296       0       0       0       0       0       001010001D   1211
     142       0       0       1       0                               0D   1212
     144    1297       0       0   10000       0       0       000000000D   1213
     144       0       0       1       0                PartBody       0D   1214
     110    1298       0       0       0       0       0       001010001D   1215
     110       0       0       2       0                               0D   1216
     110    1300       0       0       0       0       0       001010001D   1217
     110       0       0       2       0                               0D   1218
     120    1302       0       0       0       0       0       001010001D   1219
     120       0       0       1       0                               0D   1220
     124    1303       0       0       0       0       0       001020201D   1221
     124       0       0       3       0                               0D   1222
     100    1306       0       0       0       0    1221       001010001D   1223
     100       0       0       1       0                               0D   1224
     110    1307       0       0       0       0       0       001010001D   1225
     110       0       0       2       0                               0D   1226
     124    1309       0       0       0       0       0       001020201D   1227
     124       0       0       3       0                               0D   1228
     100    1312       0       0       0       0    1227       001010001D   1229
     100       0       0       1       0                               0D   1230
     110    1313       0       0       0       0       0       001010001D   1231
     110       0       0       2       0                               0D   1232
     102    1315       0       0       0       0       0       001010001D   1233
     102       0       0       1       0                               0D   1234
     142    1316       0       0       0       0       0       001010001D   1235
     142       0       0       1       0                               0D   1236
     144    1317       0       0   10000       0       0       000000000D   1237
     144       0       0       1       0                PartBody       0D   1238
     110    1318       0       0       0       0       0       001010001D   1239
     110       0       0       2       0                               0D   1240
     110    1320       0       0       0       0       0       001010001D   1241
     110       0       0       2       0                               0D   1242
     120    1322       0       0       0       0       0       001010001D   1243
     120       0       0       1       0                               0D   1244
     124    1323       0       0       0       0       0       001020201D   1245
     124       0       0       3       0                               0D   1246
     100    1326       0       0       0       0    1245       001010001D   1247
     100       0       0       1       0                               0D   1248
     110    1327       0       0       0       0       0       001010001D   1249
     110       0       0       2       0                               0D   1250
     124    1329       0       0       0       0       0       001020201D   1251
     124       0       0       3       0                               0D   1252
     100    1332       0       0       0       0    1251       001010001D   1253
     100       0       0       1       0                               0D   1254
     110    1333       0       0       0       0       0       001010001D   1255
     110       0       0       2       0                               0D   1256
     102    1335       0       0       0       0       0       001010001D   1257
     102       0       0       1       0                               0D   1258
     142    1336       0       0       0       0       0       001010001D   1259
     142       0       0       1       0                               0D   1260
     144    1337       0       0   10000       0       0       000000000D   1261
     144       0       0       1       0                PartBody       0D   1262
     110    1338       0       0       0       0       0       001010001D   1263
     110       0       0       2       0                               0D   1264
     110    1340       0       0       0       0       0       001010001D   1265
     110       0       0       2       0                               0D   1266
     120    1342       0       0       0       0       0       001010001D   1267
     120       0       0       1       0                               0D   1268
     124    1343       0       0       0       0       0       001020201D   1269
     124       0       0       3       0                               0D   1270
     100    1346       0       0       0       0    1269       001010001D   1271
     100       0       0       1       0                               0D   1272
     110    1347       0       0       0       0       0       001010001D   1273
     110       0       0       2       0                               0D   1274
     124    1349       0       0       0       0       0       001020201D   1275
     124       0       0       3       0                               0D   1276
     100    1352       0       0       0       0    1275       001010001D   1277
     100       0       0       1       0                               0D   1278
     110    1353       0       0       0       0       0       001010001D   1279
     110       0       0       2       0                               0D   1280
     102    1355       0       0       0       0       0       001010001D   1281
     102       0       0       1       0                               0D   1282
     142    1356       0       0       0       0       0       001010001D   1283
     142       0       0       1       0                               0D   1284
     144    1357       0       0   10000       0       0       000000000D   1285
     144       0       0       1       0                PartBody       0D   1286
     110    1358       0       0       0       0       0       001010001D   1287
     110       0       0       2       0                               0D   1288
     110    1360       0       0       0       0       0       001010001D   1289
     110       0       0       2       0                               0D   1290
     120    1362       0       0       0       0       0       001010001D   1291
     120       0       0       1       0                               0D   1292
     124    1363       0       0       0       0       0       001020201D   1293
     124       0       0       3       0                               0D   1294
     100    1366       0       0       0       0    1293       001010001D   1295
     100       0       0       1       0                               0D   1296
     110    1367       0       0       0       0       0       001010001D   1297
     110       0       0       2       0                               0D   1298
     124    1369       0       0       0       0       0       001020201D   1299
     124       0       0       3       0                               0D   1300
     100    1372       0       0       0       0    1299       001010001D   1301
     100       0       0       1       0                               0D   1302
     110    1373       0       0       0       0       0       001010001D   1303
     110       0       0       2       0                               0D   1304
     102    1375       0       0       0       0       0       001010001D   1305
     102       0       0       1       0                               0D   1306
     142    1376       0       0       0       0       0       001010001D   1307
     142       0       0       1       0                               0D   1308
     144    1377       0       0   10000       0       0       000000000D   1309
     144       0       0       1       0                PartBody       0D   1310
     110    1378       0       0       0       0       0       001010001D   1311
     110       0       0       2       0                               0D   1312
     110    1380       0       0       0       0       0       001010001D   1313
     110       0       0       2       0                               0D   1314
     120    1382       0       0       0       0       0       001010001D   1315
     120       0       0       1       0                               0D   1316
     110    1383       0       0       0       0       0       001010001D   1317
     110       0       0       2       0                               0D   1318
     124    1385       0       0       0       0       0       001020201D   1319
     124       0       0       3       0                               0D   1320
     100    1388       0       0       0       0    1319       001010001D   1321
     100       0       0       1       0                               0D   1322
     110    1389       0       0       0       0       0       001010001D   1323
     110       0       0       2       0                               0D   1324
     124    1391       0       0       0       0       0       001020201D   1325
     124       0       0       3       0                               0D   1326
     100    1394       0       0       0       0    1325       001010001D   1327
     100       0       0       1       0                               0D   1328
     102    1395       0       0       0       0       0       001010001D   1329
     102       0       0       1       0                               0D   1330
     142    1396       0       0       0       0       0       001010001D   1331
     142       0       0       1       0                               0D   1332
     144    1397       0       0   10000       0       0       000000000D   1333
     144       0       0       1       0                PartBody       0D   1334
     110    1398       0       0       0       0       0       001010001D   1335
     110       0       0       2       0                               0D   1336
     110    1400       0       0       0       0       0       001010001D   1337
     110       0       0       2       0                               0D   1338
     120    1402       0       0       0       0       0       001010001D   1339
     120       0       0       1       0                               0D   1340
     110    1403       0       0       0       0       0       001010001D   1341
     110       0       0       2       0                               0D   1342
     124    1405       0       0       0       0       0       001020201D   1343
     124       0       0       3       0                               0D   1344
     100    1408       0       0       0       0    1343       001010001D   1345
     100       0       0       1       0                               0D   1346
     110    1409       0       0       0       0       0       001010001D   1347
     110       0       0       2       0                               0D   1348
     124    1411       0       0       0       0       0       001020201D   1349
     124       0       0       3       0                               0D   1350
     100    1414       0       0       0       0    1349       001010001D   1351
     100       0       0       1       0                               0D   1352
     102    1415       0       0       0       0       0       001010001D   1353
     102       0       0       1       0                               0D   1354
     142    1416       0       0       0       0       0       001010001D   1355
     142       0       0       1       0                               0D   1356
     144    1417       0       0   10000       0       0       000000000D   1357
     144       0       0       1       0                PartBody       0D   1358
     108    1418       0       0       0       0       0       001010001D   1359
     108       0       0       2       0                               0D   1360
     124    1420       0       0       0       0       0       001020201D   1361
     124       0       0       3       0                               0D   1362
     100    1423       0       0       0       0    1361       001010001D   1363
     100       0       0       1       0                               0D   1364
     110    1424       0       0       0       0       0       001010001D   1365
     110       0       0       2       0                               0D   1366
     124    1426       0       0       0       0       0       001020201D   1367
     124       0       0       3       0                               0D   1368
     100    1429       0       0       0       0    1367       001010001D   1369
     100       0       0       1       0                               0D   1370
     110    1430       0       0       0       0       0       001010001D   1371
     110       0       0       2       0                               0D   1372
     102    1432       0       0       0       0       0       001010001D   1373
     102       0       0       1       0                               0D   1374
     142    1433       0       0       0       0       0       001010001D   1375
     142       0       0       1       0                               0D   1376
     144    1434       0       0   10000       0       0       000000000D   1377
     144       0       0       1       0                PartBody       0D   1378
     124    1435       0       0       0       0       0       001020201D   1379
     124       0       0       3       0                               0D   1380
     100    1438       0       0       0       0    1379       001010001D   1381
     100       0       0       1       0                               0D   1382
     110    1439       0       0       0       0       0       001010001D   1383
     110       0       0       2       0                               0D   1384
     124    1441       0       0       0       0       0       001020201D   1385
     124       0       0       3       0                               0D   1386
     100    1444       0       0       0       0    1385       001010001D   1387
     100       0       0       1       0                               0D   1388
     110    1445       0       0       0       0       0       001010001D   1389
     110       0       0       2       0                               0D   1390
     102    1447       0       0       0       0       0       001010001D   1391
     102       0       0       1       0                               0D   1392
     142    1448       0       0       0       0       0       001010001D   1393
     142       0       0       1       0                               0D   1394
     144    1449       0       0   10000       0       0       000000000D   1395
     144       0       0       1       0                PartBody       0D   1396
     124    1450       0       0       0       0       0       001020201D   1397
     124       0       0       3       0                               0D   1398
     100    1453       0       0       0       0    1397       001010001D   1399
     100       0       0       1       0                               0D   1400
     110    1454       0       0       0       0       0       001010001D   1401
     110       0       0       2       0                               0D   1402
     124    1456       0       0       0       0       0       001020201D   1403
     124       0       0       3       0                               0D   1404
     100    1459       0       0       0       0    1403       001010001D   1405
     100       0       0       1       0                               0D   1406
     124    1460       0       0       0       0       0       001020201D   1407
     124       0       0       3       0                               0D   1408
     100    1463       0       0       0       0    1407       001010001D   1409
     100       0       0       1       0                               0D   1410
     110    1464       0       0       0       0       0       001010001D   1411
     110       0       0       2       0                               0D   1412
     102    1466       0       0       0       0       0       001010001D   1413
     102       0       0       1       0                               0D   1414
     142    1467       0       0       0       0       0       001010001D   1415
     142       0       0       1       0                               0D   1416
     144    1468       0       0   10000       0       0       000000000D   1417
     144       0       0       1       0                PartBody       0D   1418
     110    1469       0       0       0       0       0       001010001D   1419
     110       0       0       2       0                               0D   1420
     124    1471       0       0       0       0       0       001020201D   1421
     124       0       0       3       0                               0D   1422
     100    1474       0       0       0       0    1421       001010001D   1423
     100       0       0       1       0                               0D   1424
     110    1475       0       0       0       0       0       001010001D   1425
     110       0       0       2       0                               0D   1426
     124    1477       0       0       0       0       0       001020201D   1427
     124       0       0       3       0                               0D   1428
     100    1480       0       0       0       0    1427       001010001D   1429
     100       0       0       1       0                               0D   1430
     102    1481       0       0       0       0       0       001010001D   1431
     102       0       0       1       0                               0D   1432
     142    1482       0       0       0       0       0       001010001D   1433
     142       0       0       1       0                               0D   1434
     144    1483       0       0   10000       0       0       000000000D   1435
     144       0       0       1       0                PartBody       0D   1436
     124    1484       0       0       0       0       0       001020201D   1437
     124       0       0       3       0                               0D   1438
     100    1487       0       0       0       0    1437       001010001D   1439
     100       0       0       1       0                               0D   1440
     110    1488       0       0       0       0       0       001010001D   1441
     110       0       0       2       0                               0D   1442
     124    1490       0       0       0       0       0       001020201D   1443
     124       0       0       3       0                               0D   1444
     100    1493       0       0       0       0    1443       001010001D   1445
     100       0       0       1       0                               0D   1446
     110    1494       0       0       0       0       0       001010001D   1447
     110       0       0       2       0                               0D   1448
     102    1496       0       0       0       0       0       001010001D   1449
     102       0       0       1       0                               0D   1450
     142    1497       0       0       0       0       0       001010001D   1451
     142       0       0       1       0                               0D   1452
     144    1498       0       0   10000       0       0       000000000D   1453
     144       0       0       1       0                PartBody       0D   1454
     124    1499       0       0       0       0       0       001020201D   1455
     124       0       0       3       0                               0D   1456
     100    1502       0       0       0       0    1455       001010001D   1457
     100       0       0       1       0                               0D   1458
     110    1503       0       0       0       0       0       001010001D   1459
     110       0       0       2       0                               0D   1460
     124    1505       0       0       0       0       0       001020201D   1461
     124       0       0       3       0                               0D   1462
     100    1508       0       0       0       0    1461       001010001D   1463
     100       0       0       1       0                               0D   1464
     124    1509       0       0       0       0       0       001020201D   1465
     124       0       0       3       0                               0D   1466
     100    1512       0       0       0       0    1465       001010001D   1467
     100       0       0       1       0                               0D   1468
     110    1513       0       0       0       0       0       001010001D   1469
     110       0       0       2       0                               0D   1470
     102    1515       0       0       0       0       0       001010001D   1471
     102       0       0       1       0                               0D   1472
     142    1516       0       0       0       0       0       001010001D   1473
     142       0       0       1       0                               0D   1474
     144    1517       0       0   10000       0       0       000000000D   1475
     144       0       0       1       0                PartBody       0D   1476
     110    1518       0       0       0       0       0       001010001D   1477
     110       0       0       2       0                               0D   1478
     110    1520       0       0       0       0       0       001010001D   1479
     110       0       0       2       0                               0D   1480
     120    1522       0       0       0       0       0       001010001D   1481
     120       0       0       1       0                               0D   1482
     124    1523       0       0       0       0       0       001020201D   1483
     124       0       0       3       0                               0D   1484
     100    1526       0       0       0       0    1483       001010001D   1485
     100       0       0       1       0                               0D   1486
     110    1527       0       0       0       0       0       001010001D   1487
     110       0       0       2       0                               0D   1488
     124    1529       0       0       0       0       0       001020201D   1489
     124       0       0       3       0                               0D   1490
     100    1532       0       0       0       0    1489       001010001D   1491
     100       0       0       1       0                               0D   1492
     110    1533       0       0       0       0       0       001010001D   1493
     110       0       0       2       0                               0D   1494
     102    1535       0       0       0       0       0       001010001D   1495
     102       0       0       1       0                               0D   1496
     142    1536       0       0       0       0       0       001010001D   1497
     142       0       0       1       0                               0D   1498
     144    1537       0       0   10000       0       0       000000000D   1499
     144       0       0       1       0                PartBody       0D   1500
     110    1538       0       0       0       0       0       001010001D   1501
     110       0       0       2       0                               0D   1502
     110    1540       0       0       0       0       0       001010001D   1503
     110       0       0       2       0                               0D   1504
     120    1542       0       0       0       0       0       001010001D   1505
     120       0       0       1       0                               0D   1506
     124    1543       0       0       0       0       0       001020201D   1507
     124       0       0       3       0                               0D   1508
     100    1546       0       0       0       0    1507       001010001D   1509
     100       0       0       1       0                               0D   1510
     110    1547       0       0       0       0       0       001010001D   1511
     110       0       0       2       0                               0D   1512
     124    1549       0       0       0       0       0       001020201D   1513
     124       0       0       3       0                               0D   1514
     100    1552       0       0       0       0    1513       001010001D   1515
     100       0       0       1       0                               0D   1516
     110    1553       0       0       0       0       0       001010001D   1517
     110       0       0       2       0                               0D   1518
     102    1555       0       0       0       0       0       001010001D   1519
     102       0       0       1       0                               0D   1520
     142    1556       0       0       0       0       0       001010001D   1521
     142       0       0       1       0                               0D   1522
     144    1557       0       0   10000       0       0       000000000D   1523
     144       0       0       1       0                PartBody       0D   1524
     110    1558       0       0       0       0       0       001010001D   1525
     110       0       0       2       0                               0D   1526
     110    1560       0       0       0       0       0       001010001D   1527
     110       0       0       2       0                               0D   1528
     120    1562       0       0       0       0       0       001010001D   1529
     120       0       0       1       0                               0D   1530
     110    1563       0       0       0       0       0       001010001D   1531
     110       0       0       2       0                               0D   1532
     124    1565       0       0       0       0       0       001020201D   1533
     124       0       0       3       0                               0D   1534
     100    1568       0       0       0       0    1533       001010001D   1535
     100       0       0       1       0                               0D   1536
     110    1569       0       0       0       0       0       001010001D   1537
     110       0       0       2       0                               0D   1538
     124    1571       0       0       0       0       0       001020201D   1539
     124       0       0       3       0                               0D   1540
     100    1574       0       0       0       0    1539       001010001D   1541
     100       0       0       1       0                               0D   1542
     102    1575       0       0       0       0       0       001010001D   1543
     102       0       0       1       0                               0D   1544
     142    1576       0       0       0       0       0       001010001D   1545
     142       0       0       1       0                               0D   1546
     144    1577       0       0   10000       0       0       000000000D   1547
     144       0       0       1       0                PartBody       0D   1548
     110    1578       0       0       0       0       0       001010001D   1549
     110       0       0       2       0                               0D   1550
     110    1580       0       0       0       0       0       001010001D   1551
     110       0       0       2       0                               0D   1552
     120    1582       0       0       0       0       0       001010001D   1553
     120       0       0       1       0                               0D   1554
     124    1583       0       0       0       0       0       001020201D   1555
     124       0       0       3       0                               0D   1556
     100    1586       0       0       0       0    1555       001010001D   1557
     100       0       0       1       0                               0D   1558
     110    1587       0       0       0       0       0       001010001D   1559
     110       0       0       2       0                               0D   1560
     124    1589       0       0       0       0       0       001020201D   1561
     124       0       0       3       0                               0D   1562
     100    1592       0       0       0       0    1561       001010001D   1563
     100       0       0       1       0                               0D   1564
     110    1593       0       0       0       0       0       001010001D   1565
     110       0       0       2       0                               0D   1566
     102    1595       0       0       0       0       0       001010001D   1567
     102       0       0       1       0                               0D   1568
     142    1596       0       0       0       0       0       001010001D   1569
     142       0       0       1       0                               0D   1570
     144    1597       0       0   10000       0       0       000000000D   1571
     144       0       0       1       0                PartBody       0D   1572
     110    1598       0       0       0       0       0       001010001D   1573
     110       0       0       2       0                               0D   1574
     110    1600       0       0       0       0       0       001010001D   1575
     110       0       0       2       0                               0D   1576
     120    1602       0       0       0       0       0       001010001D   1577
     120       0       0       1       0                               0D   1578
     124    1603       0       0       0       0       0       001020201D   1579
     124       0       0       3       0                               0D   1580
     100    1606       0       0       0       0    1579       001010001D   1581
     100       0       0       1       0                               0D   1582
     110    1607       0       0       0       0       0       001010001D   1583
     110       0       0       2       0                               0D   1584
     126    1609       0       0       0       0       0       001010001D   1585
     126       0       0       5       0                               0D   1586
     124    1614       0       0       0       0       0       001020201D   1587
     124       0       0       3       0                               0D   1588
     100    1617       0       0       0       0    1587       001010001D   1589
     100       0       0       1       0                               0D   1590
     126    1618       0       0       0       0       0       001010001D   1591
     126       0       0       5       0                               0D   1592
     124    1623       0       0       0       0       0       001020201D   1593
     124       0       0       3       0                               0D   1594
     100    1626       0       0       0       0    1593       001010001D   1595
     100       0       0       1       0                               0D   1596
     110    1627       0       0       0       0       0       001010001D   1597
     110       0       0       2       0                               0D   1598
     102    1629       0       0       0       0       0       001010001D   1599
     102       0       0       1       0                               0D   1600
     142    1630       0       0       0       0       0       001010001D   1601
     142       0       0       1       0                               0D   1602
     144    1631       0       0   10000       0       0       000000000D   1603
     144       0       0       1       0                PartBody       0D   1604
     110    1632       0       0       0       0       0       001010001D   1605
     110       0       0       2       0                               0D   1606
     110    1634       0       0       0       0       0       001010001D   1607
     110       0       0       2       0                               0D   1608
     120    1636       0       0       0       0       0       001010001D   1609
     120       0       0       1       0                               0D   1610
     124    1637       0       0       0       0       0       001020201D   1611
     124       0       0       3       0                               0D   1612
     100    1640       0       0       0       0    1611       001010001D   1613
     100       0       0       1       0                               0D   1614
     126    1641       0       0       0       0       0       001010001D   1615
     126       0       0       5       0                               0D   1616
     110    1646       0       0       0       0       0       001010001D   1617
     110       0       0       2       0                               0D   1618
     124    1648       0       0       0       0       0       001020201D   1619
     124       0       0       3       0                               0D   1620
     100    1651       0       0       0       0    1619       001010001D   1621
     100       0       0       1       0                               0D   1622
     110    1652       0       0       0       0       0       001010001D   1623
     110       0       0       2       0                               0D   1624
     102    1654       0       0       0       0       0       001010001D   1625
     102       0       0       1       0                               0D   1626
     142    1655       0       0       0       0       0       001010001D   1627
     142       0       0       1       0                               0D   1628
     144    1656       0       0   10000       0       0       000000000D   1629
     144       0       0       1       0                PartBody       0D   1630
     110    1657       0       0       0       0       0       001010001D   1631
     110       0       0       2       0                               0D   1632
     110    1659       0       0       0       0       0       001010001D   1633
     110       0       0       2       0                               0D   1634
     120    1661       0       0       0       0       0       001010001D   1635
     120       0       0       1       0                               0D   1636
     124    1662       0       0       0       0       0       001020201D   1637
     124       0       0       3       0                               0D   1638
     100    1665       0       0       0       0    1637       001010001D   1639
     100       0       0       1       0                               0D   1640
     110    1666       0       0       0       0       0       001010001D   1641
     110       0       0       2       0                               0D   1642
     124    1668       0       0       0       0       0       001020201D   1643
     124       0       0       3       0                               0D   1644
     100    1671       0       0       0       0    1643       001010001D   1645
     100       0       0       1       0                               0D   1646
     110    1672       0       0       0       0       0       001010001D   1647
     110       0       0       2       0                               0D   1648
     102    1674       0       0       0       0       0       001010001D   1649
     102       0       0       1       0                               0D   1650
     142    1675       0       0       0       0       0       001010001D   1651
     142       0       0       1       0                               0D   1652
     144    1676       0       0   10000       0       0       000000000D   1653
     144       0       0       1       0                PartBody       0D   1654
     110    1677       0       0       0       0       0       001010001D   1655
     110       0       0       2       0                               0D   1656
     110    1679       0       0       0       0       0       001010001D   1657
     110       0       0       2       0                               0D   1658
     120    1681       0       0       0       0       0       001010001D   1659
     120       0       0       1       0                               0D   1660
     124    1682       0       0       0       0       0       001020201D   1661
     124       0       0       3       0                               0D   1662
     100    1685       0       0       0       0    1661       001010001D   1663
     100       0       0       1       0                               0D   1664
     110    1686       0       0       0       0       0       001010001D   1665
     110       0       0       2       0                               0D   1666
     124    1688       0       0       0       0       0       001020201D   1667
     124       0       0       3       0                               0D   1668
     100    1691       0       0       0       0    1667       001010001D   1669
     100       0       0       1       0                               0D   1670
     110    1692       0       0       0       0       0       001010001D   1671
     110       0       0       2       0                               0D   1672
     102    1694       0       0       0       0       0       001010001D   1673
     102       0       0       1       0                               0D   1674
     142    1695       0       0       0       0       0       001010001D   1675
     142       0       0       1       0                               0D   1676
     144    1696       0       0   10000       0       0       000000000D   1677
     144       0       0       1       0                PartBody       0D   1678
     110    1697       0       0       0       0       0       001010001D   1679
     110       0       0       2       0                               0D   1680
     110    1699       0       0       0       0       0       001010001D   1681
     110       0       0       2       0                               0D   1682
     120    1701       0       0       0       0       0       001010001D   1683
     120       0       0       1       0                               0D   1684
     110    1702       0       0       0       0       0       001010001D   1685
     110       0       0       2       0                               0D   1686
     124    1704       0       0       0       0       0       001020201D   1687
     124       0       0       3       0                               0D   1688
     100    1707       0       0       0       0    1687       001010001D   1689
     100       0       0       1       0                               0D   1690
     110    1708       0       0       0       0       0       001010001D   1691
     110       0       0       2       0                               0D   1692
     124    1710       0       0       0       0       0       001020201D   1693
     124       0       0       3       0                               0D   1694
     100    1713       0       0       0       0    1693       001010001D   1695
     100       0       0       1       0                               0D   1696
     102    1714       0       0       0       0       0       001010001D   1697
     102       0       0       1       0                               0D   1698
     142    1715       0       0       0       0       0       001010001D   1699
     142       0       0       1       0                               0D   1700
     144    1716       0       0   10000       0       0       000000000D   1701
     144       0       0       1       0                PartBody       0D   1702
     108    1717       0       0       0       0       0       001010001D   1703
     108       0       0       2       0                               0D   1704
     110    1719       0       0       0       0       0       001010001D   1705
     110       0       0       2       0                               0D   1706
     126    1721       0       0       0       0       0       001010001D   1707
     126       0       0       7       0                               0D   1708
     110    1728       0       0       0       0       0       001010001D   1709
     110       0       0       2       0                               0D   1710
     110    1730       0       0       0       0       0       001010001D   1711
     110       0       0       2       0                               0D   1712
     110    1732       0       0       0       0       0       001010001D   1713
     110       0       0       2       0                               0D   1714
     110    1734       0       0       0       0       0       001010001D   1715
     110       0       0       2       0                               0D   1716
     110    1736       0       0       0       0       0       001010001D   1717
     110       0       0       2       0                               0D   1718
     110    1738       0       0       0       0       0       001010001D   1719
     110       0       0       2       0                               0D   1720
     102    1740       0       0       0       0       0       001010001D   1721
     102       0       0       1       0                               0D   1722
     142    1741       0       0       0       0       0       001010001D   1723
     142       0       0       1       0                               0D   1724
     144    1742       0       0   10000       0       0       000000000D   1725
     144       0       0       1       0                PartBody       0D   1726
     108    1743       0       0       0       0       0       001010001D   1727
     108       0       0       2       0                               0D   1728
     110    1745       0       0       0       0       0       001010001D   1729
     110       0       0       2       0                               0D   1730
     110    1747       0       0       0       0       0       001010001D   1731
     110       0       0       2       0                               0D   1732
     110    1749       0       0       0       0       0       001010001D   1733
     110       0       0       2       0                               0D   1734
     126    1751       0       0       0       0       0       001010001D   1735
     126       0       0       7       0                               0D   1736
     110    1758       0       0       0       0       0       001010001D   1737
     110       0       0       2       0                               0D   1738
     110    1760       0       0       0       0       0       001010001D   1739
     110       0       0       2       0                               0D   1740
     110    1762       0       0       0       0       0       001010001D   1741
     110       0       0       2       0                               0D   1742
     110    1764       0       0       0       0       0       001010001D   1743
     110       0       0       2       0                               0D   1744
     102    1766       0       0       0       0       0       001010001D   1745
     102       0       0       1       0                               0D   1746
     142    1767       0       0       0       0       0       001010001D   1747
     142       0       0       1       0                               0D   1748
     144    1768       0       0   10000       0       0       000000000D   1749
     144       0       0       1       0                PartBody       0D   1750
     110    1769       0       0       0       0       0       001010001D   1751
     110       0       0       2       0                               0D   1752
     110    1771       0       0       0       0       0       001010001D   1753
     110       0       0       2       0                               0D   1754
     120    1773       0       0       0       0       0       001010001D   1755
     120       0       0       1       0                               0D   1756
     110    1774       0       0       0       0       0       001010001D   1757
     110       0       0       2       0                               0D   1758
     124    1776       0       0       0       0       0       001020201D   1759
     124       0       0       3       0                               0D   1760
     100    1779       0       0       0       0    1759       001010001D   1761
     100       0       0       1       0                               0D   1762
     110    1780       0       0       0       0       0       001010001D   1763
     110       0       0       2       0                               0D   1764
     124    1782       0       0       0       0       0       001020201D   1765
     124       0       0       3       0                               0D   1766
     100    1785       0       0       0       0    1765       001010001D   1767
     100       0       0       1       0                               0D   1768
     102    1786       0       0       0       0       0       001010001D   1769
     102       0       0       1       0                               0D   1770
     142    1787       0       0       0       0       0       001010001D   1771
     142       0       0       1       0                               0D   1772
     144    1788       0       0   10000       0       0       000000000D   1773
     144       0       0       1       0                PartBody       0D   1774
     108    1789       0       0       0       0       0       001010001D   1775
     108       0       0       2       0                               0D   1776
     110    1791       0       0       0       0       0       001010001D   1777
     110       0       0       2       0                               0D   1778
     126    1793       0       0       0       0       0       001010001D   1779
     126       0       0       7       0                               0D   1780
     110    1800       0       0       0       0       0       001010001D   1781
     110       0       0       2       0                               0D   1782
     110    1802       0       0       0       0       0       001010001D   1783
     110       0       0       2       0                               0D   1784
     110    1804       0       0       0       0       0       001010001D   1785
     110       0       0       2       0                               0D   1786
     110    1806       0       0       0       0       0       001010001D   1787
     110       0       0       2       0                               0D   1788
     110    1808       0       0       0       0       0       001010001D   1789
     110       0       0       2       0                               0D   1790
     110    1810       0       0       0       0       0       001010001D   1791
     110       0       0       2       0                               0D   1792
     102    1812       0       0       0       0       0       001010001D   1793
     102       0       0       1       0                               0D   1794
     142    1813       0       0       0       0       0       001010001D   1795
     142       0       0       1       0                               0D   1796
     144    1814       0       0   10000       0       0       000000000D   1797
     144       0       0       1       0                PartBody       0D   1798
     108    1815       0       0       0       0       0       001010001D   1799
     108       0       0       2       0                               0D   1800
     110    1817       0       0       0       0       0       001010001D   1801
     110       0       0       2       0                               0D   1802
     110    1819       0       0       0       0       0       001010001D   1803
     110       0       0       2       0                               0D   1804
     110    1821       0       0       0       0       0       001010001D   1805
     110       0       0       2       0                               0D   1806
     126    1823       0       0       0       0       0       001010001D   1807
     126       0       0       7       0                               0D   1808
     110    1830       0       0       0       0       0       001010001D   1809
     110       0       0       2       0                               0D   1810
     110    1832       0       0       0       0       0       001010001D   1811
     110       0       0       2       0                               0D   1812
     110    1834       0       0       0       0       0       001010001D   1813
     110       0       0       2       0                               0D   1814
     110    1836       0       0       0       0       0       001010001D   1815
     110       0       0       2       0                               0D   1816
     102    1838       0       0       0       0       0       001010001D   1817
     102       0       0       1       0                               0D   1818
     142    1839       0       0       0       0       0       001010001D   1819
     142       0       0       1       0                               0D   1820
     144    1840       0       0   10000       0       0       000000000D   1821
     144       0       0       1       0                PartBody       0D   1822
     110    1841       0       0       0       0       0       001010001D   1823
     110       0       0       2       0                               0D   1824
     110    1843       0       0       0       0       0       001010001D   1825
     110       0       0       2       0                               0D   1826
     120    1845       0       0       0       0       0       001010001D   1827
     120       0       0       1       0                               0D   1828
     110    1846       0       0       0       0       0       001010001D   1829
     110       0       0       2       0                               0D   1830
     124    1848       0       0       0       0       0       001020201D   1831
     124       0       0       3       0                               0D   1832
     100    1851       0       0       0       0    1831       001010001D   1833
     100       0       0       1       0                               0D   1834
     110    1852       0       0       0       0       0       001010001D   1835
     110       0       0       2       0                               0D   1836
     124    1854       0       0       0       0       0       001020201D   1837
     124       0       0       3       0                               0D   1838
     100    1857       0       0       0       0    1837       001010001D   1839
     100       0       0       1       0                               0D   1840
     102    1858       0       0       0       0       0       001010001D   1841
     102       0       0       1       0                               0D   1842
     142    1859       0       0       0       0       0       001010001D   1843
     142       0       0       1       0                               0D   1844
     144    1860       0       0   10000       0       0       000000000D   1845
     144       0       0       1       0                PartBody       0D   1846
     108    1861       0       0       0       0       0       001010001D   1847
     108       0       0       2       0                               0D   1848
     110    1863       0       0       0       0       0       001010001D   1849
     110       0       0       2       0                               0D   1850
     126    1865       0       0       0       0       0       001010001D   1851
     126       0       0       7       0                               0D   1852
     110    1872       0       0       0       0       0       001010001D   1853
     110       0       0       2       0                               0D   1854
     110    1874       0       0       0       0       0       001010001D   1855
     110       0       0       2       0                               0D   1856
     110    1876       0       0       0       0       0       001010001D   1857
     110       0       0       2       0                               0D   1858
     110    1878       0       0       0       0       0       001010001D   1859
     110       0       0       2       0                               0D   1860
     110    1880       0       0       0       0       0       001010001D   1861
     110       0       0       2       0                               0D   1862
     110    1882       0       0       0       0       0       001010001D   1863
     110       0       0       2       0                               0D   1864
     102    1884       0       0       0       0       0       001010001D   1865
     102       0       0       1       0                               0D   1866
     142    1885       0       0       0       0       0       001010001D   1867
     142       0       0       1       0                               0D   1868
     144    1886       0       0   10000       0       0       000000000D   1869
     144       0       0       1       0                PartBody       0D   1870
     108    1887       0       0       0       0       0       001010001D   1871
     108       0       0       2       0                               0D   1872
     110    1889       0       0       0       0       0       001010001D   1873
     110       0       0       2       0                               0D   1874
     110    1891       0       0       0       0       0       001010001D   1875
     110       0       0       2       0                               0D   1876
     110    1893       0       0       0       0       0       001010001D   1877
     110       0       0       2       0                               0D   1878
     126    1895       0       0       0       0       0       001010001D   1879
     126       0       0       7       0                               0D   1880
     110    1902       0       0       0       0       0       001010001D   1881
     110       0       0       2       0                               0D   1882
     110    1904       0       0       0       0       0       001010001D   1883
     110       0       0       2       0                               0D   1884
     110    1906       0       0       0       0       0       001010001D   1885
     110       0       0       2       0                               0D   1886
     110    1908       0       0       0       0       0       001010001D   1887
     110       0       0       2       0                               0D   1888
     102    1910       0       0       0       0       0       001010001D   1889
     102       0       0       1       0                               0D   1890
     142    1911       0       0       0       0       0       001010001D   1891
     142       0       0       1       0                               0D   1892
     144    1912       0       0   10000       0       0       000000000D   1893
     144       0       0       1       0                PartBody       0D   1894
     110    1913       0       0       0       0       0       001010001D   1895
     110       0       0       2       0                               0D   1896
     110    1915       0       0       0       0       0       001010001D   1897
     110       0       0       2       0                               0D   1898
     120    1917       0       0       0       0       0       001010001D   1899
     120       0       0       1       0                               0D   1900
     110    1918       0       0       0       0       0       001010001D   1901
     110       0       0       2       0                               0D   1902
     124    1920       0       0       0       0       0       001020201D   1903
     124       0       0       3       0                               0D   1904
     100    1923       0       0       0       0    1903       001010001D   1905
     100       0       0       1       0                               0D   1906
     110    1924       0       0       0       0       0       001010001D   1907
     110       0       0       2       0                               0D   1908
     124    1926       0       0       0       0       0       001020201D   1909
     124       0       0       3       0                               0D   1910
     100    1929       0       0       0       0    1909       001010001D   1911
     100       0       0       1       0                               0D   1912
     102    1930       0       0       0       0       0       001010001D   1913
     102       0       0       1       0                               0D   1914
     142    1931       0       0       0       0       0       001010001D   1915
     142       0       0       1       0                               0D   1916
     144    1932       0       0   10000       0       0       000000000D   1917
     144       0       0       1       0                PartBody       0D   1918
     108    1933       0       0       0       0       0       001010001D   1919
     108       0       0       2       0                               0D   1920
     110    1935       0       0       0       0       0       001010001D   1921
     110       0       0       2       0                               0D   1922
     126    1937       0       0       0       0       0       001010001D   1923
     126       0       0       7       0                               0D   1924
     110    1944       0       0       0       0       0       001010001D   1925
     110       0       0       2       0                               0D   1926
     110    1946       0       0       0       0       0       001010001D   1927
     110       0       0       2       0                               0D   1928
     110    1948       0       0       0       0       0       001010001D   1929
     110       0       0       2       0                               0D   1930
     110    1950       0       0       0       0       0       001010001D   1931
     110       0       0       2       0                               0D   1932
     110    1952       0       0       0       0       0       001010001D   1933
     110       0       0       2       0                               0D   1934
     110    1954       0       0       0       0       0       001010001D   1935
     110       0       0       2       0                               0D   1936
     102    1956       0       0       0       0       0       001010001D   1937
     102       0       0       1       0                               0D   1938
     142    1957       0       0       0       0       0       001010001D   1939
     142       0       0       1       0                               0D   1940
     144    1958       0       0   10000       0       0       000000000D   1941
     144       0       0       1       0                PartBody       0D   1942
     108    1959       0       0       0       0       0       001010001D   1943
     108       0       0       2       0                               0D   1944
     110    1961       0       0       0       0       0       001010001D   1945
     110       0       0       2       0                               0D   1946
     110    1963       0       0       0       0       0       001010001D   1947
     110       0       0       2       0                               0D   1948
     110    1965       0       0       0       0       0       001010001D   1949
     110       0       0       2       0                               0D   1950
     126    1967       0       0       0       0       0       001010001D   1951
     126       0       0       7       0                               0D   1952
     110    1974       0       0       0       0       0       001010001D   1953
     110       0       0       2       0                               0D   1954
     110    1976       0       0       0       0       0       001010001D   1955
     110       0       0       2       0                               0D   1956
     110    1978       0       0       0       0       0       001010001D   1957
     110       0       0       2       0                               0D   1958
     110    1980       0       0       0       0       0       001010001D   1959
     110       0       0       2       0                               0D   1960
     102    1982       0       0       0       0       0       001010001D   1961
     102       0       0       1       0                               0D   1962
     142    1983       0       0       0       0       0       001010001D   1963
     142       0       0       1       0                               0D   1964
     144    1984       0       0   10000       0       0       000000000D   1965
     144       0       0       1       0                PartBody       0D   1966
     110    1985       0       0       0       0       0       001010001D   1967
     110       0       0       2       0                               0D   1968
     110    1987       0       0       0       0       0       001010001D   1969
     110       0       0       2       0                               0D   1970
     120    1989       0       0       0       0       0       001010001D   1971
     120       0       0       1       0                               0D   1972
     110    1990       0       0       0       0       0       001010001D   1973
     110       0       0       2       0                               0D   1974
     124    1992       0       0       0       0       0       001020201D   1975
     124       0       0       3       0                               0D   1976
     100    1995       0       0       0       0    1975       001010001D   1977
     100       0       0       1       0                               0D   1978
     110    1996       0       0       0       0       0       001010001D   1979
     110       0       0       2       0                               0D   1980
     124    1998       0       0       0       0       0       001020201D   1981
     124       0       0       3       0                               0D   1982
     100    2001       0       0       0       0    1981       001010001D   1983
     100       0       0       1       0                               0D   1984
     102    2002       0       0       0       0       0       001010001D   1985
     102       0       0       1       0                               0D   1986
     142    2003       0       0       0       0       0       001010001D   1987
     142       0       0       1       0                               0D   1988
     144    2004       0       0   10000       0       0       000000000D   1989
     144       0       0       1       0                PartBody       0D   1990
     108    2005       0       0       0       0       0       001010001D   1991
     108       0       0       2       0                               0D   1992
     110    2007       0       0       0       0       0       001010001D   1993
     110       0       0       2       0                               0D   1994
     126    2009       0       0       0       0       0       001010001D   1995
     126       0       0       7       0                               0D   1996
     110    2016       0       0       0       0       0       001010001D   1997
     110       0       0       2       0                               0D   1998
     110    2018       0       0       0       0       0       001010001D   1999
     110       0       0       2       0                               0D   2000
     110    2020       0       0       0       0       0       001010001D   2001
     110       0       0       2       0                               0D   2002
     110    2022       0       0       0       0       0       001010001D   2003
     110       0       0       2       0                               0D   2004
     110    2024       0       0       0       0       0       001010001D   2005
     110       0       0       2       0                               0D   2006
     110    2026       0       0       0       0       0       001010001D   2007
     110       0       0       2       0                               0D   2008
     102    2028       0       0       0       0       0       001010001D   2009
     102       0       0       1       0                               0D   2010
     142    2029       0       0       0       0       0       001010001D   2011
     142       0       0       1       0                               0D   2012
     144    2030       0       0   10000       0       0       000000000D   2013
     144       0       0       1       0                PartBody       0D   2014
     108    2031       0       0       0       0       0       001010001D   2015
     108       0       0       2       0                               0D   2016
     110    2033       0       0       0       0       0       001010001D   2017
     110       0       0       2       0                               0D   2018
     110    2035       0       0       0       0       0       001010001D   2019
     110       0       0       2       0                               0D   2020
     110    2037       0       0       0       0       0       001010001D   2021
     110       0       0       2       0                               0D   2022
     126    2039       0       0       0       0       0       001010001D   2023
     126       0       0       7       0                               0D   2024
     110    2046       0       0       0       0       0       001010001D   2025
     110       0       0       2       0                               0D   2026
     110    2048       0       0       0       0       0       001010001D   2027
     110       0       0       2       0                               0D   2028
     110    2050       0       0       0       0       0       001010001D   2029
     110       0       0       2       0                               0D   2030
     110    2052       0       0       0       0       0       001010001D   2031
     110       0       0       2       0                               0D   2032
     102    2054       0       0       0       0       0       001010001D   2033
     102       0       0       1       0                               0D   2034
     142    2055       0       0       0       0       0       001010001D   2035
     142       0       0       1       0                               0D   2036
     144    2056       0       0   10000       0       0       000000000D   2037
     144       0       0       1       0                PartBody       0D   2038
     108    2057       0       0       0       0       0       001010001D   2039
     108       0       0       2       0                               0D   2040
     110    2059       0       0       0       0       0       001010001D   2041
     110       0       0       2       0                               0D   2042
     110    2061       0       0       0       0       0       001010001D   2043
     110       0       0       2       0                               0D   2044
     110    2063       0       0       0       0       0       001010001D   2045
     110       0       0       2       0                               0D   2046
     126    2065       0       0       0       0       0       001010001D   2047
     126       0       0       7       0                               0D   2048
     110    2072       0       0       0       0       0       001010001D   2049
     110       0       0       2       0                               0D   2050
     110    2074       0       0       0       0       0       001010001D   2051
     110       0       0       2       0                               0D   2052
     110    2076       0       0       0       0       0       001010001D   2053
     110       0       0       2       0                               0D   2054
     110    2078       0       0       0       0       0       001010001D   2055
     110       0       0       2       0                               0D   2056
     102    2080       0       0       0       0       0       001010001D   2057
     102       0       0       1       0                               0D   2058
     142    2081       0       0       0       0       0       001010001D   2059
     142       0       0       1       0                               0D   2060
     144    2082       0       0   10000       0       0       000000000D   2061
     144       0       0       1       0                PartBody       0D   2062
     110    2083       0       0       0       0       0       001010001D   2063
     110       0       0       2       0                               0D   2064
     110    2085       0       0       0       0       0       001010001D   2065
     110       0       0       2       0                               0D   2066
     120    2087       0       0       0       0       0       001010001D   2067
     120       0       0       1       0                               0D   2068
     110    2088       0       0       0       0       0       001010001D   2069
     110       0       0       2       0                               0D   2070
     124    2090       0       0       0       0       0       001020201D   2071
     124       0       0       3       0                               0D   2072
     100    2093       0       0       0       0    2071       001010001D   2073
     100       0       0       1       0                               0D   2074
     110    2094       0       0       0       0       0       001010001D   2075
     110       0       0       2       0                               0D   2076
     124    2096       0       0       0       0       0       001020201D   2077
     124       0       0       3       0                               0D   2078
     100    2099       0       0       0       0    2077       001010001D   2079
     100       0       0       1       0                               0D   2080
     102    2100       0       0       0       0       0       001010001D   2081
     102       0       0       1       0                               0D   2082
     142    2101       0       0       0       0       0       001010001D   2083
     142       0       0       1       0                               0D   2084
     144    2102       0       0   10000       0       0       000000000D   2085
     144       0       0       1       0                PartBody       0D   2086
     108    2103       0       0       0       0       0       001010001D   2087
     108       0       0       2       0                               0D   2088
     110    2105       0       0       0       0       0       001010001D   2089
     110       0       0       2       0                               0D   2090
     126    2107       0       0       0       0       0       001010001D   2091
     126       0       0       7       0                               0D   2092
     110    2114       0       0       0       0       0       001010001D   2093
     110       0       0       2       0                               0D   2094
     110    2116       0       0       0       0       0       001010001D   2095
     110       0       0       2       0                               0D   2096
     110    2118       0       0       0       0       0       001010001D   2097
     110       0       0       2       0                               0D   2098
     110    2120       0       0       0       0       0       001010001D   2099
     110       0       0       2       0                               0D   2100
     110    2122       0       0       0       0       0       001010001D   2101
     110       0       0       2       0                               0D   2102
     110    2124       0       0       0       0       0       001010001D   2103
     110       0       0       2       0                               0D   2104
     102    2126       0       0       0       0       0       001010001D   2105
     102       0       0       1       0                               0D   2106
     142    2127       0       0       0       0       0       001010001D   2107
     142       0       0       1       0                               0D   2108
     144    2128       0       0   10000       0       0       000000000D   2109
     144       0       0       1       0                PartBody       0D   2110
     110    2129       0       0       0       0       0       001010001D   2111
     110       0       0       2       0                               0D   2112
     124    2131       0       0       0       0       0       001020201D   2113
     124       0       0       3       0                               0D   2114
     100    2134       0       0       0       0    2113       001010001D   2115
     100       0       0       1       0                               0D   2116
     120    2135       0       0       0       0       0       001010001D   2117
     120       0       0       1       0                               0D   2118
     124    2136       0       0       0       0       0       001020201D   2119
     124       0       0       3       0                               0D   2120
     100    2139       0       0       0       0    2119       001010001D   2121
     100       0       0       1       0                               0D   2122
     124    2140       0       0       0       0       0       001020201D   2123
     124       0       0       3       0                               0D   2124
     100    2143       0       0       0       0    2123       001010001D   2125
     100       0       0       1       0                               0D   2126
     124    2144       0       0       0       0       0       001020201D   2127
     124       0       0       3       0                               0D   2128
     100    2147       0       0       0       0    2127       001010001D   2129
     100       0       0       1       0                               0D   2130
     126    2148       0       0       0       0       0       001010001D   2131
     126       0       0      15       0                               0D   2132
     102    2163       0       0       0       0       0       001010001D   2133
     102       0       0       1       0                               0D   2134
     142    2164       0       0       0       0       0       001010001D   2135
     142       0       0       1       0                               0D   2136
     144    2165       0       0   10000       0       0       000000000D   2137
     144       0       0       1       0                PartBody       0D   2138
     108    2166       0       0       0       0       0       001010001D   2139
     108       0       0       2       0                               0D   2140
     110    2168       0       0       0       0       0       001010001D   2141
     110       0       0       2       0                               0D   2142
     110    2170       0       0       0       0       0       001010001D   2143
     110       0       0       2       0                               0D   2144
     126    2172       0       0       0       0       0       001010001D   2145
     126       0       0       5       0                               0D   2146
     110    2177       0       0       0       0       0       001010001D   2147
     110       0       0       2       0                               0D   2148
     126    2179       0       0       0       0       0       001010001D   2149
     126       0       0       5       0                               0D   2150
     102    2184       0       0       0       0       0       001010001D   2151
     102       0       0       1       0                               0D   2152
     142    2185       0       0       0       0       0       001010001D   2153
     142       0       0       1       0                               0D   2154
     144    2186       0       0   10000       0       0       000000000D   2155
     144       0       0       1       0                PartBody       0D   2156
     108    2187       0       0       0       0       0       001010001D   2157
     108       0       0       2       0                               0D   2158
     126    2189       0       0       0       0       0       001010001D   2159
     126       0       0       5       0                               0D   2160
     126    2194       0       0       0       0       0       001010001D   2161
     126       0       0       5       0                               0D   2162
     110    2199       0       0       0       0       0       001010001D   2163
     110       0       0       2       0                               0D   2164
     110    2201       0       0       0       0       0       001010001D   2165
     110       0       0       2       0                               0D   2166
     126    2203       0       0       0       0       0       001010001D   2167
     126       0       0       5       0                               0D   2168
     110    2208       0       0       0       0       0       001010001D   2169
     110       0       0       2       0                               0D   2170
     102    2210       0       0       0       0       0       001010001D   2171
     102       0       0       1       0                               0D   2172
     142    2211       0       0       0       0       0       001010001D   2173
     142       0       0       1       0                               0D   2174
     144    2212       0       0   10000       0       0       000000000D   2175
     144       0       0       1       0                PartBody       0D   2176
     108    2213       0       0       0       0       0       001010001D   2177
     108       0       0       2       0                               0D   2178
     110    2215       0       0       0       0       0       001010001D   2179
     110       0       0       2       0                               0D   2180
     124    2217       0       0       0       0       0       001020201D   2181
     124       0       0       3       0                               0D   2182
     100    2220       0       0       0       0    2181       001010001D   2183
     100       0       0       1       0                               0D   2184
     110    2221       0       0       0       0       0       001010001D   2185
     110       0       0       2       0                               0D   2186
     124    2223       0       0       0       0       0       001020201D   2187
     124       0       0       3       0                               0D   2188
     100    2226       0       0       0       0    2187       001010001D   2189
     100       0       0       1       0                               0D   2190
     102    2227       0       0       0       0       0       001010001D   2191
     102       0       0       1       0                               0D   2192
     142    2228       0       0       0       0       0       001010001D   2193
     142       0       0       1       0                               0D   2194
     144    2229       0       0   10000       0       0       000000000D   2195
     144       0       0       1       0                PartBody       0D   2196
     108    2230       0       0       0       0       0       001010001D   2197
     108       0       0       2       0                               0D   2198
     124    2232       0       0       0       0       0       001020201D   2199
     124       0       0       3       0                               0D   2200
     100    2235       0       0       0       0    2199       001010001D   2201
     100       0       0       1       0                               0D   2202
     110    2236       0       0       0       0       0       001010001D   2203
     110       0       0       2       0                               0D   2204
     124    2238       0       0       0       0       0       001020201D   2205
     124       0       0       3       0                               0D   2206
     100    2241       0       0       0       0    2205       001010001D   2207
     100       0       0       1       0                               0D   2208
     110    2242       0       0       0       0       0       001010001D   2209
     110       0       0       2       0                               0D   2210
     124    2244       0       0       0       0       0       001020201D   2211
     124       0       0       3       0                               0D   2212
     100    2247       0       0       0       0    2211       001010001D   2213
     100       0       0       1       0                               0D   2214
     124    2248       0       0       0       0       0       001020201D   2215
     124       0       0       3       0                               0D   2216
     100    2251       0       0       0       0    2215       001010001D   2217
     100       0       0       1       0                               0D   2218
     110    2252       0       0       0       0       0       001010001D   2219
     110       0       0       2       0                               0D   2220
     124    2254       0       0       0       0       0       001020201D   2221
     124       0       0       3       0                               0D   2222
     100    2257       0       0       0       0    2221       001010001D   2223
     100       0       0       1       0                               0D   2224
     110    2258       0       0       0       0       0       001010001D   2225
     110       0       0       2       0                               0D   2226
     124    2260       0       0       0       0       0       001020201D   2227
     124       0       0       3       0                               0D   2228
     100    2263       0       0       0       0    2227       001010001D   2229
     100       0       0       1       0                               0D   2230
     110    2264       0       0       0       0       0       001010001D   2231
     110       0       0       2       0                               0D   2232
     124    2266       0       0       0       0       0       001020201D   2233
     124       0       0       3       0                               0D   2234
     100    2269       0       0       0       0    2233       001010001D   2235
     100       0       0       1       0                               0D   2236
     110    2270       0       0       0       0       0       001010001D   2237
     110       0       0       2       0                               0D   2238
     124    2272       0       0       0       0       0       001020201D   2239
     124       0       0       3       0                               0D   2240
     100    2275       0       0       0       0    2239       001010001D   2241
     100       0       0       1       0                               0D   2242
     110    2276       0       0       0       0       0       001010001D   2243
     110       0       0       2       0                               0D   2244
     124    2278       0       0       0       0       0       001020201D   2245
     124       0       0       3       0                               0D   2246
     100    2281       0       0       0       0    2245       001010001D   2247
     100       0       0       1       0                               0D   2248
     110    2282       0       0       0       0       0       001010001D   2249
     110       0       0       2       0                               0D   2250
     124    2284       0       0       0       0       0       001020201D   2251
     124       0       0       3       0                               0D   2252
     100    2287       0       0       0       0    2251       001010001D   2253
     100       0       0       1       0                               0D   2254
     110    2288       0       0       0       0       0       001010001D   2255
     110       0       0       2       0                               0D   2256
     110    2290       0       0       0       0       0       001010001D   2257
     110       0       0       2       0                               0D   2258
     124    2292       0       0       0       0       0       001020201D   2259
     124       0       0       3       0                               0D   2260
     100    2295       0       0       0       0    2259       001010001D   2261
     100       0       0       1       0                               0D   2262
     124    2296       0       0       0       0       0       001020201D   2263
     124       0       0       3       0                               0D   2264
     100    2299       0       0       0       0    2263       001010001D   2265
     100       0       0       1       0                               0D   2266
     124    2300       0       0       0       0       0       001020201D   2267
     124       0       0       3       0                               0D   2268
     100    2303       0       0       0       0    2267       001010001D   2269
     100       0       0       1       0                               0D   2270
     110    2304       0       0       0       0       0       001010001D   2271
     110       0       0       2       0                               0D   2272
     110    2306       0       0       0       0       0       001010001D   2273
     110       0       0       2       0                               0D   2274
     124    2308       0       0       0       0       0       001020201D   2275
     124       0       0       3       0                               0D   2276
     100    2311       0       0       0       0    2275       001010001D   2277
     100       0       0       1       0                               0D   2278
     110    2312       0       0       0       0       0       001010001D   2279
     110       0       0       2       0                               0D   2280
     124    2314       0       0       0       0       0       001020201D   2281
     124       0       0       3       0                               0D   2282
     100    2317       0       0       0       0    2281       001010001D   2283
     100       0       0       1       0                               0D   2284
     110    2318       0       0       0       0       0       001010001D   2285
     110       0       0       2       0                               0D   2286
     124    2320       0       0       0       0       0       001020201D   2287
     124       0       0       3       0                               0D   2288
     100    2323       0       0       0       0    2287       001010001D   2289
     100       0       0       1       0                               0D   2290
     110    2324       0       0       0       0       0       001010001D   2291
     110       0       0       2       0                               0D   2292
     124    2326       0       0       0       0       0       001020201D   2293
     124       0       0       3       0                               0D   2294
     100    2329       0       0       0       0    2293       001010001D   2295
     100       0       0       1       0                               0D   2296
     110    2330       0       0       0       0       0       001010001D   2297
     110       0       0       2       0                               0D   2298
     102    2332       0       0       0       0       0       001010001D   2299
     102       0       0       3       0                               0D   2300
     142    2335       0       0       0       0       0       001010001D   2301
     142       0       0       1       0                               0D   2302
     144    2336       0       0   10000       0       0       000000000D   2303
     144       0       0       1       0                PartBody       0D   2304
     110    2337       0       0       0       0       0       001010001D   2305
     110       0       0       2       0                               0D   2306
     124    2339       0       0       0       0       0       001020201D   2307
     124       0       0       3       0                               0D   2308
     100    2342       0       0       0       0    2307       001010001D   2309
     100       0       0       1       0                               0D   2310
     102    2343       0       0       0       0       0       001010001D   2311
     102       0       0       1       0                               0D   2312
     142    2344       0       0       0       0       0       001010001D   2313
     142       0       0       1       0                               0D   2314
     144    2345       0       0   10000       0       0       000000000D   2315
     144       0       0       1       0                PartBody       0D   2316
     108    2346       0       0       0       0       0       001010001D   2317
     108       0       0       2       0                               0D   2318
     124    2348       0       0       0       0       0       001020201D   2319
     124       0       0       3       0                               0D   2320
     100    2351       0       0       0       0    2319       001010001D   2321
     100       0       0       1       0                               0D   2322
     124    2352       0       0       0       0       0       001020201D   2323
     124       0       0       3       0                               0D   2324
     100    2355       0       0       0       0    2323       001010001D   2325
     100       0       0       1       0                               0D   2326
     124    2356       0       0       0       0       0       001020201D   2327
     124       0       0       3       0                               0D   2328
     100    2359       0       0       0       0    2327       001010001D   2329
     100       0       0       1       0                               0D   2330
     110    2360       0       0       0       0       0       001010001D   2331
     110       0       0       2       0                               0D   2332
     102    2362       0       0       0       0       0       001010001D   2333
     102       0       0       1       0                               0D   2334
     142    2363       0       0       0       0       0       001010001D   2335
     142       0       0       1       0                               0D   2336
     144    2364       0       0   10000       0       0       000000000D   2337
     144       0       0       1       0                PartBody       0D   2338
     110    2365       0       0       0       0       0       001010001D   2339
     110       0       0       2       0                               0D   2340
     110    2367       0       0       0       0       0       001010001D   2341
     110       0       0       2       0                               0D   2342
     120    2369       0       0       0       0       0       001010001D   2343
     120       0       0       1       0                               0D   2344
     110    2370       0       0       0       0       0       001010001D   2345
     110       0       0       2       0                               0D   2346
     124    2372       0       0       0       0       0       001020201D   2347
     124       0       0       3       0                               0D   2348
     100    2375       0       0       0       0    2347       001010001D   2349
     100       0       0       1       0                               0D   2350
     110    2376       0       0       0       0       0       001010001D   2351
     110       0       0       2       0                               0D   2352
     124    2378       0       0       0       0       0       001020201D   2353
     124       0       0       3       0                               0D   2354
     100    2381       0       0       0       0    2353       001010001D   2355
     100       0       0       1       0                               0D   2356
     110    2382       0       0       0       0       0       001010001D   2357
     110       0       0       2       0                               0D   2358
     124    2384       0       0       0       0       0       001020201D   2359
     124       0       0       3       0                               0D   2360
     100    2387       0       0       0       0    2359       001010001D   2361
     100       0       0       1       0                               0D   2362
     110    2388       0       0       0       0       0       001010001D   2363
     110       0       0       2       0                               0D   2364
     126    2390       0       0       0       0       0       001010001D   2365
     126       0       0      12       0                               0D   2366
     102    2402       0       0       0       0       0       001010001D   2367
     102       0       0       1       0                               0D   2368
     142    2403       0       0       0       0       0       001010001D   2369
     142       0       0       1       0                               0D   2370
     144    2404       0       0   10000       0       0       000000000D   2371
     144       0       0       1       0                PartBody       0D   2372
     124    2405       0       0       0       0       0       001020201D   2373
     124       0       0       3       0                               0D   2374
     100    2408       0       0       0       0    2373       001010001D   2375
     100       0       0       1       0                               0D   2376
     124    2409       0       0       0       0       0       001020201D   2377
     124       0       0       3       0                               0D   2378
     100    2412       0       0       0       0    2377       001010001D   2379
     100       0       0       1       0                               0D   2380
     124    2413       0       0       0       0       0       001020201D   2381
     124       0       0       3       0                               0D   2382
     100    2416       0       0       0       0    2381       001010001D   2383
     100       0       0       1       0                               0D   2384
     110    2417       0       0       0       0       0       001010001D   2385
     110       0       0       2       0                               0D   2386
     102    2419       0       0       0       0       0       001010001D   2387
     102       0       0       1       0                               0D   2388
     142    2420       0       0       0       0       0       001010001D   2389
     142       0       0       1       0                               0D   2390
     144    2421       0       0   10000       0       0       000000000D   2391
     144       0       0       1       0                PartBody       0D   2392
     108    2422       0       0       0       0       0       001010001D   2393
     108       0       0       2       0                               0D   2394
     124    2424       0       0       0       0       0       001020201D   2395
     124       0       0       3       0                               0D   2396
     100    2427       0       0       0       0    2395       001010001D   2397
     100       0       0       1       0                               0D   2398
     110    2428       0       0       0       0       0       001010001D   2399
     110       0       0       2       0                               0D   2400
     110    2430       0       0       0       0       0       001010001D   2401
     110       0       0       2       0                               0D   2402
     110    2432       0       0       0       0       0       001010001D   2403
     110       0       0       2       0                               0D   2404
     110    2434       0       0       0       0       0       001010001D   2405
     110       0       0       2       0                               0D   2406
     110    2436       0       0       0       0       0       001010001D   2407
     110       0       0       2       0                               0D   2408
     110    2438       0       0       0       0       0       001010001D   2409
     110       0       0       2       0                               0D   2410
     110    2440       0       0       0       0       0       001010001D   2411
     110       0       0       2       0                               0D   2412
     110    2442       0       0       0       0       0       001010001D   2413
     110       0       0       2       0                               0D   2414
     110    2444       0       0       0       0       0       001010001D   2415
     110       0       0       2       0                               0D   2416
     124    2446       0       0       0       0       0       001020201D   2417
     124       0       0       3       0                               0D   2418
     100    2449       0       0       0       0    2417       001010001D   2419
     100       0       0       1       0                               0D   2420
     110    2450       0       0       0       0       0       001010001D   2421
     110       0       0       2       0                               0D   2422
     102    2452       0       0       0       0       0       001010001D   2423
     102       0       0       2       0                               0D   2424
     142    2454       0       0       0       0       0       001010001D   2425
     142       0       0       1       0                               0D   2426
     144    2455       0       0   10000       0       0       000000000D   2427
     144       0       0       1       0                PartBody       0D   2428
     108    2456       0       0       0       0       0       001010001D   2429
     108       0       0       2       0                               0D   2430
     110    2458       0       0       0       0       0       001010001D   2431
     110       0       0       2       0                               0D   2432
     110    2460       0       0       0       0       0       001010001D   2433
     110       0       0       2       0                               0D   2434
     110    2462       0       0       0       0       0       001010001D   2435
     110       0       0       2       0                               0D   2436
     110    2464       0       0       0       0       0       001010001D   2437
     110       0       0       2       0                               0D   2438
     102    2466       0       0       0       0       0       001010001D   2439
     102       0       0       1       0                               0D   2440
     142    2467       0       0       0       0       0       001010001D   2441
     142       0       0       1       0                               0D   2442
     144    2468       0       0   10000       0       0       000000000D   2443
     144       0       0       1       0                PartBody       0D   2444
     108    2469       0       0       0       0       0       001010001D   2445
     108       0       0       2       0                               0D   2446
     110    2471       0       0       0       0       0       001010001D   2447
     110       0       0       2       0                               0D   2448
     110    2473       0       0       0       0       0       001010001D   2449
     110       0       0       2       0                               0D   2450
     110    2475       0       0       0       0       0       001010001D   2451
     110       0       0       2       0                               0D   2452
     110    2477       0       0       0       0       0       001010001D   2453
     110       0       0       2       0                               0D   2454
     110    2479       0       0       0       0       0       001010001D   2455
     110       0       0       2       0                               0D   2456
     110    2481       0       0       0       0       0       001010001D   2457
     110       0       0       2       0                               0D   2458
     110    2483       0       0       0       0       0       001010001D   2459
     110       0       0       2       0                               0D   2460
     110    2485       0       0       0       0       0       001010001D   2461
     110       0       0       2       0                               0D   2462
     102    2487       0       0       0       0       0       001010001D   2463
     102       0       0       1       0                               0D   2464
     142    2488       0       0       0       0       0       001010001D   2465
     142       0       0       1       0                               0D   2466
     144    2489       0       0   10000       0       0       000000000D   2467
     144       0       0       1       0                PartBody       0D   2468
     108    2490       0       0       0       0       0       001010001D   2469
     108       0       0       2       0                               0D   2470
     110    2492       0       0       0       0       0       001010001D   2471
     110       0       0       2       0                               0D   2472
     110    2494       0       0       0       0       0       001010001D   2473
     110       0       0       2       0                               0D   2474
     110    2496       0       0       0       0       0       001010001D   2475
     110       0       0       2       0                               0D   2476
     110    2498       0       0       0       0       0       001010001D   2477
     110       0       0       2       0                               0D   2478
     110    2500       0       0       0       0       0       001010001D   2479
     110       0       0       2       0                               0D   2480
     102    2502       0       0       0       0       0       001010001D   2481
     102       0       0       1       0                               0D   2482
     142    2503       0       0       0       0       0       001010001D   2483
     142       0       0       1       0                               0D   2484
     144    2504       0       0   10000       0       0       000000000D   2485
     144       0       0       1       0                PartBody       0D   2486
     108    2505       0       0       0       0       0       001010001D   2487
     108       0       0       2       0                               0D   2488
     110    2507       0       0       0       0       0       001010001D   2489
     110       0       0       2       0                               0D   2490
     110    2509       0       0       0       0       0       001010001D   2491
     110       0       0       2       0                               0D   2492
     110    2511       0       0       0       0       0       001010001D   2493
     110       0       0       2       0                               0D   2494
     110    2513       0       0       0       0       0       001010001D   2495
     110       0       0       2       0                               0D   2496
     110    2515       0       0       0       0       0       001010001D   2497
     110       0       0       2       0                               0D   2498
     102    2517       0       0       0       0       0       001010001D   2499
     102       0       0       1       0                               0D   2500
     142    2518       0       0       0       0       0       001010001D   2501
     142       0       0       1       0                               0D   2502
     144    2519       0       0   10000       0       0       000000000D   2503
     144       0       0       1       0                PartBody       0D   2504
     108    2520       0       0       0       0       0       001010001D   2505
     108       0       0       2       0                               0D   2506
     110    2522       0       0       0       0       0       001010001D   2507
     110       0       0       2       0                               0D   2508
     110    2524       0       0       0       0       0       001010001D   2509
     110       0       0       2       0                               0D   2510
     110    2526       0       0       0       0       0       001010001D   2511
     110       0       0       2       0                               0D   2512
     110    2528       0       0       0       0       0       001010001D   2513
     110       0       0       2       0                               0D   2514
     102    2530       0       0       0       0       0       001010001D   2515
     102       0       0       1       0                               0D   2516
     142    2531       0       0       0       0       0       001010001D   2517
     142       0       0       1       0                               0D   2518
     144    2532       0       0   10000       0       0       000000000D   2519
     144       0       0       1       0                PartBody       0D   2520
     110    2533       0       0       0       0       0       001010001D   2521
     110       0       0       2       0                               0D   2522
     110    2535       0       0       0       0       0       001010001D   2523
     110       0       0       2       0                               0D   2524
     110    2537       0       0       0       0       0       001010001D   2525
     110       0       0       2       0                               0D   2526
     110    2539       0       0       0       0       0       001010001D   2527
     110       0       0       2       0                               0D   2528
     110    2541       0       0       0       0       0       001010001D   2529
     110       0       0       2       0                               0D   2530
     102    2543       0       0       0       0       0       001010001D   2531
     102       0       0       1       0                               0D   2532
     142    2544       0       0       0       0       0       001010001D   2533
     142       0       0       1       0                               0D   2534
     144    2545       0       0   10000       0       0       000000000D   2535
     144       0       0       1       0                PartBody       0D   2536
     110    2546       0       0       0       0       0       001010001D   2537
     110       0       0       2       0                               0D   2538
     110    2548       0       0       0       0       0       001010001D   2539
     110       0       0       2       0                               0D   2540
     110    2550       0       0       0       0       0       001010001D   2541
     110       0       0       2       0                               0D   2542
     110    2552       0       0       0       0       0       001010001D   2543
     110       0       0       2       0                               0D   2544
     110    2554       0       0       0       0       0       001010001D   2545
     110       0       0       2       0                               0D   2546
     102    2556       0       0       0       0       0       001010001D   2547
     102       0       0       1       0                               0D   2548
     142    2557       0       0       0       0       0       001010001D   2549
     142       0       0       1       0                               0D   2550
     144    2558       0       0   10000       0       0       000000000D   2551
     144       0       0       1       0                PartBody       0D   2552
     110    2559       0       0       0       0       0       001010001D   2553
     110       0       0       2       0                               0D   2554
     124    2561       0       0       0       0       0       001020201D   2555
     124       0       0       3       0                               0D   2556
     100    2564       0       0       0       0    2555       001010001D   2557
     100       0       0       1       0                               0D   2558
     120    2565       0       0       0       0       0       001010001D   2559
     120       0       0       1       0                               0D   2560
     124    2566       0       0       0       0       0       001020201D   2561
     124       0       0       3       0                               0D   2562
     100    2569       0       0       0       0    2561       001010001D   2563
     100       0       0       1       0                               0D   2564
     124    2570       0       0       0       0       0       001020201D   2565
     124       0       0       3       0                               0D   2566
     100    2573       0       0       0       0    2565       001010001D   2567
     100       0       0       1       0                               0D   2568
     124    2574       0       0       0       0       0       001020201D   2569
     124       0       0       3       0                               0D   2570
     100    2577       0       0       0       0    2569       001010001D   2571
     100       0       0       1       0                               0D   2572
     126    2578       0       0       0       0       0       001010001D   2573
     126       0       0      15       0                               0D   2574
     102    2593       0       0       0       0       0       001010001D   2575
     102       0       0       1       0                               0D   2576
     142    2594       0       0       0       0       0       001010001D   2577
     142       0       0       1       0                               0D   2578
     144    2595       0       0   10000       0       0       000000000D   2579
     144       0       0       1       0                PartBody       0D   2580
     110    2596       0       0       0       0       0       001010001D   2581
     110       0       0       2       0                               0D   2582
     124    2598       0       0       0       0       0       001020201D   2583
     124       0       0       3       0                               0D   2584
     100    2601       0       0       0       0    2583       001010001D   2585
     100       0       0       1       0                               0D   2586
     120    2602       0       0       0       0       0       001010001D   2587
     120       0       0       1       0                               0D   2588
     124    2603       0       0       0       0       0       001020201D   2589
     124       0       0       3       0                               0D   2590
     100    2606       0       0       0       0    2589       001010001D   2591
     100       0       0       1       0                               0D   2592
     124    2607       0       0       0       0       0       001020201D   2593
     124       0       0       3       0                               0D   2594
     100    2610       0       0       0       0    2593       001010001D   2595
     100       0       0       1       0                               0D   2596
     124    2611       0       0       0       0       0       001020201D   2597
     124       0       0       3       0                               0D   2598
     100    2614       0       0       0       0    2597       001010001D   2599
     100       0       0       1       0                               0D   2600
     126    2615       0       0       0       0       0       001010001D   2601
     126       0       0      15       0                               0D   2602
     102    2630       0       0       0       0       0       001010001D   2603
     102       0       0       1       0                               0D   2604
     142    2631       0       0       0       0       0       001010001D   2605
     142       0       0       1       0                               0D   2606
     144    2632       0       0   10000       0       0       000000000D   2607
     144       0       0       1       0                PartBody       0D   2608
     110    2633       0       0       0       0       0       001010001D   2609
     110       0       0       2       0                               0D   2610
     110    2635       0       0       0       0       0       001010001D   2611
     110       0       0       2       0                               0D   2612
     120    2637       0       0       0       0       0       001010001D   2613
     120       0       0       1       0                               0D   2614
     126    2638       0       0       0       0       0       001010001D   2615
     126       0       0       5       0                               0D   2616
     110    2643       0       0       0       0       0       001010001D   2617
     110       0       0       2       0                               0D   2618
     126    2645       0       0       0       0       0       001010001D   2619
     126       0       0       5       0                               0D   2620
     124    2650       0       0       0       0       0       001020201D   2621
     124       0       0       3       0                               0D   2622
     100    2653       0       0       0       0    2621       001010001D   2623
     100       0       0       1       0                               0D   2624
     110    2654       0       0       0       0       0       001010001D   2625
     110       0       0       2       0                               0D   2626
     124    2656       0       0       0       0       0       001020201D   2627
     124       0       0       3       0                               0D   2628
     100    2659       0       0       0       0    2627       001010001D   2629
     100       0       0       1       0                               0D   2630
     102    2660       0       0       0       0       0       001010001D   2631
     102       0       0       1       0                               0D   2632
     142    2661       0       0       0       0       0       001010001D   2633
     142       0       0       1       0                               0D   2634
     144    2662       0       0   10000       0       0       000000000D   2635
     144       0       0       1       0                PartBody       0D   2636
     110    2663       0       0       0       0       0       001010001D   2637
     110       0       0       2       0                               0D   2638
     110    2665       0       0       0       0       0       001010001D   2639
     110       0       0       2       0                               0D   2640
     120    2667       0       0       0       0       0       001010001D   2641
     120       0       0       1       0                               0D   2642
     124    2668       0       0       0       0       0       001020201D   2643
     124       0       0       3       0                               0D   2644
     100    2671       0       0       0       0    2643       001010001D   2645
     100       0       0       1       0                               0D   2646
     126    2672       0       0       0       0       0       001010001D   2647
     126       0       0       5       0                               0D   2648
     124    2677       0       0       0       0       0       001020201D   2649
     124       0       0       3       0                               0D   2650
     100    2680       0       0       0       0    2649       001010001D   2651
     100       0       0       1       0                               0D   2652
     110    2681       0       0       0       0       0       001010001D   2653
     110       0       0       2       0                               0D   2654
     124    2683       0       0       0       0       0       001020201D   2655
     124       0       0       3       0                               0D   2656
     100    2686       0       0       0       0    2655       001010001D   2657
     100       0       0       1       0                               0D   2658
     110    2687       0       0       0       0       0       001010001D   2659
     110       0       0       2       0                               0D   2660
     124    2689       0       0       0       0       0       001020201D   2661
     124       0       0       3       0                               0D   2662
     100    2692       0       0       0       0    2661       001010001D   2663
     100       0       0       1       0                               0D   2664
     126    2693       0       0       0       0       0       001010001D   2665
     126       0       0       5       0                               0D   2666
     102    2698       0       0       0       0       0       001010001D   2667
     102       0       0       1       0                               0D   2668
     142    2699       0       0       0       0       0       001010001D   2669
     142       0       0       1       0                               0D   2670
     126    2700       0       0       0       0       0       001010001D   2671
     126       0       0      12       0                               0D   2672
     126    2712       0       0       0       0       0       001010001D   2673
     126       0       0      12       0                               0D   2674
     102    2724       0       0       0       0       0       001010001D   2675
     102       0       0       1       0                               0D   2676
     142    2725       0       0       0       0       0       001010001D   2677
     142       0       0       1       0                               0D   2678
     126    2726       0       0       0       0       0       001010001D   2679
     126       0       0      12       0                               0D   2680
     126    2738       0       0       0       0       0       001010001D   2681
     126       0       0      12       0                               0D   2682
     102    2750       0       0       0       0       0       001010001D   2683
     102       0       0       1       0                               0D   2684
     142    2751       0       0       0       0       0       001010001D   2685
     142       0       0       1       0                               0D   2686
     144    2752       0       0   10000       0       0       000000000D   2687
     144       0       0       1       0                PartBody       0D   2688
     110    2753       0       0       0       0       0       001010001D   2689
     110       0       0       2       0                               0D   2690
     110    2755       0       0       0       0       0       001010001D   2691
     110       0       0       2       0                               0D   2692
     120    2757       0       0       0       0       0       001010001D   2693
     120       0       0       1       0                               0D   2694
     124    2758       0       0       0       0       0       001020201D   2695
     124       0       0       3       0                               0D   2696
     100    2761       0       0       0       0    2695       001010001D   2697
     100       0       0       1       0                               0D   2698
     110    2762       0       0       0       0       0       001010001D   2699
     110       0       0       2       0                               0D   2700
     124    2764       0       0       0       0       0       001020201D   2701
     124       0       0       3       0                               0D   2702
     100    2767       0       0       0       0    2701       001010001D   2703
     100       0       0       1       0                               0D   2704
     110    2768       0       0       0       0       0       001010001D   2705
     110       0       0       2       0                               0D   2706
     102    2770       0       0       0       0       0       001010001D   2707
     102       0       0       1       0                               0D   2708
     142    2771       0       0       0       0       0       001010001D   2709
     142       0       0       1       0                               0D   2710
     144    2772       0       0   10000       0       0       000000000D   2711
     144       0       0       1       0                PartBody       0D   2712
     110    2773       0       0       0       0       0       001010001D   2713
     110       0       0       2       0                               0D   2714
     110    2775       0       0       0       0       0       001010001D   2715
     110       0       0       2       0                               0D   2716
     120    2777       0       0       0       0       0       001010001D   2717
     120       0       0       1       0                               0D   2718
     126    2778       0       0       0       0       0       001010001D   2719
     126       0       0       7       0                               0D   2720
     110    2785       0       0       0       0       0       001010001D   2721
     110       0       0       2       0                               0D   2722
     126    2787       0       0       0       0       0       001010001D   2723
     126       0       0       9       0                               0D   2724
     110    2796       0       0       0       0       0       001010001D   2725
     110       0       0       2       0                               0D   2726
     102    2798       0       0       0       0       0       001010001D   2727
     102       0       0       1       0                               0D   2728
     142    2799       0       0       0       0       0       001010001D   2729
     142       0       0       1       0                               0D   2730
     144    2800       0       0   10000       0       0       000000000D   2731
     144       0       0       1       0                PartBody       0D   2732
     110    2801       0       0       0       0       0       001010001D   2733
     110       0       0       2       0                               0D   2734
     110    2803       0       0       0       0       0       001010001D   2735
     110       0       0       2       0                               0D   2736
     110    2805       0       0       0       0       0       001010001D   2737
     110       0       0       2       0                               0D   2738
     110    2807       0       0       0       0       0       001010001D   2739
     110       0       0       2       0                               0D   2740
     124    2809       0       0       0       0       0       001020201D   2741
     124       0       0       3       0                               0D   2742
     100    2812       0       0       0       0    2741       001010001D   2743
     100       0       0       1       0                               0D   2744
     110    2813       0       0       0       0       0       001010001D   2745
     110       0       0       2       0                               0D   2746
     124    2815       0       0       0       0       0       001020201D   2747
     124       0       0       3       0                               0D   2748
     100    2818       0       0       0       0    2747       001010001D   2749
     100       0       0       1       0                               0D   2750
     110    2819       0       0       0       0       0       001010001D   2751
     110       0       0       2       0                               0D   2752
     110    2821       0       0       0       0       0       001010001D   2753
     110       0       0       2       0                               0D   2754
     110    2823       0       0       0       0       0       001010001D   2755
     110       0       0       2       0                               0D   2756
     102    2825       0       0       0       0       0       001010001D   2757
     102       0       0       1       0                               0D   2758
     142    2826       0       0       0       0       0       001010001D   2759
     142       0       0       1       0                               0D   2760
     144    2827       0       0   10000       0       0       000000000D   2761
     144       0       0       1       0                PartBody       0D   2762
     110    2828       0       0       0       0       0       001010001D   2763
     110       0       0       2       0                               0D   2764
     110    2830       0       0       0       0       0       001010001D   2765
     110       0       0       2       0                               0D   2766
     110    2832       0       0       0       0       0       001010001D   2767
     110       0       0       2       0                               0D   2768
     110    2834       0       0       0       0       0       001010001D   2769
     110       0       0       2       0                               0D   2770
     102    2836       0       0       0       0       0       001010001D   2771
     102       0       0       1       0                               0D   2772
     142    2837       0       0       0       0       0       001010001D   2773
     142       0       0       1       0                               0D   2774
     144    2838       0       0   10000       0       0       000000000D   2775
     144       0       0       1       0                PartBody       0D   2776
     110    2839       0       0       0       0       0       001010001D   2777
     110       0       0       2       0                               0D   2778
     110    2841       0       0       0       0       0       001010001D   2779
     110       0       0       2       0                               0D   2780
     110    2843       0       0       0       0       0       001010001D   2781
     110       0       0       2       0                               0D   2782
     110    2845       0       0       0       0       0       001010001D   2783
     110       0       0       2       0                               0D   2784
     102    2847       0       0       0       0       0       001010001D   2785
     102       0       0       1       0                               0D   2786
     142    2848       0       0       0       0       0       001010001D   2787
     142       0       0       1       0                               0D   2788
     144    2849       0       0   10000       0       0       000000000D   2789
     144       0       0       1       0                PartBody       0D   2790
     108    2850       0       0       0       0       0       001010001D   2791
     108       0       0       2       0                               0D   2792
     110    2852       0       0       0       0       0       001010001D   2793
     110       0       0       2       0                               0D   2794
     110    2854       0       0       0       0       0       001010001D   2795
     110       0       0       2       0                               0D   2796
     124    2856       0       0       0       0       0       001020201D   2797
     124       0       0       3       0                               0D   2798
     100    2859       0       0       0       0    2797       001010001D   2799
     100       0       0       1       0                               0D   2800
     110    2860       0       0       0       0       0       001010001D   2801
     110       0       0       2       0                               0D   2802
     110    2862       0       0       0       0       0       001010001D   2803
     110       0       0       2       0                               0D   2804
     110    2864       0       0       0       0       0       001010001D   2805
     110       0       0       2       0                               0D   2806
     110    2866       0       0       0       0       0       001010001D   2807
     110       0       0       2       0                               0D   2808
     110    2868       0       0       0       0       0       001010001D   2809
     110       0       0       2       0                               0D   2810
     110    2870       0       0       0       0       0       001010001D   2811
     110       0       0       2       0                               0D   2812
     110    2872       0       0       0       0       0       001010001D   2813
     110       0       0       2       0                               0D   2814
     102    2874       0       0       0       0       0       001010001D   2815
     102       0       0       1       0                               0D   2816
     142    2875       0       0       0       0       0       001010001D   2817
     142       0       0       1       0                               0D   2818
     144    2876       0       0   10000       0       0       000000000D   2819
     144       0       0       1       0                PartBody       0D   2820
     108    2877       0       0       0       0       0       001010001D   2821
     108       0       0       2       0                               0D   2822
     110    2879       0       0       0       0       0       001010001D   2823
     110       0       0       2       0                               0D   2824
     110    2881       0       0       0       0       0       001010001D   2825
     110       0       0       2       0                               0D   2826
     110    2883       0       0       0       0       0       001010001D   2827
     110       0       0       2       0                               0D   2828
     110    2885       0       0       0       0       0       001010001D   2829
     110       0       0       2       0                               0D   2830
     110    2887       0       0       0       0       0       001010001D   2831
     110       0       0       2       0                               0D   2832
     110    2889       0       0       0       0       0       001010001D   2833
     110       0       0       2       0                               0D   2834
     102    2891       0       0       0       0       0       001010001D   2835
     102       0       0       1       0                               0D   2836
     142    2892       0       0       0       0       0       001010001D   2837
     142       0       0       1       0                               0D   2838
     144    2893       0       0   10000       0       0       000000000D   2839
     144       0       0       1       0                PartBody       0D   2840
     110    2894       0       0       0       0       0       001010001D   2841
     110       0       0       2       0                               0D   2842
     110    2896       0       0       0       0       0       001010001D   2843
     110       0       0       2       0                               0D   2844
     120    2898       0       0       0       0       0       001010001D   2845
     120       0       0       1       0                               0D   2846
     124    2899       0       0       0       0       0       001020201D   2847
     124       0       0       3       0                               0D   2848
     100    2902       0       0       0       0    2847       001010001D   2849
     100       0       0       1       0                               0D   2850
     110    2903       0       0       0       0       0       001010001D   2851
     110       0       0       2       0                               0D   2852
     124    2905       0       0       0       0       0       001020201D   2853
     124       0       0       3       0                               0D   2854
     100    2908       0       0       0       0    2853       001010001D   2855
     100       0       0       1       0                               0D   2856
     110    2909       0       0       0       0       0       001010001D   2857
     110       0       0       2       0                               0D   2858
     102    2911       0       0       0       0       0       001010001D   2859
     102       0       0       1       0                               0D   2860
     142    2912       0       0       0       0       0       001010001D   2861
     142       0       0       1       0                               0D   2862
     144    2913       0       0   10000       0       0       000000000D   2863
     144       0       0       1       0                PartBody       0D   2864
     108    2914       0       0       0       0       0       001010001D   2865
     108       0       0       2       0                               0D   2866
     110    2916       0       0       0       0       0       001010001D   2867
     110       0       0       2       0                               0D   2868
     110    2918       0       0       0       0       0       001010001D   2869
     110       0       0       2       0                               0D   2870
     110    2920       0       0       0       0       0       001010001D   2871
     110       0       0       2       0                               0D   2872
     110    2922       0       0       0       0       0       001010001D   2873
     110       0       0       2       0                               0D   2874
     110    2924       0       0       0       0       0       001010001D   2875
     110       0       0       2       0                               0D   2876
     102    2926       0       0       0       0       0       001010001D   2877
     102       0       0       1       0                               0D   2878
     142    2927       0       0       0       0       0       001010001D   2879
     142       0       0       1       0                               0D   2880
     144    2928       0       0   10000       0       0       000000000D   2881
     144       0       0       1       0                PartBody       0D   2882
     108    2929       0       0       0       0       0       001010001D   2883
     108       0       0       2       0                               0D   2884
     110    2931       0       0       0       0       0       001010001D   2885
     110       0       0       2       0                               0D   2886
     110    2933       0       0       0       0       0       001010001D   2887
     110       0       0       2       0                               0D   2888
     110    2935       0       0       0       0       0       001010001D   2889
     110       0       0       2       0                               0D   2890
     110    2937       0       0       0       0       0       001010001D   2891
     110       0       0       2       0                               0D   2892
     110    2939       0       0       0       0       0       001010001D   2893
     110       0       0       2       0                               0D   2894
     110    2941       0       0       0       0       0       001010001D   2895
     110       0       0       2       0                               0D   2896
     110    2943       0       0       0       0       0       001010001D   2897
     110       0       0       2       0                               0D   2898
     110    2945       0       0       0       0       0       001010001D   2899
     110       0       0       2       0                               0D   2900
     110    2947       0       0       0       0       0       001010001D   2901
     110       0       0       2       0                               0D   2902
     110    2949       0       0       0       0       0       001010001D   2903
     110       0       0       2       0                               0D   2904
     110    2951       0       0       0       0       0       001010001D   2905
     110       0       0       2       0                               0D   2906
     110    2953       0       0       0       0       0       001010001D   2907
     110       0       0       2       0                               0D   2908
     110    2955       0       0       0       0       0       001010001D   2909
     110       0       0       2       0                               0D   2910
     102    2957       0       0       0       0       0       001010001D   2911
     102       0       0       2       0                               0D   2912
     142    2959       0       0       0       0       0       001010001D   2913
     142       0       0       1       0                               0D   2914
     144    2960       0       0   10000       0       0       000000000D   2915
     144       0       0       1       0                PartBody       0D   2916
     108    2961       0       0       0       0       0       001010001D   2917
     108       0       0       2       0                               0D   2918
     110    2963       0       0       0       0       0       001010001D   2919
     110       0       0       2       0                               0D   2920
     110    2965       0       0       0       0       0       001010001D   2921
     110       0       0       2       0                               0D   2922
     110    2967       0       0       0       0       0       001010001D   2923
     110       0       0       2       0                               0D   2924
     110    2969       0       0       0       0       0       001010001D   2925
     110       0       0       2       0                               0D   2926
     110    2971       0       0       0       0       0       001010001D   2927
     110       0       0       2       0                               0D   2928
     102    2973       0       0       0       0       0       001010001D   2929
     102       0       0       1       0                               0D   2930
     142    2974       0       0       0       0       0       001010001D   2931
     142       0       0       1       0                               0D   2932
     144    2975       0       0   10000       0       0       000000000D   2933
     144       0       0       1       0                PartBody       0D   2934
     110    2976       0       0       0       0       0       001010001D   2935
     110       0       0       2       0                               0D   2936
     110    2978       0       0       0       0       0       001010001D   2937
     110       0       0       2       0                               0D   2938
     120    2980       0       0       0       0       0       001010001D   2939
     120       0       0       1       0                               0D   2940
     124    2981       0       0       0       0       0       001020201D   2941
     124       0       0       3       0                               0D   2942
     100    2984       0       0       0       0    2941       001010001D   2943
     100       0       0       1       0                               0D   2944
     110    2985       0       0       0       0       0       001010001D   2945
     110       0       0       2       0                               0D   2946
     124    2987       0       0       0       0       0       001020201D   2947
     124       0       0       3       0                               0D   2948
     100    2990       0       0       0       0    2947       001010001D   2949
     100       0       0       1       0                               0D   2950
     110    2991       0       0       0       0       0       001010001D   2951
     110       0       0       2       0                               0D   2952
     102    2993       0       0       0       0       0       001010001D   2953
     102       0       0       1       0                               0D   2954
     142    2994       0       0       0       0       0       001010001D   2955
     142       0       0       1       0                               0D   2956
     144    2995       0       0   10000       0       0       000000000D   2957
     144       0       0       1       0                PartBody       0D   2958
     110    2996       0       0       0       0       0       001010001D   2959
     110       0       0       2       0                               0D   2960
     110    2998       0       0       0       0       0       001010001D   2961
     110       0       0       2       0                               0D   2962
     110    3000       0       0       0       0       0       001010001D   2963
     110       0       0       2       0                               0D   2964
     110    3002       0       0       0       0       0       001010001D   2965
     110       0       0       2       0                               0D   2966
     110    3004       0       0       0       0       0       001010001D   2967
     110       0       0       2       0                               0D   2968
     110    3006       0       0       0       0       0       001010001D   2969
     110       0       0       2       0                               0D   2970
     102    3008       0       0       0       0       0       001010001D   2971
     102       0       0       1       0                               0D   2972
     142    3009       0       0       0       0       0       001010001D   2973
     142       0       0       1       0                               0D   2974
     144    3010       0       0   10000       0       0       000000000D   2975
     144       0       0       1       0                PartBody       0D   2976
     108    3011       0       0       0       0       0       001010001D   2977
     108       0       0       2       0                               0D   2978
     110    3013       0       0       0       0       0       001010001D   2979
     110       0       0       2       0                               0D   2980
     110    3015       0       0       0       0       0       001010001D   2981
     110       0       0       2       0                               0D   2982
     110    3017       0       0       0       0       0       001010001D   2983
     110       0       0       2       0                               0D   2984
     110    3019       0       0       0       0       0       001010001D   2985
     110       0       0       2       0                               0D   2986
     110    3021       0       0       0       0       0       001010001D   2987
     110       0       0       2       0                               0D   2988
     110    3023       0       0       0       0       0       001010001D   2989
     110       0       0       2       0                               0D   2990
     110    3025       0       0       0       0       0       001010001D   2991
     110       0       0       2       0                               0D   2992
     124    3027       0       0       0       0       0       001020201D   2993
     124       0       0       3       0                               0D   2994
     100    3030       0       0       0       0    2993       001010001D   2995
     100       0       0       1       0                               0D   2996
     110    3031       0       0       0       0       0       001010001D   2997
     110       0       0       2       0                               0D   2998
     110    3033       0       0       0       0       0       001010001D   2999
     110       0       0       2       0                               0D   3000
     102    3035       0       0       0       0       0       001010001D   3001
     102       0       0       1       0                               0D   3002
     142    3036       0       0       0       0       0       001010001D   3003
     142       0       0       1       0                               0D   3004
     144    3037       0       0   10000       0       0       000000000D   3005
     144       0       0       1       0                PartBody       0D   3006
     110    3038       0       0       0       0       0       001010001D   3007
     110       0       0       2       0                               0D   3008
     110    3040       0       0       0       0       0       001010001D   3009
     110       0       0       2       0                               0D   3010
     110    3042       0       0       0       0       0       001010001D   3011
     110       0       0       2       0                               0D   3012
     110    3044       0       0       0       0       0       001010001D   3013
     110       0       0       2       0                               0D   3014
     102    3046       0       0       0       0       0       001010001D   3015
     102       0       0       1       0                               0D   3016
     142    3047       0       0       0       0       0       001010001D   3017
     142       0       0       1       0                               0D   3018
     144    3048       0       0   10000       0       0       000000000D   3019
     144       0       0       1       0                PartBody       0D   3020
     108    3049       0       0       0       0       0       001010001D   3021
     108       0       0       2       0                               0D   3022
     110    3051       0       0       0       0       0       001010001D   3023
     110       0       0       2       0                               0D   3024
     110    3053       0       0       0       0       0       001010001D   3025
     110       0       0       2       0                               0D   3026
     110    3055       0       0       0       0       0       001010001D   3027
     110       0       0       2       0                               0D   3028
     110    3057       0       0       0       0       0       001010001D   3029
     110       0       0       2       0                               0D   3030
     102    3059       0       0       0       0       0       001010001D   3031
     102       0       0       1       0                               0D   3032
     142    3060       0       0       0       0       0       001010001D   3033
     142       0       0       1       0                               0D   3034
     144    3061       0       0   10000       0       0       000000000D   3035
     144       0       0       1       0                PartBody       0D   3036
     124    3062       0       0       0       0       0       001020201D   3037
     124       0       0       3       0                               0D   3038
     100    3065       0       0       0       0    3037       001010001D   3039
     100       0       0       1       0                               0D   3040
     110    3066       0       0       0       0       0       001010001D   3041
     110       0       0       2       0                               0D   3042
     110    3068       0       0       0       0       0       001010001D   3043
     110       0       0       2       0                               0D   3044
     110    3070       0       0       0       0       0       001010001D   3045
     110       0       0       2       0                               0D   3046
     110    3072       0       0       0       0       0       001010001D   3047
     110       0       0       2       0                               0D   3048
     110    3074       0       0       0       0       0       001010001D   3049
     110       0       0       2       0                               0D   3050
     110    3076       0       0       0       0       0       001010001D   3051
     110       0       0       2       0                               0D   3052
     110    3078       0       0       0       0       0       001010001D   3053
     110       0       0       2       0                               0D   3054
     102    3080       0       0       0       0       0       001010001D   3055
     102       0       0       1       0                               0D   3056
     142    3081       0       0       0       0       0       001010001D   3057
     142       0       0       1       0                               0D   3058
     144    3082       0       0   10000       0       0       000000000D   3059
     144       0       0       1       0                PartBody       0D   3060
     108    3083       0       0       0       0       0       001010001D   3061
     108       0       0       2       0                               0D   3062
     110    3085       0       0       0       0       0       001010001D   3063
     110       0       0       2       0                               0D   3064
     110    3087       0       0       0       0       0       001010001D   3065
     110       0       0       2       0                               0D   3066
     110    3089       0       0       0       0       0       001010001D   3067
     110       0       0       2       0                               0D   3068
     110    3091       0       0       0       0       0       001010001D   3069
     110       0       0       2       0                               0D   3070
     102    3093       0       0       0       0       0       001010001D   3071
     102       0       0       1       0                               0D   3072
     142    3094       0       0       0       0       0       001010001D   3073
     142       0       0       1       0                               0D   3074
     144    3095       0       0   10000       0       0       000000000D   3075
     144       0       0       1       0                PartBody       0D   3076
     110    3096       0       0       0       0       0       001010001D   3077
     110       0       0       2       0                               0D   3078
     110    3098       0       0       0       0       0       001010001D   3079
     110       0       0       2       0                               0D   3080
     110    3100       0       0       0       0       0       001010001D   3081
     110       0       0       2       0                               0D   3082
     110    3102       0       0       0       0       0       001010001D   3083
     110       0       0       2       0                               0D   3084
     110    3104       0       0       0       0       0       001010001D   3085
     110       0       0       2       0                               0D   3086
     110    3106       0       0       0       0       0       001010001D   3087
     110       0       0       2       0                               0D   3088
     124    3108       0       0       0       0       0       001020201D   3089
     124       0       0       3       0                               0D   3090
     100    3111       0       0       0       0    3089       001010001D   3091
     100       0       0       1       0                               0D   3092
     110    3112       0       0       0       0       0       001010001D   3093
     110       0       0       2       0                               0D   3094
     102    3114       0       0       0       0       0       001010001D   3095
     102       0       0       1       0                               0D   3096
     142    3115       0       0       0       0       0       001010001D   3097
     142       0       0       1       0                               0D   3098
     144    3116       0       0   10000       0       0       000000000D   3099
     144       0       0       1       0                PartBody       0D   3100
     110    3117       0       0       0       0       0       001010001D   3101
     110       0       0       2       0                               0D   3102
     110    3119       0       0       0       0       0       001010001D   3103
     110       0       0       2       0                               0D   3104
     120    3121       0       0       0       0       0       001010001D   3105
     120       0       0       1       0                               0D   3106
     110    3122       0       0       0       0       0       001010001D   3107
     110       0       0       2       0                               0D   3108
     124    3124       0       0       0       0       0       001020201D   3109
     124       0       0       3       0                               0D   3110
     100    3127       0       0       0       0    3109       001010001D   3111
     100       0       0       1       0                               0D   3112
     110    3128       0       0       0       0       0       001010001D   3113
     110       0       0       2       0                               0D   3114
     124    3130       0       0       0       0       0       001020201D   3115
     124       0       0       3       0                               0D   3116
     100    3133       0       0       0       0    3115       001010001D   3117
     100       0       0       1       0                               0D   3118
     102    3134       0       0       0       0       0       001010001D   3119
     102       0       0       1       0                               0D   3120
     142    3135       0       0       0       0       0       001010001D   3121
     142       0       0       1       0                               0D   3122
     144    3136       0       0   10000       0       0       000000000D   3123
     144       0       0       1       0                PartBody       0D   3124
     110    3137       0       0       0       0       0       001010001D   3125
     110       0       0       2       0                               0D   3126
     110    3139       0       0       0       0       0       001010001D   3127
     110       0       0       2       0                               0D   3128
     120    3141       0       0       0       0       0       001010001D   3129
     120       0       0       1       0                               0D   3130
     110    3142       0       0       0       0       0       001010001D   3131
     110       0       0       2       0                               0D   3132
     124    3144       0       0       0       0       0       001020201D   3133
     124       0       0       3       0                               0D   3134
     100    3147       0       0       0       0    3133       001010001D   3135
     100       0       0       1       0                               0D   3136
     110    3148       0       0       0       0       0       001010001D   3137
     110       0       0       2       0                               0D   3138
     124    3150       0       0       0       0       0       001020201D   3139
     124       0       0       3       0                               0D   3140
     100    3153       0       0       0       0    3139       001010001D   3141
     100       0       0       1       0                               0D   3142
     102    3154       0       0       0       0       0       001010001D   3143
     102       0       0       1       0                               0D   3144
     142    3155       0       0       0       0       0       001010001D   3145
     142       0       0       1       0                               0D   3146
     144    3156       0       0   10000       0       0       000000000D   3147
     144       0       0       1       0                PartBody       0D   3148
     124    3157       0       0       0       0       0       001020201D   3149
     124       0       0       3       0                               0D   3150
     100    3160       0       0       0       0    3149       001010001D   3151
     100       0       0       1       0                               0D   3152
     124    3161       0       0       0       0       0       001020201D   3153
     124       0       0       3       0                               0D   3154
     100    3164       0       0       0       0    3153       001010001D   3155
     100       0       0       1       0                               0D   3156
     102    3165       0       0       0       0       0       001010001D   3157
     102       0       0       1       0                               0D   3158
     142    3166       0       0       0       0       0       001010001D   3159
     142       0       0       1       0                               0D   3160
     144    3167       0       0   10000       0       0       000000000D   3161
     144       0       0       1       0                PartBody       0D   3162
     110    3168       0       0       0       0       0       001010001D   3163
     110       0       0       2       0                               0D   3164
     110    3170       0       0       0       0       0       001010001D   3165
     110       0       0       2       0                               0D   3166
     120    3172       0       0       0       0       0       001010001D   3167
     120       0       0       1       0                               0D   3168
     110    3173       0       0       0       0       0       001010001D   3169
     110       0       0       2       0                               0D   3170
     124    3175       0       0       0       0       0       001020201D   3171
     124       0       0       3       0                               0D   3172
     100    3178       0       0       0       0    3171       001010001D   3173
     100       0       0       1       0                               0D   3174
     110    3179       0       0       0       0       0       001010001D   3175
     110       0       0       2       0                               0D   3176
     124    3181       0       0       0       0       0       001020201D   3177
     124       0       0       3       0                               0D   3178
     100    3184       0       0       0       0    3177       001010001D   3179
     100       0       0       1       0                               0D   3180
     102    3185       0       0       0       0       0       001010001D   3181
     102       0       0       1       0                               0D   3182
     142    3186       0       0       0       0       0       001010001D   3183
     142       0       0       1       0                               0D   3184
     144    3187       0       0   10000       0       0       000000000D   3185
     144       0       0       1       0                PartBody       0D   3186
     110    3188       0       0       0       0       0       001010001D   3187
     110       0       0       2       0                               0D   3188
     110    3190       0       0       0       0       0       001010001D   3189
     110       0       0       2       0                               0D   3190
     120    3192       0       0       0       0       0       001010001D   3191
     120       0       0       1       0                               0D   3192
     110    3193       0       0       0       0       0       001010001D   3193
     110       0       0       2       0                               0D   3194
     124    3195       0       0       0       0       0       001020201D   3195
     124       0       0       3       0                               0D   3196
     100    3198       0       0       0       0    3195       001010001D   3197
     100       0       0       1       0                               0D   3198
     110    3199       0       0       0       0       0       001010001D   3199
     110       0       0       2       0                               0D   3200
     124    3201       0       0       0       0       0       001020201D   3201
     124       0       0       3       0                               0D   3202
     100    3204       0       0       0       0    3201       001010001D   3203
     100       0       0       1       0                               0D   3204
     102    3205       0       0       0       0       0       001010001D   3205
     102       0       0       1       0                               0D   3206
     142    3206       0       0       0       0       0       001010001D   3207
     142       0       0       1       0                               0D   3208
     144    3207       0       0   10000       0       0       000000000D   3209
     144       0       0       1       0                PartBody       0D   3210
     108    3208       0       0       0       0       0       001010001D   3211
     108       0       0       2       0                               0D   3212
     110    3210       0       0       0       0       0       001010001D   3213
     110       0       0       2       0                               0D   3214
     110    3212       0       0       0       0       0       001010001D   3215
     110       0       0       2       0                               0D   3216
     110    3214       0       0       0       0       0       001010001D   3217
     110       0       0       2       0                               0D   3218
     110    3216       0       0       0       0       0       001010001D   3219
     110       0       0       2       0                               0D   3220
     102    3218       0       0       0       0       0       001010001D   3221
     102       0       0       1       0                               0D   3222
     142    3219       0       0       0       0       0       001010001D   3223
     142       0       0       1       0                               0D   3224
     144    3220       0       0   10000       0       0       000000000D   3225
     144       0       0       1       0                PartBody       0D   3226
     110    3221       0       0       0       0       0       001010001D   3227
     110       0       0       2       0                               0D   3228
     110    3223       0       0       0       0       0       001010001D   3229
     110       0       0       2       0                               0D   3230
     120    3225       0       0       0       0       0       001010001D   3231
     120       0       0       1       0                               0D   3232
     110    3226       0       0       0       0       0       001010001D   3233
     110       0       0       2       0                               0D   3234
     124    3228       0       0       0       0       0       001020201D   3235
     124       0       0       3       0                               0D   3236
     100    3231       0       0       0       0    3235       001010001D   3237
     100       0       0       1       0                               0D   3238
     110    3232       0       0       0       0       0       001010001D   3239
     110       0       0       2       0                               0D   3240
     124    3234       0       0       0       0       0       001020201D   3241
     124       0       0       3       0                               0D   3242
     100    3237       0       0       0       0    3241       001010001D   3243
     100       0       0       1       0                               0D   3244
     102    3238       0       0       0       0       0       001010001D   3245
     102       0       0       1       0                               0D   3246
     142    3239       0       0       0       0       0       001010001D   3247
     142       0       0       1       0                               0D   3248
     144    3240       0       0   10000       0       0       000000000D   3249
     144       0       0       1       0                PartBody       0D   3250
     108    3241       0       0       0       0       0       001010001D   3251
     108       0       0       2       0                               0D   3252
     126    3243       0       0       0       0       0       001010001D   3253
     126       0       0      15       0                               0D   3254
     110    3258       0       0       0       0       0       001010001D   3255
     110       0       0       2       0                               0D   3256
     110    3260       0       0       0       0       0       001010001D   3257
     110       0       0       2       0                               0D   3258
     110    3262       0       0       0       0       0       001010001D   3259
     110       0       0       2       0                               0D   3260
     126    3264       0       0       0       0       0       001010001D   3261
     126       0       0      15       0                               0D   3262
     110    3279       0       0       0       0       0       001010001D   3263
     110       0       0       2       0                               0D   3264
     102    3281       0       0       0       0       0       001010001D   3265
     102       0       0       1       0                               0D   3266
     142    3282       0       0       0       0       0       001010001D   3267
     142       0       0       1       0                               0D   3268
     110    3283       0       0       0       0       0       001010001D   3269
     110       0       0       2       0                               0D   3270
     124    3285       0       0       0       0       0       001020201D   3271
     124       0       0       3       0                               0D   3272
     100    3288       0       0       0       0    3271       001010001D   3273
     100       0       0       1       0                               0D   3274
     110    3289       0       0       0       0       0       001010001D   3275
     110       0       0       2       0                               0D   3276
     124    3291       0       0       0       0       0       001020201D   3277
     124       0       0       3       0                               0D   3278
     100    3294       0       0       0       0    3277       001010001D   3279
     100       0       0       1       0                               0D   3280
     110    3295       0       0       0       0       0       001010001D   3281
     110       0       0       2       0                               0D   3282
     124    3297       0       0       0       0       0       001020201D   3283
     124       0       0       3       0                               0D   3284
     100    3300       0       0       0       0    3283       001010001D   3285
     100       0       0       1       0                               0D   3286
     110    3301       0       0       0       0       0       001010001D   3287
     110       0       0       2       0                               0D   3288
     124    3303       0       0       0       0       0       001020201D   3289
     124       0       0       3       0                               0D   3290
     100    3306       0       0       0       0    3289       001010001D   3291
     100       0       0       1       0                               0D   3292
     102    3307       0       0       0       0       0       001010001D   3293
     102       0       0       1       0                               0D   3294
     142    3308       0       0       0       0       0       001010001D   3295
     142       0       0       1       0                               0D   3296
     144    3309       0       0   10000       0       0       000000000D   3297
     144       0       0       1       0                PartBody       0D   3298
     108    3310       0       0       0       0       0       001010001D   3299
     108       0       0       2       0                               0D   3300
     110    3312       0       0       0       0       0       001010001D   3301
     110       0       0       2       0                               0D   3302
     110    3314       0       0       0       0       0       001010001D   3303
     110       0       0       2       0                               0D   3304
     110    3316       0       0       0       0       0       001010001D   3305
     110       0       0       2       0                               0D   3306
     110    3318       0       0       0       0       0       001010001D   3307
     110       0       0       2       0                               0D   3308
     102    3320       0       0       0       0       0       001010001D   3309
     102       0       0       1       0                               0D   3310
     142    3321       0       0       0       0       0       001010001D   3311
     142       0       0       1       0                               0D   3312
     144    3322       0       0   10000       0       0       000000000D   3313
     144       0       0       1       0                PartBody       0D   3314
     108    3323       0       0       0       0       0       001010001D   3315
     108       0       0       2       0                               0D   3316
     110    3325       0       0       0       0       0       001010001D   3317
     110       0       0       2       0                               0D   3318
     110    3327       0       0       0       0       0       001010001D   3319
     110       0       0       2       0                               0D   3320
     110    3329       0       0       0       0       0       001010001D   3321
     110       0       0       2       0                               0D   3322
     110    3331       0       0       0       0       0       001010001D   3323
     110       0       0       2       0                               0D   3324
     102    3333       0       0       0       0       0       001010001D   3325
     102       0       0       1       0                               0D   3326
     142    3334       0       0       0       0       0       001010001D   3327
     142       0       0       1       0                               0D   3328
     144    3335       0       0   10000       0       0       000000000D   3329
     144       0       0       1       0                PartBody       0D   3330
     110    3336       0       0       0       0       0       001010001D   3331
     110       0       0       2       0                               0D   3332
     110    3338       0       0       0       0       0       001010001D   3333
     110       0       0       2       0                               0D   3334
     120    3340       0       0       0       0       0       001010001D   3335
     120       0       0       1       0                               0D   3336
     110    3341       0       0       0       0       0       001010001D   3337
     110       0       0       2       0                               0D   3338
     124    3343       0       0       0       0       0       001020201D   3339
     124       0       0       3       0                               0D   3340
     100    3346       0       0       0       0    3339       001010001D   3341
     100       0       0       1       0                               0D   3342
     110    3347       0       0       0       0       0       001010001D   3343
     110       0       0       2       0                               0D   3344
     124    3349       0       0       0       0       0       001020201D   3345
     124       0       0       3       0                               0D   3346
     100    3352       0       0       0       0    3345       001010001D   3347
     100       0       0       1       0                               0D   3348
     102    3353       0       0       0       0       0       001010001D   3349
     102       0       0       1       0                               0D   3350
     142    3354       0       0       0       0       0       001010001D   3351
     142       0       0       1       0                               0D   3352
     144    3355       0       0   10000       0       0       000000000D   3353
     144       0       0       1       0                PartBody       0D   3354
     110    3356       0       0       0       0       0       001010001D   3355
     110       0       0       2       0                               0D   3356
     110    3358       0       0       0       0       0       001010001D   3357
     110       0       0       2       0                               0D   3358
     120    3360       0       0       0       0       0       001010001D   3359
     120       0       0       1       0                               0D   3360
     110    3361       0       0       0       0       0       001010001D   3361
     110       0       0       2       0                               0D   3362
     124    3363       0       0       0       0       0       001020201D   3363
     124       0       0       3       0                               0D   3364
     100    3366       0       0       0       0    3363       001010001D   3365
     100       0       0       1       0                               0D   3366
     110    3367       0       0       0       0       0       001010001D   3367
     110       0       0       2       0                               0D   3368
     124    3369       0       0       0       0       0       001020201D   3369
     124       0       0       3       0                               0D   3370
     100    3372       0       0       0       0    3369       001010001D   3371
     100       0       0       1       0                               0D   3372
     102    3373       0       0       0       0       0       001010001D   3373
     102       0       0       1       0                               0D   3374
     142    3374       0       0       0       0       0       001010001D   3375
     142       0       0       1       0                               0D   3376
     144    3375       0       0   10000       0       0       000000000D   3377
     144       0       0       1       0                PartBody       0D   3378
     108    3376       0       0       0       0       0       001010001D   3379
     108       0       0       2       0                               0D   3380
     110    3378       0       0       0       0       0       001010001D   3381
     110       0       0       2       0                               0D   3382
     110    3380       0       0       0       0       0       001010001D   3383
     110       0       0       2       0                               0D   3384
     110    3382       0       0       0       0       0       001010001D   3385
     110       0       0       2       0                               0D   3386
     110    3384       0       0       0       0       0       001010001D   3387
     110       0       0       2       0                               0D   3388
     102    3386       0       0       0       0       0       001010001D   3389
     102       0       0       1       0                               0D   3390
     142    3387       0       0       0       0       0       001010001D   3391
     142       0       0       1       0                               0D   3392
     144    3388       0       0   10000       0       0       000000000D   3393
     144       0       0       1       0                PartBody       0D   3394
     108    3389       0       0       0       0       0       001010001D   3395
     108       0       0       2       0                               0D   3396
     110    3391       0       0       0       0       0       001010001D   3397
     110       0       0       2       0                               0D   3398
     110    3393       0       0       0       0       0       001010001D   3399
     110       0       0       2       0                               0D   3400
     124    3395       0       0       0       0       0       001020201D   3401
     124       0       0       3       0                               0D   3402
     100    3398       0       0       0       0    3401       001010001D   3403
     100       0       0       1       0                               0D   3404
     110    3399       0       0       0       0       0       001010001D   3405
     110       0       0       2       0                               0D   3406
     124    3401       0       0       0       0       0       001020201D   3407
     124       0       0       3       0                               0D   3408
     100    3404       0       0       0       0    3407       001010001D   3409
     100       0       0       1       0                               0D   3410
     110    3405       0       0       0       0       0       001010001D   3411
     110       0       0       2       0                               0D   3412
     102    3407       0       0       0       0       0       001010001D   3413
     102       0       0       1       0                               0D   3414
     142    3408       0       0       0       0       0       001010001D   3415
     142       0       0       1       0                               0D   3416
     144    3409       0       0   10000       0       0       000000000D   3417
     144       0       0       1       0                PartBody       0D   3418
     108    3410       0       0       0       0       0       001010001D   3419
     108       0       0       2       0                               0D   3420
     110    3412       0       0       0       0       0       001010001D   3421
     110       0       0       2       0                               0D   3422
     110    3414       0       0       0       0       0       001010001D   3423
     110       0       0       2       0                               0D   3424
     110    3416       0       0       0       0       0       001010001D   3425
     110       0       0       2       0                               0D   3426
     110    3418       0       0       0       0       0       001010001D   3427
     110       0       0       2       0                               0D   3428
     102    3420       0       0       0       0       0       001010001D   3429
     102       0       0       1       0                               0D   3430
     142    3421       0       0       0       0       0       001010001D   3431
     142       0       0       1       0                               0D   3432
     144    3422       0       0   10000       0       0       000000000D   3433
     144       0       0       1       0                PartBody       0D   3434
     108    3423       0       0       0       0       0       001010001D   3435
     108       0       0       2       0                               0D   3436
     110    3425       0       0       0       0       0       001010001D   3437
     110       0       0       2       0                               0D   3438
     124    3427       0       0       0       0       0       001020201D   3439
     124       0       0       3       0                               0D   3440
     100    3430       0       0       0       0    3439       001010001D   3441
     100       0       0       1       0                               0D   3442
     110    3431       0       0       0       0       0       001010001D   3443
     110       0       0       2       0                               0D   3444
     124    3433       0       0       0       0       0       001020201D   3445
     124       0       0       3       0                               0D   3446
     100    3436       0       0       0       0    3445       001010001D   3447
     100       0       0       1       0                               0D   3448
     110    3437       0       0       0       0       0       001010001D   3449
     110       0       0       2       0                               0D   3450
     110    3439       0       0       0       0       0       001010001D   3451
     110       0       0       2       0                               0D   3452
     102    3441       0       0       0       0       0       001010001D   3453
     102       0       0       1       0                               0D   3454
     142    3442       0       0       0       0       0       001010001D   3455
     142       0       0       1       0                               0D   3456
     144    3443       0       0   10000       0       0       000000000D   3457
     144       0       0       1       0                PartBody       0D   3458
     110    3444       0       0       0       0       0       001010001D   3459
     110       0       0       2       0                               0D   3460
     110    3446       0       0       0       0       0       001010001D   3461
     110       0       0       2       0                               0D   3462
     120    3448       0       0       0       0       0       001010001D   3463
     120       0       0       1       0                               0D   3464
     110    3449       0       0       0       0       0       001010001D   3465
     110       0       0       2       0                               0D   3466
     124    3451       0       0       0       0       0       001020201D   3467
     124       0       0       3       0                               0D   3468
     100    3454       0       0       0       0    3467       001010001D   3469
     100       0       0       1       0                               0D   3470
     110    3455       0       0       0       0       0       001010001D   3471
     110       0       0       2       0                               0D   3472
     124    3457       0       0       0       0       0       001020201D   3473
     124       0       0       3       0                               0D   3474
     100    3460       0       0       0       0    3473       001010001D   3475
     100       0       0       1       0                               0D   3476
     102    3461       0       0       0       0       0       001010001D   3477
     102       0       0       1       0                               0D   3478
     142    3462       0       0       0       0       0       001010001D   3479
     142       0       0       1       0                               0D   3480
     144    3463       0       0   10000       0       0       000000000D   3481
     144       0       0       1       0                PartBody       0D   3482
     108    3464       0       0       0       0       0       001010001D   3483
     108       0       0       2       0                               0D   3484
     110    3466       0       0       0       0       0       001010001D   3485
     110       0       0       2       0                               0D   3486
     110    3468       0       0       0       0       0       001010001D   3487
     110       0       0       2       0                               0D   3488
     110    3470       0       0       0       0       0       001010001D   3489
     110       0       0       2       0                               0D   3490
     110    3472       0       0       0       0       0       001010001D   3491
     110       0       0       2       0                               0D   3492
     102    3474       0       0       0       0       0       001010001D   3493
     102       0       0       1       0                               0D   3494
     142    3475       0       0       0       0       0       001010001D   3495
     142       0       0       1       0                               0D   3496
     144    3476       0       0   10000       0       0       000000000D   3497
     144       0       0       1       0                PartBody       0D   3498
     110    3477       0       0       0       0       0       001010001D   3499
     110       0       0       2       0                               0D   3500
     110    3479       0       0       0       0       0       001010001D   3501
     110       0       0       2       0                               0D   3502
     120    3481       0       0       0       0       0       001010001D   3503
     120       0       0       1       0                               0D   3504
     110    3482       0       0       0       0       0       001010001D   3505
     110       0       0       2       0                               0D   3506
     124    3484       0       0       0       0       0       001020201D   3507
     124       0       0       3       0                               0D   3508
     100    3487       0       0       0       0    3507       001010001D   3509
     100       0       0       1       0                               0D   3510
     110    3488       0       0       0       0       0       001010001D   3511
     110       0       0       2       0                               0D   3512
     124    3490       0       0       0       0       0       001020201D   3513
     124       0       0       3       0                               0D   3514
     100    3493       0       0       0       0    3513       001010001D   3515
     100       0       0       1       0                               0D   3516
     102    3494       0       0       0       0       0       001010001D   3517
     102       0       0       1       0                               0D   3518
     142    3495       0       0       0       0       0       001010001D   3519
     142       0       0       1       0                               0D   3520
     144    3496       0       0   10000       0       0       000000000D   3521
     144       0       0       1       0                PartBody       0D   3522
     110    3497       0       0       0       0       0       001010001D   3523
     110       0       0       2       0                               0D   3524
     110    3499       0       0       0       0       0       001010001D   3525
     110       0       0       2       0                               0D   3526
     110    3501       0       0       0       0       0       001010001D   3527
     110       0       0       2       0                               0D   3528
     110    3503       0       0       0       0       0       001010001D   3529
     110       0       0       2       0                               0D   3530
     102    3505       0       0       0       0       0       001010001D   3531
     102       0       0       1       0                               0D   3532
     142    3506       0       0       0       0       0       001010001D   3533
     142       0       0       1       0                               0D   3534
     144    3507       0       0   10000       0       0       000000000D   3535
     144       0       0       1       0                PartBody       0D   3536
     110    3508       0       0       0       0       0       001010001D   3537
     110       0       0       2       0                               0D   3538
     110    3510       0       0       0       0       0       001010001D   3539
     110       0       0       2       0                               0D   3540
     124    3512       0       0       0       0       0       001020201D   3541
     124       0       0       3       0                               0D   3542
     100    3515       0       0       0       0    3541       001010001D   3543
     100       0       0       1       0                               0D   3544
     110    3516       0       0       0       0       0       001010001D   3545
     110       0       0       2       0                               0D   3546
     124    3518       0       0       0       0       0       001020201D   3547
     124       0       0       3       0                               0D   3548
     100    3521       0       0       0       0    3547       001010001D   3549
     100       0       0       1       0                               0D   3550
     110    3522       0       0       0       0       0       001010001D   3551
     110       0       0       2       0                               0D   3552
     102    3524       0       0       0       0       0       001010001D   3553
     102       0       0       1       0                               0D   3554
     142    3525       0       0       0       0       0       001010001D   3555
     142       0       0       1       0                               0D   3556
     144    3526       0       0   10000       0       0       000000000D   3557
     144       0       0       1       0                PartBody       0D   3558
     108    3527       0       0       0       0       0       001010001D   3559
     108       0       0       2       0                               0D   3560
     110    3529       0       0       0       0       0       001010001D   3561
     110       0       0       2       0                               0D   3562
     110    3531       0       0       0       0       0       001010001D   3563
     110       0       0       2       0                               0D   3564
     110    3533       0       0       0       0       0       001010001D   3565
     110       0       0       2       0                               0D   3566
     110    3535       0       0       0       0       0       001010001D   3567
     110       0       0       2       0                               0D   3568
     102    3537       0       0       0       0       0       001010001D   3569
     102       0       0       1       0                               0D   3570
     142    3538       0       0       0       0       0       001010001D   3571
     142       0       0       1       0                               0D   3572
     144    3539       0       0   10000       0       0       000000000D   3573
     144       0       0       1       0                PartBody       0D   3574
     110    3540       0       0       0       0       0       001010001D   3575
     110       0       0       2       0                               0D   3576
     124    3542       0       0       0       0       0       001020201D   3577
     124       0       0       3       0                               0D   3578
     100    3545       0       0       0       0    3577       001010001D   3579
     100       0       0       1       0                               0D   3580
     110    3546       0       0       0       0       0       001010001D   3581
     110       0       0       2       0                               0D   3582
     124    3548       0       0       0       0       0       001020201D   3583
     124       0       0       3       0                               0D   3584
     100    3551       0       0       0       0    3583       001010001D   3585
     100       0       0       1       0                               0D   3586
     110    3552       0       0       0       0       0       001010001D   3587
     110       0       0       2       0                               0D   3588
     110    3554       0       0       0       0       0       001010001D   3589
     110       0       0       2       0                               0D   3590
     102    3556       0       0       0       0       0       001010001D   3591
     102       0       0       1       0                               0D   3592
     142    3557       0       0       0       0       0       001010001D   3593
     142       0       0       1       0                               0D   3594
     144    3558       0       0   10000       0       0       000000000D   3595
     144       0       0       1       0                PartBody       0D   3596
     110    3559       0       0       0       0       0       001010001D   3597
     110       0       0       2       0                               0D   3598
     110    3561       0       0       0       0       0       001010001D   3599
     110       0       0       2       0                               0D   3600
     120    3563       0       0       0       0       0       001010001D   3601
     120       0       0       1       0                               0D   3602
     110    3564       0       0       0       0       0       001010001D   3603
     110       0       0       2       0                               0D   3604
     124    3566       0       0       0       0       0       001020201D   3605
     124       0       0       3       0                               0D   3606
     100    3569       0       0       0       0    3605       001010001D   3607
     100       0       0       1       0                               0D   3608
     110    3570       0       0       0       0       0       001010001D   3609
     110       0       0       2       0                               0D   3610
     124    3572       0       0       0       0       0       001020201D   3611
     124       0       0       3       0                               0D   3612
     100    3575       0       0       0       0    3611       001010001D   3613
     100       0       0       1       0                               0D   3614
     102    3576       0       0       0       0       0       001010001D   3615
     102       0       0       1       0                               0D   3616
     142    3577       0       0       0       0       0       001010001D   3617
     142       0       0       1       0                               0D   3618
     144    3578       0       0   10000       0       0       000000000D   3619
     144       0       0       1       0                PartBody       0D   3620
     110    3579       0       0       0       0       0       001010001D   3621
     110       0       0       2       0                               0D   3622
     110    3581       0       0       0       0       0       001010001D   3623
     110       0       0       2       0                               0D   3624
     110    3583       0       0       0       0       0       001010001D   3625
     110       0       0       2       0                               0D   3626
     110    3585       0       0       0       0       0       001010001D   3627
     110       0       0       2       0                               0D   3628
     102    3587       0       0       0       0       0       001010001D   3629
     102       0       0       1       0                               0D   3630
     142    3588       0       0       0       0       0       001010001D   3631
     142       0       0       1       0                               0D   3632
     144    3589       0       0   10000       0       0       000000000D   3633
     144       0       0       1       0                PartBody       0D   3634
     108    3590       0       0       0       0       0       001010001D   3635
     108       0       0       2       0                               0D   3636
     110    3592       0       0       0       0       0       001010001D   3637
     110       0       0       2       0                               0D   3638
     110    3594       0       0       0       0       0       001010001D   3639
     110       0       0       2       0                               0D   3640
     110    3596       0       0       0       0       0       001010001D   3641
     110       0       0       2       0                               0D   3642
     110    3598       0       0       0       0       0       001010001D   3643
     110       0       0       2       0                               0D   3644
     102    3600       0       0       0       0       0       001010001D   3645
     102       0       0       1       0                               0D   3646
     142    3601       0       0       0       0       0       001010001D   3647
     142       0       0       1       0                               0D   3648
     110    3602       0       0       0       0       0       001010001D   3649
     110       0       0       2       0                               0D   3650
     110    3604       0       0       0       0       0       001010001D   3651
     110       0       0       2       0                               0D   3652
     110    3606       0       0       0       0       0       001010001D   3653
     110       0       0       2       0                               0D   3654
     110    3608       0       0       0       0       0       001010001D   3655
     110       0       0       2       0                               0D   3656
     102    3610       0       0       0       0       0       001010001D   3657
     102       0       0       1       0                               0D   3658
     142    3611       0       0       0       0       0       001010001D   3659
     142       0       0       1       0                               0D   3660
     110    3612       0       0       0       0       0       001010001D   3661
     110       0       0       2       0                               0D   3662
     110    3614       0       0       0       0       0       001010001D   3663
     110       0       0       2       0                               0D   3664
     110    3616       0       0       0       0       0       001010001D   3665
     110       0       0       2       0                               0D   3666
     110    3618       0       0       0       0       0       001010001D   3667
     110       0       0       2       0                               0D   3668
     102    3620       0       0       0       0       0       001010001D   3669
     102       0       0       1       0                               0D   3670
     142    3621       0       0       0       0       0       001010001D   3671
     142       0       0       1       0                               0D   3672
     110    3622       0       0       0       0       0       001010001D   3673
     110       0       0       2       0                               0D   3674
     110    3624       0       0       0       0       0       001010001D   3675
     110       0       0       2       0                               0D   3676
     110    3626       0       0       0       0       0       001010001D   3677
     110       0       0       2       0                               0D   3678
     110    3628       0       0       0       0       0       001010001D   3679
     110       0       0       2       0                               0D   3680
     102    3630       0       0       0       0       0       001010001D   3681
     102       0       0       1       0                               0D   3682
     142    3631       0       0       0       0       0       001010001D   3683
     142       0       0       1       0                               0D   3684
     110    3632       0       0       0       0       0       001010001D   3685
     110       0       0       2       0                               0D   3686
     110    3634       0       0       0       0       0       001010001D   3687
     110       0       0       2       0                               0D   3688
     110    3636       0       0       0       0       0       001010001D   3689
     110       0       0       2       0                               0D   3690
     110    3638       0       0       0       0       0       001010001D   3691
     110       0       0       2       0                               0D   3692
     102    3640       0       0       0       0       0       001010001D   3693
     102       0       0       1       0                               0D   3694
     142    3641       0       0       0       0       0       001010001D   3695
     142       0       0       1       0                               0D   3696
     144    3642       0       0   10000       0       0       000000000D   3697
     144       0       0       1       0                PartBody       0D   3698
     108    3643       0       0       0       0       0       001010001D   3699
     108       0       0       2       0                               0D   3700
     110    3645       0       0       0       0       0       001010001D   3701
     110       0       0       2       0                               0D   3702
     110    3647       0       0       0       0       0       001010001D   3703
     110       0       0       2       0                               0D   3704
     110    3649       0       0       0       0       0       001010001D   3705
     110       0       0       2       0                               0D   3706
     110    3651       0       0       0       0       0       001010001D   3707
     110       0       0       2       0                               0D   3708
     102    3653       0       0       0       0       0       001010001D   3709
     102       0       0       1       0                               0D   3710
     142    3654       0       0       0       0       0       001010001D   3711
     142       0       0       1       0                               0D   3712
     110    3655       0       0       0       0       0       001010001D   3713
     110       0       0       2       0                               0D   3714
     110    3657       0       0       0       0       0       001010001D   3715
     110       0       0       2       0                               0D   3716
     110    3659       0       0       0       0       0       001010001D   3717
     110       0       0       2       0                               0D   3718
     110    3661       0       0       0       0       0       001010001D   3719
     110       0       0       2       0                               0D   3720
     102    3663       0       0       0       0       0       001010001D   3721
     102       0       0       1       0                               0D   3722
     142    3664       0       0       0       0       0       001010001D   3723
     142       0       0       1       0                               0D   3724
     110    3665       0       0       0       0       0       001010001D   3725
     110       0       0       2       0                               0D   3726
     110    3667       0       0       0       0       0       001010001D   3727
     110       0       0       2       0                               0D   3728
     110    3669       0       0       0       0       0       001010001D   3729
     110       0       0       2       0                               0D   3730
     110    3671       0       0       0       0       0       001010001D   3731
     110       0       0       2       0                               0D   3732
     102    3673       0       0       0       0       0       001010001D   3733
     102       0       0       1       0                               0D   3734
     142    3674       0       0       0       0       0       001010001D   3735
     142       0       0       1       0                               0D   3736
     110    3675       0       0       0       0       0       001010001D   3737
     110       0       0       2       0                               0D   3738
     110    3677       0       0       0       0       0       001010001D   3739
     110       0       0       2       0                               0D   3740
     110    3679       0       0       0       0       0       001010001D   3741
     110       0       0       2       0                               0D   3742
     110    3681       0       0       0       0       0       001010001D   3743
     110       0       0       2       0                               0D   3744
     102    3683       0       0       0       0       0       001010001D   3745
     102       0       0       1       0                               0D   3746
     142    3684       0       0       0       0       0       001010001D   3747
     142       0       0       1       0                               0D   3748
     110    3685       0       0       0       0       0       001010001D   3749
     110       0       0       2       0                               0D   3750
     110    3687       0       0       0       0       0       001010001D   3751
     110       0       0       2       0                               0D   3752
     110    3689       0       0       0       0       0       001010001D   3753
     110       0       0       2       0                               0D   3754
     110    3691       0       0       0       0       0       001010001D   3755
     110       0       0       2       0                               0D   3756
     102    3693       0       0       0       0       0       001010001D   3757
     102       0       0       1       0                               0D   3758
     142    3694       0       0       0       0       0       001010001D   3759
     142       0       0       1       0                               0D   3760
     144    3695       0       0   10000       0       0       000000000D   3761
     144       0       0       1       0                PartBody       0D   3762
     110    3696       0       0       0       0       0       001010001D   3763
     110       0       0       2       0                               0D   3764
     110    3698       0       0       0       0       0       001010001D   3765
     110       0       0       2       0                               0D   3766
     120    3700       0       0       0       0       0       001010001D   3767
     120       0       0       1       0                               0D   3768
     110    3701       0       0       0       0       0       001010001D   3769
     110       0       0       2       0                               0D   3770
     124    3703       0       0       0       0       0       001020201D   3771
     124       0       0       3       0                               0D   3772
     100    3706       0       0       0       0    3771       001010001D   3773
     100       0       0       1       0                               0D   3774
     110    3707       0       0       0       0       0       001010001D   3775
     110       0       0       2       0                               0D   3776
     124    3709       0       0       0       0       0       001020201D   3777
     124       0       0       3       0                               0D   3778
     100    3712       0       0       0       0    3777       001010001D   3779
     100       0       0       1       0                               0D   3780
     102    3713       0       0       0       0       0       001010001D   3781
     102       0       0       1       0                               0D   3782
     142    3714       0       0       0       0       0       001010001D   3783
     142       0       0       1       0                               0D   3784
     144    3715       0       0   10000       0       0       000000000D   3785
     144       0       0       1       0                PartBody       0D   3786
     110    3716       0       0       0       0       0       001010001D   3787
     110       0       0       2       0                               0D   3788
     110    3718       0       0       0       0       0       001010001D   3789
     110       0       0       2       0                               0D   3790
     110    3720       0       0       0       0       0       001010001D   3791
     110       0       0       2       0                               0D   3792
     110    3722       0       0       0       0       0       001010001D   3793
     110       0       0       2       0                               0D   3794
     102    3724       0       0       0       0       0       001010001D   3795
     102       0       0       1       0                               0D   3796
     142    3725       0       0       0       0       0       001010001D   3797
     142       0       0       1       0                               0D   3798
     144    3726       0       0   10000       0       0       000000000D   3799
     144       0       0       1       0                PartBody       0D   3800
     108    3727       0       0       0       0       0       001010001D   3801
     108       0       0       2       0                               0D   3802
     110    3729       0       0       0       0       0       001010001D   3803
     110       0       0       2       0                               0D   3804
     110    3731       0       0       0       0       0       001010001D   3805
     110       0       0       2       0                               0D   3806
     124    3733       0       0       0       0       0       001020201D   3807
     124       0       0       3       0                               0D   3808
     100    3736       0       0       0       0    3807       001010001D   3809
     100       0       0       1       0                               0D   3810
     110    3737       0       0       0       0       0       001010001D   3811
     110       0       0       2       0                               0D   3812
     124    3739       0       0       0       0       0       001020201D   3813
     124       0       0       3       0                               0D   3814
     100    3742       0       0       0       0    3813       001010001D   3815
     100       0       0       1       0                               0D   3816
     110    3743       0       0       0       0       0       001010001D   3817
     110       0       0       2       0                               0D   3818
     102    3745       0       0       0       0       0       001010001D   3819
     102       0       0       1       0                               0D   3820
     142    3746       0       0       0       0       0       001010001D   3821
     142       0       0       1       0                               0D   3822
     144    3747       0       0   10000       0       0       000000000D   3823
     144       0       0       1       0                PartBody       0D   3824
     108    3748       0       0       0       0       0       001010001D   3825
     108       0       0       2       0                               0D   3826
     110    3750       0       0       0       0       0       001010001D   3827
     110       0       0       2       0                               0D   3828
     110    3752       0       0       0       0       0       001010001D   3829
     110       0       0       2       0                               0D   3830
     110    3754       0       0       0       0       0       001010001D   3831
     110       0       0       2       0                               0D   3832
     110    3756       0       0       0       0       0       001010001D   3833
     110       0       0       2       0                               0D   3834
     102    3758       0       0       0       0       0       001010001D   3835
     102       0       0       1       0                               0D   3836
     142    3759       0       0       0       0       0       001010001D   3837
     142       0       0       1       0                               0D   3838
     144    3760       0       0   10000       0       0       000000000D   3839
     144       0       0       1       0                PartBody       0D   3840
     108    3761       0       0       0       0       0       001010001D   3841
     108       0       0       2       0                               0D   3842
     110    3763       0       0       0       0       0       001010001D   3843
     110       0       0       2       0                               0D   3844
     124    3765       0       0       0       0       0       001020201D   3845
     124       0       0       3       0                               0D   3846
     100    3768       0       0       0       0    3845       001010001D   3847
     100       0       0       1       0                               0D   3848
     110    3769       0       0       0       0       0       001010001D   3849
     110       0       0       2       0                               0D   3850
     124    3771       0       0       0       0       0       001020201D   3851
     124       0       0       3       0                               0D   3852
     100    3774       0       0       0       0    3851       001010001D   3853
     100       0       0       1       0                               0D   3854
     110    3775       0       0       0       0       0       001010001D   3855
     110       0       0       2       0                               0D   3856
     110    3777       0       0       0       0       0       001010001D   3857
     110       0       0       2       0                               0D   3858
     102    3779       0       0       0       0       0       001010001D   3859
     102       0       0       1       0                               0D   3860
     142    3780       0       0       0       0       0       001010001D   3861
     142       0       0       1       0                               0D   3862
     144    3781       0       0   10000       0       0       000000000D   3863
     144       0       0       1       0                PartBody       0D   3864
     110    3782       0       0       0       0       0       001010001D   3865
     110       0       0       2       0                               0D   3866
     110    3784       0       0       0       0       0       001010001D   3867
     110       0       0       2       0                               0D   3868
     120    3786       0       0       0       0       0       001010001D   3869
     120       0       0       1       0                               0D   3870
     110    3787       0       0       0       0       0       001010001D   3871
     110       0       0       2       0                               0D   3872
     124    3789       0       0       0       0       0       001020201D   3873
     124       0       0       3       0                               0D   3874
     100    3792       0       0       0       0    3873       001010001D   3875
     100       0       0       1       0                               0D   3876
     110    3793       0       0       0       0       0       001010001D   3877
     110       0       0       2       0                               0D   3878
     124    3795       0       0       0       0       0       001020201D   3879
     124       0       0       3       0                               0D   3880
     100    3798       0       0       0       0    3879       001010001D   3881
     100       0       0       1       0                               0D   3882
     102    3799       0       0       0       0       0       001010001D   3883
     102       0       0       1       0                               0D   3884
     142    3800       0       0       0       0       0       001010001D   3885
     142       0       0       1       0                               0D   3886
     144    3801       0       0   10000       0       0       000000000D   3887
     144       0       0       1       0                PartBody       0D   3888
     110    3802       0       0       0       0       0       001010001D   3889
     110       0       0       2       0                               0D   3890
     110    3804       0       0       0       0       0       001010001D   3891
     110       0       0       2       0                               0D   3892
     110    3806       0       0       0       0       0       001010001D   3893
     110       0       0       2       0                               0D   3894
     110    3808       0       0       0       0       0       001010001D   3895
     110       0       0       2       0                               0D   3896
     102    3810       0       0       0       0       0       001010001D   3897
     102       0       0       1       0                               0D   3898
     142    3811       0       0       0       0       0       001010001D   3899
     142       0       0       1       0                               0D   3900
     144    3812       0       0   10000       0       0       000000000D   3901
     144       0       0       1       0                PartBody       0D   3902
     110    3813       0       0       0       0       0       001010001D   3903
     110       0       0       2       0                               0D   3904
     110    3815       0       0       0       0       0       001010001D   3905
     110       0       0       2       0                               0D   3906
     120    3817       0       0       0       0       0       001010001D   3907
     120       0       0       1       0                               0D   3908
     110    3818       0       0       0       0       0       001010001D   3909
     110       0       0       2       0                               0D   3910
     124    3820       0       0       0       0       0       001020201D   3911
     124       0       0       3       0                               0D   3912
     100    3823       0       0       0       0    3911       001010001D   3913
     100       0       0       1       0                               0D   3914
     110    3824       0       0       0       0       0       001010001D   3915
     110       0       0       2       0                               0D   3916
     124    3826       0       0       0       0       0       001020201D   3917
     124       0       0       3       0                               0D   3918
     100    3829       0       0       0       0    3917       001010001D   3919
     100       0       0       1       0                               0D   3920
     102    3830       0       0       0       0       0       001010001D   3921
     102       0       0       1       0                               0D   3922
     142    3831       0       0       0       0       0       001010001D   3923
     142       0       0       1       0                               0D   3924
     144    3832       0       0   10000       0       0       000000000D   3925
     144       0       0       1       0                PartBody       0D   3926
     110    3833       0       0       0       0       0       001010001D   3927
     110       0       0       2       0                               0D   3928
     110    3835       0       0       0       0       0       001010001D   3929
     110       0       0       2       0                               0D   3930
     110    3837       0       0       0       0       0       001010001D   3931
     110       0       0       2       0                               0D   3932
     110    3839       0       0       0       0       0       001010001D   3933
     110       0       0       2       0                               0D   3934
     102    3841       0       0       0       0       0       001010001D   3935
     102       0       0       1       0                               0D   3936
     142    3842       0       0       0       0       0       001010001D   3937
     142       0       0       1       0                               0D   3938
     144    3843       0       0   10000       0       0       000000000D   3939
     144       0       0       1       0                PartBody       0D   3940
     108    3844       0       0       0       0       0       001010001D   3941
     108       0       0       2       0                               0D   3942
     110    3846       0       0       0       0       0       001010001D   3943
     110       0       0       2       0                               0D   3944
     110    3848       0       0       0       0       0       001010001D   3945
     110       0       0       2       0                               0D   3946
     124    3850       0       0       0       0       0       001020201D   3947
     124       0       0       3       0                               0D   3948
     100    3853       0       0       0       0    3947       001010001D   3949
     100       0       0       1       0                               0D   3950
     110    3854       0       0       0       0       0       001010001D   3951
     110       0       0       2       0                               0D   3952
     124    3856       0       0       0       0       0       001020201D   3953
     124       0       0       3       0                               0D   3954
     100    3859       0       0       0       0    3953       001010001D   3955
     100       0       0       1       0                               0D   3956
     110    3860       0       0       0       0       0       001010001D   3957
     110       0       0       2       0                               0D   3958
     102    3862       0       0       0       0       0       001010001D   3959
     102       0       0       1       0                               0D   3960
     142    3863       0       0       0       0       0       001010001D   3961
     142       0       0       1       0                               0D   3962
     144    3864       0       0   10000       0       0       000000000D   3963
     144       0       0       1       0                PartBody       0D   3964
     108    3865       0       0       0       0       0       001010001D   3965
     108       0       0       2       0                               0D   3966
     110    3867       0       0       0       0       0       001010001D   3967
     110       0       0       2       0                               0D   3968
     110    3869       0       0       0       0       0       001010001D   3969
     110       0       0       2       0                               0D   3970
     110    3871       0       0       0       0       0       001010001D   3971
     110       0       0       2       0                               0D   3972
     110    3873       0       0       0       0       0       001010001D   3973
     110       0       0       2       0                               0D   3974
     102    3875       0       0       0       0       0       001010001D   3975
     102       0       0       1       0                               0D   3976
     142    3876       0       0       0       0       0       001010001D   3977
     142       0       0       1       0                               0D   3978
     144    3877       0       0   10000       0       0       000000000D   3979
     144       0       0       1       0                PartBody       0D   3980
     108    3878       0       0       0       0       0       001010001D   3981
     108       0       0       2       0                               0D   3982
     110    3880       0       0       0       0       0       001010001D   3983
     110       0       0       2       0                               0D   3984
     124    3882       0       0       0       0       0       001020201D   3985
     124       0       0       3       0                               0D   3986
     100    3885       0       0       0       0    3985       001010001D   3987
     100       0       0       1       0                               0D   3988
     110    3886       0       0       0       0       0       001010001D   3989
     110       0       0       2       0                               0D   3990
     124    3888       0       0       0       0       0       001020201D   3991
     124       0       0       3       0                               0D   3992
     100    3891       0       0       0       0    3991       001010001D   3993
     100       0       0       1       0                               0D   3994
     110    3892       0       0       0       0       0       001010001D   3995
     110       0       0       2       0                               0D   3996
     110    3894       0       0       0       0       0       001010001D   3997
     110       0       0       2       0                               0D   3998
     102    3896       0       0       0       0       0       001010001D   3999
     102       0       0       1       0                               0D   4000
     142    3897       0       0       0       0       0       001010001D   4001
     142       0       0       1       0                               0D   4002
     144    3898       0       0   10000       0       0       000000000D   4003
     144       0       0       1       0                PartBody       0D   4004
     110    3899       0       0       0       0       0       001010001D   4005
     110       0       0       2       0                               0D   4006
     110    3901       0       0       0       0       0       001010001D   4007
     110       0       0       2       0                               0D   4008
     120    3903       0       0       0       0       0       001010001D   4009
     120       0       0       1       0                               0D   4010
     110    3904       0       0       0       0       0       001010001D   4011
     110       0       0       2       0                               0D   4012
     124    3906       0       0       0       0       0       001020201D   4013
     124       0       0       3       0                               0D   4014
     100    3909       0       0       0       0    4013       001010001D   4015
     100       0       0       1       0                               0D   4016
     110    3910       0       0       0       0       0       001010001D   4017
     110       0       0       2       0                               0D   4018
     124    3912       0       0       0       0       0       001020201D   4019
     124       0       0       3       0                               0D   4020
     100    3915       0       0       0       0    4019       001010001D   4021
     100       0       0       1       0                               0D   4022
     102    3916       0       0       0       0       0       001010001D   4023
     102       0       0       1       0                               0D   4024
     142    3917       0       0       0       0       0       001010001D   4025
     142       0       0       1       0                               0D   4026
     144    3918       0       0   10000       0       0       000000000D   4027
     144       0       0       1       0                PartBody       0D   4028
     110    3919       0       0       0       0       0       001010001D   4029
     110       0       0       2       0                               0D   4030
     110    3921       0       0       0       0       0       001010001D   4031
     110       0       0       2       0                               0D   4032
     110    3923       0       0       0       0       0       001010001D   4033
     110       0       0       2       0                               0D   4034
     110    3925       0       0       0       0       0       001010001D   4035
     110       0       0       2       0                               0D   4036
     102    3927       0       0       0       0       0       001010001D   4037
     102       0       0       1       0                               0D   4038
     142    3928       0       0       0       0       0       001010001D   4039
     142       0       0       1       0                               0D   4040
     144    3929       0       0   10000       0       0       000000000D   4041
     144       0       0       1       0                PartBody       0D   4042
     110    3930       0       0       0       0       0       001010001D   4043
     110       0       0       2       0                               0D   4044
     110    3932       0       0       0       0       0       001010001D   4045
     110       0       0       2       0                               0D   4046
     120    3934       0       0       0       0       0       001010001D   4047
     120       0       0       1       0                               0D   4048
     110    3935       0       0       0       0       0       001010001D   4049
     110       0       0       2       0                               0D   4050
     124    3937       0       0       0       0       0       001020201D   4051
     124       0       0       3       0                               0D   4052
     100    3940       0       0       0       0    4051       001010001D   4053
     100       0       0       1       0                               0D   4054
     110    3941       0       0       0       0       0       001010001D   4055
     110       0       0       2       0                               0D   4056
     124    3943       0       0       0       0       0       001020201D   4057
     124       0       0       3       0                               0D   4058
     100    3946       0       0       0       0    4057       001010001D   4059
     100       0       0       1       0                               0D   4060
     102    3947       0       0       0       0       0       001010001D   4061
     102       0       0       1       0                               0D   4062
     142    3948       0       0       0       0       0       001010001D   4063
     142       0       0       1       0                               0D   4064
     144    3949       0       0   10000       0       0       000000000D   4065
     144       0       0       1       0                PartBody       0D   4066
     110    3950       0       0       0       0       0       001010001D   4067
     110       0       0       2       0                               0D   4068
     110    3952       0       0       0       0       0       001010001D   4069
     110       0       0       2       0                               0D   4070
     110    3954       0       0       0       0       0       001010001D   4071
     110       0       0       2       0                               0D   4072
     110    3956       0       0       0       0       0       001010001D   4073
     110       0       0       2       0                               0D   4074
     102    3958       0       0       0       0       0       001010001D   4075
     102       0       0       1       0                               0D   4076
     142    3959       0       0       0       0       0       001010001D   4077
     142       0       0       1       0                               0D   4078
     144    3960       0       0   10000       0       0       000000000D   4079
     144       0       0       1       0                PartBody       0D   4080
     108    3961       0       0       0       0       0       001010001D   4081
     108       0       0       2       0                               0D   4082
     110    3963       0       0       0       0       0       001010001D   4083
     110       0       0       2       0                               0D   4084
     110    3965       0       0       0       0       0       001010001D   4085
     110       0       0       2       0                               0D   4086
     124    3967       0       0       0       0       0       001020201D   4087
     124       0       0       3       0                               0D   4088
     100    3970       0       0       0       0    4087       001010001D   4089
     100       0       0       1       0                               0D   4090
     110    3971       0       0       0       0       0       001010001D   4091
     110       0       0       2       0                               0D   4092
     124    3973       0       0       0       0       0       001020201D   4093
     124       0       0       3       0                               0D   4094
     100    3976       0       0       0       0    4093       001010001D   4095
     100       0       0       1       0                               0D   4096
     110    3977       0       0       0       0       0       001010001D   4097
     110       0       0       2       0                               0D   4098
     102    3979       0       0       0       0       0       001010001D   4099
     102       0       0       1       0                               0D   4100
     142    3980       0       0       0       0       0       001010001D   4101
     142       0       0       1       0                               0D   4102
     144    3981       0       0   10000       0       0       000000000D   4103
     144       0       0       1       0                PartBody       0D   4104
     108    3982       0       0       0       0       0       001010001D   4105
     108       0       0       2       0                               0D   4106
     110    3984       0       0       0       0       0       001010001D   4107
     110       0       0       2       0                               0D   4108
     110    3986       0       0       0       0       0       001010001D   4109
     110       0       0       2       0                               0D   4110
     110    3988       0       0       0       0       0       001010001D   4111
     110       0       0       2       0                               0D   4112
     110    3990       0       0       0       0       0       001010001D   4113
     110       0       0       2       0                               0D   4114
     102    3992       0       0       0       0       0       001010001D   4115
     102       0       0       1       0                               0D   4116
     142    3993       0       0       0       0       0       001010001D   4117
     142       0       0       1       0                               0D   4118
     144    3994       0       0   10000       0       0       000000000D   4119
     144       0       0       1       0                PartBody       0D   4120
     108    3995       0       0       0       0       0       001010001D   4121
     108       0       0       2       0                               0D   4122
     110    3997       0       0       0       0       0       001010001D   4123
     110       0       0       2       0                               0D   4124
     124    3999       0       0       0       0       0       001020201D   4125
     124       0       0       3       0                               0D   4126
     100    4002       0       0       0       0    4125       001010001D   4127
     100       0       0       1       0                               0D   4128
     110    4003       0       0       0       0       0       001010001D   4129
     110       0       0       2       0                               0D   4130
     124    4005       0       0       0       0       0       001020201D   4131
     124       0       0       3       0                               0D   4132
     100    4008       0       0       0       0    4131       001010001D   4133
     100       0       0       1       0                               0D   4134
     110    4009       0       0       0       0       0       001010001D   4135
     110       0       0       2       0                               0D   4136
     110    4011       0       0       0       0       0       001010001D   4137
     110       0       0       2       0                               0D   4138
     102    4013       0       0       0       0       0       001010001D   4139
     102       0       0       1       0                               0D   4140
     142    4014       0       0       0       0       0       001010001D   4141
     142       0       0       1       0                               0D   4142
     144    4015       0       0   10000       0       0       000000000D   4143
     144       0       0       1       0                PartBody       0D   4144
     110    4016       0       0       0       0       0       001010001D   4145
     110       0       0       2       0                               0D   4146
     110    4018       0       0       0       0       0       001010001D   4147
     110       0       0       2       0                               0D   4148
     120    4020       0       0       0       0       0       001010001D   4149
     120       0       0       1       0                               0D   4150
     110    4021       0       0       0       0       0       001010001D   4151
     110       0       0       2       0                               0D   4152
     124    4023       0       0       0       0       0       001020201D   4153
     124       0       0       3       0                               0D   4154
     100    4026       0       0       0       0    4153       001010001D   4155
     100       0       0       1       0                               0D   4156
     110    4027       0       0       0       0       0       001010001D   4157
     110       0       0       2       0                               0D   4158
     124    4029       0       0       0       0       0       001020201D   4159
     124       0       0       3       0                               0D   4160
     100    4032       0       0       0       0    4159       001010001D   4161
     100       0       0       1       0                               0D   4162
     102    4033       0       0       0       0       0       001010001D   4163
     102       0       0       1       0                               0D   4164
     142    4034       0       0       0       0       0       001010001D   4165
     142       0       0       1       0                               0D   4166
     144    4035       0       0   10000       0       0       000000000D   4167
     144       0       0       1       0                PartBody       0D   4168
     110    4036       0       0       0       0       0       001010001D   4169
     110       0       0       2       0                               0D   4170
     110    4038       0       0       0       0       0       001010001D   4171
     110       0       0       2       0                               0D   4172
     110    4040       0       0       0       0       0       001010001D   4173
     110       0       0       2       0                               0D   4174
     110    4042       0       0       0       0       0       001010001D   4175
     110       0       0       2       0                               0D   4176
     102    4044       0       0       0       0       0       001010001D   4177
     102       0       0       1       0                               0D   4178
     142    4045       0       0       0       0       0       001010001D   4179
     142       0       0       1       0                               0D   4180
     144    4046       0       0   10000       0       0       000000000D   4181
     144       0       0       1       0                PartBody       0D   4182
     110    4047       0       0       0       0       0       001010001D   4183
     110       0       0       2       0                               0D   4184
     110    4049       0       0       0       0       0       001010001D   4185
     110       0       0       2       0                               0D   4186
     120    4051       0       0       0       0       0       001010001D   4187
     120       0       0       1       0                               0D   4188
     110    4052       0       0       0       0       0       001010001D   4189
     110       0       0       2       0                               0D   4190
     124    4054       0       0       0       0       0       001020201D   4191
     124       0       0       3       0                               0D   4192
     100    4057       0       0       0       0    4191       001010001D   4193
     100       0       0       1       0                               0D   4194
     110    4058       0       0       0       0       0       001010001D   4195
     110       0       0       2       0                               0D   4196
     124    4060       0       0       0       0       0       001020201D   4197
     124       0       0       3       0                               0D   4198
     100    4063       0       0       0       0    4197       001010001D   4199
     100       0       0       1       0                               0D   4200
     102    4064       0       0       0       0       0       001010001D   4201
     102       0       0       1       0                               0D   4202
     142    4065       0       0       0       0       0       001010001D   4203
     142       0       0       1       0                               0D   4204
     144    4066       0       0   10000       0       0       000000000D   4205
     144       0       0       1       0                PartBody       0D   4206
     110    4067       0       0       0       0       0       001010001D   4207
     110       0       0       2       0                               0D   4208
     110    4069       0       0       0       0       0       001010001D   4209
     110       0       0       2       0                               0D   4210
     110    4071       0       0       0       0       0       001010001D   4211
     110       0       0       2       0                               0D   4212
     110    4073       0       0       0       0       0       001010001D   4213
     110       0       0       2       0                               0D   4214
     102    4075       0       0       0       0       0       001010001D   4215
     102       0       0       1       0                               0D   4216
     142    4076       0       0       0       0       0       001010001D   4217
     142       0       0       1       0                               0D   4218
     144    4077       0       0   10000       0       0       000000000D   4219
     144       0       0       1       0                PartBody       0D   4220
     110    4078       0       0       0       0       0       001010001D   4221
     110       0       0       2       0                               0D   4222
     110    4080       0       0       0       0       0       001010001D   4223
     110       0       0       2       0                               0D   4224
     124    4082       0       0       0       0       0       001020201D   4225
     124       0       0       3       0                               0D   4226
     100    4085       0       0       0       0    4225       001010001D   4227
     100       0       0       1       0                               0D   4228
     110    4086       0       0       0       0       0       001010001D   4229
     110       0       0       2       0                               0D   4230
     124    4088       0       0       0       0       0       001020201D   4231
     124       0       0       3       0                               0D   4232
     100    4091       0       0       0       0    4231       001010001D   4233
     100       0       0       1       0                               0D   4234
     110    4092       0       0       0       0       0       001010001D   4235
     110       0       0       2       0                               0D   4236
     102    4094       0       0       0       0       0       001010001D   4237
     102       0       0       1       0                               0D   4238
     142    4095       0       0       0       0       0       001010001D   4239
     142       0       0       1       0                               0D   4240
     144    4096       0       0   10000       0       0       000000000D   4241
     144       0       0       1       0                PartBody       0D   4242
     108    4097       0       0       0       0       0       001010001D   4243
     108       0       0       2       0                               0D   4244
     110    4099       0       0       0       0       0       001010001D   4245
     110       0       0       2       0                               0D   4246
     110    4101       0       0       0       0       0       001010001D   4247
     110       0       0       2       0                               0D   4248
     110    4103       0       0       0       0       0       001010001D   4249
     110       0       0       2       0                               0D   4250
     110    4105       0       0       0       0       0       001010001D   4251
     110       0       0       2       0                               0D   4252
     102    4107       0       0       0       0       0       001010001D   4253
     102       0       0       1       0                               0D   4254
     142    4108       0       0       0       0       0       001010001D   4255
     142       0       0       1       0                               0D   4256
     144    4109       0       0   10000       0       0       000000000D   4257
     144       0       0       1       0                PartBody       0D   4258
     110    4110       0       0       0       0       0       001010001D   4259
     110       0       0       2       0                               0D   4260
     124    4112       0       0       0       0       0       001020201D   4261
     124       0       0       3       0                               0D   4262
     100    4115       0       0       0       0    4261       001010001D   4263
     100       0       0       1       0                               0D   4264
     110    4116       0       0       0       0       0       001010001D   4265
     110       0       0       2       0                               0D   4266
     124    4118       0       0       0       0       0       001020201D   4267
     124       0       0       3       0                               0D   4268
     100    4121       0       0       0       0    4267       001010001D   4269
     100       0       0       1       0                               0D   4270
     110    4122       0       0       0       0       0       001010001D   4271
     110       0       0       2       0                               0D   4272
     110    4124       0       0       0       0       0       001010001D   4273
     110       0       0       2       0                               0D   4274
     102    4126       0       0       0       0       0       001010001D   4275
     102       0       0       1       0                               0D   4276
     142    4127       0       0       0       0       0       001010001D   4277
     142       0       0       1       0                               0D   4278
     144    4128       0       0   10000       0       0       000000000D   4279
     144       0       0       1       0                PartBody       0D   4280
     110    4129       0       0       0       0       0       001010001D   4281
     110       0       0       2       0                               0D   4282
     110    4131       0       0       0       0       0       001010001D   4283
     110       0       0       2       0                               0D   4284
     120    4133       0       0       0       0       0       001010001D   4285
     120       0       0       1       0                               0D   4286
     110    4134       0       0       0       0       0       001010001D   4287
     110       0       0       2       0                               0D   4288
     124    4136       0       0       0       0       0       001020201D   4289
     124       0       0       3       0                               0D   4290
     100    4139       0       0       0       0    4289       001010001D   4291
     100       0       0       1       0                               0D   4292
     110    4140       0       0       0       0       0       001010001D   4293
     110       0       0       2       0                               0D   4294
     124    4142       0       0       0       0       0       001020201D   4295
     124       0       0       3       0                               0D   4296
     100    4145       0       0       0       0    4295       001010001D   4297
     100       0       0       1       0                               0D   4298
     102    4146       0       0       0       0       0       001010001D   4299
     102       0       0       1       0                               0D   4300
     142    4147       0       0       0       0       0       001010001D   4301
     142       0       0       1       0                               0D   4302
     144    4148       0       0   10000       0       0       000000000D   4303
     144       0       0       1       0                PartBody       0D   4304
     110    4149       0       0       0       0       0       001010001D   4305
     110       0       0       2       0                               0D   4306
     110    4151       0       0       0       0       0       001010001D   4307
     110       0       0       2       0                               0D   4308
     110    4153       0       0       0       0       0       001010001D   4309
     110       0       0       2       0                               0D   4310
     110    4155       0       0       0       0       0       001010001D   4311
     110       0       0       2       0                               0D   4312
     102    4157       0       0       0       0       0       001010001D   4313
     102       0       0       1       0                               0D   4314
     142    4158       0       0       0       0       0       001010001D   4315
     142       0       0       1       0                               0D   4316
     144    4159       0       0   10000       0       0       000000000D   4317
     144       0       0       1       0                PartBody       0D   4318
     110    4160       0       0       0       0       0       001010001D   4319
     110       0       0       2       0                               0D   4320
     110    4162       0       0       0       0       0       001010001D   4321
     110       0       0       2       0                               0D   4322
     120    4164       0       0       0       0       0       001010001D   4323
     120       0       0       1       0                               0D   4324
     110    4165       0       0       0       0       0       001010001D   4325
     110       0       0       2       0                               0D   4326
     124    4167       0       0       0       0       0       001020201D   4327
     124       0       0       3       0                               0D   4328
     100    4170       0       0       0       0    4327       001010001D   4329
     100       0       0       1       0                               0D   4330
     110    4171       0       0       0       0       0       001010001D   4331
     110       0       0       2       0                               0D   4332
     124    4173       0       0       0       0       0       001020201D   4333
     124       0       0       3       0                               0D   4334
     100    4176       0       0       0       0    4333       001010001D   4335
     100       0       0       1       0                               0D   4336
     102    4177       0       0       0       0       0       001010001D   4337
     102       0       0       1       0                               0D   4338
     142    4178       0       0       0       0       0       001010001D   4339
     142       0       0       1       0                               0D   4340
     144    4179       0       0   10000       0       0       000000000D   4341
     144       0       0       1       0                PartBody       0D   4342
     110    4180       0       0       0       0       0       001010001D   4343
     110       0       0       2       0                               0D   4344
     110    4182       0       0       0       0       0       001010001D   4345
     110       0       0       2       0                               0D   4346
     110    4184       0       0       0       0       0       001010001D   4347
     110       0       0       2       0                               0D   4348
     110    4186       0       0       0       0       0       001010001D   4349
     110       0       0       2       0                               0D   4350
     102    4188       0       0       0       0       0       001010001D   4351
     102       0       0       1       0                               0D   4352
     142    4189       0       0       0       0       0       001010001D   4353
     142       0       0       1       0                               0D   4354
     144    4190       0       0   10000       0       0       000000000D   4355
     144       0       0       1       0                PartBody       0D   4356
     110    4191       0       0       0       0       0       001010001D   4357
     110       0       0       2       0                               0D   4358
     110    4193       0       0       0       0       0       001010001D   4359
     110       0       0       2       0                               0D   4360
     124    4195       0       0       0       0       0       001020201D   4361
     124       0       0       3       0                               0D   4362
     100    4198       0       0       0       0    4361       001010001D   4363
     100       0       0       1       0                               0D   4364
     110    4199       0       0       0       0       0       001010001D   4365
     110       0       0       2       0                               0D   4366
     124    4201       0       0       0       0       0       001020201D   4367
     124       0       0       3       0                               0D   4368
     100    4204       0       0       0       0    4367       001010001D   4369
     100       0       0       1       0                               0D   4370
     110    4205       0       0       0       0       0       001010001D   4371
     110       0       0       2       0                               0D   4372
     102    4207       0       0       0       0       0       001010001D   4373
     102       0       0       1       0                               0D   4374
     142    4208       0       0       0       0       0       001010001D   4375
     142       0       0       1       0                               0D   4376
     144    4209       0       0   10000       0       0       000000000D   4377
     144       0       0       1       0                PartBody       0D   4378
     108    4210       0       0       0       0       0       001010001D   4379
     108       0       0       2       0                               0D   4380
     110    4212       0       0       0       0       0       001010001D   4381
     110       0       0       2       0                               0D   4382
     110    4214       0       0       0       0       0       001010001D   4383
     110       0       0       2       0                               0D   4384
     110    4216       0       0       0       0       0       001010001D   4385
     110       0       0       2       0                               0D   4386
     110    4218       0       0       0       0       0       001010001D   4387
     110       0       0       2       0                               0D   4388
     102    4220       0       0       0       0       0       001010001D   4389
     102       0       0       1       0                               0D   4390
     142    4221       0       0       0       0       0       001010001D   4391
     142       0       0       1       0                               0D   4392
     144    4222       0       0   10000       0       0       000000000D   4393
     144       0       0       1       0                PartBody       0D   4394
     110    4223       0       0       0       0       0       001010001D   4395
     110       0       0       2       0                               0D   4396
     124    4225       0       0       0       0       0       001020201D   4397
     124       0       0       3       0                               0D   4398
     100    4228       0       0       0       0    4397       001010001D   4399
     100       0       0       1       0                               0D   4400
     110    4229       0       0       0       0       0       001010001D   4401
     110       0       0       2       0                               0D   4402
     124    4231       0       0       0       0       0       001020201D   4403
     124       0       0       3       0                               0D   4404
     100    4234       0       0       0       0    4403       001010001D   4405
     100       0       0       1       0                               0D   4406
     110    4235       0       0       0       0       0       001010001D   4407
     110       0       0       2       0                               0D   4408
     110    4237       0       0       0       0       0       001010001D   4409
     110       0       0       2       0                               0D   4410
     102    4239       0       0       0       0       0       001010001D   4411
     102       0       0       1       0                               0D   4412
     142    4240       0       0       0       0       0       001010001D   4413
     142       0       0       1       0                               0D   4414
     144    4241       0       0   10000       0       0       000000000D   4415
     144       0       0       1       0                PartBody       0D   4416
     110    4242       0       0       0       0       0       001010001D   4417
     110       0       0       2       0                               0D   4418
     110    4244       0       0       0       0       0       001010001D   4419
     110       0       0       2       0                               0D   4420
     120    4246       0       0       0       0       0       001010001D   4421
     120       0       0       1       0                               0D   4422
     110    4247       0       0       0       0       0       001010001D   4423
     110       0       0       2       0                               0D   4424
     124    4249       0       0       0       0       0       001020201D   4425
     124       0       0       3       0                               0D   4426
     100    4252       0       0       0       0    4425       001010001D   4427
     100       0       0       1       0                               0D   4428
     110    4253       0       0       0       0       0       001010001D   4429
     110       0       0       2       0                               0D   4430
     124    4255       0       0       0       0       0       001020201D   4431
     124       0       0       3       0                               0D   4432
     100    4258       0       0       0       0    4431       001010001D   4433
     100       0       0       1       0                               0D   4434
     102    4259       0       0       0       0       0       001010001D   4435
     102       0       0       1       0                               0D   4436
     142    4260       0       0       0       0       0       001010001D   4437
     142       0       0       1       0                               0D   4438
     144    4261       0       0   10000       0       0       000000000D   4439
     144       0       0       1       0                PartBody       0D   4440
     110    4262       0       0       0       0       0       001010001D   4441
     110       0       0       2       0                               0D   4442
     110    4264       0       0       0       0       0       001010001D   4443
     110       0       0       2       0                               0D   4444
     110    4266       0       0       0       0       0       001010001D   4445
     110       0       0       2       0                               0D   4446
     110    4268       0       0       0       0       0       001010001D   4447
     110       0       0       2       0                               0D   4448
     102    4270       0       0       0       0       0       001010001D   4449
     102       0       0       1       0                               0D   4450
     142    4271       0       0       0       0       0       001010001D   4451
     142       0       0       1       0                               0D   4452
     144    4272       0       0   10000       0       0       000000000D   4453
     144       0       0       1       0                PartBody       0D   4454
     110    4273       0       0       0       0       0       001010001D   4455
     110       0       0       2       0                               0D   4456
     110    4275       0       0       0       0       0       001010001D   4457
     110       0       0       2       0                               0D   4458
     120    4277       0       0       0       0       0       001010001D   4459
     120       0       0       1       0                               0D   4460
     110    4278       0       0       0       0       0       001010001D   4461
     110       0       0       2       0                               0D   4462
     124    4280       0       0       0       0       0       001020201D   4463
     124       0       0       3       0                               0D   4464
     100    4283       0       0       0       0    4463       001010001D   4465
     100       0       0       1       0                               0D   4466
     110    4284       0       0       0       0       0       001010001D   4467
     110       0       0       2       0                               0D   4468
     124    4286       0       0       0       0       0       001020201D   4469
     124       0       0       3       0                               0D   4470
     100    4289       0       0       0       0    4469       001010001D   4471
     100       0       0       1       0                               0D   4472
     102    4290       0       0       0       0       0       001010001D   4473
     102       0       0       1       0                               0D   4474
     142    4291       0       0       0       0       0       001010001D   4475
     142       0       0       1       0                               0D   4476
     144    4292       0       0   10000       0       0       000000000D   4477
     144       0       0       1       0                PartBody       0D   4478
     110    4293       0       0       0       0       0       001010001D   4479
     110       0       0       2       0                               0D   4480
     110    4295       0       0       0       0       0       001010001D   4481
     110       0       0       2       0                               0D   4482
     110    4297       0       0       0       0       0       001010001D   4483
     110       0       0       2       0                               0D   4484
     110    4299       0       0       0       0       0       001010001D   4485
     110       0       0       2       0                               0D   4486
     102    4301       0       0       0       0       0       001010001D   4487
     102       0       0       1       0                               0D   4488
     142    4302       0       0       0       0       0       001010001D   4489
     142       0       0       1       0                               0D   4490
     144    4303       0       0   10000       0       0       000000000D   4491
     144       0       0       1       0                PartBody       0D   4492
     110    4304       0       0       0       0       0       001010001D   4493
     110       0       0       2       0                               0D   4494
     110    4306       0       0       0       0       0       001010001D   4495
     110       0       0       2       0                               0D   4496
     124    4308       0       0       0       0       0       001020201D   4497
     124       0       0       3       0                               0D   4498
     100    4311       0       0       0       0    4497       001010001D   4499
     100       0       0       1       0                               0D   4500
     110    4312       0       0       0       0       0       001010001D   4501
     110       0       0       2       0                               0D   4502
     124    4314       0       0       0       0       0       001020201D   4503
     124       0       0       3       0                               0D   4504
     100    4317       0       0       0       0    4503       001010001D   4505
     100       0       0       1       0                               0D   4506
     110    4318       0       0       0       0       0       001010001D   4507
     110       0       0       2       0                               0D   4508
     102    4320       0       0       0       0       0       001010001D   4509
     102       0       0       1       0                               0D   4510
     142    4321       0       0       0       0       0       001010001D   4511
     142       0       0       1       0                               0D   4512
     144    4322       0       0   10000       0       0       000000000D   4513
     144       0       0       1       0                PartBody       0D   4514
     108    4323       0       0       0       0       0       001010001D   4515
     108       0       0       2       0                               0D   4516
     110    4325       0       0       0       0       0       001010001D   4517
     110       0       0       2       0                               0D   4518
     110    4327       0       0       0       0       0       001010001D   4519
     110       0       0       2       0                               0D   4520
     110    4329       0       0       0       0       0       001010001D   4521
     110       0       0       2       0                               0D   4522
     110    4331       0       0       0       0       0       001010001D   4523
     110       0       0       2       0                               0D   4524
     102    4333       0       0       0       0       0       001010001D   4525
     102       0       0       1       0                               0D   4526
     142    4334       0       0       0       0       0       001010001D   4527
     142       0       0       1       0                               0D   4528
     144    4335       0       0   10000       0       0       000000000D   4529
     144       0       0       1       0                PartBody       0D   4530
     110    4336       0       0       0       0       0       001010001D   4531
     110       0       0       2       0                               0D   4532
     124    4338       0       0       0       0       0       001020201D   4533
     124       0       0       3       0                               0D   4534
     100    4341       0       0       0       0    4533       001010001D   4535
     100       0       0       1       0                               0D   4536
     110    4342       0       0       0       0       0       001010001D   4537
     110       0       0       2       0                               0D   4538
     124    4344       0       0       0       0       0       001020201D   4539
     124       0       0       3       0                               0D   4540
     100    4347       0       0       0       0    4539       001010001D   4541
     100       0       0       1       0                               0D   4542
     110    4348       0       0       0       0       0       001010001D   4543
     110       0       0       2       0                               0D   4544
     110    4350       0       0       0       0       0       001010001D   4545
     110       0       0       2       0                               0D   4546
     102    4352       0       0       0       0       0       001010001D   4547
     102       0       0       1       0                               0D   4548
     142    4353       0       0       0       0       0       001010001D   4549
     142       0       0       1       0                               0D   4550
     144    4354       0       0   10000       0       0       000000000D   4551
     144       0       0       1       0                PartBody       0D   4552
     110    4355       0       0       0       0       0       001010001D   4553
     110       0       0       2       0                               0D   4554
     110    4357       0       0       0       0       0       001010001D   4555
     110       0       0       2       0                               0D   4556
     120    4359       0       0       0       0       0       001010001D   4557
     120       0       0       1       0                               0D   4558
     110    4360       0       0       0       0       0       001010001D   4559
     110       0       0       2       0                               0D   4560
     124    4362       0       0       0       0       0       001020201D   4561
     124       0       0       3       0                               0D   4562
     100    4365       0       0       0       0    4561       001010001D   4563
     100       0       0       1       0                               0D   4564
     110    4366       0       0       0       0       0       001010001D   4565
     110       0       0       2       0                               0D   4566
     124    4368       0       0       0       0       0       001020201D   4567
     124       0       0       3       0                               0D   4568
     100    4371       0       0       0       0    4567       001010001D   4569
     100       0       0       1       0                               0D   4570
     102    4372       0       0       0       0       0       001010001D   4571
     102       0       0       1       0                               0D   4572
     142    4373       0       0       0       0       0       001010001D   4573
     142       0       0       1       0                               0D   4574
     144    4374       0       0   10000       0       0       000000000D   4575
     144       0       0       1       0                PartBody       0D   4576
     110    4375       0       0       0       0       0       001010001D   4577
     110       0       0       2       0                               0D   4578
     110    4377       0       0       0       0       0       001010001D   4579
     110       0       0       2       0                               0D   4580
     110    4379       0       0       0       0       0       001010001D   4581
     110       0       0       2       0                               0D   4582
     110    4381       0       0       0       0       0       001010001D   4583
     110       0       0       2       0                               0D   4584
     102    4383       0       0       0       0       0       001010001D   4585
     102       0       0       1       0                               0D   4586
     142    4384       0       0       0       0       0       001010001D   4587
     142       0       0       1       0                               0D   4588
     144    4385       0       0   10000       0       0       000000000D   4589
     144       0       0       1       0                PartBody       0D   4590
     108    4386       0       0       0       0       0       001010001D   4591
     108       0       0       2       0                               0D   4592
     110    4388       0       0       0       0       0       001010001D   4593
     110       0       0       2       0                               0D   4594
     124    4390       0       0       0       0       0       001020201D   4595
     124       0       0       3       0                               0D   4596
     100    4393       0       0       0       0    4595       001010001D   4597
     100       0       0       1       0                               0D   4598
     110    4394       0       0       0       0       0       001010001D   4599
     110       0       0       2       0                               0D   4600
     124    4396       0       0       0       0       0       001020201D   4601
     124       0       0       3       0                               0D   4602
     100    4399       0       0       0       0    4601       001010001D   4603
     100       0       0       1       0                               0D   4604
     110    4400       0       0       0       0       0       001010001D   4605
     110       0       0       2       0                               0D   4606
     124    4402       0       0       0       0       0       001020201D   4607
     124       0       0       3       0                               0D   4608
     100    4405       0       0       0       0    4607       001010001D   4609
     100       0       0       1       0                               0D   4610
     110    4406       0       0       0       0       0       001010001D   4611
     110       0       0       2       0                               0D   4612
     124    4408       0       0       0       0       0       001020201D   4613
     124       0       0       3       0                               0D   4614
     100    4411       0       0       0       0    4613       001010001D   4615
     100       0       0       1       0                               0D   4616
     102    4412       0       0       0       0       0       001010001D   4617
     102       0       0       1       0                               0D   4618
     142    4413       0       0       0       0       0       001010001D   4619
     142       0       0       1       0                               0D   4620
     124    4414       0       0       0       0       0       001020201D   4621
     124       0       0       3       0                               0D   4622
     100    4417       0       0       0       0    4621       001010001D   4623
     100       0       0       1       0                               0D   4624
     124    4418       0       0       0       0       0       001020201D   4625
     124       0       0       3       0                               0D   4626
     100    4421       0       0       0       0    4625       001010001D   4627
     100       0       0       1       0                               0D   4628
     102    4422       0       0       0       0       0       001010001D   4629
     102       0       0       1       0                               0D   4630
     142    4423       0       0       0       0       0       001010001D   4631
     142       0       0       1       0                               0D   4632
     124    4424       0       0       0       0       0       001020201D   4633
     124       0       0       3       0                               0D   4634
     100    4427       0       0       0       0    4633       001010001D   4635
     100       0       0       1       0                               0D   4636
     124    4428       0       0       0       0       0       001020201D   4637
     124       0       0       3       0                               0D   4638
     100    4431       0       0       0       0    4637       001010001D   4639
     100       0       0       1       0                               0D   4640
     102    4432       0       0       0       0       0       001010001D   4641
     102       0       0       1       0                               0D   4642
     142    4433       0       0       0       0       0       001010001D   4643
     142       0       0       1       0                               0D   4644
     110    4434       0       0       0       0       0       001010001D   4645
     110       0       0       2       0                               0D   4646
     124    4436       0       0       0       0       0       001020201D   4647
     124       0       0       3       0                               0D   4648
     100    4439       0       0       0       0    4647       001010001D   4649
     100       0       0       1       0                               0D   4650
     110    4440       0       0       0       0       0       001010001D   4651
     110       0       0       2       0                               0D   4652
     124    4442       0       0       0       0       0       001020201D   4653
     124       0       0       3       0                               0D   4654
     100    4445       0       0       0       0    4653       001010001D   4655
     100       0       0       1       0                               0D   4656
     110    4446       0       0       0       0       0       001010001D   4657
     110       0       0       2       0                               0D   4658
     110    4448       0       0       0       0       0       001010001D   4659
     110       0       0       2       0                               0D   4660
     110    4450       0       0       0       0       0       001010001D   4661
     110       0       0       2       0                               0D   4662
     110    4452       0       0       0       0       0       001010001D   4663
     110       0       0       2       0                               0D   4664
     110    4454       0       0       0       0       0       001010001D   4665
     110       0       0       2       0                               0D   4666
     124    4456       0       0       0       0       0       001020201D   4667
     124       0       0       3       0                               0D   4668
     100    4459       0       0       0       0    4667       001010001D   4669
     100       0       0       1       0                               0D   4670
     110    4460       0       0       0       0       0       001010001D   4671
     110       0       0       2       0                               0D   4672
     110    4462       0       0       0       0       0       001010001D   4673
     110       0       0       2       0                               0D   4674
     110    4464       0       0       0       0       0       001010001D   4675
     110       0       0       2       0                               0D   4676
     110    4466       0       0       0       0       0       001010001D   4677
     110       0       0       2       0                               0D   4678
     124    4468       0       0       0       0       0       001020201D   4679
     124       0       0       3       0                               0D   4680
     100    4471       0       0       0       0    4679       001010001D   4681
     100       0       0       1       0                               0D   4682
     110    4472       0       0       0       0       0       001010001D   4683
     110       0       0       2       0                               0D   4684
     110    4474       0       0       0       0       0       001010001D   4685
     110       0       0       2       0                               0D   4686
     110    4476       0       0       0       0       0       001010001D   4687
     110       0       0       2       0                               0D   4688
     110    4478       0       0       0       0       0       001010001D   4689
     110       0       0       2       0                               0D   4690
     102    4480       0       0       0       0       0       001010001D   4691
     102       0       0       2       0                               0D   4692
     142    4482       0       0       0       0       0       001010001D   4693
     142       0       0       1       0                               0D   4694
     124    4483       0       0       0       0       0       001020201D   4695
     124       0       0       3       0                               0D   4696
     100    4486       0       0       0       0    4695       001010001D   4697
     100       0       0       1       0                               0D   4698
     110    4487       0       0       0       0       0       001010001D   4699
     110       0       0       2       0                               0D   4700
     124    4489       0       0       0       0       0       001020201D   4701
     124       0       0       3       0                               0D   4702
     100    4492       0       0       0       0    4701       001010001D   4703
     100       0       0       1       0                               0D   4704
     110    4493       0       0       0       0       0       001010001D   4705
     110       0       0       2       0                               0D   4706
     124    4495       0       0       0       0       0       001020201D   4707
     124       0       0       3       0                               0D   4708
     100    4498       0       0       0       0    4707       001010001D   4709
     100       0       0       1       0                               0D   4710
     110    4499       0       0       0       0       0       001010001D   4711
     110       0       0       2       0                               0D   4712
     102    4501       0       0       0       0       0       001010001D   4713
     102       0       0       1       0                               0D   4714
     142    4502       0       0       0       0       0       001010001D   4715
     142       0       0       1       0                               0D   4716
     110    4503       0       0       0       0       0       001010001D   4717
     110       0       0       2       0                               0D   4718
     124    4505       0       0       0       0       0       001020201D   4719
     124       0       0       3       0                               0D   4720
     100    4508       0       0       0       0    4719       001010001D   4721
     100       0       0       1       0                               0D   4722
     110    4509       0       0       0       0       0       001010001D   4723
     110       0       0       2       0                               0D   4724
     124    4511       0       0       0       0       0       001020201D   4725
     124       0       0       3       0                               0D   4726
     100    4514       0       0       0       0    4725       001010001D   4727
     100       0       0       1       0                               0D   4728
     110    4515       0       0       0       0       0       001010001D   4729
     110       0       0       2       0                               0D   4730
     124    4517       0       0       0       0       0       001020201D   4731
     124       0       0       3       0                               0D   4732
     100    4520       0       0       0       0    4731       001010001D   4733
     100       0       0       1       0                               0D   4734
     102    4521       0       0       0       0       0       001010001D   4735
     102       0       0       1       0                               0D   4736
     142    4522       0       0       0       0       0       001010001D   4737
     142       0       0       1       0                               0D   4738
     144    4523       0       0   10000       0       0       000000000D   4739
     144       0       0       1       0                PartBody       0D   4740
     110    4524       0       0       0       0       0       001010001D   4741
     110       0       0       2       0                               0D   4742
     110    4526       0       0       0       0       0       001010001D   4743
     110       0       0       2       0                               0D   4744
     120    4528       0       0       0       0       0       001010001D   4745
     120       0       0       1       0                               0D   4746
     124    4529       0       0       0       0       0       001020201D   4747
     124       0       0       3       0                               0D   4748
     100    4532       0       0       0       0    4747       001010001D   4749
     100       0       0       1       0                               0D   4750
     110    4533       0       0       0       0       0       001010001D   4751
     110       0       0       2       0                               0D   4752
     124    4535       0       0       0       0       0       001020201D   4753
     124       0       0       3       0                               0D   4754
     100    4538       0       0       0       0    4753       001010001D   4755
     100       0       0       1       0                               0D   4756
     110    4539       0       0       0       0       0       001010001D   4757
     110       0       0       2       0                               0D   4758
     102    4541       0       0       0       0       0       001010001D   4759
     102       0       0       1       0                               0D   4760
     142    4542       0       0       0       0       0       001010001D   4761
     142       0       0       1       0                               0D   4762
     144    4543       0       0   10000       0       0       000000000D   4763
     144       0       0       1       0                PartBody       0D   4764
     108    4544       0       0       0       0       0       001010001D   4765
     108       0       0       2       0                               0D   4766
     110    4546       0       0       0       0       0       001010001D   4767
     110       0       0       2       0                               0D   4768
     110    4548       0       0       0       0       0       001010001D   4769
     110       0       0       2       0                               0D   4770
     110    4550       0       0       0       0       0       001010001D   4771
     110       0       0       2       0                               0D   4772
     110    4552       0       0       0       0       0       001010001D   4773
     110       0       0       2       0                               0D   4774
     102    4554       0       0       0       0       0       001010001D   4775
     102       0       0       1       0                               0D   4776
     142    4555       0       0       0       0       0       001010001D   4777
     142       0       0       1       0                               0D   4778
     144    4556       0       0   10000       0       0       000000000D   4779
     144       0       0       1       0                PartBody       0D   4780
     110    4557       0       0       0       0       0       001010001D   4781
     110       0       0       2       0                               0D   4782
     110    4559       0       0       0       0       0       001010001D   4783
     110       0       0       2       0                               0D   4784
     110    4561       0       0       0       0       0       001010001D   4785
     110       0       0       2       0                               0D   4786
     110    4563       0       0       0       0       0       001010001D   4787
     110       0       0       2       0                               0D   4788
     102    4565       0       0       0       0       0       001010001D   4789
     102       0       0       1       0                               0D   4790
     142    4566       0       0       0       0       0       001010001D   4791
     142       0       0       1       0                               0D   4792
     144    4567       0       0   10000       0       0       000000000D   4793
     144       0       0       1       0                PartBody       0D   4794
     110    4568       0       0       0       0       0       001010001D   4795
     110       0       0       2       0                               0D   4796
     124    4570       0       0       0       0       0       001020201D   4797
     124       0       0       3       0                               0D   4798
     100    4573       0       0       0       0    4797       001010001D   4799
     100       0       0       1       0                               0D   4800
     110    4574       0       0       0       0       0       001010001D   4801
     110       0       0       2       0                               0D   4802
     124    4576       0       0       0       0       0       001020201D   4803
     124       0       0       3       0                               0D   4804
     100    4579       0       0       0       0    4803       001010001D   4805
     100       0       0       1       0                               0D   4806
     110    4580       0       0       0       0       0       001010001D   4807
     110       0       0       2       0                               0D   4808
     124    4582       0       0       0       0       0       001020201D   4809
     124       0       0       3       0                               0D   4810
     100    4585       0       0       0       0    4809       001010001D   4811
     100       0       0       1       0                               0D   4812
     102    4586       0       0       0       0       0       001010001D   4813
     102       0       0       1       0                               0D   4814
     142    4587       0       0       0       0       0       001010001D   4815
     142       0       0       1       0                               0D   4816
     144    4588       0       0   10000       0       0       000000000D   4817
     144       0       0       1       0                PartBody       0D   4818
     110    4589       0       0       0       0       0       001010001D   4819
     110       0       0       2       0                               0D   4820
     110    4591       0       0       0       0       0       001010001D   4821
     110       0       0       2       0                               0D   4822
     120    4593       0       0       0       0       0       001010001D   4823
     120       0       0       1       0                               0D   4824
     124    4594       0       0       0       0       0       001020201D   4825
     124       0       0       3       0                               0D   4826
     100    4597       0       0       0       0    4825       001010001D   4827
     100       0       0       1       0                               0D   4828
     110    4598       0       0       0       0       0       001010001D   4829
     110       0       0       2       0                               0D   4830
     124    4600       0       0       0       0       0       001020201D   4831
     124       0       0       3       0                               0D   4832
     100    4603       0       0       0       0    4831       001010001D   4833
     100       0       0       1       0                               0D   4834
     110    4604       0       0       0       0       0       001010001D   4835
     110       0       0       2       0                               0D   4836
     102    4606       0       0       0       0       0       001010001D   4837
     102       0       0       1       0                               0D   4838
     142    4607       0       0       0       0       0       001010001D   4839
     142       0       0       1       0                               0D   4840
     144    4608       0       0   10000       0       0       000000000D   4841
     144       0       0       1       0                PartBody       0D   4842
     110    4609       0       0       0       0       0       001010001D   4843
     110       0       0       2       0                               0D   4844
     110    4611       0       0       0       0       0       001010001D   4845
     110       0       0       2       0                               0D   4846
     120    4613       0       0       0       0       0       001010001D   4847
     120       0       0       1       0                               0D   4848
     124    4614       0       0       0       0       0       001020201D   4849
     124       0       0       3       0                               0D   4850
     100    4617       0       0       0       0    4849       001010001D   4851
     100       0       0       1       0                               0D   4852
     110    4618       0       0       0       0       0       001010001D   4853
     110       0       0       2       0                               0D   4854
     124    4620       0       0       0       0       0       001020201D   4855
     124       0       0       3       0                               0D   4856
     100    4623       0       0       0       0    4855       001010001D   4857
     100       0       0       1       0                               0D   4858
     110    4624       0       0       0       0       0       001010001D   4859
     110       0       0       2       0                               0D   4860
     102    4626       0       0       0       0       0       001010001D   4861
     102       0       0       1       0                               0D   4862
     142    4627       0       0       0       0       0       001010001D   4863
     142       0       0       1       0                               0D   4864
     144    4628       0       0   10000       0       0       000000000D   4865
     144       0       0       1       0                PartBody       0D   4866
     108    4629       0       0       0       0       0       001010001D   4867
     108       0       0       2       0                               0D   4868
     110    4631       0       0       0       0       0       001010001D   4869
     110       0       0       2       0                               0D   4870
     110    4633       0       0       0       0       0       001010001D   4871
     110       0       0       2       0                               0D   4872
     110    4635       0       0       0       0       0       001010001D   4873
     110       0       0       2       0                               0D   4874
     110    4637       0       0       0       0       0       001010001D   4875
     110       0       0       2       0                               0D   4876
     102    4639       0       0       0       0       0       001010001D   4877
     102       0       0       1       0                               0D   4878
     142    4640       0       0       0       0       0       001010001D   4879
     142       0       0       1       0                               0D   4880
     144    4641       0       0   10000       0       0       000000000D   4881
     144       0       0       1       0                PartBody       0D   4882
     108    4642       0       0       0       0       0       001010001D   4883
     108       0       0       2       0                               0D   4884
     110    4644       0       0       0       0       0       001010001D   4885
     110       0       0       2       0                               0D   4886
     110    4646       0       0       0       0       0       001010001D   4887
     110       0       0       2       0                               0D   4888
     110    4648       0       0       0       0       0       001010001D   4889
     110       0       0       2       0                               0D   4890
     110    4650       0       0       0       0       0       001010001D   4891
     110       0       0       2       0                               0D   4892
     102    4652       0       0       0       0       0       001010001D   4893
     102       0       0       1       0                               0D   4894
     142    4653       0       0       0       0       0       001010001D   4895
     142       0       0       1       0                               0D   4896
     144    4654       0       0   10000       0       0       000000000D   4897
     144       0       0       1       0                PartBody       0D   4898
     110    4655       0       0       0       0       0       001010001D   4899
     110       0       0       2       0                               0D   4900
     110    4657       0       0       0       0       0       001010001D   4901
     110       0       0       2       0                               0D   4902
     120    4659       0       0       0       0       0       001010001D   4903
     120       0       0       1       0                               0D   4904
     124    4660       0       0       0       0       0       001020201D   4905
     124       0       0       3       0                               0D   4906
     100    4663       0       0       0       0    4905       001010001D   4907
     100       0       0       1       0                               0D   4908
     110    4664       0       0       0       0       0       001010001D   4909
     110       0       0       2       0                               0D   4910
     124    4666       0       0       0       0       0       001020201D   4911
     124       0       0       3       0                               0D   4912
     100    4669       0       0       0       0    4911       001010001D   4913
     100       0       0       1       0                               0D   4914
     110    4670       0       0       0       0       0       001010001D   4915
     110       0       0       2       0                               0D   4916
     102    4672       0       0       0       0       0       001010001D   4917
     102       0       0       1       0                               0D   4918
     142    4673       0       0       0       0       0       001010001D   4919
     142       0       0       1       0                               0D   4920
     144    4674       0       0   10000       0       0       000000000D   4921
     144       0       0       1       0                PartBody       0D   4922
     110    4675       0       0       0       0       0       001010001D   4923
     110       0       0       2       0                               0D   4924
     110    4677       0       0       0       0       0       001010001D   4925
     110       0       0       2       0                               0D   4926
     120    4679       0       0       0       0       0       001010001D   4927
     120       0       0       1       0                               0D   4928
     124    4680       0       0       0       0       0       001020201D   4929
     124       0       0       3       0                               0D   4930
     100    4683       0       0       0       0    4929       001010001D   4931
     100       0       0       1       0                               0D   4932
     110    4684       0       0       0       0       0       001010001D   4933
     110       0       0       2       0                               0D   4934
     124    4686       0       0       0       0       0       001020201D   4935
     124       0       0       3       0                               0D   4936
     100    4689       0       0       0       0    4935       001010001D   4937
     100       0       0       1       0                               0D   4938
     110    4690       0       0       0       0       0       001010001D   4939
     110       0       0       2       0                               0D   4940
     102    4692       0       0       0       0       0       001010001D   4941
     102       0       0       1       0                               0D   4942
     142    4693       0       0       0       0       0       001010001D   4943
     142       0       0       1       0                               0D   4944
     144    4694       0       0   10000       0       0       000000000D   4945
     144       0       0       1       0                PartBody       0D   4946
     124    4695       0       0       0       0       0       001020201D   4947
     124       0       0       3       0                               0D   4948
     100    4698       0       0       0       0    4947       001010001D   4949
     100       0       0       1       0                               0D   4950
     110    4699       0       0       0       0       0       001010001D   4951
     110       0       0       2       0                               0D   4952
     124    4701       0       0       0       0       0       001020201D   4953
     124       0       0       3       0                               0D   4954
     100    4704       0       0       0       0    4953       001010001D   4955
     100       0       0       1       0                               0D   4956
     110    4705       0       0       0       0       0       001010001D   4957
     110       0       0       2       0                               0D   4958
     124    4707       0       0       0       0       0       001020201D   4959
     124       0       0       3       0                               0D   4960
     100    4710       0       0       0       0    4959       001010001D   4961
     100       0       0       1       0                               0D   4962
     110    4711       0       0       0       0       0       001010001D   4963
     110       0       0       2       0                               0D   4964
     102    4713       0       0       0       0       0       001010001D   4965
     102       0       0       1       0                               0D   4966
     142    4714       0       0       0       0       0       001010001D   4967
     142       0       0       1       0                               0D   4968
     144    4715       0       0   10000       0       0       000000000D   4969
     144       0       0       1       0                PartBody       0D   4970
     110    4716       0       0       0       0       0       001010001D   4971
     110       0       0       2       0                               0D   4972
     110    4718       0       0       0       0       0       001010001D   4973
     110       0       0       2       0                               0D   4974
     110    4720       0       0       0       0       0       001010001D   4975
     110       0       0       2       0                               0D   4976
     110    4722       0       0       0       0       0       001010001D   4977
     110       0       0       2       0                               0D   4978
     102    4724       0       0       0       0       0       001010001D   4979
     102       0       0       1       0                               0D   4980
     142    4725       0       0       0       0       0       001010001D   4981
     142       0       0       1       0                               0D   4982
     144    4726       0       0   10000       0       0       000000000D   4983
     144       0       0       1       0                PartBody       0D   4984
     108    4727       0       0       0       0       0       001010001D   4985
     108       0       0       2       0                               0D   4986
     110    4729       0       0       0       0       0       001010001D   4987
     110       0       0       2       0                               0D   4988
     110    4731       0       0       0       0       0       001010001D   4989
     110       0       0       2       0                               0D   4990
     110    4733       0       0       0       0       0       001010001D   4991
     110       0       0       2       0                               0D   4992
     110    4735       0       0       0       0       0       001010001D   4993
     110       0       0       2       0                               0D   4994
     102    4737       0       0       0       0       0       001010001D   4995
     102       0       0       1       0                               0D   4996
     142    4738       0       0       0       0       0       001010001D   4997
     142       0       0       1       0                               0D   4998
     144    4739       0       0   10000       0       0       000000000D   4999
     144       0       0       1       0                PartBody       0D   5000
     110    4740       0       0       0       0       0       001010001D   5001
     110       0       0       2       0                               0D   5002
     110    4742       0       0       0       0       0       001010001D   5003
     110       0       0       2       0                               0D   5004
     120    4744       0       0       0       0       0       001010001D   5005
     120       0       0       1       0                               0D   5006
     124    4745       0       0       0       0       0       001020201D   5007
     124       0       0       3       0                               0D   5008
     100    4748       0       0       0       0    5007       001010001D   5009
     100       0       0       1       0                               0D   5010
     110    4749       0       0       0       0       0       001010001D   5011
     110       0       0       2       0                               0D   5012
     124    4751       0       0       0       0       0       001020201D   5013
     124       0       0       3       0                               0D   5014
     100    4754       0       0       0       0    5013       001010001D   5015
     100       0       0       1       0                               0D   5016
     110    4755       0       0       0       0       0       001010001D   5017
     110       0       0       2       0                               0D   5018
     102    4757       0       0       0       0       0       001010001D   5019
     102       0       0       1       0                               0D   5020
     142    4758       0       0       0       0       0       001010001D   5021
     142       0       0       1       0                               0D   5022
     144    4759       0       0   10000       0       0       000000000D   5023
     144       0       0       1       0                PartBody       0D   5024
     116    4760       0       0   10000       0       0       000000001D   5025
     116       0       0       1       0                Point.1        0D   5026
     116    4761       0       0   10000       0       0       000000001D   5027
     116       0       0       1       0                Point.2        0D   5028
     116    4762       0       0   10000       0       0       000000001D   5029
     116       0       0       1       0                Point.3        0D   5030
108,0.9890938222,-0.1472693419,-0.002269767677,545.0738595,0,          1P      1
539.1291871,-80.27266858,-1.237191028,1.0,0,0;                         1P      2
124,0.1292563554,-0.0706130688,-0.9890938222,494.072062,               3P      3
0.8752966149,-0.4606165183,0.1472693419,-379.9902195,                  3P      4
-0.4659920928,-0.8847859727,0.002269767677,-189.1496338,0,0;           3P      5
100,0.0,0.0,0.0,1.65,0.0,-1.65,-5.229983113E-014,0,0;                  5P      6
124,-0.1292563554,0.0706130688,-0.9890938222,494.072062,               7P      7
-0.8752966149,0.4606165183,0.1472693419,-379.9902195,                  7P      8
0.4659920928,0.8847859727,0.002269767677,-189.1496338,0,0;             7P      9
100,0.0,0.0,0.0,1.65,0.0,-1.65,5.239142453E-014,0,0;                   9P     10
102,2,5,9,0,0;                                                        11P     11
142,0,1,0,11,2,0,0;                                                   13P     12
144,1,1,0,13,0,0;                                                     15P     13
110,511.728464,-383.7444672,-181.7816138,512.7175578,                 17P     14
-383.8917366,-181.7838835,0,0;                                        17P     15
110,510.7393702,-383.6434295,-178.7797003,512.7175578,                19P     16
-383.9379681,-178.7842398,0,0;                                        19P     17
120,17,19,0.0,6.283185307,0,0;                                        21P     18
110,510.7393702,-383.6434295,-178.7797003,512.7175578,                23P     19
-383.9379681,-178.7842398,0,0;                                        23P     20
124,3.789561257E-014,-0.1472868321,0.9890938222,512.7175578,          25P     21
-0.01541052682,-0.9889763681,-0.1472693419,-383.8917366,              25P     22
0.9998812508,-0.01524245688,-0.002269767677,-181.7838835,0,0;         25P     23
100,0.0,0.0,0.0,3.0,0.0,-3.596602183E-014,3.0,0,0;                    27P     24
110,512.2756973,-386.8586657,-181.8296109,510.2975097,                29P     25
-386.564127,-181.8250714,0,0;                                         29P     26
124,-0.1472868321,3.765217305E-014,-0.9890938222,510.7393702,         31P     27
-0.9889763681,-0.01541052682,0.1472693419,-383.5971979,               31P     28
-0.01524245688,0.9998812508,0.002269767677,-181.779344,0,0;           31P     29
100,0.0,0.0,0.0,3.0,0.0,-4.519822017E-014,3.0,0,0;                    33P     30
102,4,23,27,29,33,0,0;                                                35P     31
142,0,21,0,35,2,0,0;                                                  37P     32
144,21,1,0,37,0,0;                                                    39P     33
108,-4.171706383E-014,0.01541052682,-0.9998812508,172.8463229,0,      41P     34
517.2981783,-353.180803,-178.3101994,1.0,0,0;                         41P     35
110,515.3199907,-352.8862643,-178.3056598,517.2981783,                43P     36
-353.180803,-178.3101994,0,0;                                         43P     37
110,517.2981783,-353.180803,-178.3101994,512.7175578,                 45P     38
-383.9379681,-178.7842398,0,0;                                        45P     39
110,512.7175578,-383.9379681,-178.7842398,510.7393702,                47P     40
-383.6434295,-178.7797003,0,0;                                        47P     41
110,510.7393702,-383.6434295,-178.7797003,515.3199907,                49P     42
-352.8862643,-178.3056598,0,0;                                        49P     43
102,4,43,45,47,49,0,0;                                                51P     44
142,0,41,0,51,2,0,0;                                                  53P     45
144,41,1,0,53,0,0;                                                    55P     46
110,516.3090845,-352.9873021,-181.3075734,517.2981783,                57P     47
-353.1345714,-181.3098431,0,0;                                        57P     48
110,515.7618511,-349.8731036,-181.2595762,517.7400388,                59P     49
-350.1676423,-181.2641158,0,0;                                        59P     50
120,57,59,0.0,6.283185307,0,0;                                        61P     51
110,515.7618511,-349.8731036,-181.2595762,517.7400388,                63P     52
-350.1676423,-181.2641158,0,0;                                        63P     53
124,0.1472868321,4.327614656E-014,0.9890938222,517.2981783,           65P     54
0.9889763681,-0.01541052682,-0.1472693419,-353.1345714,               65P     55
0.01524245688,0.9998812508,-0.002269767677,-181.3098431,0,0;          65P     56
100,0.0,0.0,0.0,3.0,0.0,3.471702092E-014,3.0,0,0;                     67P     57
110,517.2981783,-353.180803,-178.3101994,515.3199907,                 69P     58
-352.8862643,-178.3056598,0,0;                                        69P     59
124,3.789561257E-014,0.1472868321,-0.9890938222,515.3199907,          71P     60
-0.01541052682,0.9889763681,0.1472693419,-352.8400327,                71P     61
0.9998812508,0.01524245688,0.002269767677,-181.3053036,0,0;           71P     62
100,0.0,0.0,0.0,3.0,0.0,3.621582201E-014,3.0,0,0;                     73P     63
102,4,63,67,69,73,0,0;                                                75P     64
142,0,61,0,75,2,0,0;                                                  77P     65
144,61,1,0,77,0,0;                                                    79P     66
110,506.4215543,-361.6084599,-185.7409564,505.4324605,                81P     67
-361.4611906,-185.7386866,0,0;                                        81P     68
110,515.8179456,-363.0537503,-182.7628755,497.025163,                 83P     69
-360.2556328,-182.7197499,0,0;                                        83P     70
120,81,83,0.0,6.283185307,0,0;                                        85P     71
124,3.789561257E-014,0.1472868321,-0.9890938222,515.8179456,          87P     72
-0.01541052682,0.9889763681,0.1472693419,-363.0075187,                87P     73
0.9998812508,0.01524245688,0.002269767677,-185.7625192,0,0;           87P     74
100,0.0,0.0,0.0,3.0,0.0,-7.394605761E-014,3.0,0,0;                    89P     75
110,516.2598061,-360.0405896,-185.7167918,497.4670235,                91P     76
-357.2424721,-185.6736662,0,0;                                        91P     77
124,0.1472868321,3.721198696E-014,0.9890938222,497.025163,            93P     78
0.9889763681,-0.01541052682,-0.1472693419,-360.2094012,               93P     79
0.01524245688,0.9998812508,-0.002269767677,-185.7193936,0,0;          93P     80
100,0.0,0.0,0.0,3.0,0.0,-4.22890889E-014,3.0,0,0;                     95P     81
110,497.025163,-360.2556328,-182.7197499,515.8179456,                 97P     82
-363.0537503,-182.7628755,0,0;                                        97P     83
102,4,89,91,95,97,0,0;                                                99P     84
142,0,85,0,99,2,0,0;                                                 101P     85
144,85,1,0,101,0,0;                                                  103P     86
110,504.8013992,-372.4872,-185.9086234,503.8123053,-372.3399307,     105P     87
-185.9063537,0,0;                                                    105P     88
110,513.75593,-376.8531878,-185.9759136,494.9631474,                 107P     89
-374.0550704,-185.932788,0,0;                                        107P     90
120,105,107,0.0,6.283185307,0,0;                                     109P     91
124,-0.1472868321,3.976029575E-014,-0.9890938222,514.1977905,        111P     92
-0.9889763681,-0.01541052682,0.1472693419,-373.8862587,              111P     93
-0.01524245688,0.9998812508,0.002269767677,-185.9301862,0,0;         111P     94
100,0.0,0.0,0.0,3.0,0.0,-3.665817649E-014,3.0,0,0;                   113P     95
110,514.1977905,-373.9324903,-182.9305425,495.4050079,               115P     96
-371.1343728,-182.8874169,0,0;                                       115P     97
124,5.684341886E-014,-0.1472868321,0.9890938222,495.4050079,         117P     98
-0.01541052682,-0.9889763681,-0.1472693419,-371.0881412,             117P     99
0.9998812508,-0.01524245688,-0.002269767677,-185.8870606,0,0;        117P    100
100,0.0,0.0,0.0,3.0,0.0,6.915822082E-014,3.0,0,0;                    119P    101
110,494.9631474,-374.0550704,-185.932788,513.75593,-376.8531878,     121P    102
-185.9759136,0,0;                                                    121P    103
102,4,113,115,119,121,0,0;                                           123P    104
142,0,109,0,123,2,0,0;                                               125P    105
144,109,1,0,125,0,0;                                                 127P    106
108,-4.151973904E-014,0.01541052682,-0.9998812508,171.3963229,0,     129P    107
-7.10046741E-012,2.641307632,-171.3759698,1.0,0,0;                   129P    108
110,510.5258255,-385.0996478,-177.3519718,490.8148882,               131P    109
-382.1633705,-177.3067169,0,0;                                       131P    110
124,0.7462863929,0.6656249843,4.151973904E-014,467.6800101,          133P    111
-0.6655459419,0.746197772,-0.01541052682,-361.5314463,               133P    112
-0.01025763168,0.01150066648,0.9998812508,-176.9887303,0,0;          133P    113
100,0.0,0.0,0.0,31.0,0.0,23.13487818,20.63437451,0,0;                135P    114
124,1.0,-2.698825045E-012,4.151973904E-014,467.6800101,              137P    115
2.699145567E-012,0.9998812508,-0.01541052682,-361.5314463,0.0,       137P    116
0.01541052682,0.9998812508,-176.9887303,0,0;                         137P    117
100,0.0,0.0,0.0,31.0,0.0,28.14505569,12.99445421,0,0;                139P    118
110,495.8250658,-348.5385351,-176.7884789,515.5335778,               141P    119
-351.4744512,-176.8337283,0,0;                                       141P    120
110,515.5335778,-351.4744512,-176.8337283,510.5258255,               143P    121
-385.0996478,-177.3519718,0,0;                                       143P    122
102,5,131,135,139,141,143,0,0;                                       145P    123
142,0,129,0,145,2,0,0;                                               147P    124
144,129,1,0,147,0,0;                                                 149P    125
108,-4.151973904E-014,0.01541052682,-0.9998812508,195.1463229,0,     151P    126
-8.086561213E-012,3.007307644,-195.1231495,1.0,0,0;                  151P    127
110,510.083965,-387.7005769,-201.1448789,515.9754383,                153P    128
-348.1415221,-200.5351806,0,0;                                       153P    129
110,515.9754383,-348.1415221,-200.5351806,494.0540426,               155P    130
-344.8759596,-200.4848506,0,0;                                       155P    131
124,0.8507752438,-0.5255297181,4.151973904E-014,467.6800101,         157P    132
0.5254673118,0.8506742149,-0.01541052682,-361.1654463,               157P    133
0.008098689818,0.01311089472,0.9998812508,-200.73591,0,0;            157P    134
100,0.0,0.0,0.0,31.0,0.0,-20.10054035,23.60017537,0,0;               159P    135
124,0.9517301815,-0.3069359242,-4.151973904E-014,435.3211839,        161P    136
-0.3068994758,-0.9516171643,0.01541052682,-350.7308641,              161P    137
-0.004730044294,-0.01466666349,-0.9998812508,-200.5750885,0,0;       161P    138
100,0.0,0.0,0.0,3.0,0.0,0.490233309,2.959674189,0,0;                 163P    139
110,434.8793234,-353.6977932,-200.6208158,432.5534941,               165P    140
-353.351493,-200.6154785,0,0;                                        165P    141
110,432.5534941,-353.351493,-200.6154785,431.7351718,                167P    142
-358.8462235,-200.7001653,0,0;                                       167P    143
110,431.7351718,-358.8462235,-200.7001653,434.136739,                169P    144
-359.2038005,-200.7056764,0,0;                                       169P    145
124,0.1472868321,0.9890938222,-4.151973904E-014,433.6948785,         171P    146
0.9889763681,-0.1472693419,0.01541052682,-362.1707296,               171P    147
0.01524245688,-0.002269767677,-0.9998812508,-200.7514038,0,0;        171P    148
100,0.0,0.0,0.0,3.0,0.0,0.5294117647,2.952917741,0,0;                173P    149
124,-0.9995626922,0.0295706688,4.151973904E-014,467.6800101,         175P    150
-0.02956715731,-0.9994439949,-0.01541052682,-361.1654463,            175P    151
-0.0004556995848,-0.01540378768,0.9998812508,-200.73591,0,0;         175P    152
100,0.0,0.0,0.0,31.0,0.0,-19.78258429,23.86732827,0,0;               177P    153
110,488.1597161,-384.4345894,-201.0945423,510.083965,                179P    154
-387.7005769,-201.1448789,0,0;                                       179P    155
102,10,153,155,159,163,165,167,169,173,177,179,0,0;                  181P    156
142,0,151,0,181,2,0,0;                                               183P    157
124,-0.7973984216,0.6034531939,-4.151973904E-014,467.6800101,        185P    158
0.6033815343,0.7973037312,0.01541052682,-361.1654463,                185P    159
0.009299531632,0.01228832977,-0.9998812508,-200.73591,0,0;           185P    160
100,0.0,0.0,0.0,12.5,0.0,-12.5,1.010969398E-013,0,0;                 187P    161
124,0.7973984216,-0.6034531939,-4.151973904E-014,467.6800101,        189P    162
-0.6033815343,-0.7973037312,0.01541052682,-361.1654463,              189P    163
-0.009299531632,-0.01228832977,-0.9998812508,-200.73591,0,0;         189P    164
100,0.0,0.0,0.0,12.5,0.0,-12.5,-9.942879311E-014,0,0;                191P    165
102,2,187,191,0,0;                                                   193P    166
142,0,151,0,193,2,0,0;                                               195P    167
144,151,1,1,183,195,0,0;                                             197P    168
110,504.3842465,-349.7673382,-179.8077739,505.3733297,               199P    169
-349.9146789,-179.8100448,0,0;                                       199P    170
110,494.0270215,-345.1917028,-179.7372526,515.9756523,               201P    171
-348.4613224,-179.7876451,0,0;                                       201P    172
120,199,201,0.0,6.283185307,0,0;                                     203P    173
126,5,5,0,0,1,0,0.0,0.0,0.0,0.0,0.0,0.0,6.663968969,6.663968969,     205P    174
6.663968969,6.663968969,6.663968969,6.663968969,1.0,1.0,1.0,1.0,     205P    175
1.0,1.0,515.9754383,-348.4612905,-179.7876447,515.9754383,           205P    176
-348.4758138,-178.845329,515.9210431,-348.8555953,-177.9076843,      205P    177
515.8114299,-349.6030874,-177.1741773,515.672385,-350.5424126,       205P    178
-176.8193634,515.5335778,-351.4744512,-176.8337283,0.0,              205P    179
6.663968969,0.0,0.0,0.0,0,0;                                         205P    180
110,515.5335778,-351.4744512,-176.8337283,495.8250658,               207P    181
-348.5385351,-176.7884789,0,0;                                       207P    182
126,8,5,0,0,1,0,0.0,0.0,0.0,0.0,0.0,0.0,4.760392889,4.760392889,     209P    183
4.760392889,7.488643367,7.488643367,7.488643367,7.488643367,         209P    184
7.488643367,7.488643367,1.0,1.0,1.0,1.0,1.0,1.0,1.0,1.0,1.0,         209P    185
495.8250658,-348.5385351,-176.7884789,495.5428676,-347.9273868,      209P    186
-176.7790596,495.2440779,-347.3218628,-176.9017964,494.9439584,      209P    187
-346.7543714,-177.1449611,494.4909324,-345.9462868,-177.7277253,     209P    188
494.1819748,-345.4202676,-178.6077758,494.0967069,-345.2766805,      209P    189
-178.9668054,494.0540426,-345.2016739,-179.3515276,494.0540426,      209P    190
-345.195728,-179.7373146,0.0,7.488643367,0.0,0.0,0.0,0,0;            209P    191
110,494.0540426,-345.195728,-179.7373146,515.9754383,                211P    192
-348.4612905,-179.7876447,0,0;                                       211P    193
102,4,205,207,209,211,0,0;                                           213P    194
142,0,203,0,213,2,0,0;                                               215P    195
144,203,1,0,215,0,0;                                                 217P    196
110,467.6800101,-361.3638568,-187.8624389,467.6800101,               219P    197
-361.3484463,-188.8623201,0,0;                                       219P    198
110,498.6800101,-361.5622673,-174.9889678,498.6800101,               221P    199
-361.1654463,-200.73591,0,0;                                         221P    200
120,219,221,0.0,6.283185307,0,0;                                     223P    201
110,436.6935666,-362.0820281,-200.7500367,436.6935666,               225P    202
-362.4480282,-177.002857,0,0;                                        225P    203
124,-0.9995626922,-0.0295706688,-4.151973904E-014,467.6800101,       227P    204
-0.02956715731,0.9994439949,0.01541052682,-361.5314463,              227P    205
-0.0004556995848,0.01540378768,-0.9998812508,-176.9887303,0,0;       227P    206
100,0.0,0.0,0.0,31.0,0.0,30.98644346,0.9166907329,0,0;               229P    207
110,436.6800101,-361.5314463,-176.9887303,436.6800101,               231P    208
-361.5622673,-174.9889678,0,0;                                       231P    209
124,-1.0,2.693324722E-012,4.151973904E-014,467.6800101,              233P    210
-2.693644591E-012,-0.9998812508,-0.01541052682,-361.5622673,0.0,     233P    211
-0.01541052682,0.9998812508,-174.9889678,0,0;                        233P    212
100,0.0,0.0,0.0,31.0,0.0,-31.0,-1.252080029E-026,0,0;                235P    213
110,498.6800101,-361.5622673,-174.9889678,498.6800101,               237P    214
-361.5314463,-176.9887303,0,0;                                       237P    215
124,1.0,2.693324722E-012,-4.151973904E-014,467.6800101,              239P    216
2.693644591E-012,-0.9998812508,0.01541052682,-361.5314463,0.0,       239P    217
-0.01541052682,-0.9998812508,-176.9887303,0,0;                       239P    218
100,0.0,0.0,0.0,31.0,0.0,23.13487818,20.63437451,0,0;                241P    219
126,8,5,0,0,1,0,0.0,0.0,0.0,0.0,0.0,0.0,4.760392889,4.760392889,     243P    220
4.760392889,7.488643366,7.488643366,7.488643366,7.488643366,         243P    221
7.488643366,7.488643366,1.0,1.0,1.0,1.0,1.0,1.0,1.0,1.0,1.0,         243P    222
490.8148882,-382.1633705,-177.3067169,490.3667754,-382.6657266,      243P    223
-177.3144593,489.9050247,-383.153884,-177.4540521,489.4536277,       243P    224
-383.6016607,-177.7128638,488.787366,-384.224668,-178.3176859,       243P    225
488.3424636,-384.6110147,-179.2117973,488.2206611,-384.7126233,      243P    226
-179.574607,488.1597161,-384.7603037,-179.9612193,488.1597161,       243P    227
-384.7543578,-180.3470064,0.0,7.488643366,0.0,0.0,0.0,0,0;           243P    228
110,488.1597161,-384.7543578,-180.3470064,488.1597161,               245P    229
-384.4345894,-201.0945423,0,0;                                       245P    230
124,0.6606356798,-0.7507066661,-4.151973904E-014,467.6800101,        247P    231
-0.7506175203,-0.6605572299,0.01541052682,-361.1654463,              247P    232
-0.01156878522,-0.01018074387,-0.9998812508,-200.73591,0,0;          247P    233
100,0.0,0.0,0.0,31.0,0.0,-19.78258429,23.86732827,0,0;               249P    234
102,9,225,229,231,235,237,241,243,245,249,0,0;                       251P    235
142,0,223,0,251,2,0,0;                                               253P    236
144,223,1,0,253,0,0;                                                 255P    237
110,467.6800101,-361.3638568,-187.8624389,467.6800101,               257P    238
-361.3484463,-188.8623201,0,0;                                       257P    239
110,436.6800101,-361.5622673,-174.9889678,436.6800101,               259P    240
-361.1654463,-200.73591,0,0;                                         259P    241
120,257,259,0.0,6.283185307,0,0;                                     261P    242
124,-0.9735821554,0.2283370026,-4.151973904E-014,467.6800101,        263P    243
0.2283098877,0.9734665433,0.01541052682,-361.5314463,                263P    244
0.003518793503,0.01500341392,-0.9998812508,-176.9887303,0,0;         263P    245
100,0.0,0.0,0.0,31.0,0.0,30.89684286,2.526875775,0,0;                265P    246
110,438.1763744,-352.0175625,-176.8420989,438.1763744,               267P    247
-351.6515625,-200.5892786,0,0;                                       267P    248
124,-0.9517301815,0.3069359242,-4.151973904E-014,467.6800101,        269P    249
0.3068994758,0.9516171643,0.01541052682,-361.1654463,                269P    250
0.004730044294,0.01466666349,-0.9998812508,-200.73591,0,0;           269P    251
100,0.0,0.0,0.0,31.0,0.0,-20.10054035,23.60017537,0,0;               271P    252
110,494.0540426,-344.8759596,-200.4848506,494.0540426,               273P    253
-345.195728,-179.7373146,0,0;                                        273P    254
126,8,5,0,0,1,0,0.0,0.0,0.0,0.0,0.0,0.0,2.728250478,2.728250478,     275P    255
2.728250478,7.488643367,7.488643367,7.488643367,7.488643367,         275P    256
7.488643367,7.488643367,1.0,1.0,1.0,1.0,1.0,1.0,1.0,1.0,1.0,         275P    257
494.0540426,-345.195728,-179.7373146,494.0540426,-345.2016739,       275P    258
-179.3515276,494.0967069,-345.2766805,-178.9668061,494.1819746,      275P    259
-345.4202682,-178.6077755,494.4909326,-345.9462859,-177.7277258,     275P    260
494.943958,-346.754373,-177.1449602,495.2440777,-347.3218641,        275P    261
-176.9017962,495.5428676,-347.9273868,-176.7790596,495.8250658,      275P    262
-348.5385351,-176.7884789,0.0,7.488643367,0.0,0.0,0.0,0,0;           275P    263
124,0.9079050223,0.4191759422,-4.151973904E-014,467.6800101,         277P    264
0.4191261654,-0.9077972092,0.01541052682,-361.5314463,               277P    265
0.006459722102,-0.0139912947,-0.9998812508,-176.9887303,0,0;         277P    266
100,0.0,0.0,0.0,31.0,0.0,28.14505569,12.99445421,0,0;                279P    267
110,498.6800101,-361.5314463,-176.9887303,498.6800101,               281P    268
-361.5622673,-174.9889678,0,0;                                       281P    269
124,1.0,-2.693324722E-012,4.151973904E-014,467.6800101,              283P    270
2.693644591E-012,0.9998812508,-0.01541052682,-361.5622673,0.0,       283P    271
0.01541052682,0.9998812508,-174.9889678,0,0;                         283P    272
100,0.0,0.0,0.0,31.0,0.0,-31.0,-1.252080029E-026,0,0;                285P    273
110,436.6800101,-361.5622673,-174.9889678,436.6800101,               287P    274
-361.5314463,-176.9887303,0,0;                                       287P    275
124,-1.0,-2.693324722E-012,-4.151973904E-014,467.6800101,            289P    276
-2.693644591E-012,0.9998812508,0.01541052682,-361.5314463,0.0,       289P    277
0.01541052682,-0.9998812508,-176.9887303,0,0;                        289P    278
100,0.0,0.0,0.0,31.0,0.0,30.9598531,1.577179688,0,0;                 291P    279
124,-0.9987049388,0.05087676412,-4.151973904E-014,467.6800101,       293P    280
0.05087072255,0.9985863434,0.01541052682,-361.5314463,               293P    281
0.0007840377383,0.01539056925,-0.9998812508,-176.9887303,0,0;        293P    282
100,0.0,0.0,0.0,31.0,0.0,30.502089,5.533766058,0,0;                  295P    283
102,11,265,267,271,273,275,279,281,285,287,291,295,0,0;              297P    284
142,0,261,0,297,2,0,0;                                               299P    285
144,261,1,0,299,0,0;                                                 301P    286
110,433.6948785,-362.3691401,-187.8779327,433.6948785,               303P    287
-362.3537296,-188.8778139,0,0;                                       303P    288
110,434.136739,-359.570014,-176.9446467,434.136739,-359.2038005,     305P    289
-200.7056764,0,0;                                                    305P    290
120,303,305,0.0,6.283185307,0,0;                                     307P    291
124,0.3331567054,0.9428714704,-3.980491067E-014,433.6948785,         309P    292
0.9427595051,-0.3331171433,0.01541052682,-362.5367296,               309P    293
0.01453014609,-0.005134120345,-0.9998812508,-177.0042241,0,0;        309P    294
100,0.0,0.0,0.0,3.0,0.0,1.08267706,2.797822436,0,0;                  311P    295
110,436.6935666,-362.4480282,-177.002857,436.6935666,                313P    296
-362.0820281,-200.7500367,0,0;                                       313P    297
124,0.9995626922,-0.0295706688,3.980491067E-014,433.6948785,         315P    298
0.02956715731,0.9994439949,-0.01541052682,-362.1707296,              315P    299
0.0004556995848,0.01540378768,0.9998812508,-200.7514038,0,0;         315P    300
100,0.0,0.0,0.0,3.0,0.0,0.5294117647,2.952917741,0,0;                317P    301
110,434.136739,-359.2038005,-200.7056764,434.136739,                 319P    302
-359.5689525,-177.0135163,0,0;                                       319P    303
126,3,3,0,0,1,0,0.0,0.0,0.0,0.0,0.8188500714,0.8188500714,           321P    304
0.8188500714,0.8188500714,1.0,1.0,1.0,1.0,434.136739,                321P    305
-359.5689525,-177.0135163,434.3241374,-359.5974219,-176.9771542,     321P    306
434.5123699,-359.6441579,-176.9596427,434.6943486,-359.7084511,      321P    307
-176.9606336,0.0,0.8188500714,0.0,0.0,0.0,0,0;                       321P    308
102,5,311,313,317,319,321,0,0;                                       323P    309
142,0,307,0,323,2,0,0;                                               325P    310
144,307,1,0,325,0,0;                                                 327P    311
108,-0.1472868321,-0.9889763681,-0.01524245688,294.3606927,0,        329P    312
431.7351718,-358.8462235,-200.7001653,1.0,0,0;                       329P    313
124,-0.9890938222,4.435687928E-014,0.1472868321,434.7024533,         331P    314
0.1472693419,-0.01541052682,0.9889763681,-359.6077999,               331P    315
0.002269767677,0.9998812508,0.01524245688,-179.9594386,0,0;          331P    316
100,0.0,0.0,0.0,3.0,0.0,0.5719520552,2.944973828,0,0;                333P    317
110,434.136739,-359.5689525,-177.0135163,434.136739,                 335P    318
-359.2038005,-200.7056764,0,0;                                       335P    319
110,434.136739,-359.2038005,-200.7056764,431.7351718,                337P    320
-358.8462235,-200.7001653,0,0;                                       337P    321
110,431.7351718,-358.8462235,-200.7001653,431.7351718,               339P    322
-359.1659919,-179.9526293,0,0;                                       339P    323
102,4,333,335,337,339,0,0;                                           341P    324
142,0,329,0,341,2,0,0;                                               343P    325
144,329,1,0,343,0,0;                                                 345P    326
108,-0.9890938222,0.1472693419,0.002269767677,-480.3291812,0,        347P    327
432.5534941,-353.351493,-200.6154785,1.0,0,0;                        347P    328
110,432.5534941,-353.6712615,-179.8679426,431.7351718,               349P    329
-359.1659919,-179.9526293,0,0;                                       349P    330
110,431.7351718,-359.1659919,-179.9526293,431.7351718,               351P    331
-358.8462235,-200.7001653,0,0;                                       351P    332
110,431.7351718,-358.8462235,-200.7001653,432.5534941,               353P    333
-353.351493,-200.6154785,0,0;                                        353P    334
110,432.5534941,-353.351493,-200.6154785,432.5534941,                355P    335
-353.6712615,-179.8679426,0,0;                                       355P    336
102,4,349,351,353,355,0,0;                                           357P    337
142,0,347,0,357,2,0,0;                                               359P    338
144,347,1,0,359,0,0;                                                 361P    339
108,0.1472868321,0.9889763681,0.01524245688,-288.8047152,0,          363P    340
437.4989632,-354.0878397,-200.6268274,1.0,0,0;                       363P    341
110,434.8793234,-353.6977932,-200.6208158,434.8793234,-354.0627,     365P    342
-176.9445638,0,0;                                                    365P    343
124,-0.2138174024,-0.9657063257,-0.1472868321,435.5207756,           367P    344
0.01678981764,0.1471184741,-0.9889763681,-354.1130695,               367P    345
0.9767293486,-0.2139332771,-0.01524245688,-179.8747519,0,0;          367P    346
100,0.0,0.0,0.0,3.0,0.0,0.6485251377,2.929063869,0,0;                369P    347
110,432.5534941,-353.6712615,-179.8679426,432.5534941,               371P    348
-353.351493,-200.6154785,0,0;                                        371P    349
110,432.5534941,-353.351493,-200.6154785,434.8793234,                373P    350
-353.6977932,-200.6208158,0,0;                                       373P    351
102,4,365,369,371,373,0,0;                                           375P    352
142,0,363,0,375,2,0,0;                                               377P    353
144,363,1,0,377,0,0;                                                 379P    354
110,435.3211839,-350.9292746,-187.7016174,435.3211839,               381P    355
-350.9446851,-186.7017361,0,0;                                       381P    356
110,434.8793234,-353.6977932,-200.6208158,434.8793234,               383P    357
-354.0640691,-176.8557341,0,0;                                       383P    358
120,381,383,0.0,6.283185307,0,0;                                     385P    359
124,-0.1472868321,0.9890938222,4.135103718E-014,435.3211839,         387P    360
-0.9889763681,-0.1472693419,-0.01541052682,-350.7308641,             387P    361
-0.01524245688,-0.002269767677,0.9998812508,-200.5750885,0,0;        387P    362
100,0.0,0.0,0.0,3.0,0.0,0.490233309,2.959674189,0,0;                 389P    363
110,438.1763744,-351.6515625,-200.5892786,438.1763744,               391P    364
-352.0175625,-176.8420989,0,0;                                       391P    365
124,0.9517301815,-0.3069359242,-4.135103718E-014,435.3211839,        393P    366
-0.3068994844,-0.9516171643,0.01541052682,-351.0968641,              393P    367
-0.004729489296,-0.01466666349,-0.9998812508,-176.8279104,0,0;       393P    368
100,0.0,0.0,0.0,3.0,0.0,1.118450018,2.783715064,0,0;                 395P    369
126,3,3,0,0,1,0,0.0,0.0,0.0,0.0,0.9323577498,0.9323577498,           397P    370
0.9323577498,0.9323577498,1.0,1.0,1.0,1.0,435.5312215,               397P    371
-354.089147,-176.8740286,435.3122598,-354.104513,-176.8742659,       397P    372
435.0915459,-354.0950306,-176.8975501,434.8793234,-354.0627,         397P    373
-176.9445638,0.0,0.9323577498,0.0,0.0,0.0,0,0;                       397P    374
110,434.8793234,-354.0627,-176.9445638,434.8793234,-353.6977932,     399P    375
-200.6208158,0,0;                                                    399P    376
102,5,389,391,395,397,399,0,0;                                       401P    377
142,0,385,0,401,2,0,0;                                               403P    378
144,385,1,0,403,0,0;                                                 405P    379
108,-4.151973904E-014,0.01541052682,-0.9998812508,169.3963229,0,     407P    380
-7.017427932E-012,2.610486579,-169.3762073,1.0,0,0;                  407P    381
124,-1.0,-2.695158163E-012,-4.151973904E-014,467.6800101,            409P    382
-2.695478249E-012,0.9998812508,0.01541052682,-361.5622673,0.0,       409P    383
0.01541052682,-0.9998812508,-174.9889678,0,0;                        409P    384
100,0.0,0.0,0.0,31.0,0.0,-31.0,-1.136733375E-013,0,0;                411P    385
124,1.0,2.691491281E-012,-4.151973904E-014,467.6800101,              413P    386
2.691810932E-012,-0.9998812508,0.01541052682,-361.5622673,0.0,       413P    387
-0.01541052682,-0.9998812508,-174.9889678,0,0;                       413P    388
100,0.0,0.0,0.0,31.0,0.0,-31.0,1.136733375E-013,0,0;                 415P    389
102,2,411,415,0,0;                                                   417P    390
142,0,407,0,417,2,0,0;                                               419P    391
126,26,5,0,0,1,0,0.0,0.0,0.0,0.0,0.0,0.0,8.767192289,                421P    392
8.767192289,8.767192289,26.19777984,26.19777984,26.19777984,         421P    393
43.62836738,43.62836738,43.62836738,61.05895492,61.05895492,         421P    394
61.05895492,78.48954247,78.48954247,78.48954247,95.92013001,         421P    395
95.92013001,95.92013001,113.3507176,113.3507176,113.3507176,         421P    396
130.7804502,130.7804502,130.7804502,130.7804502,130.7804502,         421P    397
130.7804502,1.0,1.0,1.0,1.0,1.0,1.0,1.0,1.0,1.0,1.0,1.0,1.0,1.0,     421P    398
1.0,1.0,1.0,1.0,1.0,1.0,1.0,1.0,1.0,1.0,1.0,1.0,1.0,1.0,             421P    399
495.7128592,-351.2615394,-174.8302093,495.2789344,-350.0809182,      421P    400
-174.8120131,494.7828417,-348.9231409,-174.794169,494.2261833,       421P    401
-347.7925689,-174.7767443,492.3879961,-344.5080787,-174.7261225,     421P    402
490.0496146,-341.5390863,-174.6803634,488.2917728,-339.7342057,      421P    403
-174.6525459,484.4244022,-336.5192282,-174.6029955,479.9750055,      421P    404
-334.1747312,-174.5668613,477.6350914,-333.2404024,-174.5524611,     421P    405
472.794491,-331.8753984,-174.5314231,467.7761131,-331.542292,        421P    406
-174.5262892,465.2584083,-331.6399449,-174.5277943,460.280919,       421P    407
-332.3607546,-174.5389036,455.5606164,-334.0965919,-174.565657,      421P    408
453.3001206,-335.2093542,-174.5828073,449.0457342,-337.8914389,      421P    409
-174.6241445,445.4390631,-341.3963083,-174.6781628,443.8263362,      421P    410
-343.3319213,-174.7079952,441.0301098,-347.5118804,-174.7724182,     421P    411
439.1602175,-352.1802236,-174.8443684,438.4739004,-354.6042593,      421P    412
-174.8817285,437.6189764,-359.5597735,-174.9581046,437.8089055,      421P    413
-364.5848869,-175.0355535,438.1675341,-367.0784089,-175.0739845,     421P    414
438.7844912,-369.5158458,-175.1115512,439.647161,-371.8629953,       421P    415
-175.1477263,0.0,130.7804502,0.0,0.0,0.0,0,0;                        421P    416
126,26,5,0,0,1,0,0.0,0.0,0.0,0.0,0.0,0.0,17.42973261,                423P    417
17.42973261,17.42973261,34.86032015,34.86032015,34.86032015,         423P    418
52.2909077,52.2909077,52.2909077,69.72149524,69.72149524,            423P    419
69.72149524,87.15208279,87.15208279,87.15208279,104.5826703,         423P    420
104.5826703,104.5826703,122.0132579,122.0132579,122.0132579,         423P    421
130.7804502,130.7804502,130.7804502,130.7804502,130.7804502,         423P    422
130.7804502,1.0,1.0,1.0,1.0,1.0,1.0,1.0,1.0,1.0,1.0,1.0,1.0,1.0,     423P    423
1.0,1.0,1.0,1.0,1.0,1.0,1.0,1.0,1.0,1.0,1.0,1.0,1.0,1.0,             423P    424
439.647161,-371.8629953,-175.1477263,440.5098307,-374.2101448,       423P    425
-175.1839014,441.618213,-376.4670065,-175.2186849,442.9597715,       423P    426
-378.5993489,-175.2515494,446.0693839,-382.5516186,-175.3124631,     423P    427
449.9301344,-385.7743486,-175.362133,452.0229746,-387.1771772,       423P    428
-175.3837539,456.471187,-389.5239199,-175.4199227,461.3090103,       423P    429
-390.8987317,-175.4411118,463.7914942,-391.3295511,-175.4477518,     423P    430
468.8097033,-391.6651906,-175.4529248,473.7886436,-390.9544704,      423P    431
-175.4419709,476.2318569,-390.3388452,-175.4324827,480.9530354,      423P    432
-388.6053909,-175.405766,485.2128502,-385.9319342,-175.3645618,      423P    433
487.1946636,-384.3762298,-175.3405847,490.8031038,-380.8731815,      423P    434
-175.2865945,493.6077982,-376.6988982,-175.2222589,494.7858015,      423P    435
-374.4719034,-175.1879357,496.6580507,-369.8045046,-175.1160001,     423P    436
497.5230401,-364.8506118,-175.0396489,497.6937022,-362.3370984,      423P    437
-175.0009097,497.5528567,-358.560617,-174.9427053,496.8265256,       423P    438
-354.867573,-174.8857867,496.5185406,-353.6456254,-174.8669537,      423P    439
496.1467839,-352.4421605,-174.8484054,495.7128592,-351.2615394,      423P    440
-174.8302093,0.0,130.7804502,0.0,0.0,0.0,0,0;                        423P    441
102,2,421,423,0,0;                                                   425P    442
142,0,407,0,425,2,0,0;                                               427P    443
144,407,1,1,419,427,0,0;                                             429P    444
124,-0.9735821554,-0.2283370026,4.151973904E-014,467.6800101,        431P    445
0.2283098877,-0.9734665433,-0.01541052682,-361.5314463,              431P    446
0.003518793503,-0.01500341392,0.9998812508,-176.9887303,0,0;         431P    447
100,0.0,0.0,0.0,31.0,0.0,30.502089,5.533766058,0,0;                  433P    448
124,-0.9987049388,-0.05087676412,4.151973904E-014,467.6800101,       435P    449
0.05087072255,-0.9985863434,-0.01541052682,-361.5314463,             435P    450
0.0007840377383,-0.01539056925,0.9998812508,-176.9887303,0,0;        435P    451
100,0.0,0.0,0.0,31.0,0.0,30.9598531,1.577179688,0,0;                 437P    452
124,-1.0,2.691491281E-012,4.151973904E-014,467.6800101,              439P    453
-2.691810932E-012,-0.9998812508,-0.01541052682,-361.5314463,0.0,     439P    454
-0.01541052682,0.9998812508,-176.9887303,0,0;                        439P    455
100,0.0,0.0,0.0,31.0,0.0,30.98644346,0.9166907329,0,0;               441P    456
124,0.9995626922,-0.02957066881,4.151973904E-014,433.6948785,        443P    457
0.02956715731,0.9994439949,-0.01541052682,-362.5367296,              443P    458
0.0004556995848,0.01540378768,0.9998812508,-177.0042241,0,0;         443P    459
100,0.0,0.0,0.0,3.0,0.0,1.08267706,2.797822436,0,0;                  445P    460
110,434.6943486,-359.7084511,-176.9606336,435.5312241,               447P    461
-354.0891432,-176.8740268,0,0;                                       447P    462
124,0.07001349431,0.9975460444,4.151973904E-014,435.3211839,         449P    463
-0.9974275865,0.07000518027,-0.01541052682,-351.0968641,             449P    464
-0.01537271008,0.001078944832,0.9998812508,-176.8279088,0,0;         449P    465
100,0.0,0.0,0.0,3.0,0.0,1.118450018,2.783715064,0,0;                 451P    466
124,-0.9517301815,-0.3069359242,4.151973904E-014,467.6800101,        453P    467
0.3068994758,-0.9516171643,-0.01541052682,-361.5314463,              453P    468
0.004730044294,-0.01466666349,0.9998812508,-176.9887303,0,0;         453P    469
100,0.0,0.0,0.0,31.0,0.0,30.89684286,2.526875775,0,0;                455P    470
102,7,433,437,441,445,447,451,455,0,0;                               457P    471
142,0,129,0,457,2,0,0;                                               459P    472
144,129,1,0,459,0,0;                                                 461P    473
110,467.6800101,-361.5545582,-175.4891589,467.6800101,               463P    474
-361.5699687,-174.4892777,0,0;                                       463P    475
124,-5.684341886E-014,0.9386245592,0.344940483,494.9001223,          465P    476
0.01541052682,0.3448995216,-0.9385130983,-351.5524721,               465P    477
-0.9998812508,0.005315714566,-0.01446469895,-175.3350032,0,0;        465P    478
100,0.0,0.0,0.0,1.0,0.0,-0.5002505627,0.865880693,0,0;               467P    479
120,463,467,0.0,3.141592654,0,0;                                     469P    480
124,0.8127368838,0.4695474639,-0.344940483,494.9001223,              471P    481
0.2909327121,0.1858798574,0.9385130983,-351.5524721,                 471P    482
0.5047939329,-0.8631186812,0.01446469895,-175.3350032,0,0;           471P    483
100,0.0,0.0,0.0,1.0,0.0,-0.5002505627,0.865880693,0,0;               473P    484
124,0.9386245592,-0.344940483,3.971058493E-014,467.6800101,          475P    485
0.3448995216,0.9385130983,-0.01541052682,-361.5391477,               475P    486
0.005315714566,0.01446469895,0.9998812508,-176.4890402,0,0;          475P    487
100,0.0,0.0,0.0,29.0,0.0,-29.0,-1.796077122E-013,0,0;                477P    488
124,2.273736754E-013,-0.9386245592,-0.344940483,440.4598978,         479P    489
0.01541052682,-0.3448995216,0.9385130983,-371.5566443,               479P    490
-0.9998812508,-0.005315714566,0.01446469895,-175.6433146,0,0;        479P    491
100,0.0,0.0,0.0,1.0,0.0,-0.5002505627,0.865880693,0,0;               481P    492
126,14,5,0,0,1,0,0.0,0.0,0.0,0.0,0.0,0.0,34.86032016,                483P    493
34.86032016,34.86032016,69.72149524,69.72149524,69.72149524,         483P    494
104.5826703,104.5826703,104.5826703,130.7804502,130.7804502,         483P    495
130.7804502,130.7804502,130.7804502,130.7804502,1.0,1.0,1.0,1.0,     483P    496
1.0,1.0,1.0,1.0,1.0,1.0,1.0,1.0,1.0,1.0,1.0,439.647161,              483P    497
-371.8629953,-175.1477263,437.9217791,-367.1685811,-175.0753743,     483P    498
437.1792958,-362.1129988,-174.9974558,437.5219782,-356.9704209,      483P    499
-174.9181966,440.3354385,-347.1454968,-174.7667714,446.8541468,      483P    500
-339.2740571,-174.6454539,450.9046117,-336.0861857,-174.5963213,     483P    501
460.0880276,-331.5994843,-174.5271707,470.3001956,-331.1728917,      483P    502
-174.5205959,475.3801033,-332.047855,-174.5340811,483.6828758,       483P    503
-335.3918955,-174.5856207,490.2001624,-341.4063222,-174.6783171,     483P    504
492.5644807,-344.4097421,-174.7246069,494.4162223,-347.7336535,      483P    505
-174.7758362,495.7128592,-351.2615394,-174.8302093,0.0,              483P    506
130.7804502,0.0,0.0,0.0,0,0;                                         483P    507
102,4,473,477,481,483,0,0;                                           485P    508
142,0,469,0,485,2,0,0;                                               487P    509
144,469,1,0,487,0,0;                                                 489P    510
110,511.6924708,-343.0695747,-193.1331331,511.5451839,               491P    511
-344.0585511,-193.1483755,0,0;                                       491P    512
110,508.6295348,-357.0171014,-193.3480973,508.3717829,               493P    513
-358.7478101,-193.3747716,0,0;                                       493P    514
120,491,493,0.0,6.283185307,0,0;                                     495P    515
124,0.9890938222,-7.220049211E-014,0.1472868321,509.5939013,         497P    516
-0.1472693419,0.01541052682,0.9889763681,-357.1606891,               497P    517
-0.002269767677,-0.9998812508,0.01524245688,-193.3503104,0,0;        497P    518
100,0.0,0.0,0.0,0.975,0.0,-0.975,1.420916119E-013,0,0;               499P    519
110,508.6295348,-357.0171014,-193.3480973,508.3717829,               501P    520
-358.7478101,-193.3747716,0,0;                                       501P    521
124,-0.9890938222,7.194505408E-014,-0.1472868321,509.3361494,        503P    522
0.1472693419,0.01541052682,-0.9889763681,-358.8913977,               503P    523
0.002269767677,-0.9998812508,-0.01524245688,-193.3769847,0,0;        503P    524
100,0.0,0.0,0.0,0.975,0.0,-0.975,1.420920348E-013,0,0;               505P    525
110,510.3005158,-359.0349853,-193.3791977,510.5582678,               507P    526
-357.3042767,-193.3525234,0,0;                                       507P    527
102,4,499,501,505,507,0,0;                                           509P    528
142,0,495,0,509,2,0,0;                                               511P    529
144,495,1,0,511,0,0;                                                 513P    530
110,506.5343824,-377.7036695,-193.7028077,506.6816692,               515P    531
-376.7146931,-193.6875653,0,0;                                       515P    532
110,507.5388877,-377.5777393,-193.7008669,507.7966397,               517P    533
-375.8470307,-193.6741926,0,0;                                       517P    534
120,515,517,0.0,6.283185307,0,0;                                     519P    535
124,-0.9890938222,-4.226567013E-014,-0.1472868321,506.5745213,       521P    536
0.1472693419,0.01541052682,-0.9889763681,-377.4341517,               521P    537
0.002269767677,-0.9998812508,-0.01524245688,-193.6986538,0,0;        521P    538
100,0.0,0.0,0.0,0.975,0.0,-0.975,8.761220915E-016,0,0;               523P    539
110,507.5388877,-377.5777393,-193.7008669,507.7966397,               525P    540
-375.8470307,-193.6741926,0,0;                                       525P    541
124,0.9890938222,-4.315471591E-014,0.1472868321,506.8322732,         527P    542
-0.1472693419,0.01541052682,0.9889763681,-375.7034431,               527P    543
-0.002269767677,-0.9998812508,0.01524245688,-193.6719795,0,0;        527P    544
100,0.0,0.0,0.0,0.975,0.0,-0.975,-2.841773041E-014,0,0;              529P    545
110,505.8679067,-375.5598555,-193.6697665,505.6101548,               531P    546
-377.2905641,-193.6964408,0,0;                                       531P    547
102,4,523,525,529,531,0,0;                                           533P    548
142,0,519,0,533,2,0,0;                                               535P    549
144,519,1,0,535,0,0;                                                 537P    550
108,0.1041475177,0.7102087843,-0.6962447682,-80.76419542,0,          539P    551
517.3671997,-378.3016193,-192.4990093,1.0,0,0;                       539P    552
110,494.8158605,-374.9438783,-192.4472586,505.7206199,               541P    553
-376.5675228,-192.4722828,0,0;                                       541P    554
110,505.7206199,-376.5675228,-192.4722828,505.8679067,               543P    555
-375.593957,-191.4571591,0,0;                                        543P    556
110,505.8679067,-375.593957,-191.4571591,494.9631474,                545P    557
-373.9703125,-191.4321349,0,0;                                       545P    558
110,494.9631474,-373.9703125,-191.4321349,494.8158605,               547P    559
-374.9438783,-192.4472586,0,0;                                       547P    560
102,4,541,543,545,547,0,0;                                           549P    561
142,0,539,0,549,2,0,0;                                               551P    562
144,539,1,0,551,0,0;                                                 553P    563
108,-4.138399692E-014,0.01541052682,-0.9998812508,186.6463229,0,     555P    564
516.5175581,-358.2097125,-192.1893457,1.0,0,0;                       555P    565
110,505.7206199,-376.5675228,-192.4722828,494.8158605,               557P    566
-374.9438783,-192.4472586,0,0;                                       557P    567
110,494.8158605,-374.9438783,-192.4472586,494.7053954,               559P    568
-375.6856106,-192.4586904,0,0;                                       559P    569
110,494.7053954,-375.6856106,-192.4586904,505.6101548,               561P    570
-377.3092551,-192.4837146,0,0;                                       561P    571
110,505.6101548,-377.3092551,-192.4837146,505.7206199,               563P    572
-376.5675228,-192.4722828,0,0;                                       563P    573
102,4,557,559,561,563,0,0;                                           565P    574
142,0,555,0,565,2,0,0;                                               567P    575
144,555,1,0,567,0,0;                                                 569P    576
110,494.8895039,-374.387748,-196.4391624,494.9631474,                571P    577
-373.8932598,-196.4315411,0,0;                                       571P    578
124,0.1472868321,-2.510153543E-013,0.9890938222,494.9263256,         573P    579
0.9889763681,-0.01541052683,-0.1472693419,-374.1405039,              573P    580
0.01524245688,0.9998812508,-0.002269767677,-196.4353518,0,0;         573P    581
100,0.0,0.0,0.0,0.25,0.0,-0.25,9.942545919E-013,0,0;                 575P    582
102,2,571,575,0,0;                                                   577P    583
142,0,1,0,577,2,0,0;                                                 579P    584
144,1,1,0,579,0,0;                                                   581P    585
110,494.0737462,-362.8589168,-198.5117431,495.0628401,               583P    586
-363.0061862,-198.5140129,0,0;                                       583P    587
110,479.9664255,-358.989141,-198.4787783,512.629704,-363.852481,     585P    588
-198.5537338,0,0;                                                    585P    589
120,583,585,0.0,6.283185307,0,0;                                     587P    590
110,480.1070812,-362.5486671,-198.4802839,512.1142599,               589P    591
-367.3143183,-198.5537338,0,0;                                       589P    592
124,-0.1472697212,0.00224501897,-0.9890938222,512.371982,            591P    593
-0.98909637,-0.0003342680531,0.1472693419,-365.5833997,0.0,          591P    594
0.9999974241,0.002269767677,-198.5537338,0,0;                        591P    595
100,0.0,0.0,0.0,1.75,0.0,1.735660213,0.2235701788,0,0;               593P    596
110,512.1168737,-367.3002096,-198.3301642,494.8077318,               595P    597
-364.7229961,-198.2904433,0,0;                                       595P    598
124,-0.145776158,0.02104097601,-0.9890938222,495.0628401,            597P    599
-0.9810342564,0.1260298723,0.1472693419,-363.0061862,                597P    600
0.1277540588,0.9918032812,0.002269767677,-198.5140129,0,0;           597P    601
100,0.0,0.0,0.0,1.75,0.0,-1.678571429,0.4948716593,0,0;              599P    602
110,495.3179483,-361.2970815,-198.2376419,512.6270902,               601P    603
-363.874295,-198.2773628,0,0;                                        601P    604
124,0.145776158,0.02104097601,-0.9890938222,512.371982,              603P    605
0.9766312487,0.1565348043,0.1472693419,-365.5833997,                 603P    606
0.1579262985,-0.9874482935,0.002269767677,-198.5537338,0,0;          603P    607
100,0.0,0.0,0.0,1.75,0.0,1.728038965,0.2763717344,0,0;               605P    608
110,512.629704,-363.852481,-198.5537338,479.9833998,                 607P    609
-358.9916684,-198.4788173,0,0;                                       607P    610
126,11,5,0,0,1,0,0.0,0.0,0.0,0.0,0.0,0.0,2.736756447,                609P    611
2.736756447,2.736756447,4.359560234,4.359560234,4.359560234,         609P    612
7.850389326,7.850389326,7.850389326,7.850389326,7.850389326,         609P    613
7.850389326,1.0,1.0,1.0,1.0,1.0,1.0,1.0,1.0,1.0,1.0,1.0,1.0,         609P    614
479.9833998,-358.9916684,-198.4788173,479.9822999,-358.9915046,      609P    615
-198.091783,480.0011422,-359.1024844,-197.7046454,480.0404877,       609P    616
-359.3242376,-197.3639071,480.1066547,-359.7985479,-196.943053,      609P    617
480.1550462,-360.3905362,-196.751771,480.1685795,-360.6207933,       609P    618
-196.7155408,480.1934429,-361.3529734,-196.7181501,480.1665045,      609P    619
-362.0265456,-197.081581,480.1274902,-362.3757027,-197.4929182,      609P    620
480.1078935,-362.5487881,-197.9866068,480.1070812,-362.5486671,      609P    621
-198.4802839,0.0,7.850389326,0.0,0.0,0.0,0,0;                        609P    622
102,8,589,593,595,599,601,605,607,609,0,0;                           611P    623
142,0,587,0,611,2,0,0;                                               613P    624
144,587,1,0,613,0,0;                                                 615P    625
110,494.0737462,-362.8589168,-198.5117431,495.0628401,               617P    626
-363.0061862,-198.5140129,0,0;                                       617P    627
110,479.4679558,-362.4535057,-198.4788173,512.1142599,               619P    628
-367.3143183,-198.5537338,0,0;                                       619P    629
120,617,619,0.0,6.283185307,0,0;                                     621P    630
110,479.9833998,-358.9916684,-198.4788173,512.629704,                623P    631
-363.852481,-198.5537338,0,0;                                        623P    632
124,0.1472697212,-0.00224501897,-0.9890938222,512.371982,            625P    633
0.98909637,0.0003342680531,0.1472693419,-365.5833997,                625P    634
1.624097682E-014,-0.9999974241,0.002269767677,-198.5537338,0,0;      625P    635
100,0.0,0.0,0.0,1.75,0.0,-1.75,-2.842169588E-014,0,0;                627P    636
110,512.1142599,-367.3143183,-198.5537338,480.1070812,               629P    637
-362.5486671,-198.4802839,0,0;                                       629P    638
126,11,5,0,0,1,0,0.0,0.0,0.0,0.0,0.0,0.0,3.472103675,                631P    639
3.472103675,3.472103675,5.094280773,5.094280773,5.094280773,         631P    640
7.85038632,7.85038632,7.85038632,7.85038632,7.85038632,              631P    641
7.85038632,1.0,1.0,1.0,1.0,1.0,1.0,1.0,1.0,1.0,1.0,1.0,1.0,          631P    642
480.1070812,-362.5486671,-198.4802839,480.1062733,-362.5485468,      631P    643
-198.9713128,480.1240487,-362.3770735,-199.4623304,480.1625397,      631P    644
-362.0318233,-199.8723804,480.1924015,-361.3631992,-200.2381005,     631P    645
480.1716724,-360.6336559,-200.2451669,480.1593521,-360.403212,       631P    646
-200.2102528,480.1133387,-359.8074451,-200.0213791,480.046897,       631P    647
-359.3291345,-199.6004786,480.0058404,-359.104719,-199.258253,       631P    648
479.9845075,-358.9918333,-198.8685878,479.9833998,-358.9916684,      631P    649
-198.4788173,0.0,7.85038632,0.0,0.0,0.0,0,0;                         631P    650
102,4,623,627,629,631,0,0;                                           633P    651
142,0,621,0,633,2,0,0;                                               635P    652
144,621,1,0,635,0,0;                                                 637P    653
110,497.6143103,-356.1533273,-192.1576519,508.5190697,               639P    654
-357.7769718,-192.1826761,0,0;                                       639P    655
110,508.5190697,-357.7769718,-192.1826761,508.6295348,               641P    656
-357.0352395,-192.1712443,0,0;                                       641P    657
110,508.6295348,-357.0352395,-192.1712443,497.7247755,               643P    658
-355.411595,-192.1462201,0,0;                                        643P    659
110,497.7247755,-355.411595,-192.1462201,497.6143103,                645P    660
-356.1533273,-192.1576519,0,0;                                       645P    661
102,4,639,641,643,645,0,0;                                           647P    662
142,0,555,0,647,2,0,0;                                               649P    663
144,555,1,0,649,0,0;                                                 651P    664
110,493.4109555,-367.3093105,-198.5803342,494.4000493,               653P    665
-367.4565798,-198.582604,0,0;                                        653P    666
110,478.785852,-366.9010238,-198.547364,511.4514692,-371.764712,     655P    667
-198.6223249,0,0;                                                    655P    668
120,653,655,0.0,6.283185307,0,0;                                     657P    669
110,479.9594611,-363.5371828,-198.5488743,511.9669132,               659P    670
-368.3028747,-198.6223249,0,0;                                       659P    671
124,0.1472697212,-0.00224501897,-0.9890938222,511.7091912,           661P    672
0.98909637,0.0003342680531,0.1472693419,-370.0337933,                661P    673
1.624097682E-014,-0.9999974241,0.002269767677,-198.6223249,0,0;      661P    674
100,0.0,0.0,0.0,1.75,0.0,-1.75,-2.842169588E-014,0,0;                663P    675
110,511.4514692,-371.764712,-198.6223249,478.8028595,                665P    676
-366.9035561,-198.547403,0,0;                                        665P    677
126,11,5,0,0,1,0,0.0,0.0,0.0,0.0,0.0,0.0,2.736873087,                667P    678
2.736873087,2.736873087,4.359853872,4.359853872,4.359853872,         667P    679
7.8508081,7.8508081,7.8508081,7.8508081,7.8508081,7.8508081,1.0,     667P    680
1.0,1.0,1.0,1.0,1.0,1.0,1.0,1.0,1.0,1.0,1.0,478.8028595,             667P    681
-366.9035561,-198.547403,478.8000179,-366.903133,-198.9344447,       667P    682
478.848705,-366.8021986,-199.3217545,478.9495565,-366.6013042,       667P    683
-199.6628009,479.1494153,-366.1666164,-200.0842444,479.3676387,      667P    684
-365.6143592,-200.2761336,479.4476327,-365.3980305,-200.3125816,     667P    685
479.6851365,-364.7049484,-200.3105867,479.8576095,-364.053033,       667P    686
-199.9475164,479.9240563,-363.707927,-199.5362409,479.9580526,       667P    687
-363.5369731,-199.0425678,479.9594611,-363.5371828,-198.5488743,     667P    688
0.0,7.8508081,0.0,0.0,0.0,0,0;                                       667P    689
102,4,659,663,665,667,0,0;                                           669P    690
142,0,657,0,669,2,0,0;                                               671P    691
144,657,1,0,671,0,0;                                                 673P    692
126,26,5,0,0,1,0,0.0,0.0,0.0,0.0,0.0,0.0,4.918448075,                675P    693
4.918448075,4.918448075,22.34936327,22.34936327,22.34936327,         675P    694
39.78027846,39.78027846,39.78027846,57.21119365,57.21119365,         675P    695
57.21119365,74.64210885,74.64210885,74.64210885,92.07302404,         675P    696
92.07302404,92.07302404,109.5039392,109.5039392,109.5039392,         675P    697
126.9339881,126.9339881,126.9339881,126.9339881,126.9339881,         675P    698
126.9339881,1.0,1.0,1.0,1.0,1.0,1.0,1.0,1.0,1.0,1.0,1.0,1.0,1.0,     675P    699
1.0,1.0,1.0,1.0,1.0,1.0,1.0,1.0,1.0,1.0,1.0,1.0,1.0,1.0,             675P    700
494.0873854,-351.858823,-174.8394148,494.3236535,-352.5016607,       675P    701
-174.8493225,494.5403562,-353.1516878,-174.8593409,494.7372016,      675P    702
-353.8081105,-174.8694579,495.5403275,-356.8162598,-174.9158206,     675P    703
495.9244308,-359.9227063,-174.9636983,495.9604903,-362.3687271,      675P    704
-175.0013972,495.5044431,-367.229893,-175.0763192,494.0222403,       675P    705
-371.8820401,-175.1480198,493.0320614,-374.1190238,-175.182497,      675P    706
490.5848424,-378.344116,-175.2476156,487.2929003,-381.9503006,       675P    707
-175.3031954,485.4579309,-383.5683254,-175.328133,481.4679868,       675P    708
-386.3831062,-175.3715154,476.9695458,-388.2825036,-175.4007896,     675P    709
474.6260396,-388.9850705,-175.4116178,469.8245181,-389.873738,       675P    710
-175.4253143,464.9439066,-389.7182884,-175.4229184,462.5213053,      675P    711
-389.3766537,-175.417653,457.7880735,-388.1763618,-175.3991537,      675P    712
453.4196517,-385.9945509,-175.3655268,451.3618912,-384.6713183,      675P    713
-175.3451327,447.5643966,-381.6020939,-175.2978287,444.5087246,      675P    714
-377.7938462,-175.2391347,443.1929287,-375.7316131,-175.2073508,     675P    715
442.1099243,-373.5438067,-175.1736315,441.2726347,-371.2657116,      675P    716
-175.1385207,0.0,126.9339881,0.0,0.0,0.0,0,0;                        675P    717
126,26,5,0,0,1,0,0.0,0.0,0.0,0.0,0.0,0.0,17.43004882,                677P    718
17.43004882,17.43004882,34.86096401,34.86096401,34.86096401,         677P    719
52.29187921,52.29187921,52.29187921,69.7227944,69.7227944,           677P    720
69.7227944,87.15370959,87.15370959,87.15370959,104.5846248,          677P    721
104.5846248,104.5846248,122.01554,122.01554,122.01554,               677P    722
126.933988,126.933988,126.933988,126.933988,126.933988,              677P    723
126.933988,1.0,1.0,1.0,1.0,1.0,1.0,1.0,1.0,1.0,1.0,1.0,1.0,1.0,      677P    724
1.0,1.0,1.0,1.0,1.0,1.0,1.0,1.0,1.0,1.0,1.0,1.0,1.0,1.0,             677P    725
441.2726347,-371.2657116,-175.1385207,440.4353452,-368.9876165,      677P    726
-175.1034099,439.8437707,-366.6192332,-175.0669075,439.5109139,      677P    727
-364.1958171,-175.029557,439.3731516,-359.3153775,-174.9543379,      677P    728
440.2792853,-354.5177953,-174.8803959,440.9904181,-352.1771271,      677P    729
-174.8443206,442.90632,-347.6861285,-174.7751038,445.7358663,        677P    730
-343.7068783,-174.7137741,447.3607181,-341.8779986,-174.6855868,     677P    731
450.9792292,-338.5995289,-174.6350578,455.2136583,-336.1679179,      677P    732
-174.597581,457.454479,-335.1859644,-174.5824468,462.1125159,        677P    733
-333.7207953,-174.5598651,466.9758789,-333.2824102,-174.5531085,     677P    734
469.4220435,-333.3273236,-174.5538007,474.2660323,-333.9439436,      677P    735
-174.5633043,478.8671298,-335.5791175,-174.5885062,481.0703846,      677P    736
-336.6426674,-174.604898,485.2126762,-339.2280824,-174.6447453,      677P    737
488.7083682,-342.6371737,-174.6972875,490.2649722,-344.5244672,      677P    738
-174.7263751,491.984058,-347.1403716,-174.7666924,493.3201762,       677P    739
-349.9526719,-174.8100365,493.5952836,-350.580337,-174.8197103,      677P    740
493.8511173,-351.2159853,-174.8295072,494.0873854,-351.858823,       677P    741
-174.8394148,0.0,126.933988,0.0,0.0,0.0,0,0;                         677P    742
102,2,675,677,0,0;                                                   679P    743
142,0,407,0,679,2,0,0;                                               681P    744
124,0.7973984216,0.6034531939,4.151973904E-014,467.6800101,          683P    745
-0.6033815343,0.7973037312,-0.01541052682,-361.5622673,              683P    746
-0.009299531632,0.01228832977,0.9998812508,-174.9889678,0,0;         683P    747
100,0.0,0.0,0.0,27.0,0.0,-27.0,-1.29524077E-014,0,0;                 685P    748
124,-0.7973984216,-0.6034531939,4.151973904E-014,467.6800101,        687P    749
0.6033815343,-0.7973037312,-0.01541052682,-361.5622673,              687P    750
0.009299531632,-0.01228832977,0.9998812508,-174.9889678,0,0;         687P    751
100,0.0,0.0,0.0,27.0,0.0,-27.0,1.101962759E-014,0,0;                 689P    752
102,2,685,689,0,0;                                                   691P    753
142,0,407,0,691,2,0,0;                                               693P    754
144,407,1,1,681,693,0,0;                                             695P    755
110,467.6800101,-361.3641154,-187.8456571,467.6800101,               697P    756
-361.3487049,-188.8455384,0,0;                                       697P    757
110,446.1502527,-345.2709659,-174.7378804,446.1502527,               699P    758
-345.2401449,-176.7376429,0,0;                                       699P    759
120,697,699,0.0,6.283185307,0,0;                                     701P    760
124,0.7973984216,0.6034531939,3.973520542E-014,467.6800101,          703P    761
-0.6033815343,0.7973037312,-0.01541052682,-361.5314463,              703P    762
-0.009299531632,0.01228832977,0.9998812508,-176.9887303,0,0;         703P    763
100,0.0,0.0,0.0,27.0,0.0,-27.0,-1.584195421E-013,0,0;                705P    764
110,446.1502527,-345.2401449,-176.7376429,446.1502527,               707P    765
-345.2709659,-174.7378804,0,0;                                       707P    766
124,-0.7973984216,0.6034531939,-3.973520542E-014,467.6800101,        709P    767
0.6033815343,0.7973037312,0.01541052682,-361.5622673,                709P    768
0.009299531632,0.01228832977,-0.9998812508,-174.9889678,0,0;         709P    769
100,0.0,0.0,0.0,27.0,0.0,-27.0,8.047749479E-014,0,0;                 711P    770
110,489.2097674,-377.8535688,-175.2400551,489.2097674,               713P    771
-377.8227477,-177.2398176,0,0;                                       713P    772
102,4,705,707,711,713,0,0;                                           715P    773
142,0,701,0,715,2,0,0;                                               717P    774
144,701,1,0,717,0,0;                                                 719P    775
110,467.6800101,-361.3641154,-187.8456571,467.6800101,               721P    776
-361.3487049,-188.8455384,0,0;                                       721P    777
110,489.2097674,-377.8535688,-175.2400551,489.2097674,               723P    778
-377.8227477,-177.2398176,0,0;                                       723P    779
120,721,723,0.0,6.283185307,0,0;                                     725P    780
124,-0.7973984216,-0.6034531939,3.973520542E-014,467.6800101,        727P    781
0.6033815343,-0.7973037312,-0.01541052682,-361.5314463,              727P    782
0.009299531632,-0.01228832977,0.9998812508,-176.9887303,0,0;         727P    783
100,0.0,0.0,0.0,27.0,0.0,-27.0,1.593416561E-013,0,0;                 729P    784
110,489.2097674,-377.8227477,-177.2398176,489.2097674,               731P    785
-377.8535688,-175.2400551,0,0;                                       731P    786
124,0.7973984216,-0.6034531939,-3.973520542E-014,467.6800101,        733P    787
-0.6033815343,-0.7973037312,0.01541052682,-361.5622673,              733P    788
-0.009299531632,-0.01228832977,-0.9998812508,-174.9889678,0,0;       733P    789
100,0.0,0.0,0.0,27.0,0.0,-27.0,-8.140070649E-014,0,0;                735P    790
110,446.1502527,-345.2709659,-174.7378804,446.1502527,               737P    791
-345.2401449,-176.7376429,0,0;                                       737P    792
102,4,729,731,735,737,0,0;                                           739P    793
142,0,725,0,739,2,0,0;                                               741P    794
144,725,1,0,741,0,0;                                                 743P    795
110,467.6800101,-361.5314463,-176.9887303,467.6800101,               745P    796
-361.5160357,-177.9886115,0,0;                                       745P    797
110,446.1502527,-345.2401449,-176.7376429,445.7515535,               747P    798
-344.907633,-178.7327557,0,0;                                        747P    799
120,745,747,0.0,3.141592654,0,0;                                     749P    800
126,3,3,0,0,1,0,0.0,0.0,0.0,0.0,0.4939305384,0.4939305384,           751P    801
0.4939305384,0.4939305384,1.0,1.0,1.0,1.0,489.6084667,               751P    802
-378.0936174,-179.2442299,489.678721,-378.0007949,-179.2427993,      751P    803
489.7483863,-377.9075257,-179.2413618,489.8174611,-377.8138115,      751P    804
-179.2399174,0.0,0.4939305384,0.0,0.0,0.0,0,0;                       751P    805
124,0.8049982186,0.5932772269,3.973520542E-014,467.6800101,          753P    806
-0.5932067757,0.8049026257,-0.01541052682,-361.5006252,              753P    807
-0.00914271462,0.01240544664,0.9998812508,-178.9884928,0,0;          753P    808
100,0.0,0.0,0.0,27.5,0.0,15.44454165,22.75337631,0,0;                755P    809
126,3,3,0,0,1,0,0.0,0.0,0.0,0.0,2.827248816,2.827248816,             757P    810
2.827248816,2.827248816,1.0,1.0,1.0,1.0,493.6118988,                 757P    811
-352.3481803,-178.847432,493.3899159,-351.7193791,-178.8377407,      757P    812
493.1449832,-351.098527,-178.8281719,492.8780472,-350.4879001,       757P    813
-178.8187607,0.0,2.827248816,0.0,0.0,0.0,0,0;                        757P    814
124,0.9162922585,-0.4005102957,3.973520542E-014,467.6800101,         759P    815
0.4004627354,0.9161834495,-0.01541052682,-361.5006252,               759P    816
0.006172074656,0.01412054643,0.9998812508,-178.9884928,0,0;          759P    817
100,0.0,0.0,0.0,27.5,0.0,15.44454169,22.75337627,0,0;                761P    818
126,3,3,0,0,1,0,0.0,0.0,0.0,0.0,2.828293868,2.828293868,             763P    819
2.828293868,2.828293868,1.0,1.0,1.0,1.0,472.7187626,-334.469395,     763P    820
-178.5718778,472.0634011,-334.3472615,-178.5699954,471.4032106,      763P    821
-334.2489109,-178.5684796,470.7405962,-334.1747137,-178.5673361,     763P    822
0.0,2.828293868,0.0,0.0,0.0,0,0;                                     763P    823
124,0.11129404,-0.9937875209,3.973520542E-014,467.6800101,           765P    824
0.9936695094,0.1112808239,-0.01541052682,-361.5006252,               765P    825
0.01531478925,0.001715099789,0.9998812508,-178.9884928,0,0;          765P    826
100,0.0,0.0,0.0,27.5,0.0,15.44454166,22.7533763,0,0;                 767P    827
126,3,3,0,0,1,0,0.0,0.0,0.0,0.0,2.334541634,2.334541634,             769P    828
2.334541634,2.334541634,1.0,1.0,1.0,1.0,446.7868742,                 769P    829
-343.6218405,-178.7129386,446.4289546,-344.0400058,-178.7193835,     769P    830
446.0836077,-344.4689113,-178.7259939,445.7515535,-344.907633,       769P    831
-178.7327557,0.0,2.334541634,0.0,0.0,0.0,0,0;                        769P    832
110,445.7515535,-344.907633,-178.7327557,446.1502527,                771P    833
-345.2401449,-176.7376429,0,0;                                       771P    834
124,-0.7973984216,0.6034531939,-3.973520542E-014,467.6800101,        773P    835
0.6033815343,0.7973037312,0.01541052682,-361.5314463,                773P    836
0.009299531632,0.01228832977,-0.9998812508,-176.9887303,0,0;         773P    837
100,0.0,0.0,0.0,27.0,0.0,-27.0,-1.593416561E-013,0,0;                775P    838
110,489.2097674,-377.8227477,-177.2398176,489.6084667,               777P    839
-378.0936174,-179.2442299,0,0;                                       777P    840
102,10,751,755,757,761,763,767,769,771,775,777,0,0;                  779P    841
142,0,749,0,779,2,0,0;                                               781P    842
144,749,1,0,781,0,0;                                                 783P    843
110,467.6800101,-361.5314463,-176.9887303,467.6800101,               785P    844
-361.5160357,-177.9886115,0,0;                                       785P    845
110,489.2097674,-377.8227477,-177.2398176,489.6084667,               787P    846
-378.0936174,-179.2442299,0,0;                                       787P    847
120,785,787,0.0,3.141592654,0,0;                                     789P    848
126,3,3,0,0,1,0,0.0,0.0,0.0,0.0,0.4939305384,0.4939305384,           791P    849
0.4939305384,0.4939305384,1.0,1.0,1.0,1.0,445.7515535,               791P    850
-344.907633,-178.7327557,445.6812991,-345.0004556,-178.7341863,      791P    851
445.6116338,-345.0937248,-178.7356238,445.542559,-345.1874389,       791P    852
-178.7370681,0.0,0.4939305384,0.0,0.0,0.0,0,0;                       791P    853
124,-0.8049982186,-0.5932772269,3.973520542E-014,467.6800101,        793P    854
0.5932067757,-0.8049026257,-0.01541052682,-361.5006252,              793P    855
0.00914271462,-0.01240544664,0.9998812508,-178.9884928,0,0;          793P    856
100,0.0,0.0,0.0,27.5,0.0,15.44454165,22.75337631,0,0;                795P    857
126,3,3,0,0,1,0,0.0,0.0,0.0,0.0,2.827248816,2.827248816,             797P    858
2.827248816,2.827248816,1.0,1.0,1.0,1.0,441.7481213,                 797P    859
-370.6530702,-179.1295535,441.9701042,-371.2818713,-179.1392448,     797P    860
442.2150369,-371.9027235,-179.1488136,442.4819729,-372.5133504,      797P    861
-179.1582248,0.0,2.827248816,0.0,0.0,0.0,0,0;                        797P    862
124,-0.9162922585,0.4005102957,3.973520542E-014,467.6800101,         799P    863
-0.4004627354,-0.9161834495,-0.01541052682,-361.5006252,             799P    864
-0.006172074656,-0.01412054643,0.9998812508,-178.9884928,0,0;        799P    865
100,0.0,0.0,0.0,27.5,0.0,15.44454169,22.75337627,0,0;                801P    866
126,3,3,0,0,1,0,0.0,0.0,0.0,0.0,2.828293868,2.828293868,             803P    867
2.828293868,2.828293868,1.0,1.0,1.0,1.0,462.6412575,                 803P    868
-388.5318554,-179.4051077,463.2966191,-388.653989,-179.4069901,      803P    869
463.9568095,-388.7523395,-179.4085059,464.619424,-388.8265367,       803P    870
-179.4096495,0.0,2.828293868,0.0,0.0,0.0,0,0;                        803P    871
124,-0.1112940389,0.993787521,3.973520542E-014,467.6800101,          805P    872
-0.9936695095,-0.1112808229,-0.01541052682,-361.5006252,             805P    873
-0.01531478925,-0.001715099773,0.9998812508,-178.9884928,0,0;        805P    874
100,0.0,0.0,0.0,27.5,0.0,15.44454169,22.75337628,0,0;                807P    875
126,3,3,0,0,1,0,0.0,0.0,0.0,0.0,2.334541634,2.334541634,             809P    876
2.334541634,2.334541634,1.0,1.0,1.0,1.0,488.5731459,                 809P    877
-379.3794099,-179.264047,488.9310655,-378.9612447,-179.2576021,      809P    878
489.2764125,-378.5323392,-179.2509916,489.6084667,-378.0936174,      809P    879
-179.2442299,0.0,2.334541634,0.0,0.0,0.0,0,0;                        809P    880
110,489.6084667,-378.0936174,-179.2442299,489.2097674,               811P    881
-377.8227477,-177.2398176,0,0;                                       811P    882
124,0.7973984216,-0.6034531939,-3.973520542E-014,467.6800101,        813P    883
-0.6033815343,-0.7973037312,0.01541052682,-361.5314463,              813P    884
-0.009299531632,-0.01228832977,-0.9998812508,-176.9887303,0,0;       813P    885
100,0.0,0.0,0.0,27.0,0.0,-27.0,1.584195421E-013,0,0;                 815P    886
110,446.1502527,-345.2401449,-176.7376429,445.7515535,               817P    887
-344.907633,-178.7327557,0,0;                                        817P    888
102,10,791,795,797,801,803,807,809,811,815,817,0,0;                  819P    889
142,0,789,0,819,2,0,0;                                               821P    890
144,789,1,0,821,0,0;                                                 823P    891
108,3.973520542E-014,-0.01541052682,0.9998812508,-173.3963229,0,     825P    892
-6.876098845E-012,2.672128686,-173.3757323,1.0,0,0;                  825P    893
110,446.7868741,-343.6218406,-178.7129386,445.9897429,               827P    894
-342.9884426,-178.7031764,0,0;                                       827P    895
124,0.6221575107,-0.7828920947,3.973520542E-014,445.3675854,         829P    896
0.7827991269,0.62208363,-0.01541052682,-343.7712418,                 829P    897
0.01206477963,0.009587775007,0.9998812508,-178.7152412,0,0;          829P    898
100,0.0,0.0,0.0,1.0,0.0,-1.0,-2.733729055E-012,0,0;                  831P    899
110,444.7454279,-344.5540409,-178.727306,445.5425594,                833P    900
-345.1874391,-178.7370681,0,0;                                       833P    901
126,5,5,0,0,1,0,2.955473442,2.955473442,2.955473442,2.955473442,     835P    902
2.955473442,2.955473442,3.44940398,3.44940398,3.44940398,            835P    903
3.44940398,3.44940398,3.44940398,1.0,1.0,1.0,1.0,1.0,1.0,            835P    904
445.5425594,-345.1874391,-178.7370681,445.5840041,-345.1312105,      835P    905
-178.7362015,445.6256261,-345.0751153,-178.7353369,445.6674251,      835P    906
-345.0191539,-178.7344745,445.7094009,-344.9633266,-178.733614,      835P    907
445.7515535,-344.907633,-178.7327557,2.955473442,3.44940398,0.0,     835P    908
0.0,0.0,0,0;                                                         835P    909
126,5,5,0,0,1,0,0.0,0.0,0.0,0.0,0.0,0.0,2.334541634,2.334541634,     837P    910
2.334541634,2.334541634,2.334541634,2.334541634,1.0,1.0,1.0,1.0,     837P    911
1.0,1.0,445.7515535,-344.907633,-178.7327557,445.950786,             837P    912
-344.6444,-178.7286986,446.1539693,-344.3841565,-178.7246876,        837P    913
446.3611243,-344.1268874,-178.7207225,446.5721274,-343.8727439,      837P    914
-178.7168056,446.7868781,-343.6218438,-178.7129386,0.0,              837P    915
2.334541634,0.0,0.0,0.0,0,0;                                         837P    916
102,5,827,831,833,835,837,0,0;                                       839P    917
142,0,825,0,839,2,0,0;                                               841P    918
144,825,1,0,841,0,0;                                                 843P    919
110,467.6800101,-361.3641154,-187.8456571,467.6800101,               845P    920
-361.3487049,-188.8455384,0,0;                                       845P    921
110,446.7868741,-343.6218406,-178.7129386,446.7868741,               847P    922
-343.4523248,-189.7116323,0,0;                                       847P    923
120,845,847,0.0,6.283185307,0,0;                                     849P    924
124,-0.7597503994,0.6502148342,-3.973520542E-014,467.6800101,        851P    925
0.6501376217,0.7596601796,0.01541052682,-361.5006252,                851P    926
0.01002015314,0.01170815391,-0.9998812508,-178.9884928,0,0;          851P    927
100,0.0,0.0,0.0,27.5,0.0,15.44454166,22.7533763,0,0;                 853P    928
110,470.7405962,-334.1747137,-178.5673361,470.7405962,               855P    929
-334.0051979,-189.5660298,0,0;                                       855P    930
124,0.1112940412,-0.9937875207,3.973520542E-014,467.6800101,         857P    931
0.9936695093,0.1112808251,-0.01541052682,-361.3311094,               857P    932
0.01531478925,0.001715099807,0.9998812508,-189.9871865,0,0;          857P    933
100,0.0,0.0,0.0,27.5,0.0,15.44454163,22.75337631,0,0;                859P    934
110,446.7868741,-343.4523248,-189.7116323,446.7868741,               861P    935
-343.6218406,-178.7129386,0,0;                                       861P    936
102,4,853,855,859,861,0,0;                                           863P    937
142,0,849,0,863,2,0,0;                                               865P    938
144,849,1,0,865,0,0;                                                 867P    939
110,472.7187626,-334.469395,-178.5718778,472.8688009,                869P    940
-333.4624422,-178.5563583,0,0;                                       869P    941
124,0.9890831978,0.1473581621,3.973520542E-014,471.8797177,          871P    942
-0.1473406634,0.9889657449,-0.01541052682,-333.3151015,              871P    943
-0.002270866909,0.01524229315,0.9998812508,-178.5540874,0,0;         871P    944
100,0.0,0.0,0.0,1.0,0.0,-1.0,-2.822529272E-012,0,0;                  873P    945
110,470.8906345,-333.1677608,-178.5518166,470.7405962,               875P    946
-334.1747137,-178.5673361,0,0;                                       875P    947
126,5,5,0,0,1,0,0.8483283333,0.8483283333,0.8483283333,              877P    948
0.8483283333,0.8483283333,0.8483283333,3.676622202,3.676622202,      877P    949
3.676622202,3.676622202,3.676622202,3.676622202,1.0,1.0,1.0,1.0,     877P    950
1.0,1.0,470.7405959,-334.1747154,-178.5673361,471.1381643,           877P    951
-334.2192362,-178.5680223,471.53501,-334.2709968,-178.56882,         877P    952
471.9309529,-334.3299781,-178.5697291,472.3255456,-334.3961153,      877P    953
-178.5707484,472.7187626,-334.4693951,-178.5718778,0.8483283333,     877P    954
3.676622202,0.0,0.0,0.0,0,0;                                         877P    955
102,4,869,873,875,877,0,0;                                           879P    956
142,0,825,0,879,2,0,0;                                               881P    957
144,825,1,0,881,0,0;                                                 883P    958
110,467.6800101,-361.3641154,-187.8456571,467.6800101,               885P    959
-361.3487049,-188.8455384,0,0;                                       885P    960
110,472.7187626,-334.469395,-178.5718778,472.7187626,                887P    961
-334.2998792,-189.5705716,0,0;                                       887P    962
120,885,887,0.0,6.283185307,0,0;                                     889P    963
124,0.9162922595,-0.4005102934,3.973520542E-014,467.6800101,         891P    964
0.4004627331,0.9161834505,-0.01541052682,-361.3311094,               891P    965
0.00617207462,0.01412054644,0.9998812508,-189.9871865,0,0;           891P    966
100,0.0,0.0,0.0,27.5,0.0,15.44454163,22.75337631,0,0;                893P    967
110,472.7187626,-334.2998792,-189.5705716,472.7187626,               895P    968
-334.469395,-178.5718778,0,0;                                        895P    969
124,0.1832273647,0.9830705635,-3.973520542E-014,467.6800101,         897P    970
0.9829538246,-0.1832056066,0.01541052682,-361.5006252,               897P    971
0.01514963529,-0.002823630219,-0.9998812508,-178.9884928,0,0;        897P    972
100,0.0,0.0,0.0,27.5,0.0,15.44454169,22.75337627,0,0;                899P    973
110,492.8780454,-350.4879008,-178.8187607,492.8780472,               901P    974
-350.3183843,-189.8174545,0,0;                                       901P    975
102,4,893,895,899,901,0,0;                                           903P    976
142,0,889,0,903,2,0,0;                                               905P    977
144,889,1,0,905,0,0;                                                 907P    978
110,493.6118986,-352.3481796,-178.847432,494.5590681,                909P    979
-351.9746247,-178.8416747,0,0;                                       909P    980
124,0.3669256871,0.9302502567,3.973520542E-014,494.1921424,          911P    981
-0.9301397902,0.3668821149,-0.01541052682,-351.0444849,              911P    982
-0.01433564654,0.005654518143,0.9998812508,-178.827339,0,0;          911P    983
100,0.0,0.0,0.0,1.0,0.0,-1.0,-2.607225281E-012,0,0;                  913P    984
110,493.8252167,-350.1143452,-178.8130034,492.8780454,               915P    985
-350.4879008,-178.8187607,0,0;                                       915P    986
126,5,5,0,0,1,0,0.686919273,0.686919273,0.686919273,0.686919273,     917P    987
0.686919273,0.686919273,3.514168089,3.514168089,3.514168089,         917P    988
3.514168089,3.514168089,3.514168089,1.0,1.0,1.0,1.0,1.0,1.0,         917P    989
492.8780454,-350.4879008,-178.8187607,493.0382032,-350.8542784,      917P    990
-178.8244075,493.1917382,-351.2236678,-178.8301006,493.3386057,      917P    991
-351.5959845,-178.8358389,493.4786826,-351.9709093,-178.8416174,     917P    992
493.611878,-352.3481878,-178.8474321,0.686919273,3.514168089,        917P    993
0.0,0.0,0.0,0,0;                                                     917P    994
102,4,909,913,915,917,0,0;                                           919P    995
142,0,825,0,919,2,0,0;                                               921P    996
144,825,1,0,921,0,0;                                                 923P    997
110,467.6800101,-361.3641154,-187.8456571,467.6800101,               925P    998
-361.3487049,-188.8455384,0,0;                                       925P    999
110,493.6118986,-352.3481796,-178.847432,493.6118986,                927P   1000
-352.1786638,-189.8461258,0,0;                                       927P   1001
120,925,927,0.0,6.283185307,0,0;                                     929P   1002
124,0.942977764,0.3328557293,-3.973520542E-014,467.6800101,          931P   1003
0.3328162029,-0.9428657862,0.01541052682,-361.5006252,               931P   1004
0.005129482145,-0.01453178413,-0.9998812508,-178.9884928,0,0;        931P   1005
100,0.0,0.0,0.0,27.5,0.0,15.44454165,22.75337631,0,0;                933P   1006
110,489.8174608,-377.8138113,-179.2399174,489.8174611,               935P   1007
-377.6442958,-190.2386112,0,0;                                       935P   1008
124,0.8049982183,0.5932772273,3.973520542E-014,467.6800101,          937P   1009
-0.5932067761,0.8049026254,-0.01541052682,-361.3311094,              937P   1010
-0.009142714626,0.01240544664,0.9998812508,-189.9871865,0,0;         937P   1011
100,0.0,0.0,0.0,27.5,0.0,15.44454163,22.75337631,0,0;                939P   1012
110,493.6118986,-352.1786638,-189.8461258,493.6118986,               941P   1013
-352.3481796,-178.847432,0,0;                                        941P   1014
102,4,933,935,939,941,0,0;                                           943P   1015
142,0,929,0,943,2,0,0;                                               945P   1016
144,929,1,0,945,0,0;                                                 947P   1017
110,488.573146,-379.3794098,-179.264047,489.3702772,                 949P   1018
-380.0128078,-179.2738091,0,0;                                       949P   1019
124,-0.6221575107,0.7828920947,3.973520542E-014,489.9924348,         951P   1020
-0.7827991269,-0.62208363,-0.01541052682,-379.2300087,               951P   1021
-0.01206477963,-0.009587775007,0.9998812508,-179.2617444,0,0;        951P   1022
100,0.0,0.0,0.0,1.0,0.0,-1.0,-2.742776329E-012,0,0;                  953P   1023
110,490.6145923,-378.4472095,-179.2496796,489.8174608,               955P   1024
-377.8138113,-179.2399174,0,0;                                       955P   1025
126,5,5,0,0,1,0,2.955473443,2.955473443,2.955473443,2.955473443,     957P   1026
2.955473443,2.955473443,3.449403981,3.449403981,3.449403981,         957P   1027
3.449403981,3.449403981,3.449403981,1.0,1.0,1.0,1.0,1.0,1.0,         957P   1028
489.8174608,-377.8138113,-179.2399174,489.7760161,-377.8700399,      957P   1029
-179.240784,489.734394,-377.9261352,-179.2416486,489.692595,         957P   1030
-377.9820966,-179.2425111,489.6506193,-378.0379239,-179.2433715,     957P   1031
489.6084667,-378.0936174,-179.2442299,2.955473443,3.449403981,       957P   1032
0.0,0.0,0.0,0,0;                                                     957P   1033
126,5,5,0,0,1,0,0.0,0.0,0.0,0.0,0.0,0.0,2.334541634,2.334541634,     959P   1034
2.334541634,2.334541634,2.334541634,2.334541634,1.0,1.0,1.0,1.0,     959P   1035
1.0,1.0,489.6084667,-378.0936174,-179.2442299,489.4092341,           959P   1036
-378.3568505,-179.2482869,489.2060508,-378.617094,-179.2522979,      959P   1037
488.9988958,-378.8743631,-179.256263,488.7878927,-379.1285066,       959P   1038
-179.26018,488.573142,-379.3794066,-179.2640469,0.0,2.334541634,     959P   1039
0.0,0.0,0.0,0,0;                                                     959P   1040
102,5,949,953,955,957,959,0,0;                                       961P   1041
142,0,825,0,961,2,0,0;                                               963P   1042
144,825,1,0,963,0,0;                                                 965P   1043
110,467.6800101,-361.3641154,-187.8456571,467.6800101,               967P   1044
-361.3487049,-188.8455384,0,0;                                       967P   1045
110,488.573146,-379.3794098,-179.264047,488.573146,-379.209894,      969P   1046
-190.2627407,0,0;                                                    969P   1047
120,967,969,0.0,6.283185307,0,0;                                     971P   1048
124,0.7597503994,-0.6502148342,-3.973520542E-014,467.6800101,        973P   1049
-0.6501376217,-0.7596601796,0.01541052682,-361.5006252,              973P   1050
-0.01002015314,-0.01170815391,-0.9998812508,-178.9884928,0,0;        973P   1051
100,0.0,0.0,0.0,27.5,0.0,15.44454169,22.75337628,0,0;                975P   1052
110,464.6194242,-388.826535,-179.4096495,464.6194239,                977P   1053
-388.6570209,-190.4083432,0,0;                                       977P   1054
124,-0.1112940412,0.9937875207,3.973520542E-014,467.6800101,         979P   1055
-0.9936695093,-0.1112808251,-0.01541052682,-361.3311094,             979P   1056
-0.01531478925,-0.001715099807,0.9998812508,-189.9871865,0,0;        979P   1057
100,0.0,0.0,0.0,27.5,0.0,15.44454163,22.75337631,0,0;                981P   1058
110,488.573146,-379.209894,-190.2627407,488.573146,-379.3794098,     983P   1059
-179.264047,0,0;                                                     983P   1060
102,4,975,977,981,983,0,0;                                           985P   1061
142,0,971,0,985,2,0,0;                                               987P   1062
144,971,1,0,987,0,0;                                                 989P   1063
110,462.6412575,-388.5318554,-179.4051077,462.4912192,               991P   1064
-389.5388083,-179.4206273,0,0;                                       991P   1065
124,-0.9890831978,-0.1473581621,3.973520542E-014,463.4803024,        993P   1066
0.1473406634,-0.9889657449,-0.01541052682,-389.686149,               993P   1067
0.002270866909,-0.01524229315,0.9998812508,-179.4228981,0,0;         993P   1068
100,0.0,0.0,0.0,1.0,0.0,-1.0,-2.934938784E-012,0,0;                  995P   1069
110,464.4693856,-389.8334896,-179.425169,464.6194242,                997P   1070
-388.826535,-179.4096495,0,0;                                        997P   1071
126,5,5,0,0,1,0,0.8483283335,0.8483283335,0.8483283335,              999P   1072
0.8483283335,0.8483283335,0.8483283335,3.676622202,3.676622202,      999P   1073
3.676622202,3.676622202,3.676622202,3.676622202,1.0,1.0,1.0,1.0,     999P   1074
1.0,1.0,464.6194242,-388.826535,-179.4096495,464.2218558,            999P   1075
-388.7820142,-179.4089633,463.8250102,-388.7302537,-179.4081655,     999P   1076
463.4290672,-388.6712724,-179.4072565,463.0344745,-388.6051351,      999P   1077
-179.4062372,462.6412575,-388.5318553,-179.4051077,0.8483283335,     999P   1078
3.676622202,0.0,0.0,0.0,0,0;                                         999P   1079
102,4,991,995,997,999,0,0;                                          1001P   1080
142,0,825,0,1001,2,0,0;                                             1003P   1081
144,825,1,0,1003,0,0;                                               1005P   1082
110,467.6800101,-361.3641154,-187.8456571,467.6800101,              1007P   1083
-361.3487049,-188.8455384,0,0;                                      1007P   1084
110,462.6412575,-388.5318554,-179.4051077,462.6412575,              1009P   1085
-388.3623396,-190.4038015,0,0;                                      1009P   1086
120,1007,1009,0.0,6.283185307,0,0;                                  1011P   1087
110,442.4819747,-372.5133497,-179.1582248,442.4819729,              1013P   1088
-372.3438346,-190.1569186,0,0;                                      1013P   1089
124,-0.9162922595,0.4005102934,3.973520542E-014,467.6800101,        1015P   1090
-0.4004627331,-0.9161834505,-0.01541052682,-361.3311094,            1015P   1091
-0.00617207462,-0.01412054644,0.9998812508,-189.9871865,0,0;        1015P   1092
100,0.0,0.0,0.0,27.5,0.0,15.44454163,22.75337631,0,0;               1017P   1093
110,462.6412575,-388.3623396,-190.4038015,462.6412575,              1019P   1094
-388.5318554,-179.4051077,0,0;                                      1019P   1095
124,-0.1832273647,-0.9830705635,-3.973520542E-014,467.6800101,      1021P   1096
-0.9829538246,0.1832056066,0.01541052682,-361.5006252,              1021P   1097
-0.01514963529,0.002823630218,-0.9998812508,-178.9884928,0,0;       1021P   1098
100,0.0,0.0,0.0,27.5,0.0,15.44454169,22.75337627,0,0;               1023P   1099
102,4,1013,1017,1019,1023,0,0;                                      1025P   1100
142,0,1011,0,1025,2,0,0;                                            1027P   1101
144,1011,1,0,1027,0,0;                                              1029P   1102
110,441.7481215,-370.6530708,-179.1295535,440.8009521,              1031P   1103
-371.0266257,-179.1353109,0,0;                                      1031P   1104
124,-0.3669256871,-0.9302502567,3.973520542E-014,441.1678777,       1033P   1105
0.9301397902,-0.3668821149,-0.01541052682,-371.9567655,             1033P   1106
0.01433564654,-0.005654518143,0.9998812508,-179.1496465,0,0;        1033P   1107
100,0.0,0.0,0.0,1.0,0.0,-1.0,-2.701864909E-012,0,0;                 1035P   1108
110,441.5348034,-372.8869053,-179.1639822,442.4819747,              1037P   1109
-372.5133497,-179.1582248,0,0;                                      1037P   1110
126,5,5,0,0,1,0,0.6869192736,0.6869192736,0.6869192736,             1039P   1111
0.6869192736,0.6869192736,0.6869192736,3.514168089,3.514168089,     1039P   1112
3.514168089,3.514168089,3.514168089,3.514168089,1.0,1.0,1.0,1.0,    1039P   1113
1.0,1.0,442.4819747,-372.5133497,-179.1582248,442.3218169,          1039P   1114
-372.146972,-179.1525781,442.1682819,-371.7775827,-179.1468849,     1039P   1115
442.0214144,-371.4052659,-179.1411466,441.8813375,-371.0303411,     1039P   1116
-179.1353682,441.7481422,-370.6530627,-179.1295534,0.6869192736,    1039P   1117
3.514168089,0.0,0.0,0.0,0,0;                                        1039P   1118
102,4,1031,1035,1037,1039,0,0;                                      1041P   1119
142,0,825,0,1041,2,0,0;                                             1043P   1120
144,825,1,0,1043,0,0;                                               1045P   1121
110,467.6800101,-361.3641154,-187.8456571,467.6800101,              1047P   1122
-361.3487049,-188.8455384,0,0;                                      1047P   1123
110,441.7481215,-370.6530708,-179.1295535,441.7481215,              1049P   1124
-370.483555,-190.1282473,0,0;                                       1049P   1125
120,1047,1049,0.0,6.283185307,0,0;                                  1051P   1126
110,441.7481215,-370.483555,-190.1282473,441.7481215,               1053P   1127
-370.6530708,-179.1295535,0,0;                                      1053P   1128
124,-0.942977764,-0.3328557293,-3.973520542E-014,467.6800101,       1055P   1129
-0.3328162029,0.9428657862,0.01541052682,-361.5006252,              1055P   1130
-0.005129482145,0.01453178413,-0.9998812508,-178.9884928,0,0;       1055P   1131
100,0.0,0.0,0.0,27.5,0.0,15.44454165,22.75337631,0,0;               1057P   1132
110,445.5425594,-345.1874391,-178.7370681,445.5425591,              1059P   1133
-345.0179231,-189.7357619,0,0;                                      1059P   1134
124,-0.8049982183,-0.5932772273,3.973520542E-014,467.6800101,       1061P   1135
0.5932067761,-0.8049026254,-0.01541052682,-361.3311094,             1061P   1136
0.009142714626,-0.01240544664,0.9998812508,-189.9871865,0,0;        1061P   1137
100,0.0,0.0,0.0,27.5,0.0,15.44454163,22.75337631,0,0;               1063P   1138
102,4,1053,1057,1059,1063,0,0;                                      1065P   1139
142,0,1051,0,1065,2,0,0;                                            1067P   1140
144,1051,1,0,1067,0,0;                                              1069P   1141
110,467.6800101,-361.3002884,-191.986949,467.6800101,               1071P   1142
-361.3156989,-190.9870678,0,0;                                      1071P   1143
110,470.6849492,-334.4712116,-191.5734497,470.7405962,              1073P   1144
-334.0051979,-189.5660298,0,0;                                      1073P   1145
120,1071,1073,0.0,0.9744542409,0,0;                                 1075P   1146
124,-0.7597503994,0.6502148342,-3.973520542E-014,467.6800101,       1077P   1147
0.6501376217,0.7596601796,0.01541052682,-361.3311094,               1077P   1148
0.01002015314,0.01170815391,-0.9998812508,-189.9871865,0,0;         1077P   1149
100,0.0,0.0,0.0,27.5,0.0,15.44454163,22.75337631,0,0;               1079P   1150
126,3,3,0,0,1,0,0.0,0.0,0.0,0.0,2.91631239,2.91631239,              1081P   1151
2.91631239,2.91631239,1.0,1.0,1.0,1.0,470.7405962,-334.0051979,     1081P   1152
-189.5660298,470.71602,-334.1598625,-190.2351661,470.6914437,       1081P   1153
-334.3145276,-190.9042959,470.6668674,-334.4691931,-191.5734186,    1081P   1154
0.0,2.91631239,0.0,0.0,0.0,0,0;                                     1081P   1155
124,0.1106243476,-0.9938622911,3.973520542E-014,467.6800101,        1083P   1156
0.9937442707,0.1106112111,-0.01541052682,-361.3002884,              1083P   1157
0.0153159415,0.001704779477,0.9998812508,-191.986949,0,0;           1083P   1158
100,0.0,0.0,0.0,27.0,0.0,15.1938254,22.31922198,0,0;                1085P   1159
126,3,3,0,0,1,0,0.0,0.0,0.0,0.0,2.91631239,2.91631239,              1087P   1160
2.91631239,2.91631239,1.0,1.0,1.0,1.0,447.178584,-343.7327553,      1087P   1161
-191.7161919,447.0480137,-343.6392781,-191.0480123,446.9174438,     1087P   1162
-343.5458013,-190.3798255,446.7868741,-343.4523248,-189.7116323,    1087P   1163
0.0,2.91631239,0.0,0.0,0.0,0,0;                                     1087P   1164
102,4,1079,1081,1085,1087,0,0;                                      1089P   1165
142,0,1075,0,1089,2,0,0;                                            1091P   1166
144,1075,1,0,1091,0,0;                                              1093P   1167
110,467.6800101,-361.3002884,-191.986949,467.6800101,               1095P   1168
-361.3156989,-190.9870678,0,0;                                      1095P   1169
110,492.4199011,-350.4877946,-191.820303,492.8780472,               1097P   1170
-350.3183843,-189.8174545,0,0;                                      1097P   1171
120,1095,1097,0.0,0.9744542409,0,0;                                 1099P   1172
124,0.9160221658,-0.4011276502,3.973520542E-014,467.6800101,        1101P   1173
0.4010800166,0.9159133889,-0.01541052682,-361.3002884,              1101P   1174
0.006181588414,0.01411638416,0.9998812508,-191.986949,0,0;          1101P   1175
100,0.0,0.0,0.0,27.0,0.0,15.1938254,22.31922198,0,0;                1103P   1176
126,3,3,0,0,1,0,0.0,0.0,0.0,0.0,2.91631239,2.91631239,              1105P   1177
2.91631239,2.91631239,1.0,1.0,1.0,1.0,472.6450338,-334.7638744,     1105P   1178
-191.5779603,472.6696101,-334.6092089,-190.9088376,472.6941864,     1105P   1179
-334.4545438,-190.2397078,472.7187626,-334.2998792,-189.5705716,    1105P   1180
0.0,2.91631239,0.0,0.0,0.0,0,0;                                     1105P   1181
124,0.1832273647,0.9830705635,-3.973520542E-014,467.6800101,        1107P   1182
0.9829538246,-0.1832056066,0.01541052682,-361.3311094,              1107P   1183
0.01514963529,-0.002823630218,-0.9998812508,-189.9871865,0,0;       1107P   1184
100,0.0,0.0,0.0,27.5,0.0,15.44454163,22.75337631,0,0;               1109P   1185
126,3,3,0,0,1,0,0.0,0.0,0.0,0.0,2.91631239,2.91631239,              1111P   1186
2.91631239,2.91631239,1.0,1.0,1.0,1.0,492.8780472,-350.3183843,     1111P   1187
-189.8174545,492.7229013,-350.3692986,-190.4849917,492.5677551,     1111P   1188
-350.4202131,-191.1525225,492.4126085,-350.4711279,-191.8200461,    1111P   1189
0.0,2.91631239,0.0,0.0,0.0,0,0;                                     1111P   1190
102,4,1103,1105,1109,1111,0,0;                                      1113P   1191
142,0,1099,0,1113,2,0,0;                                            1115P   1192
144,1099,1,0,1115,0,0;                                              1117P   1193
110,467.6800101,-361.3002884,-191.986949,467.6800101,               1119P   1194
-361.3156989,-190.9870678,0,0;                                      1119P   1195
110,489.414962,-377.3168713,-192.2338023,489.8174611,               1121P   1196
-377.6442958,-190.2386112,0,0;                                      1121P   1197
120,1119,1121,0.0,0.9744542409,0,0;                                 1123P   1198
124,0.942977764,0.3328557293,-3.973520542E-014,467.6800101,         1125P   1199
0.3328162029,-0.9428657862,0.01541052682,-361.3311094,              1125P   1200
0.005129482145,-0.01453178413,-0.9998812508,-189.9871865,0,0;       1125P   1201
100,0.0,0.0,0.0,27.5,0.0,15.44454163,22.75337631,0,0;               1127P   1202
126,3,3,0,0,1,0,0.0,0.0,0.0,0.0,2.91631239,2.91631239,              1129P   1203
2.91631239,2.91631239,1.0,1.0,1.0,1.0,489.8174611,-377.6442958,     1129P   1204
-190.2386112,489.6868914,-377.5302717,-190.9036063,489.5563214,     1129P   1205
-377.4162475,-191.568595,489.4257512,-377.3022232,-192.2335766,     1129P   1206
0.0,2.91631239,0.0,0.0,0.0,0,0;                                     1129P   1207
124,0.8053978182,0.5927346409,3.973520542E-014,467.6800101,         1131P   1208
-0.5926642541,0.8053021778,-0.01541052682,-361.3002884,             1131P   1209
-0.009134353083,0.01241160468,0.9998812508,-191.986949,0,0;         1131P   1210
100,0.0,0.0,0.0,27.0,0.0,15.1938254,22.31922198,0,0;                1133P   1211
126,3,3,0,0,1,0,0.0,0.0,0.0,0.0,2.91631239,2.91631239,              1135P   1212
2.91631239,2.91631239,1.0,1.0,1.0,1.0,493.1464599,-352.3314075,     1135P   1213
-191.8487174,493.3016065,-352.2804927,-191.1811938,493.4567527,     1135P   1214
-352.2295782,-190.513663,493.6118986,-352.1786638,-189.8461258,     1135P   1215
0.0,2.91631239,0.0,0.0,0.0,0,0;                                     1135P   1216
102,4,1127,1129,1133,1135,0,0;                                      1137P   1217
142,0,1123,0,1137,2,0,0;                                            1139P   1218
144,1123,1,0,1139,0,0;                                              1141P   1219
110,467.6800101,-361.3002884,-191.986949,467.6800101,               1143P   1220
-361.3156989,-190.9870678,0,0;                                      1143P   1221
110,464.6750709,-388.1293651,-192.4004483,464.6194239,              1145P   1222
-388.6570209,-190.4083432,0,0;                                      1145P   1223
120,1143,1145,0.0,0.9744542409,0,0;                                 1147P   1224
124,0.7597503994,-0.6502148342,-3.973520542E-014,467.6800101,       1149P   1225
-0.6501376217,-0.7596601796,0.01541052682,-361.3311094,             1149P   1226
-0.01002015314,-0.01170815391,-0.9998812508,-189.9871865,0,0;       1149P   1227
100,0.0,0.0,0.0,27.5,0.0,15.44454163,22.75337631,0,0;               1151P   1228
126,3,3,0,0,1,0,0.0,0.0,0.0,0.0,2.91631239,2.91631239,              1153P   1229
2.91631239,2.91631239,1.0,1.0,1.0,1.0,464.6194239,-388.6570209,     1153P   1230
-190.4083432,464.6440001,-388.4818088,-191.0723953,464.6685764,     1153P   1231
-388.3065963,-191.736441,464.6931527,-388.1313837,-192.4004795,     1153P   1232
0.0,2.91631239,0.0,0.0,0.0,0,0;                                     1153P   1233
124,-0.1106243476,0.9938622911,3.973520542E-014,467.6800101,        1155P   1234
-0.9937442707,-0.1106112111,-0.01541052682,-361.3002884,            1155P   1235
-0.0153159415,-0.001704779477,0.9998812508,-191.986949,0,0;         1155P   1236
100,0.0,0.0,0.0,27.0,0.0,15.1938254,22.31922198,0,0;                1157P   1237
126,3,3,0,0,1,0,0.0,0.0,0.0,0.0,2.91631239,2.91631239,              1159P   1238
2.91631239,2.91631239,1.0,1.0,1.0,1.0,488.1814361,-378.8678215,     1159P   1239
-192.2577061,488.3120064,-378.9818458,-191.5927246,488.4425764,     1159P   1240
-379.09587,-190.9277359,488.573146,-379.209894,-190.2627407,0.0,    1159P   1241
2.91631239,0.0,0.0,0.0,0,0;                                         1159P   1242
102,4,1151,1153,1157,1159,0,0;                                      1161P   1243
142,0,1147,0,1161,2,0,0;                                            1163P   1244
144,1147,1,0,1163,0,0;                                              1165P   1245
110,467.6800101,-361.3002884,-191.986949,467.6800101,               1167P   1246
-361.3156989,-190.9870678,0,0;                                      1167P   1247
110,442.9401191,-372.1127822,-192.153595,442.4819729,               1169P   1248
-372.3438346,-190.1569186,0,0;                                      1169P   1249
120,1167,1169,0.0,0.9744542409,0,0;                                 1171P   1250
126,3,3,0,0,1,0,0.0,0.0,0.0,0.0,2.91631239,2.91631239,              1173P   1251
2.91631239,2.91631239,1.0,1.0,1.0,1.0,442.4819729,-372.3438346,     1173P   1252
-190.1569186,442.6371188,-372.2723727,-190.8225697,442.792265,      1173P   1253
-372.2009108,-191.4882144,442.9474116,-372.1294488,-192.1538519,    1173P   1254
0.0,2.91631239,0.0,0.0,0.0,0,0;                                     1173P   1255
124,-0.9160221658,0.4011276502,3.973520542E-014,467.6800101,        1175P   1256
-0.4010800166,-0.9159133889,-0.01541052682,-361.3002884,            1175P   1257
-0.006181588414,-0.01411638416,0.9998812508,-191.986949,0,0;        1175P   1258
100,0.0,0.0,0.0,27.0,0.0,15.1938254,22.31922198,0,0;                1177P   1259
126,3,3,0,0,1,0,0.0,0.0,0.0,0.0,2.91631239,2.91631239,              1179P   1260
2.91631239,2.91631239,1.0,1.0,1.0,1.0,462.7149863,-387.8367024,     1179P   1261
-192.3959377,462.69041,-388.011915,-191.7318992,462.6658337,        1179P   1262
-388.1871275,-191.0678536,462.6412575,-388.3623396,-190.4038015,    1179P   1263
0.0,2.91631239,0.0,0.0,0.0,0,0;                                     1179P   1264
124,-0.1832273647,-0.9830705635,-3.973520542E-014,467.6800101,      1181P   1265
-0.9829538246,0.1832056066,0.01541052682,-361.3311094,              1181P   1266
-0.01514963529,0.002823630218,-0.9998812508,-189.9871865,0,0;       1181P   1267
100,0.0,0.0,0.0,27.5,0.0,15.44454163,22.75337631,0,0;               1183P   1268
102,4,1173,1177,1179,1183,0,0;                                      1185P   1269
142,0,1171,0,1185,2,0,0;                                            1187P   1270
144,1171,1,0,1187,0,0;                                              1189P   1271
110,467.6800101,-361.3002884,-191.986949,467.6800101,               1191P   1272
-361.3156989,-190.9870678,0,0;                                      1191P   1273
110,445.9450582,-345.2837054,-191.7400957,445.5425591,              1193P   1274
-345.0179231,-189.7357619,0,0;                                      1193P   1275
120,1191,1193,0.0,0.9744542409,0,0;                                 1195P   1276
126,3,3,0,0,1,0,0.0,0.0,0.0,0.0,2.91631239,2.91631239,              1197P   1277
2.91631239,2.91631239,1.0,1.0,1.0,1.0,442.2135602,-370.2691692,     1197P   1278
-192.1251806,442.0584137,-370.3406312,-191.4595431,441.9032674,     1197P   1279
-370.4120931,-190.7938984,441.7481215,-370.483555,-190.1282473,     1197P   1280
0.0,2.91631239,0.0,0.0,0.0,0,0;                                     1197P   1281
124,-0.942977764,-0.3328557293,-3.973520542E-014,467.6800101,       1199P   1282
-0.3328162029,0.9428657862,0.01541052682,-361.3311094,              1199P   1283
-0.005129482145,0.01453178413,-0.9998812508,-189.9871865,0,0;       1199P   1284
100,0.0,0.0,0.0,27.5,0.0,15.44454163,22.75337631,0,0;               1201P   1285
126,3,3,0,0,1,0,0.0,0.0,0.0,0.0,2.91631239,2.91631239,              1203P   1286
2.91631239,2.91631239,1.0,1.0,1.0,1.0,445.5425591,-345.0179231,     1203P   1287
-189.7357619,445.6731287,-345.1113996,-190.4039551,445.8036987,     1203P   1288
-345.2048764,-191.0721419,445.934269,-345.2983535,-191.7403215,     1203P   1289
0.0,2.91631239,0.0,0.0,0.0,0,0;                                     1203P   1290
124,-0.8053978182,-0.5927346409,3.973520542E-014,467.6800101,       1205P   1291
0.5926642541,-0.8053021778,-0.01541052682,-361.3002884,             1205P   1292
0.009134353083,-0.01241160468,0.9998812508,-191.986949,0,0;         1205P   1293
100,0.0,0.0,0.0,27.0,0.0,15.1938254,22.31922198,0,0;                1207P   1294
102,4,1197,1201,1203,1207,0,0;                                      1209P   1295
142,0,1195,0,1209,2,0,0;                                            1211P   1296
144,1195,1,0,1211,0,0;                                              1213P   1297
110,467.6800101,-361.3641154,-187.8456571,467.6800101,              1215P   1298
-361.3487049,-188.8455384,0,0;                                      1215P   1299
110,447.178584,-343.7327553,-191.7161919,447.178584,                1217P   1300
-343.7019342,-193.7159544,0,0;                                      1217P   1301
120,1215,1217,0.0,6.283185307,0,0;                                  1219P   1302
124,-0.7593120766,0.6507266479,-3.973520542E-014,467.6800101,       1221P   1303
0.6506493746,0.7592219089,0.01541052682,-361.3002884,               1221P   1304
0.01002804046,0.01170139912,-0.9998812508,-191.986949,0,0;          1221P   1305
100,0.0,0.0,0.0,27.0,0.0,15.1938254,22.31922198,0,0;                1223P   1306
110,470.6668674,-334.4691931,-191.5734186,470.6668674,              1225P   1307
-334.438372,-193.5731811,0,0;                                       1225P   1308
124,0.1106243476,-0.9938622911,3.973520542E-014,467.6800101,        1227P   1309
0.9937442707,0.1106112111,-0.01541052682,-361.2694673,              1227P   1310
0.0153159415,0.001704779477,0.9998812508,-193.9867115,0,0;          1227P   1311
100,0.0,0.0,0.0,27.0,0.0,15.1938254,22.31922198,0,0;                1229P   1312
110,447.178584,-343.7019342,-193.7159544,447.178584,                1231P   1313
-343.7327553,-191.7161919,0,0;                                      1231P   1314
102,4,1223,1225,1229,1231,0,0;                                      1233P   1315
142,0,1219,0,1233,2,0,0;                                            1235P   1316
144,1219,1,0,1235,0,0;                                              1237P   1317
110,467.6800101,-361.3641154,-187.8456571,467.6800101,              1239P   1318
-361.3487049,-188.8455384,0,0;                                      1239P   1319
110,472.6450338,-334.7638744,-191.5779603,472.6450338,              1241P   1320
-334.7330533,-193.5777228,0,0;                                      1241P   1321
120,1239,1241,0.0,6.283185307,0,0;                                  1243P   1322
124,0.9160221658,-0.4011276502,3.973520542E-014,467.6800101,        1245P   1323
0.4010800166,0.9159133889,-0.01541052682,-361.2694673,              1245P   1324
0.006181588414,0.01411638416,0.9998812508,-193.9867115,0,0;         1245P   1325
100,0.0,0.0,0.0,27.0,0.0,15.1938254,22.31922198,0,0;                1247P   1326
110,472.6450338,-334.7330533,-193.5777228,472.6450338,              1249P   1327
-334.7638744,-191.5779603,0,0;                                      1249P   1328
124,0.1838897697,0.9829468717,-3.973520542E-014,467.6800101,        1251P   1329
0.9828301475,-0.1838679329,0.01541052682,-361.3002884,              1251P   1330
0.01514772913,-0.002833838229,-0.9998812508,-191.986949,0,0;        1251P   1331
100,0.0,0.0,0.0,27.0,0.0,15.1938254,22.31922198,0,0;                1253P   1332
110,492.4126085,-350.4711279,-191.8200461,492.4126085,              1255P   1333
-350.4403069,-193.8198086,0,0;                                      1255P   1334
102,4,1247,1249,1253,1255,0,0;                                      1257P   1335
142,0,1243,0,1257,2,0,0;                                            1259P   1336
144,1243,1,0,1259,0,0;                                              1261P   1337
110,467.6800101,-361.3641154,-187.8456571,467.6800101,              1263P   1338
-361.3487049,-188.8455384,0,0;                                      1263P   1339
110,493.1464599,-352.3314075,-191.8487174,493.1464599,              1265P   1340
-352.3005865,-193.8484799,0,0;                                      1265P   1341
120,1263,1265,0.0,6.283185307,0,0;                                  1267P   1342
124,0.9432018463,0.3322202238,-3.973520542E-014,467.6800101,        1269P   1343
0.3321807729,-0.9430898418,0.01541052682,-361.3002884,              1269P   1344
0.005119688671,-0.01453523735,-0.9998812508,-191.986949,0,0;        1269P   1345
100,0.0,0.0,0.0,27.0,0.0,15.1938254,22.31922198,0,0;                1271P   1346
110,489.4257512,-377.3022232,-192.2335766,489.4257512,              1273P   1347
-377.2714022,-194.2333391,0,0;                                      1273P   1348
124,0.8053978182,0.5927346409,3.973520542E-014,467.6800101,         1275P   1349
-0.5926642541,0.8053021778,-0.01541052682,-361.2694673,             1275P   1350
-0.009134353083,0.01241160468,0.9998812508,-193.9867115,0,0;        1275P   1351
100,0.0,0.0,0.0,27.0,0.0,15.1938254,22.31922198,0,0;                1277P   1352
110,493.1464599,-352.3005865,-193.8484799,493.1464599,              1279P   1353
-352.3314075,-191.8487174,0,0;                                      1279P   1354
102,4,1271,1273,1277,1279,0,0;                                      1281P   1355
142,0,1267,0,1281,2,0,0;                                            1283P   1356
144,1267,1,0,1283,0,0;                                              1285P   1357
110,467.6800101,-361.3641154,-187.8456571,467.6800101,              1287P   1358
-361.3487049,-188.8455384,0,0;                                      1287P   1359
110,488.1814361,-378.8678215,-192.2577061,488.1814361,              1289P   1360
-378.8370004,-194.2574686,0,0;                                      1289P   1361
120,1287,1289,0.0,6.283185307,0,0;                                  1291P   1362
124,0.7593120766,-0.6507266479,-3.973520542E-014,467.6800101,       1293P   1363
-0.6506493746,-0.7592219089,0.01541052682,-361.3002884,             1293P   1364
-0.01002804046,-0.01170139912,-0.9998812508,-191.986949,0,0;        1293P   1365
100,0.0,0.0,0.0,27.0,0.0,15.1938254,22.31922198,0,0;                1295P   1366
110,464.6931527,-388.1313837,-192.4004795,464.6931527,              1297P   1367
-388.1005626,-194.400242,0,0;                                       1297P   1368
124,-0.1106243476,0.9938622911,3.973520542E-014,467.6800101,        1299P   1369
-0.9937442707,-0.1106112111,-0.01541052682,-361.2694673,            1299P   1370
-0.0153159415,-0.001704779477,0.9998812508,-193.9867115,0,0;        1299P   1371
100,0.0,0.0,0.0,27.0,0.0,15.1938254,22.31922198,0,0;                1301P   1372
110,488.1814361,-378.8370004,-194.2574686,488.1814361,              1303P   1373
-378.8678215,-192.2577061,0,0;                                      1303P   1374
102,4,1295,1297,1301,1303,0,0;                                      1305P   1375
142,0,1291,0,1305,2,0,0;                                            1307P   1376
144,1291,1,0,1307,0,0;                                              1309P   1377
110,467.6800101,-361.3641154,-187.8456571,467.6800101,              1311P   1378
-361.3487049,-188.8455384,0,0;                                      1311P   1379
110,462.7149863,-387.8367024,-192.3959377,462.7149863,              1313P   1380
-387.8058813,-194.3957002,0,0;                                      1313P   1381
120,1311,1313,0.0,6.283185307,0,0;                                  1315P   1382
110,442.9474116,-372.1294488,-192.1538519,442.9474116,              1317P   1383
-372.0986278,-194.1536144,0,0;                                      1317P   1384
124,-0.9160221658,0.4011276502,3.973520542E-014,467.6800101,        1319P   1385
-0.4010800166,-0.9159133889,-0.01541052682,-361.2694673,            1319P   1386
-0.006181588414,-0.01411638416,0.9998812508,-193.9867115,0,0;       1319P   1387
100,0.0,0.0,0.0,27.0,0.0,15.1938254,22.31922198,0,0;                1321P   1388
110,462.7149863,-387.8058813,-194.3957002,462.7149863,              1323P   1389
-387.8367024,-192.3959377,0,0;                                      1323P   1390
124,-0.1838897697,-0.9829468717,-3.973520542E-014,467.6800101,      1325P   1391
-0.9828301475,0.1838679329,0.01541052682,-361.3002884,              1325P   1392
-0.01514772913,0.002833838229,-0.9998812508,-191.986949,0,0;        1325P   1393
100,0.0,0.0,0.0,27.0,0.0,15.1938254,22.31922198,0,0;                1327P   1394
102,4,1317,1321,1323,1327,0,0;                                      1329P   1395
142,0,1315,0,1329,2,0,0;                                            1331P   1396
144,1315,1,0,1331,0,0;                                              1333P   1397
110,467.6800101,-361.3641154,-187.8456571,467.6800101,              1335P   1398
-361.3487049,-188.8455384,0,0;                                      1335P   1399
110,442.2135602,-370.2691692,-192.1251806,442.2135602,              1337P   1400
-370.2383482,-194.1249431,0,0;                                      1337P   1401
120,1335,1337,0.0,6.283185307,0,0;                                  1339P   1402
110,442.2135602,-370.2383482,-194.1249431,442.2135602,              1341P   1403
-370.2691692,-192.1251806,0,0;                                      1341P   1404
124,-0.9432018463,-0.3322202238,-3.973520542E-014,467.6800101,      1343P   1405
-0.3321807729,0.9430898418,0.01541052682,-361.3002884,              1343P   1406
-0.005119688671,0.01453523735,-0.9998812508,-191.986949,0,0;        1343P   1407
100,0.0,0.0,0.0,27.0,0.0,15.1938254,22.31922198,0,0;                1345P   1408
110,445.934269,-345.2983535,-191.7403215,445.934269,                1347P   1409
-345.2675325,-193.740084,0,0;                                       1347P   1410
124,-0.8053978182,-0.5927346409,3.973520542E-014,467.6800101,       1349P   1411
0.5926642541,-0.8053021778,-0.01541052682,-361.2694673,             1349P   1412
0.009134353083,-0.01241160468,0.9998812508,-193.9867115,0,0;        1349P   1413
100,0.0,0.0,0.0,27.0,0.0,15.1938254,22.31922198,0,0;                1351P   1414
102,4,1341,1345,1347,1351,0,0;                                      1353P   1415
142,0,1339,0,1353,2,0,0;                                            1355P   1416
144,1339,1,0,1355,0,0;                                              1357P   1417
108,-3.973520542E-014,0.01541052682,-0.9998812508,188.3963229,0,    1359P   1418
494.3855433,-365.2457396,-194.0479953,1.0,0,0;                      1359P   1419
124,-0.7593120766,0.6507266479,-3.973520542E-014,467.6800101,       1361P   1420
0.6506493746,0.7592219089,0.01541052682,-361.2694673,               1361P   1421
0.01002804046,0.01170139912,-0.9998812508,-193.9867115,0,0;         1361P   1422
100,0.0,0.0,0.0,27.0,0.0,15.1938254,22.31922198,0,0;                1363P   1423
110,470.6668674,-334.438372,-193.5731811,470.5188957,               1365P   1424
-335.4314556,-193.5884869,0,0;                                      1365P   1425
124,0.109207458,-0.9940189793,3.973520542E-014,467.6795018,         1367P   1426
0.9939009403,0.1091944897,-0.01541052682,-361.27288,                1367P   1427
0.01531835614,0.001682944461,0.9998812508,-193.9867641,0,0;         1367P   1428
100,0.0,0.0,0.0,26.0,0.0,14.69477509,21.44909287,0,0;               1369P   1429
110,447.9634754,-344.3256065,-193.7255667,447.178584,               1371P   1430
-343.7019342,-193.7159544,0,0;                                      1371P   1431
102,4,1363,1365,1369,1371,0,0;                                      1373P   1432
142,0,1359,0,1373,2,0,0;                                            1375P   1433
144,1359,1,0,1375,0,0;                                              1377P   1434
124,0.9154031225,-0.4025383501,3.973520542E-014,467.6795018,        1379P   1435
0.402490549,0.9152944191,-0.01541052682,-361.27288,                 1379P   1436
0.006203328042,0.01410684437,0.9998812508,-193.9867641,0,0;         1379P   1437
100,0.0,0.0,0.0,26.0,0.0,14.69477489,21.44909301,0,0;               1381P   1438
110,472.4970621,-335.7261369,-193.5930286,472.6450338,              1383P   1439
-334.7330533,-193.5777228,0,0;                                      1383P   1440
124,0.1838897697,0.9829468717,-3.973520542E-014,467.6800101,        1385P   1441
0.9828301475,-0.1838679329,0.01541052682,-361.2694673,              1385P   1442
0.01514772913,-0.002833838229,-0.9998812508,-193.9867115,0,0;       1385P   1443
100,0.0,0.0,0.0,27.0,0.0,15.1938254,22.31922198,0,0;                1387P   1444
110,492.4126085,-350.4403069,-193.8198086,491.479983,               1389P   1445
-350.8081258,-193.8254776,0,0;                                      1389P   1446
102,4,1381,1383,1387,1389,0,0;                                      1391P   1447
142,0,1359,0,1391,2,0,0;                                            1393P   1448
144,1359,1,0,1393,0,0;                                              1395P   1449
124,0.9432018463,0.3322202238,-3.973520542E-014,467.6800101,        1397P   1450
0.3321807729,-0.9430898418,0.01541052682,-361.2694673,              1397P   1451
0.005119688671,-0.01453523735,-0.9998812508,-193.9867115,0,0;       1397P   1452
100,0.0,0.0,0.0,27.0,0.0,15.1938254,22.31922198,0,0;                1399P   1453
110,489.4257512,-377.2714022,-194.2333391,488.6435616,              1401P   1454
-376.6498768,-194.2237599,0,0;                                      1401P   1455
124,0.8063099927,0.5914931915,3.973520542E-014,467.6795018,         1403P   1456
-0.5914229522,0.8062142441,-0.01541052682,-361.27288,               1403P   1457
-0.009115221695,0.01242566177,0.9998812508,-193.9867641,0,0;        1403P   1458
100,0.0,0.0,0.0,26.0,0.0,24.59182836,8.440496316,0,0;               1405P   1459
124,0.9546589634,0.2977016353,3.973520542E-014,467.6795018,         1407P   1460
-0.2976662834,0.9545455984,-0.01541052682,-361.27288,               1407P   1461
-0.004587739036,0.01471179756,0.9998812508,-193.9867641,0,0;        1407P   1462
100,0.0,0.0,0.0,26.0,0.0,20.86022926,15.51936968,0,0;               1409P   1463
110,492.2140484,-352.668321,-193.8541476,493.1464599,               1411P   1464
-352.3005865,-193.8484799,0,0;                                      1411P   1465
102,5,1399,1401,1405,1409,1411,0,0;                                 1413P   1466
142,0,1359,0,1413,2,0,0;                                            1415P   1467
144,1359,1,0,1415,0,0;                                              1417P   1468
110,487.3994267,-378.2156182,-194.2478917,488.1814361,              1419P   1469
-378.8370004,-194.2574686,0,0;                                      1419P   1470
124,0.7593120766,-0.6507266479,-3.973520542E-014,467.6800101,       1421P   1471
-0.6506493746,-0.7592219089,0.01541052682,-361.2694673,             1421P   1472
-0.01002804046,-0.01170139912,-0.9998812508,-193.9867115,0,0;       1421P   1473
100,0.0,0.0,0.0,27.0,0.0,15.1938254,22.31922198,0,0;                1423P   1474
110,464.6931527,-388.1005626,-194.400242,464.8401074,               1425P   1475
-387.1143044,-194.3850414,0,0;                                      1425P   1476
124,-0.1092074771,0.9940189772,3.973520542E-014,467.6795018,        1427P   1477
-0.9939009382,-0.1091945088,-0.01541052682,-361.27288,              1427P   1478
-0.01531835611,-0.001682944755,0.9998812508,-193.9867641,0,0;       1427P   1479
100,0.0,0.0,0.0,26.0,0.0,14.68984011,21.452473,0,0;                 1429P   1480
102,4,1419,1423,1425,1429,0,0;                                      1431P   1481
142,0,1359,0,1431,2,0,0;                                            1433P   1482
144,1359,1,0,1433,0,0;                                              1435P   1483
124,-0.9154957066,0.4023277409,3.973520542E-014,467.6795018,        1437P   1484
-0.4022799648,-0.9153869922,-0.01541052682,-361.27288,              1437P   1485
-0.006200082444,-0.01410827114,0.9998812508,-193.9867641,0,0;       1437P   1486
100,0.0,0.0,0.0,26.0,0.0,14.68984031,21.45247285,0,0;               1439P   1487
110,462.861941,-386.8196231,-194.3804997,462.7149863,               1441P   1488
-387.8058813,-194.3957002,0,0;                                      1441P   1489
124,-0.1838897697,-0.9829468717,-3.973520542E-014,467.6800101,      1443P   1490
-0.9828301475,0.1838679329,0.01541052682,-361.2694673,              1443P   1491
-0.01514772913,0.002833838229,-0.9998812508,-193.9867115,0,0;       1443P   1492
100,0.0,0.0,0.0,27.0,0.0,15.1938254,22.31922198,0,0;                1445P   1493
110,442.9474116,-372.0986278,-194.1536144,443.8766134,              1447P   1494
-371.7321591,-194.1479663,0,0;                                      1447P   1495
102,4,1439,1441,1445,1447,0,0;                                      1449P   1496
142,0,1359,0,1449,2,0,0;                                            1451P   1497
144,1359,1,0,1451,0,0;                                              1453P   1498
124,-0.9432018463,-0.3322202238,-3.973520542E-014,467.6800101,      1455P   1499
-0.3321807729,0.9430898418,0.01541052682,-361.2694673,              1455P   1500
-0.005119688671,0.01453523735,-0.9998812508,-193.9867115,0,0;       1455P   1501
100,0.0,0.0,0.0,27.0,0.0,15.1938254,22.31922198,0,0;                1457P   1502
110,445.934269,-345.2675325,-193.740084,446.7189803,                1459P   1503
-345.8910617,-193.7496941,0,0;                                      1459P   1504
124,-0.8061739033,-0.5916786608,3.973520542E-014,467.6795018,       1461P   1505
0.5916083994,-0.8060781708,-0.01541052682,-361.27288,               1461P   1506
0.009118079874,-0.01242356456,0.9998812508,-193.9867641,0,0;        1461P   1507
100,0.0,0.0,0.0,26.0,0.0,24.58988604,8.446153239,0,0;               1463P   1508
124,-0.9546589634,-0.2977016353,3.973520542E-014,467.6795018,       1465P   1509
0.2976662834,-0.9545455984,-0.01541052682,-361.27288,               1465P   1510
0.004587739036,-0.01471179756,0.9998812508,-193.9867641,0,0;        1465P   1511
100,0.0,0.0,0.0,26.0,0.0,20.86379911,15.51457014,0,0;               1467P   1512
110,443.1429761,-369.8717951,-194.1192937,442.2135602,              1469P   1513
-370.2383482,-194.1249431,0,0;                                      1469P   1514
102,5,1457,1459,1463,1467,1469,0,0;                                 1471P   1515
142,0,1359,0,1471,2,0,0;                                            1473P   1516
144,1359,1,0,1473,0,0;                                              1475P   1517
110,467.6795018,-361.2536169,-195.2366157,467.6795018,              1477P   1518
-361.2690274,-194.2367344,0,0;                                      1477P   1519
110,442.8583688,-353.4950304,-196.367186,442.8583688,               1479P   1520
-353.5335567,-193.8674829,0,0;                                      1479P   1521
120,1477,1479,0.0,6.283185307,0,0;                                  1481P   1522
124,-0.9437125282,-0.3307667821,-3.973520542E-014,467.6795018,      1483P   1523
-0.3307275038,0.943600463,0.01541052682,-361.27288,                 1483P   1524
-0.005097290369,0.01454310723,-0.9998812508,-193.9867641,0,0;       1483P   1525
100,0.0,0.0,0.0,26.0,0.0,20.86379911,15.51457014,0,0;               1485P   1526
110,442.8583688,-353.5335567,-193.8674829,442.8583688,              1487P   1527
-353.4950304,-196.367186,0,0;                                       1487P   1528
124,-0.9546589634,-0.2977016353,3.973520542E-014,467.6795018,       1489P   1529
0.2976662834,-0.9545455984,-0.01541052682,-361.2343537,             1489P   1530
0.004587739036,-0.01471179756,0.9998812508,-196.4864673,0,0;        1489P   1531
100,0.0,0.0,0.0,26.0,0.0,20.86379911,15.51457014,0,0;               1491P   1532
110,443.1429761,-369.8332688,-196.6189968,443.1429761,              1493P   1533
-369.8717951,-194.1192937,0,0;                                      1493P   1534
102,4,1485,1487,1491,1493,0,0;                                      1495P   1535
142,0,1481,0,1495,2,0,0;                                            1497P   1536
144,1481,1,0,1497,0,0;                                              1499P   1537
110,467.6795018,-361.2536169,-195.2366157,467.6795018,              1501P   1538
-361.2690274,-194.2367344,0,0;                                      1501P   1539
110,446.7189803,-345.8525353,-196.2493972,446.7189803,              1503P   1540
-345.8910617,-193.7496941,0,0;                                      1503P   1541
120,1501,1503,0.0,6.283185307,0,0;                                  1505P   1542
124,-0.8061739033,-0.5916786608,3.973520542E-014,467.6795018,       1507P   1543
0.5916083994,-0.8060781708,-0.01541052682,-361.2343537,             1507P   1544
0.009118079874,-0.01242356456,0.9998812508,-196.4864673,0,0;        1507P   1545
100,0.0,0.0,0.0,26.0,0.0,24.58988604,8.446153239,0,0;               1509P   1546
110,442.8583688,-353.4950304,-196.367186,442.8583688,               1511P   1547
-353.5335567,-193.8674829,0,0;                                      1511P   1548
124,-0.9546589634,0.2977016353,-3.973520542E-014,467.6795018,       1513P   1549
0.2976662834,0.9545455984,0.01541052682,-361.27288,                 1513P   1550
0.004587739036,0.01471179756,-0.9998812508,-193.9867641,0,0;        1513P   1551
100,0.0,0.0,0.0,26.0,0.0,24.58988604,8.446153239,0,0;               1515P   1552
110,446.7189803,-345.8910617,-193.7496941,446.7189803,              1517P   1553
-345.8525353,-196.2493972,0,0;                                      1517P   1554
102,4,1509,1511,1515,1517,0,0;                                      1519P   1555
142,0,1505,0,1519,2,0,0;                                            1521P   1556
144,1505,1,0,1521,0,0;                                              1523P   1557
110,467.6795018,-361.2536169,-195.2366157,467.6795018,              1525P   1558
-361.2690274,-194.2367344,0,0;                                      1525P   1559
110,443.8766134,-371.6936328,-196.6476694,443.8766134,              1527P   1560
-371.7321591,-194.1479663,0,0;                                      1527P   1561
120,1525,1527,0.0,6.283185307,0,0;                                  1529P   1562
110,462.861941,-386.7810968,-196.8802028,462.861941,                1531P   1563
-386.8196231,-194.3804997,0,0;                                      1531P   1564
124,-0.1852907999,-0.9826837332,-3.973520542E-014,467.6795018,      1533P   1565
-0.9825670403,0.1852687967,0.01541052682,-361.27288,                1533P   1566
-0.01514367403,0.002855428842,-0.9998812508,-193.9867641,0,0;       1533P   1567
100,0.0,0.0,0.0,26.0,0.0,14.68984031,21.45247285,0,0;               1535P   1568
110,443.8766134,-371.7321591,-194.1479663,443.8766134,              1537P   1569
-371.6936328,-196.6476694,0,0;                                      1537P   1570
124,-0.9154957066,0.4023277409,3.973520542E-014,467.6795018,        1539P   1571
-0.4022799648,-0.9153869922,-0.01541052682,-361.2343537,            1539P   1572
-0.006200082444,-0.01410827114,0.9998812508,-196.4864673,0,0;       1539P   1573
100,0.0,0.0,0.0,26.0,0.0,14.68984031,21.45247285,0,0;               1541P   1574
102,4,1531,1535,1537,1541,0,0;                                      1543P   1575
142,0,1529,0,1543,2,0,0;                                            1545P   1576
144,1529,1,0,1545,0,0;                                              1547P   1577
110,467.6795018,-361.2536169,-195.2366157,467.6795018,              1549P   1578
-361.2690274,-194.2367344,0,0;                                      1549P   1579
110,464.8401074,-387.0757781,-196.8847445,464.8401074,              1551P   1580
-387.1143044,-194.3850414,0,0;                                      1551P   1581
120,1549,1551,0.0,6.283185307,0,0;                                  1553P   1582
124,0.7584586495,-0.651721165,-3.973520542E-014,467.6795018,        1555P   1583
-0.6516437737,-0.7583685831,0.01541052682,-361.27288,               1555P   1584
-0.0100433665,-0.01168824736,-0.9998812508,-193.9867641,0,0;        1555P   1585
100,0.0,0.0,0.0,26.0,0.0,14.68984011,21.452473,0,0;                 1557P   1586
110,464.8401074,-387.1143044,-194.3850414,464.8401074,              1559P   1587
-387.0757781,-196.8847445,0,0;                                      1559P   1588
124,-0.1092074771,0.9940189772,3.973520542E-014,467.6795018,        1561P   1589
-0.9939009382,-0.1091945088,-0.01541052682,-361.2343537,            1561P   1590
-0.01531835611,-0.001682944755,0.9998812508,-196.4864673,0,0;       1561P   1591
100,0.0,0.0,0.0,26.0,0.0,14.68984011,21.452473,0,0;                 1563P   1592
110,487.3994267,-378.1770918,-196.7475948,487.3994267,              1565P   1593
-378.2156182,-194.2478917,0,0;                                      1565P   1594
102,4,1557,1559,1563,1565,0,0;                                      1567P   1595
142,0,1553,0,1567,2,0,0;                                            1569P   1596
144,1553,1,0,1569,0,0;                                              1571P   1597
110,467.6795018,-361.2536169,-195.2366157,467.6795018,              1573P   1598
-361.2690274,-194.2367344,0,0;                                      1573P   1599
110,492.5006349,-368.9736771,-196.6057485,492.5006349,              1575P   1600
-369.0122034,-194.1060453,0,0;                                      1575P   1601
120,1573,1575,0.0,6.283185307,0,0;                                  1577P   1602
124,0.9436364067,0.3309838848,-3.973520542E-014,467.6795018,        1579P   1603
0.3309445807,-0.9435243506,0.01541052682,-361.27288,                1579P   1604
0.005100636034,-0.01454193416,-0.9998812508,-193.9867641,0,0;       1579P   1605
100,0.0,0.0,0.0,26.0,0.0,20.86022926,15.51936968,0,0;               1581P   1606
110,492.5006349,-369.0122034,-194.1060453,492.5006349,              1583P   1607
-368.9844504,-195.9067429,0,0;                                      1583P   1608
126,3,3,0,0,1,0,0.0,0.0,0.0,0.0,0.126524673,0.126524673,            1585P   1609
0.126524673,0.126524673,1.0,1.0,1.0,1.0,492.5006349,                1585P   1610
-368.9844504,-195.9067429,492.5079358,-368.9613022,-195.8894162,    1585P   1611
492.5152032,-368.9381453,-195.8720868,492.5224368,-368.9149799,     1585P   1612
-195.8547547,0.0,0.126524673,0.0,0.0,0.0,0,0;                       1585P   1613
124,0.9554975007,0.2949991967,3.973520542E-014,467.6795018,         1587P   1614
-0.2949641658,0.9553840362,-0.01541052682,-361.2459116,             1587P   1615
-0.004546093035,0.01472471987,0.9998812508,-195.7365563,0,0;        1587P   1616
100,0.0,0.0,0.0,26.0,0.0,24.81260238,7.767545491,0,0;               1589P   1617
126,3,3,0,0,1,0,0.0,0.0,0.0,0.0,1.868041956,1.868041956,            1591P   1618
1.868041956,1.868041956,1.0,1.0,1.0,1.0,493.6793011,                1591P   1619
-361.1437512,-195.7349818,493.6778783,-360.7778965,-195.9799591,    1591P   1620
493.6688918,-360.411677,-196.2244084,493.6522947,-360.0453657,      1591P   1621
-196.4681422,0.0,1.868041956,0.0,0.0,0.0,0,0;                       1591P   1622
124,0.9989535736,-0.04573573966,3.973520542E-014,467.6795018,       1593P   1623
0.04573030858,0.9988349486,-0.01541052682,-361.2343537,             1593P   1624
0.0007048118429,0.01539440084,0.9998812508,-196.4864673,0,0;        1593P   1625
100,0.0,0.0,0.0,26.0,0.0,24.90245559,7.474470261,0,0;               1595P   1626
110,492.2140484,-352.6297946,-196.3538507,492.2140484,              1597P   1627
-352.668321,-193.8541476,0,0;                                       1597P   1628
102,7,1581,1583,1585,1589,1591,1595,1597,0,0;                       1599P   1629
142,0,1577,0,1599,2,0,0;                                            1601P   1630
144,1577,1,0,1601,0,0;                                              1603P   1631
110,467.6795018,-361.2536169,-195.2366157,467.6795018,              1605P   1632
-361.2690274,-194.2367344,0,0;                                      1605P   1633
110,488.6435616,-376.6113505,-196.723463,488.6435616,               1607P   1634
-376.6498768,-194.2237599,0,0;                                      1607P   1635
120,1605,1607,0.0,6.283185307,0,0;                                  1609P   1636
124,0.8063099927,0.5914931915,3.973520542E-014,467.6795018,         1611P   1637
-0.5914229522,0.8062142441,-0.01541052682,-361.2343537,             1611P   1638
-0.009115221695,0.01242566177,0.9998812508,-196.4864673,0,0;        1611P   1639
100,0.0,0.0,0.0,26.0,0.0,24.90215329,7.475477344,0,0;               1613P   1640
126,3,3,0,0,1,0,0.0,0.0,0.0,0.0,1.741466689,1.741466689,            1615P   1641
1.741466689,1.741466689,1.0,1.0,1.0,1.0,492.1800508,                1615P   1642
-369.9352224,-196.6205682,492.2932749,-369.6200558,-196.3832203,    1615P   1643
492.4001454,-369.3030592,-196.1452257,492.5006349,-368.9844504,     1615P   1644
-195.9067429,0.0,1.741466689,0.0,0.0,0.0,0,0;                       1615P   1645
110,492.5006349,-368.9844504,-195.9067429,492.5006349,              1617P   1646
-369.0122034,-194.1060453,0,0;                                      1617P   1647
124,0.9546589634,-0.2977016353,-3.973520542E-014,467.6795018,       1619P   1648
-0.2976662834,-0.9545455984,0.01541052682,-361.27288,               1619P   1649
-0.004587739036,-0.01471179756,-0.9998812508,-193.9867641,0,0;      1619P   1650
100,0.0,0.0,0.0,26.0,0.0,24.59182836,8.440496316,0,0;               1621P   1651
110,488.6435616,-376.6498768,-194.2237599,488.6435616,              1623P   1652
-376.6113505,-196.723463,0,0;                                       1623P   1653
102,5,1613,1615,1617,1621,1623,0,0;                                 1625P   1654
142,0,1609,0,1625,2,0,0;                                            1627P   1655
144,1609,1,0,1627,0,0;                                              1629P   1656
110,467.6795018,-361.2536169,-195.2366157,467.6795018,              1631P   1657
-361.2690274,-194.2367344,0,0;                                      1631P   1658
110,491.479983,-350.7695995,-196.3251807,491.479983,                1633P   1659
-350.8081258,-193.8254776,0,0;                                      1633P   1660
120,1631,1633,0.0,6.283185307,0,0;                                  1635P   1661
124,0.9154031225,-0.4025383501,3.973520542E-014,467.6795018,        1637P   1662
0.402490549,0.9152944191,-0.01541052682,-361.2343537,               1637P   1663
0.006203328042,0.01410684437,0.9998812508,-196.4864673,0,0;         1637P   1664
100,0.0,0.0,0.0,26.0,0.0,14.69477489,21.44909301,0,0;               1639P   1665
110,472.4970621,-335.6876106,-196.0927317,472.4970621,              1641P   1666
-335.7261369,-193.5930286,0,0;                                      1641P   1667
124,0.185290781,0.9826837368,-3.973520542E-014,467.6795018,         1643P   1668
0.9825670438,-0.1852687779,0.01541052682,-361.27288,                1643P   1669
0.01514367409,-0.002855428551,-0.9998812508,-193.9867641,0,0;       1643P   1670
100,0.0,0.0,0.0,26.0,0.0,14.69477489,21.44909301,0,0;               1645P   1671
110,491.479983,-350.8081258,-193.8254776,491.479983,                1647P   1672
-350.7695995,-196.3251807,0,0;                                      1647P   1673
102,4,1639,1641,1645,1647,0,0;                                      1649P   1674
142,0,1635,0,1649,2,0,0;                                            1651P   1675
144,1635,1,0,1651,0,0;                                              1653P   1676
110,467.6795018,-361.2536169,-195.2366157,467.6795018,              1655P   1677
-361.2690274,-194.2367344,0,0;                                      1655P   1678
110,470.5188957,-335.3929293,-196.08819,470.5188957,                1657P   1679
-335.4314556,-193.5884869,0,0;                                      1657P   1680
120,1655,1657,0.0,6.283185307,0,0;                                  1659P   1681
124,-0.7583087064,0.6518956249,-3.973520542E-014,467.6795018,       1661P   1682
0.6518182128,0.7582186578,0.01541052682,-361.27288,                 1661P   1683
0.01004605501,0.01168593666,-0.9998812508,-193.9867641,0,0;         1661P   1684
100,0.0,0.0,0.0,26.0,0.0,14.69477509,21.44909287,0,0;               1663P   1685
110,470.5188957,-335.4314556,-193.5884869,470.5188957,              1665P   1686
-335.3929293,-196.08819,0,0;                                        1665P   1687
124,0.109207458,-0.9940189793,3.973520542E-014,467.6795018,         1667P   1688
0.9939009403,0.1091944897,-0.01541052682,-361.2343537,              1667P   1689
0.01531835614,0.001682944461,0.9998812508,-196.4864673,0,0;         1667P   1690
100,0.0,0.0,0.0,26.0,0.0,14.69477509,21.44909287,0,0;               1669P   1691
110,447.9634754,-344.2870802,-196.2252698,447.9634754,              1671P   1692
-344.3256065,-193.7255667,0,0;                                      1671P   1693
102,4,1663,1665,1669,1671,0,0;                                      1673P   1694
142,0,1659,0,1673,2,0,0;                                            1675P   1695
144,1659,1,0,1675,0,0;                                              1677P   1696
110,441.1678777,-371.8219234,-187.8986075,441.1678777,              1679P   1697
-371.8373339,-186.8987262,0,0;                                      1679P   1698
110,440.8009521,-370.7569415,-196.6332328,440.8009521,              1681P   1699
-371.0266257,-179.1353109,0,0;                                      1681P   1700
120,1679,1681,0.0,6.283185307,0,0;                                  1683P   1701
110,440.8009521,-371.0266257,-179.1353109,440.8009521,              1685P   1702
-370.7569415,-196.6332328,0,0;                                      1685P   1703
124,-0.3669256871,-0.9302502567,3.973557594E-014,441.1678777,       1687P   1704
0.9301397902,-0.3668821149,-0.01541052682,-371.6870813,             1687P   1705
0.01433564654,-0.005654518143,0.9998812508,-196.6475684,0,0;        1687P   1706
100,0.0,0.0,0.0,1.0,0.0,-1.0,-2.860865841E-012,0,0;                 1689P   1707
110,441.5348034,-372.6172211,-196.6619041,441.5348034,              1691P   1708
-372.8869053,-179.1639822,0,0;                                      1691P   1709
124,0.3669256871,-0.9302502567,-3.973557594E-014,441.1678777,       1693P   1710
-0.9301397902,-0.3668821149,0.01541052682,-371.9567655,             1693P   1711
-0.01433564654,-0.005654518143,-0.9998812508,-179.1496465,0,0;      1693P   1712
100,0.0,0.0,0.0,1.0,0.0,-1.0,-2.724526645E-012,0,0;                 1695P   1713
102,4,1685,1689,1691,1695,0,0;                                      1697P   1714
142,0,1683,0,1697,2,0,0;                                            1699P   1715
144,1683,1,0,1699,0,0;                                              1701P   1716
108,0.3669256871,-0.9301397902,-0.01433564654,509.4158405,0,        1703P   1717
440.8009521,-370.7569415,-196.6332328,1.0,0,0;                      1703P   1718
110,441.7481215,-370.6530708,-179.1295535,441.7481215,              1705P   1719
-370.483555,-190.1282473,0,0;                                       1705P   1720
126,5,5,0,0,1,0,0.0,0.0,0.0,0.0,0.0,0.0,2.91631239,2.91631239,      1707P   1721
2.91631239,2.91631239,2.91631239,2.91631239,1.0,1.0,1.0,1.0,1.0,    1707P   1722
1.0,441.7481215,-370.483555,-190.1282473,441.8412091,               1707P   1723
-370.4406779,-190.527638,441.9342967,-370.3978007,-190.9270267,     1707P   1724
442.0273844,-370.3549236,-191.3264134,442.1204723,-370.3120464,     1707P   1725
-191.7257981,442.2135602,-370.2691692,-192.1251806,0.0,             1707P   1726
2.91631239,0.0,0.0,0.0,0,0;                                         1707P   1727
110,442.2135602,-370.2691692,-192.1251806,442.2135602,              1709P   1728
-370.2383482,-194.1249431,0,0;                                      1709P   1729
110,442.2135602,-370.2383482,-194.1249431,443.1429761,              1711P   1730
-369.8717951,-194.1192937,0,0;                                      1711P   1731
110,443.1429761,-369.8717951,-194.1192937,443.1429761,              1713P   1732
-369.8332688,-196.6189968,0,0;                                      1713P   1733
110,443.1429761,-369.8332688,-196.6189968,440.8009521,              1715P   1734
-370.7569415,-196.6332328,0,0;                                      1715P   1735
110,440.8009521,-370.7569415,-196.6332328,440.8009521,              1717P   1736
-371.0266257,-179.1353109,0,0;                                      1717P   1737
110,440.8009521,-371.0266257,-179.1353109,441.7481215,              1719P   1738
-370.6530708,-179.1295535,0,0;                                      1719P   1739
102,8,1705,1707,1709,1711,1713,1715,1717,1719,0,0;                  1721P   1740
142,0,1703,0,1721,2,0,0;                                            1723P   1741
144,1703,1,0,1723,0,0;                                              1725P   1742
108,-0.3669256871,0.9301397902,0.01433564654,-511.4158405,0,        1727P   1743
446.1809112,-370.784839,-196.6336627,1.0,0,0;                       1727P   1744
110,443.8766134,-371.6936328,-196.6476694,443.8766134,              1729P   1745
-371.7321591,-194.1479663,0,0;                                      1729P   1746
110,443.8766134,-371.7321591,-194.1479663,442.9474116,              1731P   1747
-372.0986278,-194.1536144,0,0;                                      1731P   1748
110,442.9474116,-372.0986278,-194.1536144,442.9474116,              1733P   1749
-372.1294488,-192.1538519,0,0;                                      1733P   1750
126,5,5,0,0,1,0,0.0,0.0,0.0,0.0,0.0,0.0,2.91631239,2.91631239,      1735P   1751
2.91631239,2.91631239,2.91631239,2.91631239,1.0,1.0,1.0,1.0,1.0,    1735P   1752
1.0,442.9474116,-372.1294488,-192.1538519,442.8543237,              1735P   1753
-372.172326,-191.7544694,442.7612358,-372.2152032,-191.3550847,     1735P   1754
442.6681481,-372.2580803,-190.955698,442.5750604,-372.3009575,      1735P   1755
-190.5563092,442.4819729,-372.3438346,-190.1569186,0.0,             1735P   1756
2.91631239,0.0,0.0,0.0,0,0;                                         1735P   1757
110,442.4819729,-372.3438346,-190.1569186,442.4819747,              1737P   1758
-372.5133497,-179.1582248,0,0;                                      1737P   1759
110,442.4819747,-372.5133497,-179.1582248,441.5348034,              1739P   1760
-372.8869053,-179.1639822,0,0;                                      1739P   1761
110,441.5348034,-372.8869053,-179.1639822,441.5348034,              1741P   1762
-372.6172211,-196.6619041,0,0;                                      1741P   1763
110,441.5348034,-372.6172211,-196.6619041,443.8766134,              1743P   1764
-371.6936328,-196.6476694,0,0;                                      1743P   1765
102,8,1729,1731,1733,1735,1737,1739,1741,1743,0,0;                  1745P   1766
142,0,1727,0,1745,2,0,0;                                            1747P   1767
144,1727,1,0,1747,0,0;                                              1749P   1768
110,463.4803024,-389.5513068,-188.1718591,463.4803024,              1751P   1769
-389.5667174,-187.1719778,0,0;                                      1751P   1770
110,462.4912192,-389.2691241,-196.9185491,462.4912192,              1753P   1771
-389.5388083,-179.4206273,0,0;                                      1753P   1772
120,1751,1753,0.0,6.283185307,0,0;                                  1755P   1773
110,462.4912192,-389.5388083,-179.4206273,462.4912192,              1757P   1774
-389.2691241,-196.9185491,0,0;                                      1757P   1775
124,-0.9890831978,-0.1473581621,3.97350791E-014,463.4803024,        1759P   1776
0.1473406634,-0.9889657449,-0.01541052682,-389.4164647,             1759P   1777
0.002270866909,-0.01524229315,0.9998812508,-196.92082,0,0;          1759P   1778
100,0.0,0.0,0.0,1.0,0.0,-1.0,-2.830855992E-012,0,0;                 1761P   1779
110,464.4693856,-389.5638054,-196.9230909,464.4693856,              1763P   1780
-389.8334896,-179.425169,0,0;                                       1763P   1781
124,0.9890831978,-0.1473581621,-3.97350791E-014,463.4803024,        1765P   1782
-0.1473406634,-0.9889657449,0.01541052682,-389.686149,              1765P   1783
-0.002270866909,-0.01524229315,-0.9998812508,-179.4228981,0,0;      1765P   1784
100,0.0,0.0,0.0,1.0,0.0,-1.0,-2.710039854E-012,0,0;                 1767P   1785
102,4,1757,1761,1763,1767,0,0;                                      1769P   1786
142,0,1755,0,1769,2,0,0;                                            1771P   1787
144,1755,1,0,1771,0,0;                                              1773P   1788
108,0.9890831978,-0.1473406634,-0.002270866909,515.2446409,0,       1775P   1789
462.4912192,-389.2691241,-196.9185491,1.0,0,0;                      1775P   1790
110,462.6412575,-388.5318554,-179.4051077,462.6412575,              1777P   1791
-388.3623396,-190.4038015,0,0;                                      1777P   1792
126,5,5,0,0,1,0,0.0,0.0,0.0,0.0,0.0,0.0,2.91631239,2.91631239,      1779P   1793
2.91631239,2.91631239,2.91631239,2.91631239,1.0,1.0,1.0,1.0,1.0,    1779P   1794
1.0,462.6412575,-388.3623396,-190.4038015,462.6560032,              1779P   1795
-388.2572123,-190.8022327,462.670749,-388.1520849,-191.200662,      1779P   1796
462.6854947,-388.0469575,-191.5990894,462.7002405,-387.94183,       1779P   1797
-191.9975146,462.7149863,-387.8367024,-192.3959377,0.0,             1779P   1798
2.91631239,0.0,0.0,0.0,0,0;                                         1779P   1799
110,462.7149863,-387.8367024,-192.3959377,462.7149863,              1781P   1800
-387.8058813,-194.3957002,0,0;                                      1781P   1801
110,462.7149863,-387.8058813,-194.3957002,462.861941,               1783P   1802
-386.8196231,-194.3804997,0,0;                                      1783P   1803
110,462.861941,-386.8196231,-194.3804997,462.861941,                1785P   1804
-386.7810968,-196.8802028,0,0;                                      1785P   1805
110,462.861941,-386.7810968,-196.8802028,462.4912192,               1787P   1806
-389.2691241,-196.9185491,0,0;                                      1787P   1807
110,462.4912192,-389.2691241,-196.9185491,462.4912192,              1789P   1808
-389.5388083,-179.4206273,0,0;                                      1789P   1809
110,462.4912192,-389.5388083,-179.4206273,462.6412575,              1791P   1810
-388.5318554,-179.4051077,0,0;                                      1791P   1811
102,8,1777,1779,1781,1783,1785,1787,1789,1791,0,0;                  1793P   1812
142,0,1775,0,1793,2,0,0;                                            1795P   1813
144,1775,1,0,1795,0,0;                                              1797P   1814
108,-0.9890831978,0.1473406634,0.002270866909,-517.2446409,0,       1799P   1815
465.2053617,-384.6244448,-196.8469637,1.0,0,0;                      1799P   1816
110,464.8401074,-387.0757781,-196.8847445,464.8401074,              1801P   1817
-387.1143044,-194.3850414,0,0;                                      1801P   1818
110,464.8401074,-387.1143044,-194.3850414,464.6931527,              1803P   1819
-388.1005626,-194.400242,0,0;                                       1803P   1820
110,464.6931527,-388.1005626,-194.400242,464.6931527,               1805P   1821
-388.1313837,-192.4004795,0,0;                                      1805P   1822
126,5,5,0,0,1,0,0.0,0.0,0.0,0.0,0.0,0.0,2.91631239,2.91631239,      1807P   1823
2.91631239,2.91631239,2.91631239,2.91631239,1.0,1.0,1.0,1.0,1.0,    1807P   1824
1.0,464.6931527,-388.1313837,-192.4004795,464.6784069,              1807P   1825
-388.2365113,-192.0020564,464.6636611,-388.3416388,-191.6036311,    1807P   1826
464.6489154,-388.4467663,-191.2052038,464.6341696,-388.5518936,     1807P   1827
-190.8067745,464.6194239,-388.6570209,-190.4083432,0.0,             1807P   1828
2.91631239,0.0,0.0,0.0,0,0;                                         1807P   1829
110,464.6194239,-388.6570209,-190.4083432,464.6194242,              1809P   1830
-388.826535,-179.4096495,0,0;                                       1809P   1831
110,464.6194242,-388.826535,-179.4096495,464.4693856,               1811P   1832
-389.8334896,-179.425169,0,0;                                       1811P   1833
110,464.4693856,-389.8334896,-179.425169,464.4693856,               1813P   1834
-389.5638054,-196.9230909,0,0;                                      1813P   1835
110,464.4693856,-389.5638054,-196.9230909,464.8401074,              1815P   1836
-387.0757781,-196.8847445,0,0;                                      1815P   1837
102,8,1801,1803,1805,1807,1809,1811,1813,1815,0,0;                  1817P   1838
142,0,1799,0,1817,2,0,0;                                            1819P   1839
144,1799,1,0,1819,0,0;                                              1821P   1840
110,489.9924348,-379.0951666,-188.0107053,489.9924348,              1823P   1841
-379.1105771,-187.0108241,0,0;                                      1823P   1842
110,489.3702772,-379.7431236,-196.771731,489.3702772,               1825P   1843
-380.0128078,-179.2738091,0,0;                                      1825P   1844
120,1823,1825,0.0,6.283185307,0,0;                                  1827P   1845
110,489.3702772,-380.0128078,-179.2738091,489.3702772,              1829P   1846
-379.7431236,-196.771731,0,0;                                       1829P   1847
124,-0.6221575107,0.7828920947,3.973470858E-014,489.9924348,        1831P   1848
-0.7827991269,-0.62208363,-0.01541052682,-378.9603245,              1831P   1849
-0.01206477963,-0.009587775007,0.9998812508,-196.7596662,0,0;       1831P   1850
100,0.0,0.0,0.0,1.0,0.0,-1.0,-2.707463661E-012,0,0;                 1833P   1851
110,490.6145923,-378.1775253,-196.7476015,490.6145923,              1835P   1852
-378.4472095,-179.2496796,0,0;                                      1835P   1853
124,0.6221575107,0.7828920947,-3.973470858E-014,489.9924348,        1837P   1854
0.7827991269,-0.6220836299,0.01541052682,-379.2300087,              1837P   1855
0.01206477963,-0.009587775007,-0.9998812508,-179.2617444,0,0;       1837P   1856
100,0.0,0.0,0.0,1.0,0.0,-1.0,-2.671950389E-012,0,0;                 1839P   1857
102,4,1829,1833,1835,1839,0,0;                                      1841P   1858
142,0,1827,0,1841,2,0,0;                                            1843P   1859
144,1827,1,0,1843,0,0;                                              1845P   1860
108,0.6221575107,0.7827991269,0.01206477963,4.828800344,0,          1847P   1861
489.3702772,-379.7431236,-196.771731,1.0,0,0;                       1847P   1862
110,488.573146,-379.3794098,-179.264047,488.573146,-379.209894,     1849P   1863
-190.2627407,0,0;                                                   1849P   1864
126,5,5,0,0,1,0,0.0,0.0,0.0,0.0,0.0,0.0,2.91631239,2.91631239,      1851P   1865
2.91631239,2.91631239,2.91631239,2.91631239,1.0,1.0,1.0,1.0,1.0,    1851P   1866
1.0,488.573146,-379.209894,-190.2627407,488.4948042,                1851P   1867
-379.1414796,-190.6617378,488.4164623,-379.0730651,-191.0607329,    1851P   1868
488.3381203,-379.0046506,-191.4597261,488.2597783,-378.9362361,     1851P   1869
-191.8587172,488.1814361,-378.8678215,-192.2577061,0.0,             1851P   1870
2.91631239,0.0,0.0,0.0,0,0;                                         1851P   1871
110,488.1814361,-378.8678215,-192.2577061,488.1814361,              1853P   1872
-378.8370004,-194.2574686,0,0;                                      1853P   1873
110,488.1814361,-378.8370004,-194.2574686,487.3994267,              1855P   1874
-378.2156182,-194.2478917,0,0;                                      1855P   1875
110,487.3994267,-378.2156182,-194.2478917,487.3994267,              1857P   1876
-378.1770918,-196.7475948,0,0;                                      1857P   1877
110,487.3994267,-378.1770918,-196.7475948,489.3702772,              1859P   1878
-379.7431236,-196.771731,0,0;                                       1859P   1879
110,489.3702772,-379.7431236,-196.771731,489.3702772,               1861P   1880
-380.0128078,-179.2738091,0,0;                                      1861P   1881
110,489.3702772,-380.0128078,-179.2738091,488.573146,               1863P   1882
-379.3794098,-179.264047,0,0;                                       1863P   1883
102,8,1849,1851,1853,1855,1857,1859,1861,1863,0,0;                  1865P   1884
142,0,1847,0,1865,2,0,0;                                            1867P   1885
144,1847,1,0,1867,0,0;                                              1869P   1886
108,-0.6221575107,-0.7827991269,-0.01206477963,-6.828800344,0,      1871P   1887
486.7044605,-375.0705468,-196.6997156,1.0,0,0;                      1871P   1888
110,488.6435616,-376.6113505,-196.723463,488.6435616,               1873P   1889
-376.6498768,-194.2237599,0,0;                                      1873P   1890
110,488.6435616,-376.6498768,-194.2237599,489.4257512,              1875P   1891
-377.2714022,-194.2333391,0,0;                                      1875P   1892
110,489.4257512,-377.2714022,-194.2333391,489.4257512,              1877P   1893
-377.3022232,-192.2335766,0,0;                                      1877P   1894
126,5,5,0,0,1,0,0.0,0.0,0.0,0.0,0.0,0.0,2.91631239,2.91631239,      1879P   1895
2.91631239,2.91631239,2.91631239,2.91631239,1.0,1.0,1.0,1.0,1.0,    1879P   1896
1.0,489.4257512,-377.3022232,-192.2335766,489.5040933,              1879P   1897
-377.3706378,-191.8345876,489.5824354,-377.4390524,-191.4355966,    1879P   1898
489.6607774,-377.5074669,-191.0366034,489.7391193,-377.5758813,     1879P   1899
-190.6376083,489.8174611,-377.6442958,-190.2386112,0.0,             1879P   1900
2.91631239,0.0,0.0,0.0,0,0;                                         1879P   1901
110,489.8174611,-377.6442958,-190.2386112,489.8174608,              1881P   1902
-377.8138113,-179.2399174,0,0;                                      1881P   1903
110,489.8174608,-377.8138113,-179.2399174,490.6145923,              1883P   1904
-378.4472095,-179.2496796,0,0;                                      1883P   1905
110,490.6145923,-378.4472095,-179.2496796,490.6145923,              1885P   1906
-378.1775253,-196.7476015,0,0;                                      1885P   1907
110,490.6145923,-378.1775253,-196.7476015,488.6435616,              1887P   1908
-376.6113505,-196.723463,0,0;                                       1887P   1909
102,8,1873,1875,1877,1879,1881,1883,1885,1887,0,0;                  1889P   1910
142,0,1871,0,1889,2,0,0;                                            1891P   1911
144,1871,1,0,1891,0,0;                                              1893P   1912
110,494.1921424,-350.9096428,-187.5762999,494.1921424,              1895P   1913
-350.9250534,-186.5764187,0,0;                                      1895P   1914
110,494.5590681,-351.7049405,-196.3395965,494.5590681,              1897P   1915
-351.9746247,-178.8416747,0,0;                                      1897P   1916
120,1895,1897,0.0,6.283185307,0,0;                                  1899P   1917
110,494.5590681,-351.9746247,-178.8416747,494.5590681,              1901P   1918
-351.7049405,-196.3395965,0,0;                                      1901P   1919
124,0.3669256871,0.9302502567,3.973297386E-014,494.1921424,         1903P   1920
-0.9301397902,0.3668821149,-0.01541052682,-350.7748007,             1903P   1921
-0.01433564654,0.005654518143,0.9998812508,-196.3252609,0,0;        1903P   1922
100,0.0,0.0,0.0,1.0,0.0,-1.0,-2.787187392E-012,0,0;                 1905P   1923
110,493.8252167,-349.8446609,-196.3109252,493.8252167,              1907P   1924
-350.1143452,-178.8130034,0,0;                                      1907P   1925
124,-0.3669256871,0.9302502567,-3.973297386E-014,494.1921424,       1909P   1926
0.9301397902,0.3668821149,0.01541052682,-351.0444849,               1909P   1927
0.01433564654,0.005654518143,-0.9998812508,-178.827339,0,0;         1909P   1928
100,0.0,0.0,0.0,1.0,0.0,-1.0,-2.819166328E-012,0,0;                 1911P   1929
102,4,1901,1905,1907,1911,0,0;                                      1913P   1930
142,0,1899,0,1913,2,0,0;                                            1915P   1931
144,1899,1,0,1915,0,0;                                              1917P   1932
108,-0.3669256871,0.9301397902,0.01433564654,-511.4158405,0,        1919P   1933
494.5590681,-351.7049405,-196.3395965,1.0,0,0;                      1919P   1934
110,493.6118986,-352.3481796,-178.847432,493.6118986,               1921P   1935
-352.1786638,-189.8461258,0,0;                                      1921P   1936
126,5,5,0,0,1,0,0.0,0.0,0.0,0.0,0.0,0.0,2.91631239,2.91631239,      1923P   1937
2.91631239,2.91631239,2.91631239,2.91631239,1.0,1.0,1.0,1.0,1.0,    1923P   1938
1.0,493.6118986,-352.1786638,-189.8461258,493.5188111,              1923P   1939
-352.2092124,-190.2466481,493.4257234,-352.2397611,-190.6471685,    1923P   1940
493.3326357,-352.2703098,-191.0476869,493.2395478,-352.3008586,     1923P   1941
-191.4482032,493.1464599,-352.3314075,-191.8487174,0.0,             1923P   1942
2.91631239,0.0,0.0,0.0,0,0;                                         1923P   1943
110,493.1464599,-352.3314075,-191.8487174,493.1464599,              1925P   1944
-352.3005865,-193.8484799,0,0;                                      1925P   1945
110,493.1464599,-352.3005865,-193.8484799,492.2140484,              1927P   1946
-352.668321,-193.8541476,0,0;                                       1927P   1947
110,492.2140484,-352.668321,-193.8541476,492.2140484,               1929P   1948
-352.6297946,-196.3538507,0,0;                                      1929P   1949
110,492.2140484,-352.6297946,-196.3538507,494.5590681,              1931P   1950
-351.7049405,-196.3395965,0,0;                                      1931P   1951
110,494.5590681,-351.7049405,-196.3395965,494.5590681,              1933P   1952
-351.9746247,-178.8416747,0,0;                                      1933P   1953
110,494.5590681,-351.9746247,-178.8416747,493.6118986,              1935P   1954
-352.3481796,-178.847432,0,0;                                       1935P   1955
102,8,1921,1923,1925,1927,1929,1931,1933,1935,0,0;                  1937P   1956
142,0,1919,0,1937,2,0,0;                                            1939P   1957
144,1919,1,0,1939,0,0;                                              1941P   1958
108,0.3669256871,-0.9301397902,-0.01433564654,509.4158405,0,        1943P   1959
489.1791089,-351.677043,-196.3391666,1.0,0,0;                       1943P   1960
110,491.479983,-350.7695995,-196.3251807,491.479983,                1945P   1961
-350.8081258,-193.8254776,0,0;                                      1945P   1962
110,491.479983,-350.8081258,-193.8254776,492.4126085,               1947P   1963
-350.4403069,-193.8198086,0,0;                                      1947P   1964
110,492.4126085,-350.4403069,-193.8198086,492.4126085,              1949P   1965
-350.4711279,-191.8200461,0,0;                                      1949P   1966
126,5,5,0,0,1,0,0.0,0.0,0.0,0.0,0.0,0.0,2.91631239,2.91631239,      1951P   1967
2.91631239,2.91631239,2.91631239,2.91631239,1.0,1.0,1.0,1.0,1.0,    1951P   1968
1.0,492.4126085,-350.4711279,-191.8200461,492.5056965,              1951P   1969
-350.4405791,-191.419532,492.5987843,-350.4100302,-191.0190156,     1951P   1970
492.691872,-350.3794815,-190.6184972,492.7849597,-350.3489329,      1951P   1971
-190.2179768,492.8780472,-350.3183843,-189.8174545,0.0,             1951P   1972
2.91631239,0.0,0.0,0.0,0,0;                                         1951P   1973
110,492.8780472,-350.3183843,-189.8174545,492.8780454,              1953P   1974
-350.4879008,-178.8187607,0,0;                                      1953P   1975
110,492.8780454,-350.4879008,-178.8187607,493.8252167,              1955P   1976
-350.1143452,-178.8130034,0,0;                                      1955P   1977
110,493.8252167,-350.1143452,-178.8130034,493.8252167,              1957P   1978
-349.8446609,-196.3109252,0,0;                                      1957P   1979
110,493.8252167,-349.8446609,-196.3109252,491.479983,               1959P   1980
-350.7695995,-196.3251807,0,0;                                      1959P   1981
102,8,1945,1947,1949,1951,1953,1955,1957,1959,0,0;                  1961P   1982
142,0,1943,0,1961,2,0,0;                                            1963P   1983
144,1943,1,0,1963,0,0;                                              1965P   1984
110,471.8797177,-333.1802594,-187.3030484,471.8797177,              1967P   1985
-333.1956699,-186.3031671,0,0;                                      1967P   1986
110,472.8688009,-333.1927579,-196.0542802,472.8688009,              1969P   1987
-333.4624422,-178.5563583,0,0;                                      1969P   1988
120,1967,1969,0.0,6.283185307,0,0;                                  1971P   1989
110,472.8688009,-333.4624422,-178.5563583,472.8688009,              1973P   1990
-333.1927579,-196.0542802,0,0;                                      1973P   1991
124,0.9890831978,0.1473581621,3.973520542E-014,471.8797177,         1975P   1992
-0.1473406634,0.9889657449,-0.01541052682,-333.0454173,             1975P   1993
-0.002270866909,0.01524229315,0.9998812508,-196.0520093,0,0;        1975P   1994
100,0.0,0.0,0.0,1.0,0.0,-1.0,-2.77465066E-012,0,0;                  1977P   1995
110,470.8906345,-332.8980766,-196.0497384,470.8906345,              1979P   1996
-333.1677608,-178.5518166,0,0;                                      1979P   1997
124,-0.9890831978,0.1473581621,-3.973520542E-014,471.8797177,       1981P   1998
0.1473406634,0.9889657449,0.01541052682,-333.3151015,               1981P   1999
0.002270866909,0.01524229315,-0.9998812508,-178.5540874,0,0;        1981P   2000
100,0.0,0.0,0.0,1.0,0.0,-1.0,-2.822477122E-012,0,0;                 1983P   2001
102,4,1973,1977,1979,1983,0,0;                                      1985P   2002
142,0,1971,0,1985,2,0,0;                                            1987P   2003
144,1971,1,0,1987,0,0;                                              1989P   2004
108,-0.9890831978,0.1473406634,0.002270866909,-517.2446409,0,       1991P   2005
472.8688009,-333.1927579,-196.0542802,1.0,0,0;                      1991P   2006
110,472.7187626,-334.469395,-178.5718778,472.7187626,               1993P   2007
-334.2998792,-189.5705716,0,0;                                      1993P   2008
126,5,5,0,0,1,0,0.0,0.0,0.0,0.0,0.0,0.0,2.91631239,2.91631239,      1995P   2009
2.91631239,2.91631239,2.91631239,2.91631239,1.0,1.0,1.0,1.0,1.0,    1995P   2010
1.0,472.7187626,-334.2998792,-189.5705716,472.7040169,              1995P   2011
-334.392678,-189.9720533,472.6892711,-334.4854769,-190.3735331,     1995P   2012
472.6745254,-334.5782759,-190.775011,472.6597796,-334.6710751,      1995P   2013
-191.1764867,472.6450338,-334.7638744,-191.5779603,0.0,             1995P   2014
2.91631239,0.0,0.0,0.0,0,0;                                         1995P   2015
110,472.6450338,-334.7638744,-191.5779603,472.6450338,              1997P   2016
-334.7330533,-193.5777228,0,0;                                      1997P   2017
110,472.6450338,-334.7330533,-193.5777228,472.4970621,              1999P   2018
-335.7261369,-193.5930286,0,0;                                      1999P   2019
110,472.4970621,-335.7261369,-193.5930286,472.4970621,              2001P   2020
-335.6876106,-196.0927317,0,0;                                      2001P   2021
110,472.4970621,-335.6876106,-196.0927317,472.8688009,              2003P   2022
-333.1927579,-196.0542802,0,0;                                      2003P   2023
110,472.8688009,-333.1927579,-196.0542802,472.8688009,              2005P   2024
-333.4624422,-178.5563583,0,0;                                      2005P   2025
110,472.8688009,-333.4624422,-178.5563583,472.7187626,              2007P   2026
-334.469395,-178.5718778,0,0;                                       2007P   2027
102,8,1993,1995,1997,1999,2001,2003,2005,2007,0,0;                  2009P   2028
142,0,1991,0,2009,2,0,0;                                            2011P   2029
144,1991,1,0,2011,0,0;                                              2013P   2030
108,0.9890831978,-0.1473406634,-0.002270866909,515.2446409,0,       2015P   2031
470.1546584,-337.8374372,-196.1258656,1.0,0,0;                      2015P   2032
110,470.5188957,-335.3929293,-196.08819,470.5188957,                2017P   2033
-335.4314556,-193.5884869,0,0;                                      2017P   2034
110,470.5188957,-335.4314556,-193.5884869,470.6668674,              2019P   2035
-334.438372,-193.5731811,0,0;                                       2019P   2036
110,470.6668674,-334.438372,-193.5731811,470.6668674,               2021P   2037
-334.4691931,-191.5734186,0,0;                                      2021P   2038
126,5,5,0,0,1,0,0.0,0.0,0.0,0.0,0.0,0.0,2.91631239,2.91631239,      2023P   2039
2.91631239,2.91631239,2.91631239,2.91631239,1.0,1.0,1.0,1.0,1.0,    2023P   2040
1.0,470.6668674,-334.4691931,-191.5734186,470.6816132,              2023P   2041
-334.3763938,-191.171945,470.696359,-334.2835946,-190.7704692,      2023P   2042
470.7111047,-334.1907956,-190.3689914,470.7258505,-334.0979967,     2023P   2043
-189.9675116,470.7405962,-334.0051979,-189.5660298,0.0,             2023P   2044
2.91631239,0.0,0.0,0.0,0,0;                                         2023P   2045
110,470.7405962,-334.0051979,-189.5660298,470.7405962,              2025P   2046
-334.1747137,-178.5673361,0,0;                                      2025P   2047
110,470.7405962,-334.1747137,-178.5673361,470.8906345,              2027P   2048
-333.1677608,-178.5518166,0,0;                                      2027P   2049
110,470.8906345,-333.1677608,-178.5518166,470.8906345,              2029P   2050
-332.8980766,-196.0497384,0,0;                                      2029P   2051
110,470.8906345,-332.8980766,-196.0497384,470.5188957,              2031P   2052
-335.3929293,-196.08819,0,0;                                        2031P   2053
102,8,2017,2019,2021,2023,2025,2027,2029,2031,0,0;                  2033P   2054
142,0,2015,0,2033,2,0,0;                                            2035P   2055
144,2015,1,0,2035,0,0;                                              2037P   2056
108,0.6221575107,0.7827991269,0.01206477963,4.828800344,0,          2039P   2057
448.6555596,-347.3913352,-196.2731137,1.0,0,0;                      2039P   2058
110,446.7189803,-345.8525353,-196.2493972,446.7189803,              2041P   2059
-345.8910617,-193.7496941,0,0;                                      2041P   2060
110,446.7189803,-345.8910617,-193.7496941,445.934269,               2043P   2061
-345.2675325,-193.740084,0,0;                                       2043P   2062
110,445.934269,-345.2675325,-193.740084,445.934269,-345.2983535,    2045P   2063
-191.7403215,0,0;                                                   2045P   2064
126,5,5,0,0,1,0,0.0,0.0,0.0,0.0,0.0,0.0,2.91631239,2.91631239,      2047P   2065
2.91631239,2.91631239,2.91631239,2.91631239,1.0,1.0,1.0,1.0,1.0,    2047P   2066
1.0,445.934269,-345.2983535,-191.7403215,445.8559268,               2047P   2067
-345.2422672,-191.3394137,445.7775848,-345.186181,-190.9385038,     2047P   2068
445.6992428,-345.130095,-190.5375918,445.6209009,-345.074009,       2047P   2069
-190.1366778,445.5425591,-345.0179231,-189.7357619,0.0,             2047P   2070
2.91631239,0.0,0.0,0.0,0,0;                                         2047P   2071
110,445.5425591,-345.0179231,-189.7357619,445.5425594,              2049P   2072
-345.1874391,-178.7370681,0,0;                                      2049P   2073
110,445.5425594,-345.1874391,-178.7370681,444.7454279,              2051P   2074
-344.5540409,-178.727306,0,0;                                       2051P   2075
110,444.7454279,-344.5540409,-178.727306,444.7454279,               2053P   2076
-344.2843567,-196.2252279,0,0;                                      2053P   2077
110,444.7454279,-344.2843567,-196.2252279,446.7189803,              2055P   2078
-345.8525353,-196.2493972,0,0;                                      2055P   2079
102,8,2041,2043,2045,2047,2049,2051,2053,2055,0,0;                  2057P   2080
142,0,2039,0,2057,2,0,0;                                            2059P   2081
144,2039,1,0,2059,0,0;                                              2061P   2082
110,445.3675854,-343.6363997,-187.4642021,445.3675854,              2063P   2083
-343.6518102,-186.4643209,0,0;                                      2063P   2084
110,445.9897429,-342.7187584,-196.2010983,445.9897429,              2065P   2085
-342.9884426,-178.7031764,0,0;                                      2065P   2086
120,2063,2065,0.0,6.283185307,0,0;                                  2067P   2087
110,445.9897429,-342.9884426,-178.7031764,445.9897429,              2069P   2088
-342.7187584,-196.2010983,0,0;                                      2069P   2089
124,0.6221575107,-0.7828920947,3.973557594E-014,445.3675854,        2071P   2090
0.7827991269,0.62208363,-0.01541052682,-343.5015575,                2071P   2091
0.01206477963,0.009587775007,0.9998812508,-196.2131631,0,0;         2071P   2092
100,0.0,0.0,0.0,1.0,0.0,-1.0,-2.867192513E-012,0,0;                 2073P   2093
110,444.7454279,-344.2843567,-196.2252279,444.7454279,              2075P   2094
-344.5540409,-178.727306,0,0;                                       2075P   2095
124,-0.6221575107,-0.7828920947,-3.973557594E-014,445.3675854,      2077P   2096
-0.7827991269,0.6220836299,0.01541052682,-343.7712418,              2077P   2097
-0.01206477963,0.009587775007,-0.9998812508,-178.7152412,0,0;       2077P   2098
100,0.0,0.0,0.0,1.0,0.0,-1.0,-2.751885335E-012,0,0;                 2079P   2099
102,4,2069,2073,2075,2079,0,0;                                      2081P   2100
142,0,2067,0,2081,2,0,0;                                            2083P   2101
144,2067,1,0,2083,0,0;                                              2085P   2102
108,-0.6221575107,-0.7827991269,-0.01206477963,-6.828800344,0,      2087P   2103
445.9897429,-342.7187584,-196.2010983,1.0,0,0;                      2087P   2104
110,446.7868741,-343.6218406,-178.7129386,446.7868741,              2089P   2105
-343.4523248,-189.7116323,0,0;                                      2089P   2106
126,5,5,0,0,1,0,0.0,0.0,0.0,0.0,0.0,0.0,2.91631239,2.91631239,      2091P   2107
2.91631239,2.91631239,2.91631239,2.91631239,1.0,1.0,1.0,1.0,1.0,    2091P   2108
1.0,446.7868741,-343.4523248,-189.7116323,446.8652159,              2091P   2109
-343.5084107,-190.1125482,446.9435578,-343.5644967,-190.5134622,    2091P   2110
447.0218998,-343.6205828,-190.9143742,447.1002418,-343.676669,      2091P   2111
-191.3152842,447.178584,-343.7327553,-191.7161919,0.0,              2091P   2112
2.91631239,0.0,0.0,0.0,0,0;                                         2091P   2113
110,447.178584,-343.7327553,-191.7161919,447.178584,                2093P   2114
-343.7019342,-193.7159544,0,0;                                      2093P   2115
110,447.178584,-343.7019342,-193.7159544,447.9634754,               2095P   2116
-344.3256065,-193.7255667,0,0;                                      2095P   2117
110,447.9634754,-344.3256065,-193.7255667,447.9634754,              2097P   2118
-344.2870802,-196.2252698,0,0;                                      2097P   2119
110,447.9634754,-344.2870802,-196.2252698,445.9897429,              2099P   2120
-342.7187584,-196.2010983,0,0;                                      2099P   2121
110,445.9897429,-342.7187584,-196.2010983,445.9897429,              2101P   2122
-342.9884426,-178.7031764,0,0;                                      2101P   2123
110,445.9897429,-342.9884426,-178.7031764,446.7868741,              2103P   2124
-343.6218406,-178.7129386,0,0;                                      2103P   2125
102,8,2089,2091,2093,2095,2097,2099,2101,2103,0,0;                  2105P   2126
142,0,2087,0,2105,2,0,0;                                            2107P   2127
144,2087,1,0,2107,0,0;                                              2109P   2128
110,467.6800101,-361.5545582,-175.4891589,467.6800101,              2111P   2129
-361.5699687,-174.4892777,0,0;                                      2111P   2130
124,0.8127368838,0.4695474639,-0.344940483,440.4598978,             2113P   2131
0.2909327121,0.1858798574,0.9385130983,-371.5566443,                2113P   2132
0.5047939329,-0.8631186812,0.01446469895,-175.6433146,0,0;          2113P   2133
100,0.0,0.0,0.0,1.0,0.0,-0.5002505627,0.865880693,0,0;              2115P   2134
120,2111,2115,0.0,3.141592654,0,0;                                  2117P   2135
124,-0.8127368838,-0.4695474639,0.344940483,494.9001223,            2119P   2136
-0.3063509615,-0.1591925021,-0.9385130983,-351.5524721,             2119P   2137
0.4955883837,-0.8684370596,-0.01446469895,-175.3350032,0,0;         2119P   2138
100,0.0,0.0,0.0,1.0,0.0,-0.5002505627,0.865880693,0,0;              2121P   2139
124,0.9386245592,0.344940483,-3.971058493E-014,467.6800101,         2123P   2140
0.3448995216,-0.9385130983,0.01541052682,-361.5391477,              2123P   2141
0.005315714566,-0.01446469895,-0.9998812508,-176.4890402,0,0;       2123P   2142
100,0.0,0.0,0.0,29.0,0.0,-29.0,1.796077122E-013,0,0;                2125P   2143
124,1.136868377E-013,0.9386245592,0.344940483,440.4598978,          2127P   2144
0.01541052682,0.3448995216,-0.9385130983,-371.5566443,              2127P   2145
-0.9998812508,0.005315714566,-0.01446469895,-175.6433146,0,0;       2127P   2146
100,0.0,0.0,0.0,1.0,0.0,-0.5002505627,0.865880693,0,0;              2129P   2147
126,14,5,0,0,1,0,0.0,0.0,0.0,0.0,0.0,0.0,34.86096401,               2131P   2148
34.86096401,34.86096401,69.7227944,69.7227944,69.7227944,           2131P   2149
104.5846248,104.5846248,104.5846248,126.9339881,126.9339881,        2131P   2150
126.9339881,126.9339881,126.9339881,126.9339881,1.0,1.0,1.0,1.0,    2131P   2151
1.0,1.0,1.0,1.0,1.0,1.0,1.0,1.0,1.0,1.0,1.0,441.2726347,            2131P   2152
-371.2657116,-175.1385207,442.9472555,-375.8220151,-175.2087441,    2131P   2153
445.604785,-380.0171467,-175.273401,449.1426416,-383.5674936,       2131P   2154
-175.3281202,457.514587,-388.9125183,-175.4104996,467.3457409,      2131P   2155
-390.3315663,-175.4323705,472.3439818,-389.9530546,-175.4265367,    2131P   2156
481.8493584,-387.0696443,-175.3820966,489.3207518,-380.5246982,     2131P   2157
-175.2812235,492.2834988,-376.4819312,-175.218915,495.5579217,      2131P   2158
-369.0188776,-175.1038917,496.068747,-360.9929002,-174.9801925,     2131P   2159
495.8305995,-357.8493601,-174.9317431,495.1609847,-354.7798691,     2131P   2160
-174.884435,494.0873854,-351.858823,-174.8394148,0.0,               2131P   2161
126.9339881,0.0,0.0,0.0,0,0;                                        2131P   2162
102,4,2121,2125,2129,2131,0,0;                                      2133P   2163
142,0,2117,0,2133,2,0,0;                                            2135P   2164
144,2117,1,0,2135,0,0;                                              2137P   2165
108,0.08452116946,0.5546238831,0.8277973908,-320.601505,0,          2139P   2166
496.8056367,-360.5151093,-196.475382,1.0,0,0;                       2139P   2167
110,479.7481724,-357.9741116,-196.4362192,484.4875006,              2141P   2168
-358.6801147,-196.4471004,0,0;                                      2141P   2169
110,484.4875006,-358.6801147,-196.4471004,493.6522947,              2143P   2170
-360.0453657,-196.4681422,0,0;                                      2143P   2171
126,3,3,0,0,1,0,0.0,0.0,0.0,0.0,1.868041956,1.868041956,            2145P   2172
1.868041956,1.868041956,1.0,1.0,1.0,1.0,493.6522947,                2145P   2173
-360.0453657,-196.4681422,493.6688918,-360.411677,-196.2244084,     2145P   2174
493.6778783,-360.7778965,-195.9799591,493.6793011,-361.1437512,     2145P   2175
-195.7349818,0.0,1.868041956,0.0,0.0,0.0,0,0;                       2145P   2176
110,493.6793011,-361.1437512,-195.7349818,479.9959201,              2147P   2177
-359.1053803,-195.7035657,0,0;                                      2147P   2178
126,3,3,0,0,1,0,0.0,0.0,0.0,0.0,1.938241921,1.938241921,            2149P   2179
1.938241921,1.938241921,1.0,1.0,1.0,1.0,479.9959201,                2149P   2180
-359.1053803,-195.7035657,479.930865,-358.7266688,-195.9506599,     2149P   2181
479.8483602,-358.3490713,-196.195226,479.7481724,-357.9741116,      2149P   2182
-196.4362192,0.0,1.938241921,0.0,0.0,0.0,0,0;                       2149P   2183
102,5,2141,2143,2145,2147,2149,0,0;                                 2151P   2184
142,0,2139,0,2151,2,0,0;                                            2153P   2185
144,2139,1,0,2153,0,0;                                              2155P   2186
108,0.08452116946,0.5798710122,-0.8103121504,-13.591043,0,          2157P   2187
496.6026471,-370.5940429,-196.6307221,1.0,0,0;                      2157P   2188
126,3,3,0,0,1,0,0.0,0.0,0.0,0.0,0.126524673,0.126524673,            2159P   2189
0.126524673,0.126524673,1.0,1.0,1.0,1.0,492.5224368,                2159P   2190
-368.9149799,-195.8547547,492.5152032,-368.9381453,-195.8720868,    2159P   2191
492.5079358,-368.9613022,-195.8894162,492.5006349,-368.9844504,     2159P   2192
-195.9067429,0.0,0.126524673,0.0,0.0,0.0,0,0;                       2159P   2193
126,3,3,0,0,1,0,0.0,0.0,0.0,0.0,1.741466689,1.741466689,            2161P   2194
1.741466689,1.741466689,1.0,1.0,1.0,1.0,492.5006349,                2161P   2195
-368.9844504,-195.9067429,492.4001454,-369.3030592,-196.1452257,    2161P   2196
492.2932749,-369.6200558,-196.3832203,492.1800508,-369.9352224,     2161P   2197
-196.6205682,0.0,1.741466689,0.0,0.0,0.0,0,0;                       2161P   2198
110,492.1800508,-369.9352224,-196.6205682,483.013919,               2163P   2199
-368.5697721,-196.5995233,0,0;                                      2163P   2200
110,483.013919,-368.5697721,-196.5995233,478.2745908,               2165P   2201
-367.8637691,-196.5886422,0,0;                                      2165P   2202
126,3,3,0,0,1,0,0.0,0.0,0.0,0.0,1.938241921,1.938241921,            2167P   2203
1.938241921,1.938241921,1.0,1.0,1.0,1.0,478.2745908,                2167P   2204
-367.8637691,-196.5886422,478.4786324,-367.5417344,-196.3369066,    2167P   2205
478.6665116,-367.2121314,-196.0814408,478.8380123,-366.8764536,     2167P   2206
-195.8233362,0.0,1.938241921,0.0,0.0,0.0,0,0;                       2167P   2207
110,478.8380123,-366.8764536,-195.8233362,492.5224368,              2169P   2208
-368.9149799,-195.8547547,0,0;                                      2169P   2209
102,6,2159,2161,2163,2165,2167,2169,0,0;                            2171P   2210
142,0,2157,0,2171,2,0,0;                                            2173P   2211
144,2157,1,0,2173,0,0;                                              2175P   2212
108,3.973520542E-014,-0.01541052682,0.9998812508,-190.1463229,0,    2177P   2213
-7.541663536E-012,2.93025501,-190.1237432,1.0,0,0;                  2177P   2214
110,479.9959201,-359.1053803,-195.7035657,493.6793011,              2179P   2215
-361.1437512,-195.7349818,0,0;                                      2179P   2216
124,0.9999922786,0.003929712744,-3.973520542E-014,467.6795018,      2181P   2217
0.003929246094,-0.9998735303,0.01541052682,-361.2459116,            2181P   2218
6.055894362E-005,-0.01541040783,-0.9998812508,-195.7365563,0,0;     2181P   2219
100,0.0,0.0,0.0,26.0,0.0,24.81260238,7.767545491,0,0;               2183P   2220
110,492.5224368,-368.9149799,-195.8547547,478.8380123,              2185P   2221
-366.8764536,-195.8233362,0,0;                                      2185P   2222
124,0.8926401825,0.4507699021,3.973520542E-014,467.6800101,         2187P   2223
-0.4507163736,0.8925341821,-0.01541052682,-361.2424989,             2187P   2224
-0.006946601669,0.01375605548,0.9998812508,-195.7365037,0,0;        2187P   2225
100,0.0,0.0,0.0,12.5,0.0,10.030213,7.45954604,0,0;                  2189P   2226
102,4,2179,2183,2185,2189,0,0;                                      2191P   2227
142,0,2177,0,2191,2,0,0;                                            2193P   2228
144,2177,1,0,2193,0,0;                                              2195P   2229
108,-3.973520542E-014,0.01541052682,-0.9998812508,190.8963229,0,    2197P   2230
480.0436828,-363.0718078,-196.5147868,1.0,0,0;                      2197P   2231
124,-0.1852907999,-0.9826837332,-3.973520542E-014,467.6795018,      2199P   2232
-0.9825670403,0.1852687967,0.01541052682,-361.2343537,              2199P   2233
-0.01514367403,0.002855428842,-0.9998812508,-196.4864673,0,0;       2199P   2234
100,0.0,0.0,0.0,26.0,0.0,14.68984031,21.45247285,0,0;               2201P   2235
110,443.8766134,-371.6936328,-196.6476694,441.5348034,              2203P   2236
-372.6172211,-196.6619041,0,0;                                      2203P   2237
124,0.3669256871,-0.9302502567,-3.973520542E-014,441.1678777,       2205P   2238
-0.9301397902,-0.3668821149,0.01541052682,-371.6870813,             2205P   2239
-0.01433564654,-0.005654518143,-0.9998812508,-196.6475684,0,0;      2205P   2240
100,0.0,0.0,0.0,1.0,0.0,-1.0,-2.966570118E-012,0,0;                 2207P   2241
110,440.8009521,-370.7569415,-196.6332328,443.1429761,              2209P   2242
-369.8332688,-196.6189968,0,0;                                      2209P   2243
124,-0.9437125282,-0.3307667821,-3.973520542E-014,467.6795018,      2211P   2244
-0.3307275038,0.943600463,0.01541052682,-361.2343537,               2211P   2245
-0.005097290369,0.01454310723,-0.9998812508,-196.4864673,0,0;       2211P   2246
100,0.0,0.0,0.0,26.0,0.0,20.86379911,15.51457014,0,0;               2213P   2247
124,-0.9546589634,0.2977016353,-3.973520542E-014,467.6795018,       2215P   2248
0.2976662834,0.9545455984,0.01541052682,-361.2343537,               2215P   2249
0.004587739036,0.01471179756,-0.9998812508,-196.4864673,0,0;        2215P   2250
100,0.0,0.0,0.0,26.0,0.0,24.58988604,8.446153239,0,0;               2217P   2251
110,446.7189803,-345.8525353,-196.2493972,444.7454279,              2219P   2252
-344.2843567,-196.2252279,0,0;                                      2219P   2253
124,-0.6221575107,-0.7828920947,-3.973520542E-014,445.3675854,      2221P   2254
-0.7827991269,0.6220836299,0.01541052682,-343.5015575,              2221P   2255
-0.01206477963,0.009587775007,-0.9998812508,-196.2131631,0,0;       2221P   2256
100,0.0,0.0,0.0,1.0,0.0,-1.0,-2.86658292E-012,0,0;                  2223P   2257
110,445.9897429,-342.7187584,-196.2010983,447.9634754,              2225P   2258
-344.2870802,-196.2252698,0,0;                                      2225P   2259
124,-0.7583087064,0.6518956249,-3.973520542E-014,467.6795018,       2227P   2260
0.6518182128,0.7582186578,0.01541052682,-361.2343537,               2227P   2261
0.01004605501,0.01168593666,-0.9998812508,-196.4864673,0,0;         2227P   2262
100,0.0,0.0,0.0,26.0,0.0,14.69477509,21.44909287,0,0;               2229P   2263
110,470.5188957,-335.3929293,-196.08819,470.8906345,                2231P   2264
-332.8980766,-196.0497384,0,0;                                      2231P   2265
124,-0.9890831978,0.1473581621,-3.973520542E-014,471.8797177,       2233P   2266
0.1473406634,0.9889657449,0.01541052682,-333.0454173,               2233P   2267
0.002270866909,0.01524229315,-0.9998812508,-196.0520093,0,0;        2233P   2268
100,0.0,0.0,0.0,1.0,0.0,-1.0,-2.886217036E-012,0,0;                 2235P   2269
110,472.8688009,-333.1927579,-196.0542802,472.4970621,              2237P   2270
-335.6876106,-196.0927317,0,0;                                      2237P   2271
124,0.185290781,0.9826837368,-3.973520542E-014,467.6795018,         2239P   2272
0.9825670438,-0.1852687779,0.01541052682,-361.2343537,              2239P   2273
0.01514367409,-0.002855428551,-0.9998812508,-196.4864673,0,0;       2239P   2274
100,0.0,0.0,0.0,26.0,0.0,14.69477489,21.44909301,0,0;               2241P   2275
110,491.479983,-350.7695995,-196.3251807,493.8252167,               2243P   2276
-349.8446609,-196.3109252,0,0;                                      2243P   2277
124,-0.3669256871,0.9302502567,-3.973520542E-014,494.1921424,       2245P   2278
0.9301397902,0.3668821149,0.01541052682,-350.7748007,               2245P   2279
0.01433564654,0.005654518143,-0.9998812508,-196.3252609,0,0;        2245P   2280
100,0.0,0.0,0.0,1.0,0.0,-1.0,-2.892631826E-012,0,0;                 2247P   2281
110,494.5590681,-351.7049405,-196.3395965,492.2140484,              2249P   2282
-352.6297946,-196.3538507,0,0;                                      2249P   2283
124,0.9436364067,0.3309838848,-3.973520542E-014,467.6795018,        2251P   2284
0.3309445807,-0.9435243506,0.01541052682,-361.2343537,              2251P   2285
0.005100636034,-0.01454193416,-0.9998812508,-196.4864673,0,0;       2251P   2286
100,0.0,0.0,0.0,26.0,0.0,24.90245559,7.474470261,0,0;               2253P   2287
110,493.6522947,-360.0453657,-196.4681422,484.4875006,              2255P   2288
-358.6801147,-196.4471004,0,0;                                      2255P   2289
110,484.4875006,-358.6801147,-196.4471004,479.7481724,              2257P   2290
-357.9741116,-196.4362192,0,0;                                      2257P   2291
124,0.9654529893,-0.2605772927,3.973520542E-014,467.6800101,        2259P   2292
0.2605463494,0.9653383425,-0.01541052682,-361.230941,               2259P   2293
0.004015633359,0.01487813919,0.9998812508,-196.4864147,0,0;         2259P   2294
100,0.0,0.0,0.0,12.5,0.0,-7.657556128,9.879870148,0,0;              2261P   2295
124,-0.7973984216,-0.6034531939,3.973520542E-014,467.6800101,       2263P   2296
0.6033815343,-0.7973037312,-0.01541052682,-361.230941,              2263P   2297
0.009299531632,-0.01228832977,0.9998812508,-196.4864147,0,0;        2263P   2298
100,0.0,0.0,0.0,12.5,0.0,-12.5,-8.101006167E-014,0,0;               2265P   2299
124,0.7973984216,0.6034531939,3.973520542E-014,467.6800101,         2267P   2300
-0.6033815343,0.7973037312,-0.01541052682,-361.230941,              2267P   2301
-0.009299531632,0.01228832977,0.9998812508,-196.4864147,0,0;        2267P   2302
100,0.0,0.0,0.0,12.5,0.0,12.45117862,1.103698805,0,0;               2269P   2303
110,478.2745908,-367.8637691,-196.5886422,483.013919,               2271P   2304
-368.5697721,-196.5995233,0,0;                                      2271P   2305
110,483.013919,-368.5697721,-196.5995233,492.1800508,               2273P   2306
-369.9352224,-196.6205682,0,0;                                      2273P   2307
124,0.9423288073,-0.3346885401,-3.973520542E-014,467.6795018,       2275P   2308
-0.3346487961,-0.9422169065,0.01541052682,-361.2343537,             2275P   2309
-0.005157726725,-0.01452178336,-0.9998812508,-196.4864673,0,0;      2275P   2310
100,0.0,0.0,0.0,26.0,0.0,24.90215329,7.475477344,0,0;               2277P   2311
110,488.6435616,-376.6113505,-196.723463,490.6145923,               2279P   2312
-378.1775253,-196.7476015,0,0;                                      2279P   2313
124,0.6221575107,0.7828920947,-3.973520542E-014,489.9924348,        2281P   2314
0.7827991269,-0.6220836299,0.01541052682,-378.9603245,              2281P   2315
0.01206477963,-0.009587775007,-0.9998812508,-196.7596662,0,0;       2281P   2316
100,0.0,0.0,0.0,1.0,0.0,-1.0,-3.02675082E-012,0,0;                  2283P   2317
110,489.3702772,-379.7431236,-196.771731,487.3994267,               2285P   2318
-378.1770918,-196.7475948,0,0;                                      2285P   2319
124,0.7584586495,-0.651721165,-3.973520542E-014,467.6795018,        2287P   2320
-0.6516437737,-0.7583685831,0.01541052682,-361.2343537,             2287P   2321
-0.0100433665,-0.01168824736,-0.9998812508,-196.4864673,0,0;        2287P   2322
100,0.0,0.0,0.0,26.0,0.0,14.68984011,21.452473,0,0;                 2289P   2323
110,464.8401074,-387.0757781,-196.8847445,464.4693856,              2291P   2324
-389.5638054,-196.9230909,0,0;                                      2291P   2325
124,0.9890831978,-0.1473581621,-3.973520542E-014,463.4803024,       2293P   2326
-0.1473406634,-0.9889657449,0.01541052682,-389.4164647,             2293P   2327
-0.002270866909,-0.01524229315,-0.9998812508,-196.92082,0,0;        2293P   2328
100,0.0,0.0,0.0,1.0,0.0,-1.0,-2.944148634E-012,0,0;                 2295P   2329
110,462.4912192,-389.2691241,-196.9185491,462.861941,               2297P   2330
-386.7810968,-196.8802028,0,0;                                      2297P   2331
102,33,2201,2203,2207,2209,2213,2217,2219,2223,2225,2229,2231,      2299P   2332
2235,2237,2241,2243,2247,2249,2253,2255,2257,2261,2265,2269,        2299P   2333
2271,2273,2277,2279,2283,2285,2289,2291,2295,2297,0,0;              2299P   2334
142,0,2197,0,2299,2,0,0;                                            2301P   2335
144,2197,1,0,2301,0,0;                                              2303P   2336
110,497.4670235,-357.0806616,-196.1724194,497.5406669,              2305P   2337
-356.5861734,-196.1647982,0,0;                                      2305P   2338
124,0.1472868321,-1.005597515E-013,0.9890938222,497.5038452,        2307P   2339
0.9889763681,-0.01541052683,-0.1472693419,-356.8334175,             2307P   2340
0.01524245688,0.9998812508,-0.002269767677,-196.1686088,0,0;        2307P   2341
100,0.0,0.0,0.0,0.25,0.0,-0.25,4.472984483E-013,0,0;                2309P   2342
102,2,2305,2309,0,0;                                                2311P   2343
142,0,1,0,2311,2,0,0;                                               2313P   2344
144,1,1,0,2313,0,0;                                                 2315P   2345
108,0.9890938222,-0.1472693419,-0.002269767677,561.0738595,0,       2317P   2346
554.9546883,-82.62897805,-1.273507311,1.0,0,0;                      2317P   2347
124,-0.145776158,-0.02104097601,0.9890938222,511.7091912,           2319P   2348
-0.9810342564,-0.1260298723,-0.1472693419,-370.0337933,             2319P   2349
0.1277540588,-0.9918032812,-0.002269767677,-198.6223249,0,0;        2319P   2350
100,0.0,0.0,0.0,1.75,0.0,1.735660213,0.2235701788,0,0;              2321P   2351
124,-0.1472697212,-0.00224501897,0.9890938222,511.7091912,          2323P   2352
-0.98909637,0.0003342680531,-0.1472693419,-370.0337933,0.0,         2323P   2353
-0.9999974241,-0.002269767677,-198.6223249,0,0;                     2323P   2354
100,0.0,0.0,0.0,1.75,0.0,-1.75,-2.871496712E-014,0,0;               2325P   2355
124,0.1472697212,0.00224501897,0.9890938222,511.7091912,            2327P   2356
0.98909637,-0.0003342680531,-0.1472693419,-370.0337933,             2327P   2357
1.624097682E-014,0.9999974241,-0.002269767677,-198.6223249,0,0;     2327P   2358
100,0.0,0.0,0.0,1.75,0.0,1.728038965,0.2763717344,0,0;              2329P   2359
110,511.9642995,-368.3246886,-198.3459539,511.4540829,              2331P   2360
-371.7506033,-198.3987553,0,0;                                      2331P   2361
102,4,2321,2325,2329,2331,0,0;                                      2333P   2362
142,0,2317,0,2333,2,0,0;                                            2335P   2363
144,2317,1,0,2335,0,0;                                              2337P   2364
110,493.4109555,-367.3093105,-198.5803342,494.4000493,              2339P   2365
-367.4565798,-198.582604,0,0;                                       2339P   2366
110,479.3183035,-363.4417188,-198.547403,511.9669132,               2341P   2367
-368.3028747,-198.6223249,0,0;                                      2341P   2368
120,2339,2341,0.0,6.283185307,0,0;                                  2343P   2369
110,478.8028595,-366.9035561,-198.547403,511.4514692,               2345P   2370
-371.764712,-198.6223249,0,0;                                       2345P   2371
124,-0.1472697212,0.00224501897,-0.9890938222,511.7091912,          2347P   2372
-0.98909637,-0.0003342680531,0.1472693419,-370.0337933,0.0,         2347P   2373
0.9999974241,0.002269767677,-198.6223249,0,0;                       2347P   2374
100,0.0,0.0,0.0,1.75,0.0,1.735660213,0.2235701788,0,0;              2349P   2375
110,511.4540829,-371.7506033,-198.3987553,494.144941,               2351P   2376
-369.1733898,-198.3590344,0,0;                                      2351P   2377
124,-0.145776158,0.02104097601,-0.9890938222,494.4000493,           2353P   2378
-0.9810342564,0.1260298723,0.1472693419,-367.4565798,               2353P   2379
0.1277540588,0.9918032812,0.002269767677,-198.582604,0,0;           2353P   2380
100,0.0,0.0,0.0,1.75,0.0,-1.678571429,0.4948716593,0,0;             2355P   2381
110,494.6551576,-365.7474751,-198.3062329,511.9642995,              2357P   2382
-368.3246886,-198.3459539,0,0;                                      2357P   2383
124,0.145776158,0.02104097601,-0.9890938222,511.7091912,            2359P   2384
0.9766312487,0.1565348043,0.1472693419,-370.0337933,                2359P   2385
0.1579262985,-0.9874482935,0.002269767677,-198.6223249,0,0;         2359P   2386
100,0.0,0.0,0.0,1.75,0.0,1.728038965,0.2763717344,0,0;              2361P   2387
110,511.9669132,-368.3028747,-198.6223249,479.9594611,              2363P   2388
-363.5371828,-198.5488743,0,0;                                      2363P   2389
126,11,5,0,0,1,0,0.0,0.0,0.0,0.0,0.0,0.0,3.472220857,               2365P   2390
3.472220857,3.472220857,5.094574604,5.094574604,5.094574604,        2365P   2391
7.850805049,7.850805049,7.850805049,7.850805049,7.850805049,        2365P   2392
7.850805049,1.0,1.0,1.0,1.0,1.0,1.0,1.0,1.0,1.0,1.0,1.0,1.0,        2365P   2393
479.9594611,-363.5371828,-198.5488743,479.960862,-363.5373914,      2365P   2394
-198.0578302,479.930024,-363.7069315,-197.566766,479.8679126,       2365P   2395
-364.0486965,-197.1566595,479.7029602,-364.6972215,-196.7906542,    2365P   2396
479.4702244,-365.3889939,-196.7830192,479.3910162,-365.6058076,     2365P   2397
-196.8177269,479.1722551,-366.1621178,-197.0059898,478.9671804,     2365P   2398
-366.599986,-197.4262456,478.8608431,-366.8024702,-197.7681173,     2365P   2399
478.8057212,-366.9039821,-198.1576239,478.8028595,-366.9035561,     2365P   2400
-198.547403,0.0,7.850805049,0.0,0.0,0.0,0,0;                        2365P   2401
102,8,2345,2349,2351,2355,2357,2361,2363,2365,0,0;                  2367P   2402
142,0,2343,0,2367,2,0,0;                                            2369P   2403
144,2343,1,0,2369,0,0;                                              2371P   2404
124,-0.145776158,-0.02104097601,0.9890938222,512.371982,            2373P   2405
-0.9810342564,-0.1260298723,-0.1472693419,-365.5833997,             2373P   2406
0.1277540588,-0.9918032812,-0.002269767677,-198.5537338,0,0;        2373P   2407
100,0.0,0.0,0.0,1.75,0.0,1.735660213,0.2235701788,0,0;              2375P   2408
124,-0.1472697212,-0.00224501897,0.9890938222,512.371982,           2377P   2409
-0.98909637,0.0003342680531,-0.1472693419,-365.5833997,0.0,         2377P   2410
-0.9999974241,-0.002269767677,-198.5537338,0,0;                     2377P   2411
100,0.0,0.0,0.0,1.75,0.0,-1.75,-2.845967816E-014,0,0;               2379P   2412
124,0.1472697212,0.00224501897,0.9890938222,512.371982,             2381P   2413
0.98909637,-0.0003342680531,-0.1472693419,-365.5833997,             2381P   2414
1.624097682E-014,0.9999974241,-0.002269767677,-198.5537338,0,0;     2381P   2415
100,0.0,0.0,0.0,1.75,0.0,1.728038965,0.2763717344,0,0;              2383P   2416
110,512.6270902,-363.874295,-198.2773628,512.1168737,               2385P   2417
-367.3002096,-198.3301642,0,0;                                      2385P   2418
102,4,2375,2379,2383,2385,0,0;                                      2387P   2419
142,0,2317,0,2387,2,0,0;                                            2389P   2420
144,2317,1,0,2389,0,0;                                              2391P   2421
108,0.9890938222,-0.1472693419,-0.002269767677,543.5738595,0,       2393P   2422
537.6455464,-80.05176456,-1.233786376,1.0,0,0;                      2393P   2423
124,0.145776158,-0.02104097601,0.9890938222,494.4000493,            2395P   2424
0.9766312487,-0.1565348043,-0.1472693419,-367.4565798,              2395P   2425
0.1579262985,0.9874482935,-0.002269767677,-198.582604,0,0;          2395P   2426
100,0.0,0.0,0.0,1.75,0.0,-1.678571429,0.4948716593,0,0;             2397P   2427
110,494.144941,-369.1733898,-198.3590344,493.4795066,               2399P   2428
-373.6415348,-198.427899,0,0;                                       2399P   2429
110,493.4795066,-373.6415348,-198.427899,493.4795066,               2401P   2430
-373.6723558,-196.4281365,0,0;                                      2401P   2431
110,493.4795066,-373.6723558,-196.4281365,493.2217547,              2403P   2432
-375.4030645,-196.4548108,0,0;                                      2403P   2433
110,493.2217547,-375.4030645,-196.4548108,493.2217547,              2405P   2434
-375.449296,-193.455167,0,0;                                        2405P   2435
110,493.2217547,-375.449296,-193.455167,496.2411347,                2407P   2436
-355.1752805,-193.1426967,0,0;                                      2407P   2437
110,496.2411347,-355.1752805,-193.1426967,496.2411347,              2409P   2438
-355.1290489,-196.1423404,0,0;                                      2409P   2439
110,496.2411347,-355.1290489,-196.1423404,495.9833828,              2411P   2440
-356.8597576,-196.1690147,0,0;                                      2411P   2441
110,495.9833828,-356.8597576,-196.1690147,495.9833828,              2413P   2442
-356.8289365,-198.1687772,0,0;                                      2413P   2443
110,495.9833828,-356.8289365,-198.1687772,495.3179483,              2415P   2444
-361.2970815,-198.2376419,0,0;                                      2415P   2445
124,0.145776158,-0.02104097601,0.9890938222,495.0628401,            2417P   2446
0.9766312487,-0.1565348043,-0.1472693419,-363.0061862,              2417P   2447
0.1579262985,0.9874482935,-0.002269767677,-198.5140129,0,0;         2417P   2448
100,0.0,0.0,0.0,1.75,0.0,-1.678571429,0.4948716593,0,0;             2419P   2449
110,494.8077318,-364.7229961,-198.2904433,494.6551576,              2421P   2450
-365.7474751,-198.3062329,0,0;                                      2421P   2451
102,12,2397,2399,2401,2403,2405,2407,2409,2411,2413,2415,2419,      2423P   2452
2421,0,0;                                                           2423P   2453
142,0,2393,0,2423,2,0,0;                                            2425P   2454
144,2393,1,0,2425,0,0;                                              2427P   2455
108,4.852932292E-014,-0.01541052682,0.9998812508,-187.6463229,0,    2429P   2456
494.7053954,-375.6702,-193.4585717,1.0,0,0;                         2429P   2457
110,496.7356816,-355.2489152,-193.1438316,496.2411347,              2431P   2458
-355.1752805,-193.1426967,0,0;                                      2431P   2459
110,496.2411347,-355.1752805,-193.1426967,493.2217547,              2433P   2460
-375.449296,-193.455167,0,0;                                        2433P   2461
110,493.2217547,-375.449296,-193.455167,493.7163016,                2435P   2462
-375.5229307,-193.4563019,0,0;                                      2435P   2463
110,493.7163016,-375.5229307,-193.4563019,496.7356816,              2437P   2464
-355.2489152,-193.1438316,0,0;                                      2437P   2465
102,4,2431,2433,2435,2437,0,0;                                      2439P   2466
142,0,2429,0,2439,2,0,0;                                            2441P   2467
144,2429,1,0,2441,0,0;                                              2443P   2468
108,0.6993949489,-0.09323826229,-0.7086277809,517.404303,0,         2445P   2469
498.3313458,-351.3387005,-192.0834472,1.0,0,0;                      2445P   2470
110,494.7053954,-375.6856106,-192.4586904,494.8158605,              2447P   2471
-374.9438783,-192.4472586,0,0;                                      2447P   2472
110,494.8158605,-374.9438783,-192.4472586,494.9631474,              2449P   2473
-373.9549019,-192.4320161,0,0;                                      2449P   2474
110,494.9631474,-373.9549019,-192.4320161,497.4670235,              2451P   2475
-357.1423037,-192.1728944,0,0;                                      2451P   2476
110,497.4670235,-357.1423037,-192.1728944,497.6143103,              2453P   2477
-356.1533273,-192.1576519,0,0;                                      2453P   2478
110,497.6143103,-356.1533273,-192.1576519,497.7247755,              2455P   2479
-355.411595,-192.1462201,0,0;                                       2455P   2480
110,497.7247755,-355.411595,-192.1462201,496.7356816,               2457P   2481
-355.2489152,-193.1438316,0,0;                                      2457P   2482
110,496.7356816,-355.2489152,-193.1438316,493.7163016,              2459P   2483
-375.5229307,-193.4563019,0,0;                                      2459P   2484
110,493.7163016,-375.5229307,-193.4563019,494.7053954,              2461P   2485
-375.6856106,-192.4586904,0,0;                                      2461P   2486
102,8,2447,2449,2451,2453,2455,2457,2459,2461,0,0;                  2463P   2487
142,0,2445,0,2463,2,0,0;                                            2465P   2488
144,2445,1,0,2465,0,0;                                              2467P   2489
108,0.9890938222,-0.1472693419,-0.002269767677,556.0988595,0,       2469P   2490
505.8679067,-375.5598555,-193.6697665,1.0,0,0;                      2469P   2491
110,505.8679067,-375.5598555,-193.6697665,505.8679067,              2471P   2492
-375.593957,-191.4571591,0,0;                                       2471P   2493
110,505.8679067,-375.593957,-191.4571591,505.7206199,               2473P   2494
-376.5675228,-192.4722828,0,0;                                      2473P   2495
110,505.7206199,-376.5675228,-192.4722828,505.6101548,              2475P   2496
-377.3092551,-192.4837146,0,0;                                      2475P   2497
110,505.6101548,-377.3092551,-192.4837146,505.6101548,              2477P   2498
-377.2905641,-193.6964408,0,0;                                      2477P   2499
110,505.6101548,-377.2905641,-193.6964408,505.8679067,              2479P   2500
-375.5598555,-193.6697665,0,0;                                      2479P   2501
102,5,2471,2473,2475,2477,2479,0,0;                                 2481P   2502
142,0,2469,0,2481,2,0,0;                                            2483P   2503
144,2469,1,0,2483,0,0;                                              2485P   2504
108,-0.9890938222,0.1472693419,0.002269767677,-558.0488595,0,       2487P   2505
507.7966397,-375.8657216,-192.4614664,1.0,0,0;                      2487P   2506
110,507.6493529,-376.854698,-192.4767088,507.7966397,               2489P   2507
-375.8811322,-191.4615851,0,0;                                      2489P   2508
110,507.7966397,-375.8811322,-191.4615851,507.7966397,              2491P   2509
-375.8470307,-193.6741926,0,0;                                      2491P   2510
110,507.7966397,-375.8470307,-193.6741926,507.5388877,              2493P   2511
-377.5777393,-193.7008669,0,0;                                      2493P   2512
110,507.5388877,-377.5777393,-193.7008669,507.5388877,              2495P   2513
-377.5964303,-192.4881407,0,0;                                      2495P   2514
110,507.5388877,-377.5964303,-192.4881407,507.6493529,              2497P   2515
-376.854698,-192.4767088,0,0;                                       2497P   2516
102,5,2489,2491,2493,2495,2497,0,0;                                 2499P   2517
142,0,2487,0,2499,2,0,0;                                            2501P   2518
144,2487,1,0,2501,0,0;                                              2503P   2519
108,0.1041475177,0.6884150083,0.7178008574,-331.2869279,0,          2505P   2520
493.708467,-356.5980907,-191.164388,1.0,0,0;                        2505P   2521
110,497.6143103,-356.1533273,-192.1576519,497.4670235,              2507P   2522
-357.1577142,-191.1730131,0,0;                                      2507P   2523
110,497.4670235,-357.1577142,-191.1730131,508.3717829,              2509P   2524
-358.7813587,-191.1980373,0,0;                                      2509P   2525
110,508.3717829,-358.7813587,-191.1980373,508.5190697,              2511P   2526
-357.7769718,-192.1826761,0,0;                                      2511P   2527
110,508.5190697,-357.7769718,-192.1826761,497.6143103,              2513P   2528
-356.1533273,-192.1576519,0,0;                                      2513P   2529
102,4,2507,2509,2511,2513,0,0;                                      2515P   2530
142,0,2505,0,2515,2,0,0;                                            2517P   2531
144,2505,1,0,2517,0,0;                                              2519P   2532
110,510.3005158,-359.0349853,-193.3791977,510.3005158,              2521P   2533
-359.0685339,-191.2024634,0,0;                                      2521P   2534
110,510.3005158,-359.0685339,-191.2024634,510.4478027,              2523P   2535
-358.064147,-192.1871022,0,0;                                       2523P   2536
110,510.4478027,-358.064147,-192.1871022,510.5582678,               2525P   2537
-357.3224147,-192.1756703,0,0;                                      2525P   2538
110,510.5582678,-357.3224147,-192.1756703,510.5582678,              2527P   2539
-357.3042767,-193.3525234,0,0;                                      2527P   2540
110,510.5582678,-357.3042767,-193.3525234,510.3005158,              2529P   2541
-359.0349853,-193.3791977,0,0;                                      2529P   2542
102,5,2521,2523,2525,2527,2529,0,0;                                 2531P   2543
142,0,2487,0,2531,2,0,0;                                            2533P   2544
144,2487,1,0,2533,0,0;                                              2535P   2545
110,508.5190697,-357.7769718,-192.1826761,508.3717829,              2537P   2546
-358.7813587,-191.1980373,0,0;                                      2537P   2547
110,508.3717829,-358.7813587,-191.1980373,508.3717829,              2539P   2548
-358.7478101,-193.3747716,0,0;                                      2539P   2549
110,508.3717829,-358.7478101,-193.3747716,508.6295348,              2541P   2550
-357.0171014,-193.3480973,0,0;                                      2541P   2551
110,508.6295348,-357.0171014,-193.3480973,508.6295348,              2543P   2552
-357.0352395,-192.1712443,0,0;                                      2543P   2553
110,508.6295348,-357.0352395,-192.1712443,508.5190697,              2545P   2554
-357.7769718,-192.1826761,0,0;                                      2545P   2555
102,5,2537,2539,2541,2543,2545,0,0;                                 2547P   2556
142,0,2469,0,2547,2,0,0;                                            2549P   2557
144,2469,1,0,2549,0,0;                                              2551P   2558
110,467.6800101,-361.5545582,-175.4891589,467.6800101,              2553P   2559
-361.5699687,-174.4892777,0,0;                                      2553P   2560
124,-0.8127368838,-0.4695474639,0.344940483,494.9001223,            2555P   2561
-0.3063509615,-0.1591925021,-0.9385130983,-351.5524721,             2555P   2562
0.4955883837,-0.8684370596,-0.01446469895,-175.3350032,0,0;         2555P   2563
100,0.0,0.0,0.0,1.0,0.0,-0.5002505627,0.865880693,0,0;              2557P   2564
120,2553,2557,0.0,3.141592654,0,0;                                  2559P   2565
124,0.8127368838,0.4695474639,-0.344940483,440.4598978,             2561P   2566
0.2909327121,0.1858798574,0.9385130983,-371.5566443,                2561P   2567
0.5047939329,-0.8631186812,0.01446469895,-175.6433146,0,0;          2561P   2568
100,0.0,0.0,0.0,1.0,0.0,-0.5002505627,0.865880693,0,0;              2563P   2569
124,-0.9386245592,-0.344940483,-3.971058493E-014,467.6800101,       2565P   2570
-0.3448995216,0.9385130983,0.01541052682,-361.5391477,              2565P   2571
-0.005315714566,0.01446469895,-0.9998812508,-176.4890402,0,0;       2565P   2572
100,0.0,0.0,0.0,29.0,0.0,-29.0,-1.809974425E-013,0,0;               2567P   2573
124,-2.273736754E-013,-0.9386245592,-0.344940483,494.9001223,       2569P   2574
0.01541052682,-0.3448995216,0.9385130983,-351.5524721,              2569P   2575
-0.9998812508,-0.005315714566,0.01446469895,-175.3350032,0,0;       2569P   2576
100,0.0,0.0,0.0,1.0,0.0,-0.5002505627,0.865880693,0,0;              2571P   2577
126,14,5,0,0,1,0,0.0,0.0,0.0,0.0,0.0,0.0,22.34936326,               2573P   2578
22.34936326,22.34936326,57.21119365,57.21119365,57.21119365,        2573P   2579
92.07302403,92.07302403,92.07302403,126.933988,126.933988,          2573P   2580
126.933988,126.933988,126.933988,126.933988,1.0,1.0,1.0,1.0,1.0,    2573P   2581
1.0,1.0,1.0,1.0,1.0,1.0,1.0,1.0,1.0,1.0,494.0873854,-351.858823,    2573P   2582
-174.8394148,493.0137861,-348.937777,-174.7943946,491.5362022,      2573P   2583
-346.1651759,-174.7516623,489.681871,-343.6155058,-174.7123659,     2573P   2584
484.0948533,-337.8301933,-174.6232006,476.766444,-334.2631722,      2573P   2585
-174.5682244,471.8905746,-333.1007209,-174.5503083,461.9585201,     2573P   2586
-332.9507075,-174.5479962,452.8477748,-336.9078294,-174.6089848,    2573P   2587
448.7938244,-339.855564,-174.6544163,442.2211677,-347.3022259,      2573P   2588
-174.7691869,439.3030005,-356.7958256,-174.9155057,438.906302,      2573P   2589
-361.7919328,-174.9925075,439.598014,-366.7094081,-175.0682973,     2573P   2590
441.2726347,-371.2657116,-175.1385207,0.0,126.933988,0.0,0.0,       2573P   2591
0.0,0,0;                                                            2573P   2592
102,4,2563,2567,2571,2573,0,0;                                      2575P   2593
142,0,2559,0,2575,2,0,0;                                            2577P   2594
144,2559,1,0,2577,0,0;                                              2579P   2595
110,467.6800101,-361.5545582,-175.4891589,467.6800101,              2581P   2596
-361.5699687,-174.4892777,0,0;                                      2581P   2597
124,0.0,-0.9386245592,-0.344940483,440.4598978,0.01541052682,       2583P   2598
-0.3448995216,0.9385130983,-371.5566443,-0.9998812508,              2583P   2599
-0.005315714566,0.01446469895,-175.6433146,0,0;                     2583P   2600
100,0.0,0.0,0.0,1.0,0.0,-0.5002505627,0.865880693,0,0;              2585P   2601
120,2581,2585,0.0,3.141592654,0,0;                                  2587P   2602
124,-0.8127368838,-0.4695474639,0.344940483,440.4598978,            2589P   2603
-0.3063509615,-0.1591925021,-0.9385130983,-371.5566443,             2589P   2604
0.4955883837,-0.8684370596,-0.01446469895,-175.6433146,0,0;         2589P   2605
100,0.0,0.0,0.0,1.0,0.0,-0.5002505627,0.865880693,0,0;              2591P   2606
124,-0.9386245592,0.344940483,3.971058493E-014,467.6800101,         2593P   2607
-0.3448995216,-0.9385130983,-0.01541052682,-361.5391477,            2593P   2608
-0.005315714566,-0.01446469895,0.9998812508,-176.4890402,0,0;       2593P   2609
100,0.0,0.0,0.0,29.0,0.0,-29.0,1.809974425E-013,0,0;                2595P   2610
124,-2.273736754E-013,0.9386245592,0.344940483,494.9001223,         2597P   2611
0.01541052682,0.3448995216,-0.9385130983,-351.5524721,              2597P   2612
-0.9998812508,0.005315714566,-0.01446469895,-175.3350032,0,0;       2597P   2613
100,0.0,0.0,0.0,1.0,0.0,-0.5002505627,0.865880693,0,0;              2599P   2614
126,14,5,0,0,1,0,0.0,0.0,0.0,0.0,0.0,0.0,26.19777983,               2601P   2615
26.19777983,26.19777983,61.05895493,61.05895493,61.05895493,        2601P   2616
95.92013002,95.92013002,95.92013002,130.7804502,130.7804502,        2601P   2617
130.7804502,130.7804502,130.7804502,130.7804502,1.0,1.0,1.0,1.0,    2601P   2618
1.0,1.0,1.0,1.0,1.0,1.0,1.0,1.0,1.0,1.0,1.0,495.7128592,            2601P   2619
-351.2615394,-174.8302093,497.009496,-354.7894252,-174.8845823,     2601P   2620
497.751028,-358.5212854,-174.9420991,497.8944046,-362.340795,       2601P   2621
-175.0009667,496.8230626,-371.1436789,-175.1366399,492.6617377,     2601P   2622
-379.0676775,-175.2587674,489.3573252,-383.0234764,-175.3197356,    2601P   2623
481.2990569,-389.3103932,-175.4166318,471.3953388,-391.8372983,     2601P   2624
-175.4555774,466.2442375,-392.0305613,-175.458556,456.1791011,      2601P   2625
-390.2528894,-175.4311579,447.6723747,-384.5875912,-175.3438423,    2601P   2626
444.0808234,-380.8906555,-175.2868638,441.3725428,-376.5574095,     2601P   2627
-175.2200783,439.647161,-371.8629953,-175.1477263,0.0,              2601P   2628
130.7804502,0.0,0.0,0.0,0,0;                                        2601P   2629
102,4,2591,2595,2599,2601,0,0;                                      2603P   2630
142,0,2587,0,2603,2,0,0;                                            2605P   2631
144,2587,1,0,2605,0,0;                                              2607P   2632
110,434.9364604,-358.036529,-179.9352216,434.7891736,               2609P   2633
-359.0255054,-179.9504641,0,0;                                      2609P   2634
110,435.5312272,-354.0891222,-176.8740265,434.6943467,              2611P   2635
-359.7084642,-176.9606338,0,0;                                      2611P   2636
120,2609,2611,0.0,6.283185307,0,0;                                  2613P   2637
126,3,3,0,0,1,0,0.0,0.0,0.0,0.0,0.9323577498,0.9323577498,          2615P   2638
0.9323577498,0.9323577498,1.0,1.0,1.0,1.0,434.8793234,-354.0627,    2615P   2639
-176.9445638,435.0915459,-354.0950306,-176.8975501,435.3122627,     2615P   2640
-354.1045085,-176.8742637,435.5312241,-354.0891432,-176.8740268,    2615P   2641
0.0,0.9323577498,0.0,0.0,0.0,0,0;                                   2615P   2642
110,435.5312241,-354.0891432,-176.8740268,434.6943486,              2617P   2643
-359.7084511,-176.9606336,0,0;                                      2617P   2644
126,3,3,0,0,1,0,0.0,0.0,0.0,0.0,0.8188500714,0.8188500714,          2619P   2645
0.8188500714,0.8188500714,1.0,1.0,1.0,1.0,434.6943486,              2619P   2646
-359.7084511,-176.9606336,434.5123699,-359.6441579,-176.9596427,    2619P   2647
434.3241374,-359.5974219,-176.9771542,434.136739,-359.5689525,      2619P   2648
-177.0135163,0.0,0.8188500714,0.0,0.0,0.0,0,0;                      2619P   2649
124,-0.1885714148,-0.9709518065,-0.1472868321,434.7024533,          2621P   2650
0.01294913487,0.1475061467,-0.9889763681,-359.6077999,              2621P   2651
0.9819741043,-0.18839991,-0.01524245688,-179.9594386,0,0;           2621P   2652
100,0.0,0.0,0.0,3.0,0.0,0.5719520552,2.944973828,0,0;               2623P   2653
110,431.7351718,-359.1659919,-179.9526293,432.5534941,              2625P   2654
-353.6712615,-179.8679426,0,0;                                      2625P   2655
124,-0.9890938222,5.442564802E-014,0.1472868321,435.5207756,        2627P   2656
0.1472693419,-0.01541052682,0.9889763681,-354.1130695,              2627P   2657
0.002269767677,0.9998812508,0.01524245688,-179.8747519,0,0;         2627P   2658
100,0.0,0.0,0.0,3.0,0.0,0.6485251377,2.929063869,0,0;               2629P   2659
102,6,2615,2617,2619,2623,2625,2629,0,0;                            2631P   2660
142,0,2613,0,2631,2,0,0;                                            2633P   2661
144,2613,1,0,2633,0,0;                                              2635P   2662
110,467.6800101,-361.3641154,-187.8456571,467.6800101,              2637P   2663
-361.3487049,-188.8455384,0,0;                                      2637P   2664
110,457.7125298,-353.7002297,-195.6202596,457.7125298,              2639P   2665
-353.6231771,-200.6196658,0,0;                                      2639P   2666
120,2637,2639,0.0,6.283185307,0,0;                                  2641P   2667
124,0.9852728002,0.1709897924,-3.973520542E-014,467.6800101,        2643P   2668
0.1709694875,-0.9851557999,0.01541052682,-361.2424989,              2643P   2669
0.002635042782,-0.01518357292,-0.9998812508,-195.7365037,0,0;       2643P   2670
100,0.0,0.0,0.0,12.5,0.0,10.030213,7.45954604,0,0;                  2645P   2671
126,3,3,0,0,1,0,0.0,0.0,0.0,0.0,1.938241921,1.938241921,            2647P   2672
1.938241921,1.938241921,1.0,1.0,1.0,1.0,478.8380123,                2647P   2673
-366.8764536,-195.8233362,478.6665116,-367.2121314,-196.0814408,    2647P   2674
478.4786324,-367.5417344,-196.3369066,478.2745908,-367.8637691,     2647P   2675
-196.5886422,0.0,1.938241921,0.0,0.0,0.0,0,0;                       2647P   2676
124,0.8475664596,-0.5306892655,-3.973520542E-014,467.6800101,       2649P   2677
-0.5306262465,-0.8474658118,0.01541052682,-361.230941,              2649P   2678
-0.008178201161,-0.01306144566,-0.9998812508,-196.4864147,0,0;      2649P   2679
100,0.0,0.0,0.0,12.5,0.0,12.45117862,1.103698805,0,0;               2651P   2680
110,477.6474903,-368.7732102,-196.6026588,477.6474903,              2653P   2681
-368.7077154,-200.8521541,0,0;                                      2653P   2682
124,0.7973984216,0.6034531939,3.973520542E-014,467.6800101,         2655P   2683
-0.6033815343,0.7973037312,-0.01541052682,-361.1654463,             2655P   2684
-0.009299531632,0.01228832977,0.9998812508,-200.73591,0,0;          2655P   2685
100,0.0,0.0,0.0,12.5,0.0,-12.5,-7.823975571E-014,0,0;               2657P   2686
110,457.7125298,-353.6231771,-200.6196658,457.7125298,              2659P   2687
-353.6886718,-196.3701705,0,0;                                      2659P   2688
124,-0.7973984216,0.6034531939,-3.973520542E-014,467.6800101,       2661P   2689
0.6033815343,0.7973037312,0.01541052682,-361.230941,                2661P   2690
0.009299531632,0.01228832977,-0.9998812508,-196.4864147,0,0;        2661P   2691
100,0.0,0.0,0.0,12.5,0.0,-7.657556128,9.879870148,0,0;              2663P   2692
126,3,3,0,0,1,0,0.0,0.0,0.0,0.0,1.938241921,1.938241921,            2665P   2693
1.938241921,1.938241921,1.0,1.0,1.0,1.0,479.7481724,                2665P   2694
-357.9741116,-196.4362192,479.8483602,-358.3490713,-196.195226,     2665P   2695
479.930865,-358.7266688,-195.9506599,479.9959201,-359.1053803,      2665P   2696
-195.7035657,0.0,1.938241921,0.0,0.0,0.0,0,0;                       2665P   2697
102,8,2645,2647,2651,2653,2657,2659,2663,2665,0,0;                  2667P   2698
142,0,2641,0,2667,2,0,0;                                            2669P   2699
126,11,5,0,0,1,0,0.0,0.0,0.0,0.0,0.0,0.0,3.490954228,               2671P   2700
3.490954228,3.490954228,5.113935013,5.113935013,5.113935013,        2671P   2701
7.8508081,7.8508081,7.8508081,7.8508081,7.8508081,7.8508081,1.0,    2671P   2702
1.0,1.0,1.0,1.0,1.0,1.0,1.0,1.0,1.0,1.0,1.0,479.9594611,            2671P   2703
-363.5371828,-198.5488743,479.9580526,-363.5369731,-199.0425678,    2671P   2704
479.9240563,-363.707927,-199.5362374,479.8576089,-364.0530363,      2671P   2705
-199.9475168,479.6851368,-364.7049469,-200.3105865,479.4476325,     2671P   2706
-365.3980312,-200.3125817,479.3676387,-365.6143599,-200.2761333,    2671P   2707
479.1494153,-366.1666154,-200.084245,478.9495564,-366.601306,       2671P   2708
-199.6628,478.848705,-366.8021986,-199.3217523,478.8000179,         2671P   2709
-366.903133,-198.9344447,478.8028595,-366.9035561,-198.547403,      2671P   2710
0.0,7.8508081,0.0,0.0,0.0,0,0;                                      2671P   2711
126,11,5,0,0,1,0,0.0,0.0,0.0,0.0,0.0,0.0,2.756230445,               2673P   2712
2.756230445,2.756230445,4.378584191,4.378584191,4.378584191,        2673P   2713
7.850805049,7.850805049,7.850805049,7.850805049,7.850805049,        2673P   2714
7.850805049,1.0,1.0,1.0,1.0,1.0,1.0,1.0,1.0,1.0,1.0,1.0,1.0,        2673P   2715
478.8028595,-366.9035561,-198.547403,478.8057212,-366.9039821,      2673P   2716
-198.1576239,478.8608431,-366.8024702,-197.7681195,478.9671804,     2673P   2717
-366.5999878,-197.4262466,479.1722551,-366.1621167,-197.0059892,    2673P   2718
479.3910162,-365.6058082,-196.8177272,479.4702243,-365.3889946,     2673P   2719
-196.7830191,479.7029605,-364.69722,-196.7906544,479.867912,        2673P   2720
-364.0486997,-197.1566591,479.930024,-363.7069315,-197.5667695,     2673P   2721
479.960862,-363.5373914,-198.0578302,479.9594611,-363.5371828,      2673P   2722
-198.5488743,0.0,7.850805049,0.0,0.0,0.0,0,0;                       2673P   2723
102,2,2671,2673,0,0;                                                2675P   2724
142,0,2641,0,2675,2,0,0;                                            2677P   2725
126,11,5,0,0,1,0,0.0,0.0,0.0,0.0,0.0,0.0,2.756105548,               2679P   2726
2.756105548,2.756105548,4.378282646,4.378282646,4.378282646,        2679P   2727
7.85038632,7.85038632,7.85038632,7.85038632,7.85038632,             2679P   2728
7.85038632,1.0,1.0,1.0,1.0,1.0,1.0,1.0,1.0,1.0,1.0,1.0,1.0,         2679P   2729
479.9833998,-358.9916684,-198.4788173,479.9845075,-358.9918333,     2679P   2730
-198.8685878,480.0058405,-359.104719,-199.2582508,480.0468975,      2679P   2731
-359.3291327,-199.6004777,480.1133384,-359.8074462,-200.0213796,    2679P   2732
480.1593523,-360.4032114,-200.2102525,480.1716725,-360.6336552,     2679P   2733
-200.2451669,480.1924013,-361.3632007,-200.2381003,480.16254,       2679P   2734
-362.03182,-199.8723808,480.1240487,-362.3770735,-199.4623269,      2679P   2735
480.1062733,-362.5485468,-198.9713128,480.1070812,-362.5486671,     2679P   2736
-198.4802839,0.0,7.85038632,0.0,0.0,0.0,0,0;                        2679P   2737
126,11,5,0,0,1,0,0.0,0.0,0.0,0.0,0.0,0.0,3.490829092,               2681P   2738
3.490829092,3.490829092,5.113632879,5.113632879,5.113632879,        2681P   2739
7.850389326,7.850389326,7.850389326,7.850389326,7.850389326,        2681P   2740
7.850389326,1.0,1.0,1.0,1.0,1.0,1.0,1.0,1.0,1.0,1.0,1.0,1.0,        2681P   2741
480.1070812,-362.5486671,-198.4802839,480.1078935,-362.5487881,     2681P   2742
-197.9866068,480.1274902,-362.3757028,-197.4929217,480.1665049,     2681P   2743
-362.0265423,-197.0815806,480.1934427,-361.3529749,-196.7181503,    2681P   2744
480.1685796,-360.6207926,-196.7155407,480.1550464,-360.3905356,     2681P   2745
-196.7517713,480.1066544,-359.798549,-196.9430524,480.0404882,      2681P   2746
-359.3242358,-197.363908,480.0011422,-359.1024844,-197.7046475,     2681P   2747
479.9822999,-358.9915046,-198.091783,479.9833998,-358.9916684,      2681P   2748
-198.4788173,0.0,7.850389326,0.0,0.0,0.0,0,0;                       2681P   2749
102,2,2679,2681,0,0;                                                2683P   2750
142,0,2641,0,2683,2,0,0;                                            2685P   2751
144,2641,1,2,2669,2677,2685,0,0;                                    2687P   2752
110,467.6800101,-361.3641154,-187.8456571,467.6800101,              2689P   2753
-361.3487049,-188.8455384,0,0;                                      2689P   2754
110,477.6474903,-368.7732102,-196.6026588,477.6474903,              2691P   2755
-368.7077154,-200.8521541,0,0;                                      2691P   2756
120,2689,2691,0.0,6.283185307,0,0;                                  2693P   2757
124,-0.7973984216,-0.6034531939,3.973520542E-014,467.6800101,       2695P   2758
0.6033815343,-0.7973037312,-0.01541052682,-361.1654463,             2695P   2759
0.009299531632,-0.01228832977,0.9998812508,-200.73591,0,0;          2695P   2760
100,0.0,0.0,0.0,12.5,0.0,-12.5,7.858754744E-014,0,0;                2697P   2761
110,477.6474903,-368.7077154,-200.8521541,477.6474903,              2699P   2762
-368.7732102,-196.6026588,0,0;                                      2699P   2763
124,0.7973984216,-0.6034531939,-3.973520542E-014,467.6800101,       2701P   2764
-0.6033815343,-0.7973037312,0.01541052682,-361.230941,              2701P   2765
-0.009299531632,-0.01228832977,-0.9998812508,-196.4864147,0,0;      2701P   2766
100,0.0,0.0,0.0,12.5,0.0,-12.5,-8.136886483E-014,0,0;               2703P   2767
110,457.7125298,-353.6886718,-196.3701705,457.7125298,              2705P   2768
-353.6231771,-200.6196658,0,0;                                      2705P   2769
102,4,2697,2699,2703,2705,0,0;                                      2707P   2770
142,0,2693,0,2707,2,0,0;                                            2709P   2771
144,2693,1,0,2709,0,0;                                              2711P   2772
110,503.0566604,-383.9407578,-180.3344669,502.0675772,              2713P   2773
-383.7934172,-180.332196,0,0;                                       2713P   2774
110,510.0839709,-388.0203462,-180.3973429,488.1326951,              2715P   2775
-384.7503326,-180.3469443,0,0;                                      2715P   2776
120,2713,2715,0.0,6.283185307,0,0;                                  2717P   2777
126,5,5,0,0,1,0,0.0,0.0,0.0,0.0,0.0,0.0,6.66396897,6.66396897,      2719P   2778
6.66396897,6.66396897,6.66396897,6.66396897,1.0,1.0,1.0,1.0,1.0,    2719P   2779
1.0,510.5258255,-385.0996478,-177.3519718,510.3870183,              2719P   2780
-386.0316864,-177.3663367,510.2479734,-386.959631,-177.7499297,     2719P   2781
510.1383602,-387.6841633,-178.5061241,510.083965,-388.0348686,      2719P   2782
-179.4550273,510.083965,-388.0203453,-180.3973429,0.0,              2719P   2783
6.66396897,0.0,0.0,0.0,0,0;                                         2719P   2784
110,510.083965,-388.0203453,-180.3973429,488.1597161,               2721P   2785
-384.7543578,-180.3470064,0,0;                                      2721P   2786
126,8,5,0,0,1,0,0.0,0.0,0.0,0.0,0.0,0.0,2.728250477,2.728250477,    2723P   2787
2.728250477,7.488643366,7.488643366,7.488643366,7.488643366,        2723P   2788
7.488643366,7.488643366,1.0,1.0,1.0,1.0,1.0,1.0,1.0,1.0,1.0,        2723P   2789
488.1597161,-384.7543578,-180.3470064,488.1597161,-384.7603037,     2723P   2790
-179.9612193,488.2206611,-384.7126233,-179.5746062,488.3424636,     2723P   2791
-384.6110153,-179.2117976,488.787366,-384.224667,-178.3176853,      2723P   2792
489.4536276,-383.6016624,-177.7128647,489.9050245,-383.1538852,     2723P   2793
-177.4540523,490.3667754,-382.6657266,-177.3144593,490.8148882,     2723P   2794
-382.1633705,-177.3067169,0.0,7.488643366,0.0,0.0,0.0,0,0;          2723P   2795
110,490.8148882,-382.1633705,-177.3067169,510.5258255,              2725P   2796
-385.0996478,-177.3519718,0,0;                                      2725P   2797
102,4,2719,2721,2723,2725,0,0;                                      2727P   2798
142,0,2717,0,2727,2,0,0;                                            2729P   2799
144,2717,1,0,2729,0,0;                                              2731P   2800
110,497.4670235,-357.1423037,-192.1728944,494.9631474,              2733P   2801
-373.9549019,-192.4320161,0,0;                                      2733P   2802
110,494.9631474,-373.9549019,-192.4320161,494.8158605,              2735P   2803
-374.9438783,-192.4472586,0,0;                                      2735P   2804
110,494.8158605,-374.9438783,-192.4472586,494.9631474,              2737P   2805
-373.9703125,-191.4321349,0,0;                                      2737P   2806
110,494.9631474,-373.9703125,-191.4321349,494.9631474,              2739P   2807
-374.0550704,-185.932788,0,0;                                       2739P   2808
124,-0.1472868321,3.90473244E-014,-0.9890938222,495.4050079,        2741P   2809
-0.9889763681,-0.01541052682,0.1472693419,-371.0881412,             2741P   2810
-0.01524245688,0.9998812508,0.002269767677,-185.8870606,0,0;        2741P   2811
100,0.0,0.0,0.0,3.0,0.0,-7.54604712E-015,3.0,0,0;                   2743P   2812
110,495.4050079,-371.1343728,-182.8874169,497.025163,               2745P   2813
-360.2556328,-182.7197499,0,0;                                      2745P   2814
124,5.684341886E-014,0.1472868321,-0.9890938222,497.025163,         2747P   2815
-0.01541052682,0.9889763681,0.1472693419,-360.2094012,              2747P   2816
0.9998812508,0.01524245688,0.002269767677,-185.7193936,0,0;         2747P   2817
100,0.0,0.0,0.0,3.0,0.0,4.791479713E-014,3.0,0,0;                   2749P   2818
110,497.4670235,-357.2424721,-185.6736662,497.4670235,              2751P   2819
-357.1577142,-191.1730131,0,0;                                      2751P   2820
110,497.4670235,-357.1577142,-191.1730131,497.6143103,              2753P   2821
-356.1533273,-192.1576519,0,0;                                      2753P   2822
110,497.6143103,-356.1533273,-192.1576519,497.4670235,              2755P   2823
-357.1423037,-192.1728944,0,0;                                      2755P   2824
102,10,2733,2735,2737,2739,2743,2745,2749,2751,2753,2755,0,0;       2757P   2825
142,0,1,0,2757,2,0,0;                                               2759P   2826
144,1,1,0,2759,0,0;                                                 2761P   2827
110,510.4478027,-358.064147,-192.1871022,510.3005158,               2763P   2828
-359.0685339,-191.2024634,0,0;                                      2763P   2829
110,510.3005158,-359.0685339,-191.2024634,516.2598061,              2765P   2830
-359.9558317,-191.2161387,0,0;                                      2765P   2831
110,516.2598061,-359.9558317,-191.2161387,516.407093,               2767P   2832
-358.9514448,-192.2007775,0,0;                                      2767P   2833
110,516.407093,-358.9514448,-192.2007775,510.4478027,               2769P   2834
-358.064147,-192.1871022,0,0;                                       2769P   2835
102,4,2763,2765,2767,2769,0,0;                                      2771P   2836
142,0,2505,0,2771,2,0,0;                                            2773P   2837
144,2505,1,0,2773,0,0;                                              2775P   2838
110,510.4478027,-358.064147,-192.1871022,516.407093,                2777P   2839
-358.9514448,-192.2007775,0,0;                                      2777P   2840
110,516.407093,-358.9514448,-192.2007775,516.5175581,               2779P   2841
-358.2097125,-192.1893457,0,0;                                      2779P   2842
110,516.5175581,-358.2097125,-192.1893457,510.5582678,              2781P   2843
-357.3224147,-192.1756703,0,0;                                      2781P   2844
110,510.5582678,-357.3224147,-192.1756703,510.4478027,              2783P   2845
-358.064147,-192.1871022,0,0;                                       2783P   2846
102,4,2777,2779,2781,2783,0,0;                                      2785P   2847
142,0,555,0,2785,2,0,0;                                             2787P   2848
144,555,1,0,2787,0,0;                                               2789P   2849
108,-0.1472868321,-0.9889763681,-0.01524245688,281.1141435,0,       2791P   2850
516.5175581,-358.1480704,-196.1888707,1.0,0,0;                      2791P   2851
110,497.7247755,-355.411595,-192.1462201,508.6295348,               2793P   2852
-357.0352395,-192.1712443,0,0;                                      2793P   2853
110,508.6295348,-357.0352395,-192.1712443,508.6295348,              2795P   2854
-357.0171014,-193.3480973,0,0;                                      2795P   2855
124,-0.9890938222,7.194418672E-014,-0.1472868321,509.5939013,       2797P   2856
0.1472693419,0.01541052682,-0.9889763681,-357.1606891,              2797P   2857
0.002269767677,-0.9998812508,-0.01524245688,-193.3503104,0,0;       2797P   2858
100,0.0,0.0,0.0,0.975,0.0,-0.975,1.420916119E-013,0,0;              2799P   2859
110,510.5582678,-357.3042767,-193.3525234,510.5582678,              2801P   2860
-357.3224147,-192.1756703,0,0;                                      2801P   2861
110,510.5582678,-357.3224147,-192.1756703,516.5175581,              2803P   2862
-358.2097125,-192.1893457,0,0;                                      2803P   2863
110,516.5175581,-358.2097125,-192.1893457,516.5175581,              2805P   2864
-358.1480704,-196.1888707,0,0;                                      2805P   2865
110,516.5175581,-358.1480704,-196.1888707,496.2411347,              2807P   2866
-355.1290489,-196.1423404,0,0;                                      2807P   2867
110,496.2411347,-355.1290489,-196.1423404,496.2411347,              2809P   2868
-355.1752805,-193.1426967,0,0;                                      2809P   2869
110,496.2411347,-355.1752805,-193.1426967,496.7356816,              2811P   2870
-355.2489152,-193.1438316,0,0;                                      2811P   2871
110,496.7356816,-355.2489152,-193.1438316,497.7247755,              2813P   2872
-355.411595,-192.1462201,0,0;                                       2813P   2873
102,10,2793,2795,2799,2801,2803,2805,2807,2809,2811,2813,0,0;       2815P   2874
142,0,2791,0,2815,2,0,0;                                            2817P   2875
144,2791,1,0,2817,0,0;                                              2819P   2876
108,4.327137607E-014,-0.01541052682,0.9998812508,-190.6463229,0,    2821P   2877
516.3334495,-359.3842909,-196.2079237,1.0,0,0;                      2821P   2878
110,497.5406669,-356.5861734,-196.1647982,497.4670235,              2823P   2879
-357.0806616,-196.1724194,0,0;                                      2823P   2880
110,497.4670235,-357.0806616,-196.1724194,495.9833828,              2825P   2881
-356.8597576,-196.1690147,0,0;                                      2825P   2882
110,495.9833828,-356.8597576,-196.1690147,496.2411347,              2827P   2883
-355.1290489,-196.1423404,0,0;                                      2827P   2884
110,496.2411347,-355.1290489,-196.1423404,516.5175581,              2829P   2885
-358.1480704,-196.1888707,0,0;                                      2829P   2886
110,516.5175581,-358.1480704,-196.1888707,516.3334495,              2831P   2887
-359.3842909,-196.2079237,0,0;                                      2831P   2888
110,516.3334495,-359.3842909,-196.2079237,497.5406669,              2833P   2889
-356.5861734,-196.1647982,0,0;                                      2833P   2890
102,6,2823,2825,2827,2829,2831,2833,0,0;                            2835P   2891
142,0,2821,0,2835,2,0,0;                                            2837P   2892
144,2821,1,0,2837,0,0;                                              2839P   2893
110,506.9002365,-358.2324762,-196.1901716,507.8893303,              2841P   2894
-358.3797456,-196.1924413,0,0;                                      2841P   2895
110,497.5406669,-356.5861734,-196.1647982,516.3334495,              2843P   2896
-359.3842909,-196.2079237,0,0;                                      2843P   2897
120,2841,2843,0.0,6.283185307,0,0;                                  2845P   2898
124,-0.1472868321,1.629646938E-013,-0.9890938222,497.5038452,       2847P   2899
-0.9889763681,-0.01541052682,0.1472693419,-356.8334175,             2847P   2900
-0.01524245688,0.9998812508,0.002269767677,-196.1686088,0,0;        2847P   2901
100,0.0,0.0,0.0,0.25,0.0,-0.25,4.472993156E-013,0,0;                2849P   2902
110,497.5406669,-356.5861734,-196.1647982,516.3334495,              2851P   2903
-359.3842909,-196.2079237,0,0;                                      2851P   2904
124,0.1472868321,6.686578374E-014,0.9890938222,516.2966278,         2853P   2905
0.9889763681,-0.01541052682,-0.1472693419,-359.631535,              2853P   2906
0.01524245688,0.9998812508,-0.002269767677,-196.2117344,0,0;        2853P   2907
100,0.0,0.0,0.0,0.25,0.0,-0.25,-9.878165994E-014,0,0;               2855P   2908
110,516.2598061,-359.8787791,-196.215545,497.4670235,               2857P   2909
-357.0806616,-196.1724194,0,0;                                      2857P   2910
102,4,2849,2851,2855,2857,0,0;                                      2859P   2911
142,0,2845,0,2859,2,0,0;                                            2861P   2912
144,2845,1,0,2861,0,0;                                              2863P   2913
108,-0.1472868321,-0.9889763681,-0.01524245688,282.8641435,0,       2865P   2914
516.2598061,-359.847958,-198.2153075,1.0,0,0;                       2865P   2915
110,495.9833828,-356.8289365,-198.1687772,495.9833828,              2867P   2916
-356.8597576,-196.1690147,0,0;                                      2867P   2917
110,495.9833828,-356.8597576,-196.1690147,497.4670235,              2869P   2918
-357.0806616,-196.1724194,0,0;                                      2869P   2919
110,497.4670235,-357.0806616,-196.1724194,516.2598061,              2871P   2920
-359.8787791,-196.215545,0,0;                                       2871P   2921
110,516.2598061,-359.8787791,-196.215545,516.2598061,               2873P   2922
-359.847958,-198.2153075,0,0;                                       2873P   2923
110,516.2598061,-359.847958,-198.2153075,495.9833828,               2875P   2924
-356.8289365,-198.1687772,0,0;                                      2875P   2925
102,5,2867,2869,2871,2873,2875,0,0;                                 2877P   2926
142,0,2865,0,2877,2,0,0;                                            2879P   2927
144,2865,1,0,2879,0,0;                                              2881P   2928
108,4.183675975E-014,-0.01541052682,0.9998812508,-192.6463229,0,    2883P   2929
515.0078681,-368.2542571,-198.3448684,1.0,0,0;                      2883P   2930
110,515.0078681,-368.2542571,-198.3448684,513.75593,                2885P   2931
-376.6605563,-198.4744292,0,0;                                      2885P   2932
110,513.75593,-376.6605563,-198.4744292,493.4795066,                2887P   2933
-373.6415348,-198.427899,0,0;                                       2887P   2934
110,493.4795066,-373.6415348,-198.427899,494.144941,                2889P   2935
-369.1733898,-198.3590344,0,0;                                      2889P   2936
110,494.144941,-369.1733898,-198.3590344,511.4540829,               2891P   2937
-371.7506033,-198.3987553,0,0;                                      2891P   2938
110,511.4540829,-371.7506033,-198.3987553,511.9642995,              2893P   2939
-368.3246886,-198.3459539,0,0;                                      2893P   2940
110,511.9642995,-368.3246886,-198.3459539,494.6551576,              2895P   2941
-365.7474751,-198.3062329,0,0;                                      2895P   2942
110,494.6551576,-365.7474751,-198.3062329,494.8077318,              2897P   2943
-364.7229961,-198.2904433,0,0;                                      2897P   2944
110,494.8077318,-364.7229961,-198.2904433,512.1168737,              2899P   2945
-367.3002096,-198.3301642,0,0;                                      2899P   2946
110,512.1168737,-367.3002096,-198.3301642,512.6270902,              2901P   2947
-363.874295,-198.2773628,0,0;                                       2901P   2948
110,512.6270902,-363.874295,-198.2773628,495.3179483,               2903P   2949
-361.2970815,-198.2376419,0,0;                                      2903P   2950
110,495.3179483,-361.2970815,-198.2376419,495.9833828,              2905P   2951
-356.8289365,-198.1687772,0,0;                                      2905P   2952
110,495.9833828,-356.8289365,-198.1687772,516.2598061,              2907P   2953
-359.847958,-198.2153075,0,0;                                       2907P   2954
110,516.2598061,-359.847958,-198.2153075,515.0078681,               2909P   2955
-368.2542571,-198.3448684,0,0;                                      2909P   2956
102,13,2885,2887,2889,2891,2893,2895,2897,2899,2901,2903,2905,      2911P   2957
2907,2909,0,0;                                                      2911P   2958
142,0,2883,0,2911,2,0,0;                                            2913P   2959
144,2883,1,0,2913,0,0;                                              2915P   2960
108,-0.1472868321,-0.9889763681,-0.01524245688,299.8641435,0,       2917P   2961
513.75593,-376.7530194,-192.4751417,1.0,0,0;                        2917P   2962
110,494.9631474,-373.8932598,-196.4315411,493.4795066,              2919P   2963
-373.6723558,-196.4281365,0,0;                                      2919P   2964
110,493.4795066,-373.6723558,-196.4281365,493.4795066,              2921P   2965
-373.6415348,-198.427899,0,0;                                       2921P   2966
110,493.4795066,-373.6415348,-198.427899,513.75593,-376.6605563,    2923P   2967
-198.4744292,0,0;                                                   2923P   2968
110,513.75593,-376.6605563,-198.4744292,513.75593,-376.6913773,     2925P   2969
-196.4746667,0,0;                                                   2925P   2970
110,513.75593,-376.6913773,-196.4746667,494.9631474,                2927P   2971
-373.8932598,-196.4315411,0,0;                                      2927P   2972
102,5,2919,2921,2923,2925,2927,0,0;                                 2929P   2973
142,0,2917,0,2929,2,0,0;                                            2931P   2974
144,2917,1,0,2931,0,0;                                              2933P   2975
110,504.322717,-375.5395627,-196.4569146,505.3118108,               2935P   2976
-375.686832,-196.4591843,0,0;                                       2935P   2977
110,494.9631474,-373.8932598,-196.4315411,513.75593,                2937P   2978
-376.6913773,-196.4746667,0,0;                                      2937P   2979
120,2935,2937,0.0,6.283185307,0,0;                                  2939P   2980
124,-0.1472868321,3.347469871E-013,-0.9890938222,494.9263256,       2941P   2981
-0.9889763681,-0.01541052682,0.1472693419,-374.1405039,             2941P   2982
-0.01524245688,0.9998812508,0.002269767677,-196.4353518,0,0;        2941P   2983
100,0.0,0.0,0.0,0.25,0.0,-0.25,9.942545919E-013,0,0;                2943P   2984
110,494.9631474,-373.8932598,-196.4315411,513.75593,                2945P   2985
-376.6913773,-196.4746667,0,0;                                      2945P   2986
124,0.1472868321,8.412454761E-014,0.9890938222,513.7191083,         2947P   2987
0.9889763681,-0.01541052682,-0.1472693419,-376.9386214,             2947P   2988
0.01524245688,0.9998812508,-0.002269767677,-196.4784773,0,0;        2947P   2989
100,0.0,0.0,0.0,0.25,0.0,-0.25,8.437911828E-014,0,0;                2949P   2990
110,513.6822866,-377.1858655,-196.482288,494.8895039,               2951P   2991
-374.387748,-196.4391624,0,0;                                       2951P   2992
102,4,2943,2945,2949,2951,0,0;                                      2953P   2993
142,0,2939,0,2953,2,0,0;                                            2955P   2994
144,2939,1,0,2955,0,0;                                              2957P   2995
110,493.2217547,-375.4030645,-196.4548108,493.4795066,              2959P   2996
-373.6723558,-196.4281365,0,0;                                      2959P   2997
110,493.4795066,-373.6723558,-196.4281365,494.9631474,              2961P   2998
-373.8932598,-196.4315411,0,0;                                      2961P   2999
110,494.9631474,-373.8932598,-196.4315411,494.8895039,              2963P   3000
-374.387748,-196.4391624,0,0;                                       2963P   3001
110,494.8895039,-374.387748,-196.4391624,513.6822866,               2965P   3002
-377.1858655,-196.482288,0,0;                                       2965P   3003
110,513.6822866,-377.1858655,-196.482288,513.498178,-378.422086,    2967P   3004
-196.501341,0,0;                                                    2967P   3005
110,513.498178,-378.422086,-196.501341,493.2217547,-375.4030645,    2969P   3006
-196.4548108,0,0;                                                   2969P   3007
102,6,2959,2961,2963,2965,2967,2969,0,0;                            2971P   3008
142,0,2821,0,2971,2,0,0;                                            2973P   3009
144,2821,1,0,2973,0,0;                                              2975P   3010
108,-0.1472868321,-0.9889763681,-0.01524245688,301.6141435,0,       2977P   3011
513.498178,-378.422086,-196.501341,1.0,0,0;                         2977P   3012
110,494.7053954,-375.6856106,-192.4586904,493.7163016,              2979P   3013
-375.5229307,-193.4563019,0,0;                                      2979P   3014
110,493.7163016,-375.5229307,-193.4563019,493.2217547,              2981P   3015
-375.449296,-193.455167,0,0;                                        2981P   3016
110,493.2217547,-375.449296,-193.455167,493.2217547,                2983P   3017
-375.4030645,-196.4548108,0,0;                                      2983P   3018
110,493.2217547,-375.4030645,-196.4548108,513.498178,               2985P   3019
-378.422086,-196.501341,0,0;                                        2985P   3020
110,513.498178,-378.422086,-196.501341,513.498178,-378.4837281,     2987P   3021
-192.501816,0,0;                                                    2987P   3022
110,513.498178,-378.4837281,-192.501816,507.5388877,                2989P   3023
-377.5964303,-192.4881407,0,0;                                      2989P   3024
110,507.5388877,-377.5964303,-192.4881407,507.5388877,              2991P   3025
-377.5777393,-193.7008669,0,0;                                      2991P   3026
124,0.9890938222,-4.042252644E-014,0.1472868321,506.5745213,        2993P   3027
-0.1472693419,0.01541052682,0.9889763681,-377.4341517,              2993P   3028
-0.002269767677,-0.9998812508,0.01524245688,-193.6986538,0,0;       2993P   3029
100,0.0,0.0,0.0,0.975,0.0,-0.975,-8.765449304E-016,0,0;             2995P   3030
110,505.6101548,-377.2905641,-193.6964408,505.6101548,              2997P   3031
-377.3092551,-192.4837146,0,0;                                      2997P   3032
110,505.6101548,-377.3092551,-192.4837146,494.7053954,              2999P   3033
-375.6856106,-192.4586904,0,0;                                      2999P   3034
102,10,2979,2981,2983,2985,2987,2989,2991,2995,2997,2999,0,0;       3001P   3035
142,0,2977,0,3001,2,0,0;                                            3003P   3036
144,2977,1,0,3003,0,0;                                              3005P   3037
110,513.6086431,-377.7419958,-192.4903842,507.6493529,              3007P   3038
-376.854698,-192.4767088,0,0;                                       3007P   3039
110,507.6493529,-376.854698,-192.4767088,507.5388877,               3009P   3040
-377.5964303,-192.4881407,0,0;                                      3009P   3041
110,507.5388877,-377.5964303,-192.4881407,513.498178,               3011P   3042
-378.4837281,-192.501816,0,0;                                       3011P   3043
110,513.498178,-378.4837281,-192.501816,513.6086431,                3013P   3044
-377.7419958,-192.4903842,0,0;                                      3013P   3045
102,4,3007,3009,3011,3013,0,0;                                      3015P   3046
142,0,555,0,3015,2,0,0;                                             3017P   3047
144,555,1,0,3017,0,0;                                               3019P   3048
108,0.1041475177,0.7102087843,-0.6962447682,-80.76419542,0,         3021P   3049
517.3671997,-378.3016193,-192.4990093,1.0,0,0;                      3021P   3050
110,507.6493529,-376.854698,-192.4767088,513.6086431,               3023P   3051
-377.7419958,-192.4903842,0,0;                                      3023P   3052
110,513.6086431,-377.7419958,-192.4903842,513.75593,-376.76843,     3025P   3053
-191.4752605,0,0;                                                   3025P   3054
110,513.75593,-376.76843,-191.4752605,507.7966397,-375.8811322,     3027P   3055
-191.4615851,0,0;                                                   3027P   3056
110,507.7966397,-375.8811322,-191.4615851,507.6493529,              3029P   3057
-376.854698,-192.4767088,0,0;                                       3029P   3058
102,4,3023,3025,3027,3029,0,0;                                      3031P   3059
142,0,3021,0,3031,2,0,0;                                            3033P   3060
144,3021,1,0,3033,0,0;                                              3035P   3061
124,-0.9890938222,-7.205130589E-014,-0.1472868321,506.8322732,      3037P   3062
0.1472693419,0.01541052682,-0.9889763681,-375.7034431,              3037P   3063
0.002269767677,-0.9998812508,-0.01524245688,-193.6719795,0,0;       3037P   3064
100,0.0,0.0,0.0,0.975,0.0,-0.975,-2.841773041E-014,0,0;             3039P   3065
110,507.7966397,-375.8470307,-193.6741926,507.7966397,              3041P   3066
-375.8811322,-191.4615851,0,0;                                      3041P   3067
110,507.7966397,-375.8811322,-191.4615851,513.75593,-376.76843,     3043P   3068
-191.4752605,0,0;                                                   3043P   3069
110,513.75593,-376.76843,-191.4752605,513.75593,-376.8531878,       3045P   3070
-185.9759136,0,0;                                                   3045P   3071
110,513.75593,-376.8531878,-185.9759136,494.9631474,                3047P   3072
-374.0550704,-185.932788,0,0;                                       3047P   3073
110,494.9631474,-374.0550704,-185.932788,494.9631474,               3049P   3074
-373.9703125,-191.4321349,0,0;                                      3049P   3075
110,494.9631474,-373.9703125,-191.4321349,505.8679067,              3051P   3076
-375.593957,-191.4571591,0,0;                                       3051P   3077
110,505.8679067,-375.593957,-191.4571591,505.8679067,               3053P   3078
-375.5598555,-193.6697665,0,0;                                      3053P   3079
102,8,3039,3041,3043,3045,3047,3049,3051,3053,0,0;                  3055P   3080
142,0,2917,0,3055,2,0,0;                                            3057P   3081
144,2917,1,0,3057,0,0;                                              3059P   3082
108,4.14343039E-014,-0.01541052682,0.9998812508,-177.1463229,0,     3061P   3083
513.75593,-376.8994194,-182.9762698,1.0,0,0;                        3061P   3084
110,497.025163,-360.2556328,-182.7197499,495.4050079,               3063P   3085
-371.1343728,-182.8874169,0,0;                                      3063P   3086
110,495.4050079,-371.1343728,-182.8874169,514.1977905,              3065P   3087
-373.9324903,-182.9305425,0,0;                                      3065P   3088
110,514.1977905,-373.9324903,-182.9305425,515.8179456,              3067P   3089
-363.0537503,-182.7628755,0,0;                                      3067P   3090
110,515.8179456,-363.0537503,-182.7628755,497.025163,               3069P   3091
-360.2556328,-182.7197499,0,0;                                      3069P   3092
102,4,3063,3065,3067,3069,0,0;                                      3071P   3093
142,0,3061,0,3071,2,0,0;                                            3073P   3094
144,3061,1,0,3073,0,0;                                              3075P   3095
110,508.3717829,-358.7813587,-191.1980373,497.4670235,              3077P   3096
-357.1577142,-191.1730131,0,0;                                      3077P   3097
110,497.4670235,-357.1577142,-191.1730131,497.4670235,              3079P   3098
-357.2424721,-185.6736662,0,0;                                      3079P   3099
110,497.4670235,-357.2424721,-185.6736662,516.2598061,              3081P   3100
-360.0405896,-185.7167918,0,0;                                      3081P   3101
110,516.2598061,-360.0405896,-185.7167918,516.2598061,              3083P   3102
-359.9558317,-191.2161387,0,0;                                      3083P   3103
110,516.2598061,-359.9558317,-191.2161387,510.3005158,              3085P   3104
-359.0685339,-191.2024634,0,0;                                      3085P   3105
110,510.3005158,-359.0685339,-191.2024634,510.3005158,              3087P   3106
-359.0349853,-193.3791977,0,0;                                      3087P   3107
124,0.9890938222,-4.337242371E-014,0.1472868321,509.3361494,        3089P   3108
-0.1472693419,0.01541052682,0.9889763681,-358.8913977,              3089P   3109
-0.002269767677,-0.9998812508,0.01524245688,-193.3769847,0,0;       3089P   3110
100,0.0,0.0,0.0,0.975,0.0,-0.975,8.525530542E-014,0,0;              3091P   3111
110,508.3717829,-358.7478101,-193.3747716,508.3717829,              3093P   3112
-358.7813587,-191.1980373,0,0;                                      3093P   3113
102,8,3077,3079,3081,3083,3085,3087,3091,3093,0,0;                  3095P   3114
142,0,2865,0,3095,2,0,0;                                            3097P   3115
144,2865,1,0,3097,0,0;                                              3099P   3116
110,512.7659353,-382.7736101,-189.1925324,511.7768414,              3101P   3117
-382.6263408,-189.1902626,0,0;                                      3101P   3118
110,513.0781176,-381.3440976,-189.9616463,494.285335,               3103P   3119
-378.5459801,-189.9185207,0,0;                                      3103P   3120
120,3101,3103,0.0,6.283185307,0,0;                                  3105P   3121
110,512.6515716,-384.2325764,-188.4238724,493.858789,               3107P   3122
-381.434459,-188.3807468,0,0;                                       3107P   3123
124,-0.1292563554,-0.0706130688,0.9890938222,494.072062,            3109P   3124
-0.8752966149,-0.4606165183,-0.1472693419,-379.9902195,             3109P   3125
0.4659920928,-0.8847859727,-0.002269767677,-189.1496338,0,0;        3109P   3126
100,0.0,0.0,0.0,1.65,0.0,-1.65,0.0,0,0;                             3111P   3127
110,494.285335,-378.5459801,-189.9185207,513.0781176,               3113P   3128
-381.3440976,-189.9616463,0,0;                                      3113P   3129
124,0.1292563554,-0.0706130688,-0.9890938222,512.8648446,           3115P   3130
0.8752966149,-0.4606165183,0.1472693419,-382.788337,                3115P   3131
-0.4659920928,-0.8847859727,0.002269767677,-189.1927594,0,0;        3115P   3132
100,0.0,0.0,0.0,1.65,0.0,-1.65,0.0,0,0;                             3117P   3133
102,4,3107,3111,3113,3117,0,0;                                      3119P   3134
142,0,3105,0,3119,2,0,0;                                            3121P   3135
144,3105,1,0,3121,0,0;                                              3123P   3136
110,512.7659353,-382.7736101,-189.1925324,511.7768414,              3125P   3137
-382.6263408,-189.1902626,0,0;                                      3125P   3138
110,512.6515716,-384.2325764,-188.4238724,493.858789,               3127P   3139
-381.434459,-188.3807468,0,0;                                       3127P   3140
120,3125,3127,0.0,6.283185307,0,0;                                  3129P   3141
110,513.0781176,-381.3440976,-189.9616463,494.285335,               3131P   3142
-378.5459801,-189.9185207,0,0;                                      3131P   3143
124,0.1292563554,0.0706130688,0.9890938222,494.072062,              3133P   3144
0.8752966149,0.4606165183,-0.1472693419,-379.9902195,               3133P   3145
-0.4659920928,0.8847859727,-0.002269767677,-189.1496338,0,0;        3133P   3146
100,0.0,0.0,0.0,1.65,0.0,-1.65,0.0,0,0;                             3135P   3147
110,493.858789,-381.434459,-188.3807468,512.6515716,                3137P   3148
-384.2325764,-188.4238724,0,0;                                      3137P   3149
124,-0.1292563554,0.0706130688,-0.9890938222,512.8648446,           3139P   3150
-0.8752966149,0.4606165183,0.1472693419,-382.788337,                3139P   3151
0.4659920928,0.8847859727,0.002269767677,-189.1927594,0,0;          3139P   3152
100,0.0,0.0,0.0,1.65,0.0,-1.65,0.0,0,0;                             3141P   3153
102,4,3131,3135,3137,3141,0,0;                                      3143P   3154
142,0,3129,0,3143,2,0,0;                                            3145P   3155
144,3129,1,0,3145,0,0;                                              3147P   3156
124,0.1292563554,-0.0706130688,-0.9890938222,498.3433801,           3149P   3157
0.8752966149,-0.4606165183,0.1472693419,-351.3099049,               3149P   3158
-0.4659920928,-0.8847859727,0.002269767677,-188.7076025,0,0;        3149P   3159
100,0.0,0.0,0.0,1.65,0.0,-1.65,-1.832783925E-013,0,0;               3151P   3160
124,-0.1292563554,0.0706130688,-0.9890938222,498.3433801,           3153P   3161
-0.8752966149,0.4606165183,0.1472693419,-351.3099049,               3153P   3162
0.4659920928,0.8847859727,0.002269767677,-188.7076025,0,0;          3153P   3163
100,0.0,0.0,0.0,1.65,0.0,-1.65,1.832783925E-013,0,0;                3155P   3164
102,2,3151,3155,0,0;                                                3157P   3165
142,0,1,0,3157,2,0,0;                                               3159P   3166
144,1,1,0,3159,0,0;                                                 3161P   3167
110,517.0372534,-354.0932954,-188.7505011,516.0481596,              3163P   3168
-353.9460261,-188.7482314,0,0;                                      3163P   3169
110,516.9228898,-355.5522618,-187.9818412,498.1301072,              3165P   3170
-352.7541443,-187.9387156,0,0;                                      3165P   3171
120,3163,3165,0.0,6.283185307,0,0;                                  3167P   3172
110,517.3494358,-352.6637829,-189.5196151,498.5566531,              3169P   3173
-349.8656654,-189.4764895,0,0;                                      3169P   3174
124,0.1292563554,0.0706130688,0.9890938222,498.3433801,             3171P   3175
0.8752966149,0.4606165183,-0.1472693419,-351.3099049,               3171P   3176
-0.4659920928,0.8847859727,-0.002269767677,-188.7076025,0,0;        3171P   3177
100,0.0,0.0,0.0,1.65,0.0,-1.65,0.0,0,0;                             3173P   3178
110,498.1301072,-352.7541443,-187.9387156,516.9228898,              3175P   3179
-355.5522618,-187.9818412,0,0;                                      3175P   3180
124,-0.1292563554,0.0706130688,-0.9890938222,517.1361628,           3177P   3181
-0.8752966149,0.4606165183,0.1472693419,-354.1080224,               3177P   3182
0.4659920928,0.8847859727,0.002269767677,-188.7507281,0,0;          3177P   3183
100,0.0,0.0,0.0,1.65,0.0,-1.65,9.159339953E-015,0,0;                3179P   3184
102,4,3169,3173,3175,3179,0,0;                                      3181P   3185
142,0,3167,0,3181,2,0,0;                                            3183P   3186
144,3167,1,0,3183,0,0;                                              3185P   3187
110,517.0372534,-354.0932954,-188.7505011,516.0481596,              3187P   3188
-353.9460261,-188.7482314,0,0;                                      3187P   3189
110,517.3494358,-352.6637829,-189.5196151,498.5566531,              3189P   3190
-349.8656654,-189.4764895,0,0;                                      3189P   3191
120,3187,3189,0.0,6.283185307,0,0;                                  3191P   3192
110,516.9228898,-355.5522618,-187.9818412,498.1301072,              3193P   3193
-352.7541443,-187.9387156,0,0;                                      3193P   3194
124,-0.1292563554,-0.0706130688,0.9890938222,498.3433801,           3195P   3195
-0.8752966149,-0.4606165183,-0.1472693419,-351.3099049,             3195P   3196
0.4659920928,-0.8847859727,-0.002269767677,-188.7076025,0,0;        3195P   3197
100,0.0,0.0,0.0,1.65,0.0,-1.65,0.0,0,0;                             3197P   3198
110,498.5566531,-349.8656654,-189.4764895,517.3494358,              3199P   3199
-352.6637829,-189.5196151,0,0;                                      3199P   3200
124,0.1292563554,-0.0706130688,-0.9890938222,517.1361628,           3201P   3201
0.8752966149,-0.4606165183,0.1472693419,-354.1080224,               3201P   3202
-0.4659920928,-0.8847859727,0.002269767677,-188.7507281,0,0;        3201P   3203
100,0.0,0.0,0.0,1.65,0.0,-1.65,-9.067746554E-015,0,0;               3203P   3204
102,4,3193,3197,3199,3203,0,0;                                      3205P   3205
142,0,3191,0,3205,2,0,0;                                            3207P   3206
144,3191,1,0,3207,0,0;                                              3209P   3207
108,0.1472868321,0.9889763681,0.01524245688,-309.9141435,0,         3211P   3208
512.2756973,-386.8586657,-181.8296109,1.0,0,0;                      3211P   3209
110,510.2975097,-386.3044596,-198.6730705,510.2975097,              3213P   3210
-386.564127,-181.8250714,0,0;                                       3213P   3211
110,510.2975097,-386.564127,-181.8250714,512.2756973,               3215P   3212
-386.8586657,-181.8296109,0,0;                                      3215P   3213
110,512.2756973,-386.8586657,-181.8296109,512.2756973,              3217P   3214
-386.5989983,-198.67761,0,0;                                        3217P   3215
110,512.2756973,-386.5989983,-198.67761,510.2975097,                3219P   3216
-386.3044596,-198.6730705,0,0;                                      3219P   3217
102,4,3213,3215,3217,3219,0,0;                                      3221P   3218
142,0,3211,0,3221,2,0,0;                                            3223P   3219
144,3211,1,0,3223,0,0;                                              3225P   3220
110,511.4338903,-385.4627526,-198.6600978,510.4447965,              3227P   3221
-385.3154832,-198.657828,0,0;                                       3227P   3222
110,512.4229841,-385.5946114,-199.6622488,510.4447965,              3229P   3223
-385.3000727,-199.6577092,0,0;                                      3229P   3224
120,3227,3229,0.0,6.283185307,0,0;                                  3231P   3225
110,510.2975097,-386.3044596,-198.6730705,512.2756973,              3233P   3226
-386.5989983,-198.67761,0,0;                                        3233P   3227
124,-0.1472868321,-3.087807787E-014,0.9890938222,512.4229841,       3235P   3228
-0.9889763681,0.01541052682,-0.1472693419,-385.6100219,             3235P   3229
-0.01524245688,-0.9998812508,-0.002269767677,-198.6623675,0,0;      3235P   3230
100,0.0,0.0,0.0,1.0,0.0,-1.089059398E-014,1.0,0,0;                  3237P   3231
110,512.4229841,-385.5946114,-199.6622488,510.4447965,              3239P   3232
-385.3000727,-199.6577092,0,0;                                      3239P   3233
124,5.684341886E-014,-0.1472868321,-0.9890938222,510.4447965,       3241P   3234
0.01541052682,-0.9889763681,0.1472693419,-385.3154832,              3241P   3235
-0.9998812508,-0.01524245688,0.002269767677,-198.657828,0,0;        3241P   3236
100,0.0,0.0,0.0,1.0,0.0,-4.98559527E-014,1.0,0,0;                   3243P   3237
102,4,3233,3237,3239,3243,0,0;                                      3245P   3238
142,0,3231,0,3245,2,0,0;                                            3247P   3239
144,3231,1,0,3247,0,0;                                              3249P   3240
108,0.9890938222,-0.1472693419,-0.002269767677,562.0738595,0,       3251P   3241
555.9437821,-82.77624739,-1.275777078,1.0,0,0;                      3251P   3242
126,14,5,0,0,1,0,0.0,0.0,0.0,0.0,0.0,0.0,0.6370074144,              3253P   3243
0.6370074144,0.6370074144,2.646694091,2.646694091,2.646694091,      3253P   3244
4.656380765,4.656380765,4.656380765,6.663968969,6.663968969,        3253P   3245
6.663968969,6.663968969,6.663968969,6.663968969,1.0,1.0,1.0,1.0,    3253P   3246
1.0,1.0,1.0,1.0,1.0,1.0,1.0,1.0,1.0,1.0,1.0,515.5335778,            3253P   3247
-351.4744512,-176.8337283,515.5468463,-351.3853578,-176.8323551,    3253P   3248
515.5601149,-351.2962124,-176.8343631,515.5733896,-351.2069731,     3253P   3249
-176.8397706,515.6282078,-350.8382404,-176.876215,515.6817394,      3253P   3250
-350.477257,-176.9705034,515.7208727,-350.2128225,-177.0747441,     3253P   3251
515.7946133,-349.7134058,-177.3445271,515.8567699,-349.2900882,     3253P   3252
-177.7247613,515.8843174,-349.1017634,-177.9394659,515.9312727,     3253P   3253
-348.7791556,-178.4095882,515.9605964,-348.5739924,-178.9428198,    3253P   3254
515.9704914,-348.5032576,-179.2203927,515.9754383,-348.4656658,     3253P   3255
-179.5037625,515.9754383,-348.4612905,-179.7876447,0.0,             3253P   3256
6.663968969,0.0,0.0,0.0,0,0;                                        3253P   3257
110,515.9754383,-348.4612905,-179.7876447,515.9754383,              3255P   3258
-348.1415221,-200.5351806,0,0;                                      3255P   3259
110,515.9754383,-348.1415221,-200.5351806,510.083965,               3257P   3260
-387.7005769,-201.1448789,0,0;                                      3257P   3261
110,510.083965,-387.7005769,-201.1448789,510.083965,                3259P   3262
-388.0203453,-180.3973429,0,0;                                      3259P   3263
126,14,5,0,0,1,0,0.0,0.0,0.0,0.0,0.0,0.0,2.007588206,               3261P   3264
2.007588206,2.007588206,4.01727488,4.01727488,4.01727488,           3261P   3265
6.026961555,6.026961555,6.026961555,6.66396897,6.66396897,          3261P   3266
6.66396897,6.66396897,6.66396897,6.66396897,1.0,1.0,1.0,1.0,1.0,    3261P   3267
1.0,1.0,1.0,1.0,1.0,1.0,1.0,1.0,1.0,1.0,510.083965,-388.0203453,    3261P   3268
-180.3973429,510.083965,-388.0247206,-180.1134608,510.0889119,      3261P   3269
-387.9958794,-179.8290671,510.0988069,-387.9337322,-179.5494462,    3261P   3270
510.1281306,-387.7450993,-179.0101452,510.1750859,-387.4371327,     3261P   3271
-178.5303043,510.2026334,-387.255514,-178.309898,510.26479,         3261P   3272
-386.8441152,-177.9167989,510.3385306,-386.3532498,-177.6317533,    3261P   3273
510.3776639,-386.0921533,-177.5194129,510.4311955,-385.7342471,     3261P   3274
-177.4140447,510.4860137,-385.3668127,-177.3662542,510.4992884,     3261P   3275
-385.2777824,-177.3580992,510.5125569,-385.1887412,-177.3533449,    3261P   3276
510.5258255,-385.0996478,-177.3519718,0.0,6.66396897,0.0,0.0,       3261P   3277
0.0,0,0;                                                            3261P   3278
110,510.5258255,-385.0996478,-177.3519718,515.5335778,              3263P   3279
-351.4744512,-176.8337283,0,0;                                      3263P   3280
102,6,3253,3255,3257,3259,3261,3263,0,0;                            3265P   3281
142,0,3251,0,3265,2,0,0;                                            3267P   3282
110,515.7618511,-349.6134362,-198.1075753,515.7618511,              3269P   3283
-349.8731036,-181.2595762,0,0;                                      3269P   3284
124,0.1472868321,4.183806079E-014,0.9890938222,515.3199907,         3271P   3285
0.9889763681,-0.01541052682,-0.1472693419,-352.8400327,             3271P   3286
0.01524245688,0.9998812508,-0.002269767677,-181.3053036,0,0;        3271P   3287
100,0.0,0.0,0.0,3.0,0.0,-9.383119282E-015,3.0,0,0;                  3273P   3288
110,515.3199907,-352.8862643,-178.3056598,510.7393702,              3275P   3289
-383.6434295,-178.7797003,0,0;                                      3275P   3290
124,3.789561257E-014,-0.1472868321,0.9890938222,510.7393702,        3277P   3291
-0.01541052682,-0.9889763681,-0.1472693419,-383.5971979,            3277P   3292
0.9998812508,-0.01524245688,-0.002269767677,-181.779344,0,0;        3277P   3293
100,0.0,0.0,0.0,3.0,0.0,-6.482835102E-014,3.0,0,0;                  3279P   3294
110,510.2975097,-386.564127,-181.8250714,510.2975097,               3281P   3295
-386.3044596,-198.6730705,0,0;                                      3281P   3296
124,-0.1472868321,-2.958223944E-014,0.9890938222,510.4447965,       3283P   3297
-0.9889763681,0.01541052682,-0.1472693419,-385.3154832,             3283P   3298
-0.01524245688,-0.9998812508,-0.002269767677,-198.657828,0,0;       3283P   3299
100,0.0,0.0,0.0,1.0,0.0,1.087810397E-013,1.0,0,0;                   3285P   3300
110,510.4447965,-385.3000727,-199.6577092,515.6145643,              3287P   3301
-350.5870021,-199.122699,0,0;                                       3287P   3302
124,1.136868377E-013,0.1472868321,0.9890938222,515.6145643,         3289P   3303
0.01541052682,0.9889763681,-0.1472693419,-350.6024126,              3289P   3304
-0.9998812508,0.01524245688,-0.002269767677,-198.1228178,0,0;       3289P   3305
100,0.0,0.0,0.0,1.0,0.0,2.893518758E-014,1.0,0,0;                   3291P   3306
102,8,3269,3273,3275,3279,3281,3285,3287,3291,0,0;                  3293P   3307
142,0,3251,0,3293,2,0,0;                                            3295P   3308
144,3251,1,1,3267,3295,0,0;                                         3297P   3309
108,-0.1472868321,-0.9889763681,-0.01524245688,272.8141434,0,       3299P   3310
517.7400388,-349.8925644,-199.1119961,1.0,0,0;                      3299P   3311
110,517.7400388,-349.9079749,-198.1121148,517.7400388,              3301P   3312
-350.1676423,-181.2641158,0,0;                                      3301P   3313
110,517.7400388,-350.1676423,-181.2641158,515.7618511,              3303P   3314
-349.8731036,-181.2595762,0,0;                                      3303P   3315
110,515.7618511,-349.8731036,-181.2595762,515.7618511,              3305P   3316
-349.6134362,-198.1075753,0,0;                                      3305P   3317
110,515.7618511,-349.6134362,-198.1075753,517.7400388,              3307P   3318
-349.9079749,-198.1121148,0,0;                                      3307P   3319
102,4,3301,3303,3305,3307,0,0;                                      3309P   3320
142,0,3299,0,3309,2,0,0;                                            3311P   3321
144,3299,1,0,3311,0,0;                                              3313P   3322
108,4.165678219E-014,-0.01541052682,0.9998812508,-193.6963229,0,    3315P   3323
512.2756973,-386.5835878,-199.6774912,1.0,0,0;                      3315P   3324
110,515.6145643,-350.5870021,-199.122699,510.4447965,               3317P   3325
-385.3000727,-199.6577092,0,0;                                      3317P   3326
110,510.4447965,-385.3000727,-199.6577092,512.4229841,              3319P   3327
-385.5946114,-199.6622488,0,0;                                      3319P   3328
110,512.4229841,-385.5946114,-199.6622488,517.592752,               3321P   3329
-350.8815408,-199.1272385,0,0;                                      3321P   3330
110,517.592752,-350.8815408,-199.1272385,515.6145643,               3323P   3331
-350.5870021,-199.122699,0,0;                                       3323P   3332
102,4,3317,3319,3321,3323,0,0;                                      3325P   3333
142,0,3315,0,3325,2,0,0;                                            3327P   3334
144,3315,1,0,3327,0,0;                                              3329P   3335
110,516.6036581,-350.749682,-198.1250875,515.6145643,               3331P   3336
-350.6024126,-198.1228178,0,0;                                      3331P   3337
110,517.7400388,-349.9079749,-198.1121148,515.7618511,              3333P   3338
-349.6134362,-198.1075753,0,0;                                      3333P   3339
120,3331,3333,0.0,6.283185307,0,0;                                  3335P   3340
110,515.6145643,-350.5870021,-199.122699,517.592752,                3337P   3341
-350.8815408,-199.1272385,0,0;                                      3337P   3342
124,1.136868377E-013,0.1472868321,0.9890938222,517.592752,          3339P   3343
0.01541052682,0.9889763681,-0.1472693419,-350.8969513,              3339P   3344
-0.9998812508,0.01524245688,-0.002269767677,-198.1273573,0,0;       3339P   3345
100,0.0,0.0,0.0,1.0,0.0,2.737914062E-014,1.0,0,0;                   3341P   3346
110,517.7400388,-349.9079749,-198.1121148,515.7618511,              3343P   3347
-349.6134362,-198.1075753,0,0;                                      3343P   3348
124,0.1472868321,1.0799521E-014,-0.9890938222,515.6145643,          3345P   3349
0.9889763681,0.01541052682,0.1472693419,-350.6024126,               3345P   3350
0.01524245688,-0.9998812508,0.002269767677,-198.1228178,0,0;        3345P   3351
100,0.0,0.0,0.0,1.0,0.0,-5.614259058E-014,1.0,0,0;                  3347P   3352
102,4,3337,3341,3343,3347,0,0;                                      3349P   3353
142,0,3335,0,3349,2,0,0;                                            3351P   3354
144,3335,1,0,3351,0,0;                                              3353P   3355
110,506.7694235,-386.4696947,-183.3738,505.7803296,-386.3224253,    3355P   3356
-183.3715303,0,0;                                                   3355P   3357
110,507.2639704,-386.5741504,-181.3751724,506.2748765,              3357P   3358
-386.4268811,-181.3729027,0,0;                                      3357P   3359
120,3355,3357,0.0,6.283185307,0,0;                                  3359P   3360
110,506.2748765,-386.4268811,-181.3729027,507.2639704,              3361P   3361
-386.5741504,-181.3751724,0,0;                                      3361P   3362
124,5.684341886E-014,0.1472868321,-0.9890938222,507.2639704,        3363P   3363
-0.01541052682,0.9889763681,0.1472693419,-386.5433294,              3363P   3364
0.9998812508,0.01524245688,0.002269767677,-183.3749349,0,0;         3363P   3365
100,0.0,0.0,0.0,2.0,0.0,1.043609643E-013,2.0,0,0;                   3365P   3366
110,507.558544,-384.5653766,-183.34445,506.5694502,-384.4181073,    3367P   3367
-183.3421802,0,0;                                                   3367P   3368
124,0.1472868321,3.769640849E-014,0.9890938222,506.2748765,         3369P   3369
0.9889763681,-0.01541052682,-0.1472693419,-386.39606,               3369P   3370
0.01524245688,0.9998812508,-0.002269767677,-183.3726652,0,0;        3369P   3371
100,0.0,0.0,0.0,2.0,0.0,1.043609643E-013,2.0,0,0;                   3371P   3372
102,4,3361,3365,3367,3371,0,0;                                      3373P   3373
142,0,3359,0,3373,2,0,0;                                            3375P   3374
144,3359,1,0,3375,0,0;                                              3377P   3375
108,-4.16225214E-014,0.01541052682,-0.9998812508,175.3963229,0,     3379P   3376
513.2078489,-346.6632138,-180.7600508,1.0,0,0;                      3379P   3377
110,506.1276322,-387.4155722,-181.3881407,507.1167154,              3381P   3378
-387.5629128,-181.3904116,0,0;                                      3381P   3379
110,507.1167154,-387.5629128,-181.3904116,507.2639704,              3383P   3380
-386.5741504,-181.3751724,0,0;                                      3383P   3381
110,507.2639704,-386.5741504,-181.3751724,506.2748765,              3385P   3382
-386.4268811,-181.3729027,0,0;                                      3385P   3383
110,506.2748765,-386.4268811,-181.3729027,506.1276322,              3387P   3384
-387.4155722,-181.3881407,0,0;                                      3387P   3385
102,4,3381,3383,3385,3387,0,0;                                      3389P   3386
142,0,3379,0,3389,2,0,0;                                            3391P   3387
144,3379,1,0,3391,0,0;                                              3393P   3388
108,-0.9890938222,0.1472693419,0.002269767677,-559.0738595,0,       3395P   3389
552.9765006,-82.33443936,-1.268967775,1.0,0,0;                      3395P   3390
110,507.1167154,-387.5629128,-181.3904116,507.1167154,              3397P   3391
-387.289376,-199.1383038,0,0;                                       3397P   3392
110,507.1167154,-387.289376,-199.1383038,507.2639704,               3399P   3393
-386.3006136,-199.1230646,0,0;                                      3399P   3394
124,-5.684341886E-014,0.1472868321,0.9890938222,507.2639704,        3401P   3395
0.01541052682,0.9889763681,-0.1472693419,-386.3314346,              3401P   3396
-0.9998812508,0.01524245688,-0.002269767677,-197.1233021,0,0;       3401P   3397
100,0.0,0.0,0.0,2.0,0.0,3.448283326E-014,2.0,0,0;                   3403P   3398
110,507.558544,-384.3534819,-197.0928172,507.558544,                3405P   3399
-384.5653766,-183.34445,0,0;                                        3405P   3400
124,0.1472868321,3.769640849E-014,0.9890938222,507.2639704,         3407P   3401
0.9889763681,-0.01541052682,-0.1472693419,-386.5433294,             3407P   3402
0.01524245688,0.9998812508,-0.002269767677,-183.3749349,0,0;        3407P   3403
100,0.0,0.0,0.0,2.0,0.0,1.043609643E-013,2.0,0,0;                   3409P   3404
110,507.2639704,-386.5741504,-181.3751724,507.1167154,              3411P   3405
-387.5629128,-181.3904116,0,0;                                      3411P   3406
102,6,3397,3399,3403,3405,3409,3411,0,0;                            3413P   3407
142,0,3395,0,3413,2,0,0;                                            3415P   3408
144,3395,1,0,3415,0,0;                                              3417P   3409
108,0.1472868321,0.9889763681,0.01524245688,-308.3639993,0,         3419P   3410
507.558544,-384.5653766,-183.34445,1.0,0,0;                         3419P   3411
110,506.5694502,-384.4181073,-183.3421802,507.558544,               3421P   3412
-384.5653766,-183.34445,0,0;                                        3421P   3413
110,507.558544,-384.5653766,-183.34445,507.558544,-384.3534819,     3423P   3414
-197.0928172,0,0;                                                   3423P   3415
110,507.558544,-384.3534819,-197.0928172,506.5694502,               3425P   3416
-384.2062125,-197.0905474,0,0;                                      3425P   3417
110,506.5694502,-384.2062125,-197.0905474,506.5694502,              3427P   3418
-384.4181073,-183.3421802,0,0;                                      3427P   3419
102,4,3421,3423,3425,3427,0,0;                                      3429P   3420
142,0,3419,0,3429,2,0,0;                                            3431P   3421
144,3419,1,0,3431,0,0;                                              3433P   3422
108,-0.9890938222,0.1472693419,0.002269767677,-558.0738595,0,       3435P   3423
551.9874068,-82.18717002,-1.266698008,1.0,0,0;                      3435P   3424
110,506.1276322,-387.4155722,-181.3881407,506.2748765,              3437P   3425
-386.4268811,-181.3729027,0,0;                                      3437P   3426
124,5.684341886E-014,0.1472868321,-0.9890938222,506.2748765,        3439P   3427
-0.01541052682,0.9889763681,0.1472693419,-386.39606,                3439P   3428
0.9998812508,0.01524245688,0.002269767677,-183.3726652,0,0;         3439P   3429
100,0.0,0.0,0.0,2.0,0.0,1.597021126E-013,2.0,0,0;                   3441P   3430
110,506.5694502,-384.4181073,-183.3421802,506.5694502,              3443P   3431
-384.2062125,-197.0905474,0,0;                                      3443P   3432
124,0.1472868321,-4.378095109E-014,-0.9890938222,506.2748765,       3445P   3433
0.9889763681,0.01541052682,0.1472693419,-386.1841653,               3445P   3434
0.01524245688,-0.9998812508,0.002269767677,-197.1210324,0,0;        3445P   3435
100,0.0,0.0,0.0,2.0,0.0,9.069828222E-014,2.0,0,0;                   3447P   3436
110,506.2748765,-386.1533442,-199.1207949,506.1276322,              3449P   3437
-387.1420353,-199.1360329,0,0;                                      3449P   3438
110,506.1276322,-387.1420353,-199.1360329,506.1276322,              3451P   3439
-387.4155722,-181.3881407,0,0;                                      3451P   3440
102,6,3437,3441,3443,3447,3449,3451,0,0;                            3453P   3441
142,0,3435,0,3453,2,0,0;                                            3455P   3442
144,3435,1,0,3455,0,0;                                              3457P   3443
110,506.7694235,-386.2577999,-197.1221672,505.7803296,              3459P   3444
-386.1105306,-197.1198975,0,0;                                      3459P   3445
110,507.558544,-384.3534819,-197.0928172,506.5694502,               3461P   3446
-384.2062125,-197.0905474,0,0;                                      3461P   3447
120,3459,3461,0.0,6.283185307,0,0;                                  3463P   3448
110,506.5694502,-384.2062125,-197.0905474,507.558544,               3465P   3449
-384.3534819,-197.0928172,0,0;                                      3465P   3450
124,0.1472868321,-4.378095109E-014,-0.9890938222,507.2639704,       3467P   3451
0.9889763681,0.01541052682,0.1472693419,-386.3314346,               3467P   3452
0.01524245688,-0.9998812508,0.002269767677,-197.1233021,0,0;        3467P   3453
100,0.0,0.0,0.0,2.0,0.0,3.448283326E-014,2.0,0,0;                   3469P   3454
110,507.2639704,-386.3006136,-199.1230646,506.2748765,              3471P   3455
-386.1533442,-199.1207949,0,0;                                      3471P   3456
124,-5.684341886E-014,0.1472868321,0.9890938222,506.2748765,        3473P   3457
0.01541052682,0.9889763681,-0.1472693419,-386.1841653,              3473P   3458
-0.9998812508,0.01524245688,-0.002269767677,-197.1210324,0,0;       3473P   3459
100,0.0,0.0,0.0,2.0,0.0,3.360853262E-014,2.0,0,0;                   3475P   3460
102,4,3465,3469,3471,3475,0,0;                                      3477P   3461
142,0,3463,0,3477,2,0,0;                                            3479P   3462
144,3463,1,0,3479,0,0;                                              3481P   3463
108,4.000836121E-014,-0.01541052682,0.9998812508,-193.1463229,0,    3483P   3464
512.86087,-348.7195115,-198.5438513,1.0,0,0;                        3483P   3465
110,507.1167154,-387.289376,-199.1383038,506.1276322,               3485P   3466
-387.1420353,-199.1360329,0,0;                                      3485P   3467
110,506.1276322,-387.1420353,-199.1360329,506.2748765,              3487P   3468
-386.1533442,-199.1207949,0,0;                                      3487P   3469
110,506.2748765,-386.1533442,-199.1207949,507.2639704,              3489P   3470
-386.3006136,-199.1230646,0,0;                                      3489P   3471
110,507.2639704,-386.3006136,-199.1230646,507.1167154,              3491P   3472
-387.289376,-199.1383038,0,0;                                       3491P   3473
102,4,3485,3487,3489,3491,0,0;                                      3493P   3474
142,0,3483,0,3493,2,0,0;                                            3495P   3475
144,3483,1,0,3495,0,0;                                              3497P   3476
110,512.3663231,-348.6766979,-196.5429539,511.3772293,              3499P   3477
-348.5294285,-196.5406841,0,0;                                      3499P   3478
110,512.86087,-348.7195115,-198.5438513,511.8717762,                3501P   3479
-348.5722421,-198.5415815,0,0;                                      3501P   3480
120,3499,3501,0.0,6.283185307,0,0;                                  3503P   3481
110,511.8717762,-348.5722421,-198.5415815,512.86087,                3505P   3482
-348.7195115,-198.5438513,0,0;                                      3505P   3483
124,0.0,-0.1472868321,-0.9890938222,512.86087,0.01541052682,        3507P   3484
-0.9889763681,0.1472693419,-348.7503325,-0.9998812508,              3507P   3485
-0.01524245688,0.002269767677,-196.5440888,0,0;                     3507P   3486
100,0.0,0.0,0.0,2.0,0.0,-8.164996457E-014,2.0,0,0;                  3509P   3487
110,512.5662963,-350.7282853,-196.5745737,511.5772025,              3511P   3488
-350.5810159,-196.5723039,0,0;                                      3511P   3489
124,-0.1472868321,-4.188186256E-014,0.9890938222,511.8717762,       3513P   3490
-0.9889763681,0.01541052682,-0.1472693419,-348.6030632,             3513P   3491
-0.01524245688,-0.9998812508,-0.002269767677,-196.541819,0,0;       3513P   3492
100,0.0,0.0,0.0,2.0,0.0,-2.54345156E-014,2.0,0,0;                   3515P   3493
102,4,3505,3509,3511,3515,0,0;                                      3517P   3494
142,0,3503,0,3517,2,0,0;                                            3519P   3495
144,3503,1,0,3519,0,0;                                              3521P   3496
110,512.0191055,-347.5829805,-198.5263346,513.0081887,              3523P   3497
-347.7303211,-198.5286055,0,0;                                      3523P   3498
110,513.0081887,-347.7303211,-198.5286055,512.86087,                3525P   3499
-348.7195115,-198.5438513,0,0;                                      3525P   3500
110,512.86087,-348.7195115,-198.5438513,511.8717762,                3527P   3501
-348.5722421,-198.5415815,0,0;                                      3527P   3502
110,511.8717762,-348.5722421,-198.5415815,512.0191055,              3529P   3503
-347.5829805,-198.5263346,0,0;                                      3529P   3504
102,4,3523,3525,3527,3529,0,0;                                      3531P   3505
142,0,3483,0,3531,2,0,0;                                            3533P   3506
144,3483,1,0,3533,0,0;                                              3535P   3507
110,513.0081887,-347.7303211,-198.5286055,513.0081887,              3537P   3508
-348.003858,-180.7807133,0,0;                                       3537P   3509
110,513.0081887,-348.003858,-180.7807133,512.86087,-348.9930483,    3539P   3510
-180.7959591,0,0;                                                   3539P   3511
124,5.684341886E-014,-0.1472868321,0.9890938222,512.86087,          3541P   3512
-0.01541052682,-0.9889763681,-0.1472693419,-348.9622273,            3541P   3513
0.9998812508,-0.01524245688,-0.002269767677,-182.7957216,0,0;       3541P   3514
100,0.0,0.0,0.0,2.0,0.0,-1.339171829E-013,2.0,0,0;                  3543P   3515
110,512.5662963,-350.94018,-182.8262065,512.5662963,                3545P   3516
-350.7282853,-196.5745737,0,0;                                      3545P   3517
124,-0.1472868321,-4.188142888E-014,0.9890938222,512.86087,         3547P   3518
-0.9889763681,0.01541052682,-0.1472693419,-348.7503325,             3547P   3519
-0.01524245688,-0.9998812508,-0.002269767677,-196.5440888,0,0;      3547P   3520
100,0.0,0.0,0.0,2.0,0.0,-8.164996457E-014,2.0,0,0;                  3549P   3521
110,512.86087,-348.7195115,-198.5438513,513.0081887,                3551P   3522
-347.7303211,-198.5286055,0,0;                                      3551P   3523
102,6,3537,3539,3543,3545,3549,3551,0,0;                            3553P   3524
142,0,3395,0,3553,2,0,0;                                            3555P   3525
144,3395,1,0,3555,0,0;                                              3557P   3526
108,0.1472868321,0.9889763681,0.01524245688,-274.3639992,0,         3559P   3527
512.5662963,-350.94018,-182.8262065,1.0,0,0;                        3559P   3528
110,511.5772025,-350.5810159,-196.5723039,512.5662963,              3561P   3529
-350.7282853,-196.5745737,0,0;                                      3561P   3530
110,512.5662963,-350.7282853,-196.5745737,512.5662963,              3563P   3531
-350.94018,-182.8262065,0,0;                                        3563P   3532
110,512.5662963,-350.94018,-182.8262065,511.5772025,                3565P   3533
-350.7929107,-182.8239367,0,0;                                      3565P   3534
110,511.5772025,-350.7929107,-182.8239367,511.5772025,              3567P   3535
-350.5810159,-196.5723039,0,0;                                      3567P   3536
102,4,3561,3563,3565,3567,0,0;                                      3569P   3537
142,0,3559,0,3569,2,0,0;                                            3571P   3538
144,3559,1,0,3571,0,0;                                              3573P   3539
110,512.0191055,-347.5829805,-198.5263346,511.8717762,              3575P   3540
-348.5722421,-198.5415815,0,0;                                      3575P   3541
124,0.0,-0.1472868321,-0.9890938222,511.8717762,0.01541052682,      3577P   3542
-0.9889763681,0.1472693419,-348.6030632,-0.9998812508,              3577P   3543
-0.01524245688,0.002269767677,-196.541819,0,0;                      3577P   3544
100,0.0,0.0,0.0,2.0,0.0,-8.077566394E-014,2.0,0,0;                  3579P   3545
110,511.5772025,-350.5810159,-196.5723039,511.5772025,              3581P   3546
-350.7929107,-182.8239367,0,0;                                      3581P   3547
124,-0.1472868321,3.965968179E-014,-0.9890938222,511.8717762,       3583P   3548
-0.9889763681,-0.01541052682,0.1472693419,-348.8149579,             3583P   3549
-0.01524245688,0.9998812508,0.002269767677,-182.7934518,0,0;        3583P   3550
100,0.0,0.0,0.0,2.0,0.0,-1.255454074E-013,2.0,0,0;                  3585P   3551
110,511.8717762,-348.845779,-180.7936893,512.0191055,               3587P   3552
-347.8565173,-180.7784424,0,0;                                      3587P   3553
110,512.0191055,-347.8565173,-180.7784424,512.0191055,              3589P   3554
-347.5829805,-198.5263346,0,0;                                      3589P   3555
102,6,3575,3579,3581,3585,3587,3589,0,0;                            3591P   3556
142,0,3435,0,3591,2,0,0;                                            3593P   3557
144,3435,1,0,3593,0,0;                                              3595P   3558
110,512.3663231,-348.8885926,-182.7945867,511.3772293,              3597P   3559
-348.7413233,-182.7923169,0,0;                                      3597P   3560
110,512.5662963,-350.94018,-182.8262065,511.5772025,                3599P   3561
-350.7929107,-182.8239367,0,0;                                      3599P   3562
120,3597,3599,0.0,6.283185307,0,0;                                  3601P   3563
110,511.5772025,-350.7929107,-182.8239367,512.5662963,              3603P   3564
-350.94018,-182.8262065,0,0;                                        3603P   3565
124,-0.1472868321,3.965968179E-014,-0.9890938222,512.86087,         3605P   3566
-0.9889763681,-0.01541052682,0.1472693419,-348.9622273,             3605P   3567
-0.01524245688,0.9998812508,0.002269767677,-182.7957216,0,0;        3605P   3568
100,0.0,0.0,0.0,2.0,0.0,-1.339171829E-013,2.0,0,0;                  3607P   3569
110,512.86087,-348.9930483,-180.7959591,511.8717762,-348.845779,    3609P   3570
-180.7936893,0,0;                                                   3609P   3571
124,5.684341886E-014,-0.1472868321,0.9890938222,511.8717762,        3611P   3572
-0.01541052682,-0.9889763681,-0.1472693419,-348.8149579,            3611P   3573
0.9998812508,-0.01524245688,-0.002269767677,-182.7934518,0,0;       3611P   3574
100,0.0,0.0,0.0,2.0,0.0,-7.681702496E-014,2.0,0,0;                  3613P   3575
102,4,3603,3607,3609,3613,0,0;                                      3615P   3576
142,0,3601,0,3615,2,0,0;                                            3617P   3577
144,3601,1,0,3617,0,0;                                              3619P   3578
110,513.0081887,-348.003858,-180.7807133,512.0191055,               3621P   3579
-347.8565173,-180.7784424,0,0;                                      3621P   3580
110,512.0191055,-347.8565173,-180.7784424,511.8717762,              3623P   3581
-348.845779,-180.7936893,0,0;                                       3623P   3582
110,511.8717762,-348.845779,-180.7936893,512.86087,-348.9930483,    3625P   3583
-180.7959591,0,0;                                                   3625P   3584
110,512.86087,-348.9930483,-180.7959591,513.0081887,-348.003858,    3627P   3585
-180.7807133,0,0;                                                   3627P   3586
102,4,3621,3623,3625,3627,0,0;                                      3629P   3587
142,0,3379,0,3629,2,0,0;                                            3631P   3588
144,3379,1,0,3631,0,0;                                              3633P   3589
108,0.1473581621,0.9889657449,0.01524229315,-311.3234635,0,         3635P   3590
512.0621314,-387.9952582,-201.1494206,1.0,0,0;                      3635P   3591
110,510.083965,-387.7005769,-201.1448789,488.1597161,               3637P   3592
-384.4345894,-201.0945423,0,0;                                      3637P   3593
110,488.1597161,-384.4345894,-201.0945423,488.1597161,              3639P   3594
-384.7543578,-180.3470064,0,0;                                      3639P   3595
110,488.1597161,-384.7543578,-180.3470064,510.083965,               3641P   3596
-388.0203453,-180.3973429,0,0;                                      3641P   3597
110,510.083965,-388.0203453,-180.3973429,510.083965,                3643P   3598
-387.7005769,-201.1448789,0,0;                                      3643P   3599
102,4,3637,3639,3641,3643,0,0;                                      3645P   3600
142,0,3635,0,3645,2,0,0;                                            3647P   3601
110,507.1167154,-387.5629128,-181.3904116,506.1276322,              3649P   3602
-387.4155722,-181.3881407,0,0;                                      3649P   3603
110,506.1276322,-387.4155722,-181.3881407,506.1276322,              3651P   3604
-387.1420353,-199.1360329,0,0;                                      3651P   3605
110,506.1276322,-387.1420353,-199.1360329,507.1167154,              3653P   3606
-387.289376,-199.1383038,0,0;                                       3653P   3607
110,507.1167154,-387.289376,-199.1383038,507.1167154,               3655P   3608
-387.5629128,-181.3904116,0,0;                                      3655P   3609
102,4,3649,3651,3653,3655,0,0;                                      3657P   3610
142,0,3635,0,3657,2,0,0;                                            3659P   3611
110,502.1712994,-386.8262095,-181.3790572,501.1822162,              3661P   3612
-386.6788688,-181.3767864,0,0;                                      3661P   3613
110,501.1822162,-386.6788688,-181.3767864,501.1822162,              3663P   3614
-386.405332,-199.1246786,0,0;                                       3663P   3615
110,501.1822162,-386.405332,-199.1246786,502.1712994,               3665P   3616
-386.5526726,-199.1269494,0,0;                                      3665P   3617
110,502.1712994,-386.5526726,-199.1269494,502.1712994,              3667P   3618
-386.8262095,-181.3790572,0,0;                                      3667P   3619
102,4,3661,3663,3665,3667,0,0;                                      3669P   3620
142,0,3635,0,3669,2,0,0;                                            3671P   3621
110,497.2258834,-386.0895062,-181.3677029,496.2368002,              3673P   3622
-385.9421655,-181.365432,0,0;                                       3673P   3623
110,496.2368002,-385.9421655,-181.365432,496.2368002,               3675P   3624
-385.6686287,-199.1133242,0,0;                                      3675P   3625
110,496.2368002,-385.6686287,-199.1133242,497.2258834,              3677P   3626
-385.8159693,-199.1155951,0,0;                                      3677P   3627
110,497.2258834,-385.8159693,-199.1155951,497.2258834,              3679P   3628
-386.0895062,-181.3677029,0,0;                                      3679P   3629
102,4,3673,3675,3677,3679,0,0;                                      3681P   3630
142,0,3635,0,3681,2,0,0;                                            3683P   3631
110,492.2804674,-385.3528029,-181.3563486,491.2913842,              3685P   3632
-385.2054622,-181.3540777,0,0;                                      3685P   3633
110,491.2913842,-385.2054622,-181.3540777,491.2913842,              3687P   3634
-384.9319254,-199.1019699,0,0;                                      3687P   3635
110,491.2913842,-384.9319254,-199.1019699,492.2804674,              3689P   3636
-385.079266,-199.1042408,0,0;                                       3689P   3637
110,492.2804674,-385.079266,-199.1042408,492.2804674,               3691P   3638
-385.3528029,-181.3563486,0,0;                                      3691P   3639
102,4,3685,3687,3689,3691,0,0;                                      3693P   3640
142,0,3635,0,3693,2,0,0;                                            3695P   3641
144,3635,1,4,3647,3659,3671,3683,3695,0,0;                          3697P   3642
108,-0.1473581621,-0.9889657449,-0.01524229315,271.3234635,0,       3699P   3643
494.0540426,-344.8759596,-200.4848506,1.0,0,0;                      3699P   3644
110,515.9754383,-348.4612905,-179.7876447,494.0540426,              3701P   3645
-345.195728,-179.7373146,0,0;                                       3701P   3646
110,494.0540426,-345.195728,-179.7373146,494.0540426,               3703P   3647
-344.8759596,-200.4848506,0,0;                                      3703P   3648
110,494.0540426,-344.8759596,-200.4848506,515.9754383,              3705P   3649
-348.1415221,-200.5351806,0,0;                                      3705P   3650
110,515.9754383,-348.1415221,-200.5351806,515.9754383,              3707P   3651
-348.4612905,-179.7876447,0,0;                                      3707P   3652
102,4,3701,3703,3705,3707,0,0;                                      3709P   3653
142,0,3699,0,3709,2,0,0;                                            3711P   3654
110,513.0081887,-347.7303211,-198.5286055,512.0191055,              3713P   3655
-347.5829805,-198.5263346,0,0;                                      3713P   3656
110,512.0191055,-347.5829805,-198.5263346,512.0191055,              3715P   3657
-347.8565173,-180.7784424,0,0;                                      3715P   3658
110,512.0191055,-347.8565173,-180.7784424,513.0081887,              3717P   3659
-348.003858,-180.7807133,0,0;                                       3717P   3660
110,513.0081887,-348.003858,-180.7807133,513.0081887,               3719P   3661
-347.7303211,-198.5286055,0,0;                                      3719P   3662
102,4,3713,3715,3717,3719,0,0;                                      3721P   3663
142,0,3699,0,3721,2,0,0;                                            3723P   3664
110,508.0627727,-346.9936178,-198.5172512,507.0736895,              3725P   3665
-346.8462772,-198.5149803,0,0;                                      3725P   3666
110,507.0736895,-346.8462772,-198.5149803,507.0736895,              3727P   3667
-347.119814,-180.7670881,0,0;                                       3727P   3668
110,507.0736895,-347.119814,-180.7670881,508.0627727,               3729P   3669
-347.2671547,-180.769359,0,0;                                       3729P   3670
110,508.0627727,-347.2671547,-180.769359,508.0627727,               3731P   3671
-346.9936178,-198.5172512,0,0;                                      3731P   3672
102,4,3725,3727,3729,3731,0,0;                                      3733P   3673
142,0,3699,0,3733,2,0,0;                                            3735P   3674
110,503.1173567,-346.2569145,-198.5058968,502.1282735,              3737P   3675
-346.1095738,-198.503626,0,0;                                       3737P   3676
110,502.1282735,-346.1095738,-198.503626,502.1282735,               3739P   3677
-346.3831107,-180.7557338,0,0;                                      3739P   3678
110,502.1282735,-346.3831107,-180.7557338,503.1173567,              3741P   3679
-346.5304514,-180.7580046,0,0;                                      3741P   3680
110,503.1173567,-346.5304514,-180.7580046,503.1173567,              3743P   3681
-346.2569145,-198.5058968,0,0;                                      3743P   3682
102,4,3737,3739,3741,3743,0,0;                                      3745P   3683
142,0,3699,0,3745,2,0,0;                                            3747P   3684
110,498.1719407,-345.5202112,-198.4945425,497.1828575,              3749P   3685
-345.3728705,-198.4922716,0,0;                                      3749P   3686
110,497.1828575,-345.3728705,-198.4922716,497.1828575,              3751P   3687
-345.6464074,-180.7443794,0,0;                                      3751P   3688
110,497.1828575,-345.6464074,-180.7443794,498.1719407,              3753P   3689
-345.793748,-180.7466503,0,0;                                       3753P   3690
110,498.1719407,-345.793748,-180.7466503,498.1719407,               3755P   3691
-345.5202112,-198.4945425,0,0;                                      3755P   3692
102,4,3749,3751,3753,3755,0,0;                                      3757P   3693
142,0,3699,0,3757,2,0,0;                                            3759P   3694
144,3699,1,4,3711,3723,3735,3747,3759,0,0;                          3761P   3695
110,507.4209071,-347.9399945,-196.5315995,506.4318133,              3763P   3696
-347.7927252,-196.5293298,0,0;                                      3763P   3697
110,507.915454,-347.9828082,-198.5324969,506.9263602,               3765P   3698
-347.8355388,-198.5302272,0,0;                                      3765P   3699
120,3763,3765,0.0,6.283185307,0,0;                                  3767P   3700
110,506.9263602,-347.8355388,-198.5302272,507.915454,               3769P   3701
-347.9828082,-198.5324969,0,0;                                      3769P   3702
124,0.0,-0.1472868321,-0.9890938222,507.915454,0.01541052682,       3771P   3703
-0.9889763681,0.1472693419,-348.0136292,-0.9998812508,              3771P   3704
-0.01524245688,0.002269767677,-196.5327344,0,0;                     3771P   3705
100,0.0,0.0,0.0,2.0,0.0,-8.165343401E-014,2.0,0,0;                  3773P   3706
110,507.6208803,-349.9915819,-196.5632193,506.6317865,              3775P   3707
-349.8443126,-196.5609496,0,0;                                      3775P   3708
124,-0.1472868321,-4.188186256E-014,0.9890938222,506.9263602,       3777P   3709
-0.9889763681,0.01541052682,-0.1472693419,-347.8663599,             3777P   3710
-0.01524245688,-0.9998812508,-0.002269767677,-196.5304647,0,0;      3777P   3711
100,0.0,0.0,0.0,2.0,0.0,-8.12162837E-014,2.0,0,0;                   3779P   3712
102,4,3769,3773,3775,3779,0,0;                                      3781P   3713
142,0,3767,0,3781,2,0,0;                                            3783P   3714
144,3767,1,0,3783,0,0;                                              3785P   3715
110,507.0736895,-346.8462772,-198.5149803,508.0627727,              3787P   3716
-346.9936178,-198.5172512,0,0;                                      3787P   3717
110,508.0627727,-346.9936178,-198.5172512,507.915454,               3789P   3718
-347.9828082,-198.5324969,0,0;                                      3789P   3719
110,507.915454,-347.9828082,-198.5324969,506.9263602,               3791P   3720
-347.8355388,-198.5302272,0,0;                                      3791P   3721
110,506.9263602,-347.8355388,-198.5302272,507.0736895,              3793P   3722
-346.8462772,-198.5149803,0,0;                                      3793P   3723
102,4,3787,3789,3791,3793,0,0;                                      3795P   3724
142,0,3483,0,3795,2,0,0;                                            3797P   3725
144,3483,1,0,3797,0,0;                                              3799P   3726
108,-0.9890938222,0.1472693419,0.002269767677,-554.0738595,0,       3801P   3727
548.0310846,-81.59773605,-1.257613441,1.0,0,0;                      3801P   3728
110,508.0627727,-346.9936178,-198.5172512,508.0627727,              3803P   3729
-347.2671547,-180.769359,0,0;                                       3803P   3730
110,508.0627727,-347.2671547,-180.769359,507.915454,-348.256345,    3805P   3731
-180.7846047,0,0;                                                   3805P   3732
124,5.684341886E-014,-0.1472868321,0.9890938222,507.915454,         3807P   3733
-0.01541052682,-0.9889763681,-0.1472693419,-348.225524,             3807P   3734
0.9998812508,-0.01524245688,-0.002269767677,-182.7843672,0,0;       3807P   3735
100,0.0,0.0,0.0,2.0,0.0,-1.347914835E-013,2.0,0,0;                  3809P   3736
110,507.6208803,-350.2034767,-182.8148521,507.6208803,              3811P   3737
-349.9915819,-196.5632193,0,0;                                      3811P   3738
124,-0.1472868321,-4.188186256E-014,0.9890938222,507.915454,        3813P   3739
-0.9889763681,0.01541052682,-0.1472693419,-348.0136292,             3813P   3740
-0.01524245688,-0.9998812508,-0.002269767677,-196.5327344,0,0;      3813P   3741
100,0.0,0.0,0.0,2.0,0.0,-8.165343401E-014,2.0,0,0;                  3815P   3742
110,507.915454,-347.9828082,-198.5324969,508.0627727,               3817P   3743
-346.9936178,-198.5172512,0,0;                                      3817P   3744
102,6,3803,3805,3809,3811,3815,3817,0,0;                            3819P   3745
142,0,3801,0,3819,2,0,0;                                            3821P   3746
144,3801,1,0,3821,0,0;                                              3823P   3747
108,0.1472868321,0.9889763681,0.01524245688,-274.3636386,0,         3825P   3748
507.6208803,-350.2034767,-182.8148521,1.0,0,0;                      3825P   3749
110,506.6317865,-349.8443126,-196.5609496,507.6208803,              3827P   3750
-349.9915819,-196.5632193,0,0;                                      3827P   3751
110,507.6208803,-349.9915819,-196.5632193,507.6208803,              3829P   3752
-350.2034767,-182.8148521,0,0;                                      3829P   3753
110,507.6208803,-350.2034767,-182.8148521,506.6317865,              3831P   3754
-350.0562073,-182.8125824,0,0;                                      3831P   3755
110,506.6317865,-350.0562073,-182.8125824,506.6317865,              3833P   3756
-349.8443126,-196.5609496,0,0;                                      3833P   3757
102,4,3827,3829,3831,3833,0,0;                                      3835P   3758
142,0,3825,0,3835,2,0,0;                                            3837P   3759
144,3825,1,0,3837,0,0;                                              3839P   3760
108,-0.9890938222,0.1472693419,0.002269767677,-553.0738595,0,       3841P   3761
547.0419908,-81.4504667,-1.255343673,1.0,0,0;                       3841P   3762
110,507.0736895,-346.8462772,-198.5149803,506.9263602,              3843P   3763
-347.8355388,-198.5302272,0,0;                                      3843P   3764
124,0.0,-0.1472868321,-0.9890938222,506.9263602,0.01541052682,      3845P   3765
-0.9889763681,0.1472693419,-347.8663599,-0.9998812508,              3845P   3766
-0.01524245688,0.002269767677,-196.5304647,0,0;                     3845P   3767
100,0.0,0.0,0.0,2.0,0.0,-1.10071674E-013,2.0,0,0;                   3847P   3768
110,506.6317865,-349.8443126,-196.5609496,506.6317865,              3849P   3769
-350.0562073,-182.8125824,0,0;                                      3849P   3770
124,-0.1472868321,3.965968179E-014,-0.9890938222,506.9263602,       3851P   3771
-0.9889763681,-0.01541052682,0.1472693419,-348.0782546,             3851P   3772
-0.01524245688,0.9998812508,0.002269767677,-182.7820975,0,0;        3851P   3773
100,0.0,0.0,0.0,2.0,0.0,-1.339171829E-013,2.0,0,0;                  3853P   3774
110,506.9263602,-348.1090757,-180.782335,507.0736895,               3855P   3775
-347.119814,-180.7670881,0,0;                                       3855P   3776
110,507.0736895,-347.119814,-180.7670881,507.0736895,               3857P   3777
-346.8462772,-198.5149803,0,0;                                      3857P   3778
102,6,3843,3847,3849,3853,3855,3857,0,0;                            3859P   3779
142,0,3841,0,3859,2,0,0;                                            3861P   3780
144,3841,1,0,3861,0,0;                                              3863P   3781
110,507.4209071,-348.1518893,-182.7832323,506.4318133,              3865P   3782
-348.0046199,-182.7809626,0,0;                                      3865P   3783
110,507.6208803,-350.2034767,-182.8148521,506.6317865,              3867P   3784
-350.0562073,-182.8125824,0,0;                                      3867P   3785
120,3865,3867,0.0,6.283185307,0,0;                                  3869P   3786
110,506.6317865,-350.0562073,-182.8125824,507.6208803,              3871P   3787
-350.2034767,-182.8148521,0,0;                                      3871P   3788
124,-0.1472868321,3.959549702E-014,-0.9890938222,507.915454,        3873P   3789
-0.9889763681,-0.01541052682,0.1472693419,-348.225524,              3873P   3790
-0.01524245688,0.9998812508,0.002269767677,-182.7843672,0,0;        3873P   3791
100,0.0,0.0,0.0,2.0,0.0,-1.347914835E-013,2.0,0,0;                  3875P   3792
110,507.915454,-348.256345,-180.7846047,506.9263602,                3877P   3793
-348.1090757,-180.782335,0,0;                                       3877P   3794
124,5.684341886E-014,-0.1472868321,0.9890938222,506.9263602,        3879P   3795
-0.01541052682,-0.9889763681,-0.1472693419,-348.0782546,            3879P   3796
0.9998812508,-0.01524245688,-0.002269767677,-182.7820975,0,0;       3879P   3797
100,0.0,0.0,0.0,2.0,0.0,-1.61901742E-013,2.0,0,0;                   3881P   3798
102,4,3871,3875,3877,3881,0,0;                                      3883P   3799
142,0,3869,0,3883,2,0,0;                                            3885P   3800
144,3869,1,0,3885,0,0;                                              3887P   3801
110,508.0627727,-347.2671547,-180.769359,507.0736895,               3889P   3802
-347.119814,-180.7670881,0,0;                                       3889P   3803
110,507.0736895,-347.119814,-180.7670881,506.9263602,               3891P   3804
-348.1090757,-180.782335,0,0;                                       3891P   3805
110,506.9263602,-348.1090757,-180.782335,507.915454,-348.256345,    3893P   3806
-180.7846047,0,0;                                                   3893P   3807
110,507.915454,-348.256345,-180.7846047,508.0627727,                3895P   3808
-347.2671547,-180.769359,0,0;                                       3895P   3809
102,4,3889,3891,3893,3895,0,0;                                      3897P   3810
142,0,3379,0,3897,2,0,0;                                            3899P   3811
144,3379,1,0,3899,0,0;                                              3901P   3812
110,496.8785915,-384.9962881,-183.3510914,495.8894977,              3903P   3813
-384.8490187,-183.3488216,0,0;                                      3903P   3814
110,497.3731384,-385.1007438,-181.3524638,496.3840446,              3905P   3815
-384.9534744,-181.350194,0,0;                                       3905P   3816
120,3903,3905,0.0,6.283185307,0,0;                                  3907P   3817
110,496.3840446,-384.9534744,-181.350194,497.3731384,               3909P   3818
-385.1007438,-181.3524638,0,0;                                      3909P   3819
124,5.684341886E-014,0.1472868321,-0.9890938222,497.3731384,        3911P   3820
-0.01541052682,0.9889763681,0.1472693419,-385.0699227,              3911P   3821
0.9998812508,0.01524245688,0.002269767677,-183.3522263,0,0;         3911P   3822
100,0.0,0.0,0.0,2.0,0.0,1.043609643E-013,2.0,0,0;                   3913P   3823
110,497.6677121,-383.09197,-183.3217413,496.6786182,                3915P   3824
-382.9447006,-183.3194716,0,0;                                      3915P   3825
124,0.1472868321,3.769640849E-014,0.9890938222,496.3840446,         3917P   3826
0.9889763681,-0.01541052682,-0.1472693419,-384.9226534,             3917P   3827
0.01524245688,0.9998812508,-0.002269767677,-183.3499565,0,0;        3917P   3828
100,0.0,0.0,0.0,2.0,0.0,1.043609643E-013,2.0,0,0;                   3919P   3829
102,4,3909,3913,3915,3919,0,0;                                      3921P   3830
142,0,3907,0,3921,2,0,0;                                            3923P   3831
144,3907,1,0,3923,0,0;                                              3925P   3832
110,496.2368002,-385.9421655,-181.365432,497.2258834,               3927P   3833
-386.0895062,-181.3677029,0,0;                                      3927P   3834
110,497.2258834,-386.0895062,-181.3677029,497.3731384,              3929P   3835
-385.1007438,-181.3524638,0,0;                                      3929P   3836
110,497.3731384,-385.1007438,-181.3524638,496.3840446,              3931P   3837
-384.9534744,-181.350194,0,0;                                       3931P   3838
110,496.3840446,-384.9534744,-181.350194,496.2368002,               3933P   3839
-385.9421655,-181.365432,0,0;                                       3933P   3840
102,4,3927,3929,3931,3933,0,0;                                      3935P   3841
142,0,3379,0,3935,2,0,0;                                            3937P   3842
144,3379,1,0,3937,0,0;                                              3939P   3843
108,-0.9890938222,0.1472693419,0.002269767677,-549.0738596,0,       3941P   3844
543.0856686,-80.86103273,-1.246259106,1.0,0,0;                      3941P   3845
110,497.2258834,-386.0895062,-181.3677029,497.2258834,              3943P   3846
-385.8159693,-199.1155951,0,0;                                      3943P   3847
110,497.2258834,-385.8159693,-199.1155951,497.3731384,              3945P   3848
-384.8272069,-199.100356,0,0;                                       3945P   3849
124,-5.684341886E-014,0.1472868321,0.9890938222,497.3731384,        3947P   3850
0.01541052682,0.9889763681,-0.1472693419,-384.858028,               3947P   3851
-0.9998812508,0.01524245688,-0.002269767677,-197.1005935,0,0;       3947P   3852
100,0.0,0.0,0.0,2.0,0.0,3.448283326E-014,2.0,0,0;                   3949P   3853
110,497.6677121,-382.8800752,-197.0701085,497.6677121,              3951P   3854
-383.09197,-183.3217413,0,0;                                        3951P   3855
124,0.1472868321,3.769640849E-014,0.9890938222,497.3731384,         3953P   3856
0.9889763681,-0.01541052682,-0.1472693419,-385.0699227,             3953P   3857
0.01524245688,0.9998812508,-0.002269767677,-183.3522263,0,0;        3953P   3858
100,0.0,0.0,0.0,2.0,0.0,1.043609643E-013,2.0,0,0;                   3955P   3859
110,497.3731384,-385.1007438,-181.3524638,497.2258834,              3957P   3860
-386.0895062,-181.3677029,0,0;                                      3957P   3861
102,6,3943,3945,3949,3951,3955,3957,0,0;                            3959P   3862
142,0,3941,0,3959,2,0,0;                                            3961P   3863
144,3941,1,0,3961,0,0;                                              3963P   3864
108,0.1472868321,0.9889763681,0.01524245688,-308.3632781,0,         3965P   3865
497.6677121,-383.09197,-183.3217413,1.0,0,0;                        3965P   3866
110,496.6786182,-382.9447006,-183.3194716,497.6677121,              3967P   3867
-383.09197,-183.3217413,0,0;                                        3967P   3868
110,497.6677121,-383.09197,-183.3217413,497.6677121,                3969P   3869
-382.8800752,-197.0701085,0,0;                                      3969P   3870
110,497.6677121,-382.8800752,-197.0701085,496.6786182,              3971P   3871
-382.7328059,-197.0678388,0,0;                                      3971P   3872
110,496.6786182,-382.7328059,-197.0678388,496.6786182,              3973P   3873
-382.9447006,-183.3194716,0,0;                                      3973P   3874
102,4,3967,3969,3971,3973,0,0;                                      3975P   3875
142,0,3965,0,3975,2,0,0;                                            3977P   3876
144,3965,1,0,3977,0,0;                                              3979P   3877
108,-0.9890938222,0.1472693419,0.002269767677,-548.0738596,0,       3981P   3878
542.0965748,-80.71376339,-1.243989339,1.0,0,0;                      3981P   3879
110,496.2368002,-385.9421655,-181.365432,496.3840446,               3983P   3880
-384.9534744,-181.350194,0,0;                                       3983P   3881
124,5.684341886E-014,0.1472868321,-0.9890938222,496.3840446,        3985P   3882
-0.01541052682,0.9889763681,0.1472693419,-384.9226534,              3985P   3883
0.9998812508,0.01524245688,0.002269767677,-183.3499565,0,0;         3985P   3884
100,0.0,0.0,0.0,2.0,0.0,1.885540335E-013,2.0,0,0;                   3987P   3885
110,496.6786182,-382.9447006,-183.3194716,496.6786182,              3989P   3886
-382.7328059,-197.0678388,0,0;                                      3989P   3887
124,0.1472868321,-4.378095109E-014,-0.9890938222,496.3840446,       3991P   3888
0.9889763681,0.01541052682,0.1472693419,-384.7107586,               3991P   3889
0.01524245688,-0.9998812508,0.002269767677,-197.0983237,0,0;        3991P   3890
100,0.0,0.0,0.0,2.0,0.0,9.113196309E-014,2.0,0,0;                   3993P   3891
110,496.3840446,-384.6799376,-199.0980862,496.2368002,              3995P   3892
-385.6686287,-199.1133242,0,0;                                      3995P   3893
110,496.2368002,-385.6686287,-199.1133242,496.2368002,              3997P   3894
-385.9421655,-181.365432,0,0;                                       3997P   3895
102,6,3983,3987,3989,3993,3995,3997,0,0;                            3999P   3896
142,0,3981,0,3999,2,0,0;                                            4001P   3897
144,3981,1,0,4001,0,0;                                              4003P   3898
110,496.8785915,-384.7843933,-197.0994586,495.8894977,              4005P   3899
-384.637124,-197.0971888,0,0;                                       4005P   3900
110,497.6677121,-382.8800752,-197.0701085,496.6786182,              4007P   3901
-382.7328059,-197.0678388,0,0;                                      4007P   3902
120,4005,4007,0.0,6.283185307,0,0;                                  4009P   3903
110,496.6786182,-382.7328059,-197.0678388,497.6677121,              4011P   3904
-382.8800752,-197.0701085,0,0;                                      4011P   3905
124,0.1472868321,-4.378095109E-014,-0.9890938222,497.3731384,       4013P   3906
0.9889763681,0.01541052682,0.1472693419,-384.858028,                4013P   3907
0.01524245688,-0.9998812508,0.002269767677,-197.1005935,0,0;        4013P   3908
100,0.0,0.0,0.0,2.0,0.0,3.448283326E-014,2.0,0,0;                   4015P   3909
110,497.3731384,-384.8272069,-199.100356,496.3840446,               4017P   3910
-384.6799376,-199.0980862,0,0;                                      4017P   3911
124,-5.684341886E-014,0.1472868321,0.9890938222,496.3840446,        4019P   3912
0.01541052682,0.9889763681,-0.1472693419,-384.7107586,              4019P   3913
-0.9998812508,0.01524245688,-0.002269767677,-197.0983237,0,0;       4019P   3914
100,0.0,0.0,0.0,2.0,0.0,6.202677261E-014,2.0,0,0;                   4021P   3915
102,4,4011,4015,4017,4021,0,0;                                      4023P   3916
142,0,4009,0,4023,2,0,0;                                            4025P   3917
144,4009,1,0,4025,0,0;                                              4027P   3918
110,497.2258834,-385.8159693,-199.1155951,496.2368002,              4029P   3919
-385.6686287,-199.1133242,0,0;                                      4029P   3920
110,496.2368002,-385.6686287,-199.1133242,496.3840446,              4031P   3921
-384.6799376,-199.0980862,0,0;                                      4031P   3922
110,496.3840446,-384.6799376,-199.0980862,497.3731384,              4033P   3923
-384.8272069,-199.100356,0,0;                                       4033P   3924
110,497.3731384,-384.8272069,-199.100356,497.2258834,               4035P   3925
-385.8159693,-199.1155951,0,0;                                      4035P   3926
102,4,4029,4031,4033,4035,0,0;                                      4037P   3927
142,0,3483,0,4037,2,0,0;                                            4039P   3928
144,3483,1,0,4039,0,0;                                              4041P   3929
110,497.5300751,-346.4665879,-196.5088909,496.5409813,              4043P   3930
-346.3193186,-196.5066211,0,0;                                      4043P   3931
110,498.024622,-346.5094015,-198.5097883,497.0355282,               4045P   3932
-346.3621322,-198.5075185,0,0;                                      4045P   3933
120,4043,4045,0.0,6.283185307,0,0;                                  4047P   3934
110,497.0355282,-346.3621322,-198.5075185,498.024622,               4049P   3935
-346.5094015,-198.5097883,0,0;                                      4049P   3936
124,0.0,-0.1472868321,-0.9890938222,498.024622,0.01541052682,       4051P   3937
-0.9889763681,0.1472693419,-346.5402226,-0.9998812508,              4051P   3938
-0.01524245688,0.002269767677,-196.5100258,0,0;                     4051P   3939
100,0.0,0.0,0.0,2.0,0.0,-8.165343401E-014,2.0,0,0;                  4053P   3940
110,497.7300484,-348.5181753,-196.5405107,496.7409545,              4055P   3941
-348.370906,-196.5382409,0,0;                                       4055P   3942
124,-0.1472868321,-4.188186256E-014,0.9890938222,497.0355282,       4057P   3943
-0.9889763681,0.01541052682,-0.1472693419,-346.3929532,             4057P   3944
-0.01524245688,-0.9998812508,-0.002269767677,-196.507756,0,0;       4057P   3945
100,0.0,0.0,0.0,2.0,0.0,-2.500083474E-014,2.0,0,0;                  4059P   3946
102,4,4049,4053,4055,4059,0,0;                                      4061P   3947
142,0,4047,0,4061,2,0,0;                                            4063P   3948
144,4047,1,0,4063,0,0;                                              4065P   3949
110,497.1828575,-345.3728705,-198.4922716,498.1719407,              4067P   3950
-345.5202112,-198.4945425,0,0;                                      4067P   3951
110,498.1719407,-345.5202112,-198.4945425,498.024622,               4069P   3952
-346.5094015,-198.5097883,0,0;                                      4069P   3953
110,498.024622,-346.5094015,-198.5097883,497.0355282,               4071P   3954
-346.3621322,-198.5075185,0,0;                                      4071P   3955
110,497.0355282,-346.3621322,-198.5075185,497.1828575,              4073P   3956
-345.3728705,-198.4922716,0,0;                                      4073P   3957
102,4,4067,4069,4071,4073,0,0;                                      4075P   3958
142,0,3483,0,4075,2,0,0;                                            4077P   3959
144,3483,1,0,4077,0,0;                                              4079P   3960
108,-0.9890938222,0.1472693419,0.002269767677,-544.0738596,0,       4081P   3961
538.1402526,-80.12432941,-1.234904772,1.0,0,0;                      4081P   3962
110,498.1719407,-345.5202112,-198.4945425,498.1719407,              4083P   3963
-345.793748,-180.7466503,0,0;                                       4083P   3964
110,498.1719407,-345.793748,-180.7466503,498.024622,                4085P   3965
-346.7829384,-180.7618961,0,0;                                      4085P   3966
124,5.684341886E-014,-0.1472868321,0.9890938222,498.024622,         4087P   3967
-0.01541052682,-0.9889763681,-0.1472693419,-346.7521173,            4087P   3968
0.9998812508,-0.01524245688,-0.002269767677,-182.7616586,0,0;       4087P   3969
100,0.0,0.0,0.0,2.0,0.0,-1.330394128E-013,2.0,0,0;                  4089P   3970
110,497.7300484,-348.7300701,-182.7921435,497.7300484,              4091P   3971
-348.5181753,-196.5405107,0,0;                                      4091P   3972
124,-0.1472868321,-4.188186256E-014,0.9890938222,498.024622,        4093P   3973
-0.9889763681,0.01541052682,-0.1472693419,-346.5402226,             4093P   3974
-0.01524245688,-0.9998812508,-0.002269767677,-196.5100258,0,0;      4093P   3975
100,0.0,0.0,0.0,2.0,0.0,-8.165343401E-014,2.0,0,0;                  4095P   3976
110,498.024622,-346.5094015,-198.5097883,498.1719407,               4097P   3977
-345.5202112,-198.4945425,0,0;                                      4097P   3978
102,6,4083,4085,4089,4091,4095,4097,0,0;                            4099P   3979
142,0,4081,0,4099,2,0,0;                                            4101P   3980
144,4081,1,0,4101,0,0;                                              4103P   3981
108,0.1472868321,0.9889763681,0.01524245688,-274.3629174,0,         4105P   3982
497.7300484,-348.7300701,-182.7921435,1.0,0,0;                      4105P   3983
110,496.7409545,-348.370906,-196.5382409,497.7300484,               4107P   3984
-348.5181753,-196.5405107,0,0;                                      4107P   3985
110,497.7300484,-348.5181753,-196.5405107,497.7300484,              4109P   3986
-348.7300701,-182.7921435,0,0;                                      4109P   3987
110,497.7300484,-348.7300701,-182.7921435,496.7409545,              4111P   3988
-348.5828007,-182.7898737,0,0;                                      4111P   3989
110,496.7409545,-348.5828007,-182.7898737,496.7409545,              4113P   3990
-348.370906,-196.5382409,0,0;                                       4113P   3991
102,4,4107,4109,4111,4113,0,0;                                      4115P   3992
142,0,4105,0,4115,2,0,0;                                            4117P   3993
144,4105,1,0,4117,0,0;                                              4119P   3994
108,-0.9890938222,0.1472693419,0.002269767677,-543.0738596,0,       4121P   3995
537.1511588,-79.97706007,-1.232635004,1.0,0,0;                      4121P   3996
110,497.1828575,-345.3728705,-198.4922716,497.0355282,              4123P   3997
-346.3621322,-198.5075185,0,0;                                      4123P   3998
124,0.0,-0.1472868321,-0.9890938222,497.0355282,0.01541052682,      4125P   3999
-0.9889763681,0.1472693419,-346.3929532,-0.9998812508,              4125P   4000
-0.01524245688,0.002269767677,-196.507756,0,0;                      4125P   4001
100,0.0,0.0,0.0,2.0,0.0,-1.091939039E-013,2.0,0,0;                  4127P   4002
110,496.7409545,-348.370906,-196.5382409,496.7409545,               4129P   4003
-348.5828007,-182.7898737,0,0;                                      4129P   4004
124,-0.1472868321,3.965968179E-014,-0.9890938222,497.0355282,       4131P   4005
-0.9889763681,-0.01541052682,0.1472693419,-346.604848,              4131P   4006
-0.01524245688,0.9998812508,0.002269767677,-182.7593888,0,0;        4131P   4007
100,0.0,0.0,0.0,2.0,0.0,-1.339171829E-013,2.0,0,0;                  4133P   4008
110,497.0355282,-346.635669,-180.7596263,497.1828575,               4135P   4009
-345.6464074,-180.7443794,0,0;                                      4135P   4010
110,497.1828575,-345.6464074,-180.7443794,497.1828575,              4137P   4011
-345.3728705,-198.4922716,0,0;                                      4137P   4012
102,6,4123,4127,4129,4133,4135,4137,0,0;                            4139P   4013
142,0,4121,0,4139,2,0,0;                                            4141P   4014
144,4121,1,0,4141,0,0;                                              4143P   4015
110,497.5300751,-346.6784827,-182.7605237,496.5409813,              4145P   4016
-346.5312133,-182.7582539,0,0;                                      4145P   4017
110,497.7300484,-348.7300701,-182.7921435,496.7409545,              4147P   4018
-348.5828007,-182.7898737,0,0;                                      4147P   4019
120,4145,4147,0.0,6.283185307,0,0;                                  4149P   4020
110,496.7409545,-348.5828007,-182.7898737,497.7300484,              4151P   4021
-348.7300701,-182.7921435,0,0;                                      4151P   4022
124,-0.1472868321,3.972430024E-014,-0.9890938222,498.024622,        4153P   4023
-0.9889763681,-0.01541052682,0.1472693419,-346.7521173,             4153P   4024
-0.01524245688,0.9998812508,0.002269767677,-182.7616586,0,0;        4153P   4025
100,0.0,0.0,0.0,2.0,0.0,-1.330394128E-013,2.0,0,0;                  4155P   4026
110,498.024622,-346.7829384,-180.7618961,497.0355282,               4157P   4027
-346.635669,-180.7596263,0,0;                                       4157P   4028
124,5.684341886E-014,-0.1472868321,0.9890938222,497.0355282,        4159P   4029
-0.01541052682,-0.9889763681,-0.1472693419,-346.604848,             4159P   4030
0.9998812508,-0.01524245688,-0.002269767677,-182.7593888,0,0;       4159P   4031
100,0.0,0.0,0.0,2.0,0.0,-1.048050535E-013,2.0,0,0;                  4161P   4032
102,4,4151,4155,4157,4161,0,0;                                      4163P   4033
142,0,4149,0,4163,2,0,0;                                            4165P   4034
144,4149,1,0,4165,0,0;                                              4167P   4035
110,498.1719407,-345.793748,-180.7466503,497.1828575,               4169P   4036
-345.6464074,-180.7443794,0,0;                                      4169P   4037
110,497.1828575,-345.6464074,-180.7443794,497.0355282,              4171P   4038
-346.635669,-180.7596263,0,0;                                       4171P   4039
110,497.0355282,-346.635669,-180.7596263,498.024622,                4173P   4040
-346.7829384,-180.7618961,0,0;                                      4173P   4041
110,498.024622,-346.7829384,-180.7618961,498.1719407,               4175P   4042
-345.793748,-180.7466503,0,0;                                       4175P   4043
102,4,4169,4171,4173,4175,0,0;                                      4177P   4044
142,0,3379,0,4177,2,0,0;                                            4179P   4045
144,3379,1,0,4179,0,0;                                              4181P   4046
110,491.9331755,-384.2595847,-183.339737,490.9440817,               4183P   4047
-384.1123154,-183.3374673,0,0;                                      4183P   4048
110,492.4277224,-384.3640405,-181.3411094,491.4386286,              4185P   4049
-384.2167711,-181.3388396,0,0;                                      4185P   4050
120,4183,4185,0.0,6.283185307,0,0;                                  4187P   4051
110,491.4386286,-384.2167711,-181.3388396,492.4277224,              4189P   4052
-384.3640405,-181.3411094,0,0;                                      4189P   4053
124,5.684341886E-014,0.1472868321,-0.9890938222,492.4277224,        4191P   4054
-0.01541052682,0.9889763681,0.1472693419,-384.3332194,              4191P   4055
0.9998812508,0.01524245688,0.002269767677,-183.3408719,0,0;         4191P   4056
100,0.0,0.0,0.0,2.0,0.0,1.043609643E-013,2.0,0,0;                   4193P   4057
110,492.7222961,-382.3552667,-183.310387,491.7332022,               4195P   4058
-382.2079973,-183.3081172,0,0;                                      4195P   4059
124,0.1472868321,3.769640849E-014,0.9890938222,491.4386286,         4197P   4060
0.9889763681,-0.01541052682,-0.1472693419,-384.1859501,             4197P   4061
0.01524245688,0.9998812508,-0.002269767677,-183.3386022,0,0;        4197P   4062
100,0.0,0.0,0.0,2.0,0.0,1.043609643E-013,2.0,0,0;                   4199P   4063
102,4,4189,4193,4195,4199,0,0;                                      4201P   4064
142,0,4187,0,4201,2,0,0;                                            4203P   4065
144,4187,1,0,4203,0,0;                                              4205P   4066
110,491.2913842,-385.2054622,-181.3540777,492.2804674,              4207P   4067
-385.3528029,-181.3563486,0,0;                                      4207P   4068
110,492.2804674,-385.3528029,-181.3563486,492.4277224,              4209P   4069
-384.3640405,-181.3411094,0,0;                                      4209P   4070
110,492.4277224,-384.3640405,-181.3411094,491.4386286,              4211P   4071
-384.2167711,-181.3388396,0,0;                                      4211P   4072
110,491.4386286,-384.2167711,-181.3388396,491.2913842,              4213P   4073
-385.2054622,-181.3540777,0,0;                                      4213P   4074
102,4,4207,4209,4211,4213,0,0;                                      4215P   4075
142,0,3379,0,4215,2,0,0;                                            4217P   4076
144,3379,1,0,4217,0,0;                                              4219P   4077
110,492.2804674,-385.3528029,-181.3563486,492.2804674,              4221P   4078
-385.079266,-199.1042408,0,0;                                       4221P   4079
110,492.2804674,-385.079266,-199.1042408,492.4277224,               4223P   4080
-384.0905036,-199.0890016,0,0;                                      4223P   4081
124,-5.684341886E-014,0.1472868321,0.9890938222,492.4277224,        4225P   4082
0.01541052682,0.9889763681,-0.1472693419,-384.1213247,              4225P   4083
-0.9998812508,0.01524245688,-0.002269767677,-197.0892391,0,0;       4225P   4084
100,0.0,0.0,0.0,2.0,0.0,3.448283326E-014,2.0,0,0;                   4227P   4085
110,492.7222961,-382.1433719,-197.0587542,492.7222961,              4229P   4086
-382.3552667,-183.310387,0,0;                                       4229P   4087
124,0.1472868321,3.769640849E-014,0.9890938222,492.4277224,         4231P   4088
0.9889763681,-0.01541052682,-0.1472693419,-384.3332194,             4231P   4089
0.01524245688,0.9998812508,-0.002269767677,-183.3408719,0,0;        4231P   4090
100,0.0,0.0,0.0,2.0,0.0,1.043609643E-013,2.0,0,0;                   4233P   4091
110,492.4277224,-384.3640405,-181.3411094,492.2804674,              4235P   4092
-385.3528029,-181.3563486,0,0;                                      4235P   4093
102,6,4221,4223,4227,4229,4233,4235,0,0;                            4237P   4094
142,0,4081,0,4237,2,0,0;                                            4239P   4095
144,4081,1,0,4239,0,0;                                              4241P   4096
108,0.1472868321,0.9889763681,0.01524245688,-308.3629175,0,         4243P   4097
492.7222961,-382.3552667,-183.310387,1.0,0,0;                       4243P   4098
110,491.7332022,-382.2079973,-183.3081172,492.7222961,              4245P   4099
-382.3552667,-183.310387,0,0;                                       4245P   4100
110,492.7222961,-382.3552667,-183.310387,492.7222961,               4247P   4101
-382.1433719,-197.0587542,0,0;                                      4247P   4102
110,492.7222961,-382.1433719,-197.0587542,491.7332022,              4249P   4103
-381.9961026,-197.0564844,0,0;                                      4249P   4104
110,491.7332022,-381.9961026,-197.0564844,491.7332022,              4251P   4105
-382.2079973,-183.3081172,0,0;                                      4251P   4106
102,4,4245,4247,4249,4251,0,0;                                      4253P   4107
142,0,4243,0,4253,2,0,0;                                            4255P   4108
144,4243,1,0,4255,0,0;                                              4257P   4109
110,491.2913842,-385.2054622,-181.3540777,491.4386286,              4259P   4110
-384.2167711,-181.3388396,0,0;                                      4259P   4111
124,5.684341886E-014,0.1472868321,-0.9890938222,491.4386286,        4261P   4112
-0.01541052682,0.9889763681,0.1472693419,-384.1859501,              4261P   4113
0.9998812508,0.01524245688,0.002269767677,-183.3386022,0,0;         4261P   4114
100,0.0,0.0,0.0,2.0,0.0,1.332128852E-013,2.0,0,0;                   4263P   4115
110,491.7332022,-382.2079973,-183.3081172,491.7332022,              4265P   4116
-381.9961026,-197.0564844,0,0;                                      4265P   4117
124,0.1472868321,-4.378095109E-014,-0.9890938222,491.4386286,       4267P   4118
0.9889763681,0.01541052682,0.1472693419,-383.9740553,               4267P   4119
0.01524245688,-0.9998812508,0.002269767677,-197.0869693,0,0;        4267P   4120
100,0.0,0.0,0.0,2.0,0.0,3.491304468E-014,2.0,0,0;                   4269P   4121
110,491.4386286,-383.9432343,-199.0867319,491.2913842,              4271P   4122
-384.9319254,-199.1019699,0,0;                                      4271P   4123
110,491.2913842,-384.9319254,-199.1019699,491.2913842,              4273P   4124
-385.2054622,-181.3540777,0,0;                                      4273P   4125
102,6,4259,4263,4265,4269,4271,4273,0,0;                            4275P   4126
142,0,4121,0,4275,2,0,0;                                            4277P   4127
144,4121,1,0,4277,0,0;                                              4279P   4128
110,491.9331755,-384.04769,-197.0881042,490.9440817,                4281P   4129
-383.9004207,-197.0858345,0,0;                                      4281P   4130
110,492.7222961,-382.1433719,-197.0587542,491.7332022,              4283P   4131
-381.9961026,-197.0564844,0,0;                                      4283P   4132
120,4281,4283,0.0,6.283185307,0,0;                                  4285P   4133
110,491.7332022,-381.9961026,-197.0564844,492.7222961,              4287P   4134
-382.1433719,-197.0587542,0,0;                                      4287P   4135
124,0.1472868321,-4.378095109E-014,-0.9890938222,492.4277224,       4289P   4136
0.9889763681,0.01541052682,0.1472693419,-384.1213247,               4289P   4137
0.01524245688,-0.9998812508,0.002269767677,-197.0892391,0,0;        4289P   4138
100,0.0,0.0,0.0,2.0,0.0,3.448283326E-014,2.0,0,0;                   4291P   4139
110,492.4277224,-384.0905036,-199.0890016,491.4386286,              4293P   4140
-383.9432343,-199.0867319,0,0;                                      4293P   4141
124,-5.684341886E-014,0.1472868321,0.9890938222,491.4386286,        4295P   4142
0.01541052682,0.9889763681,-0.1472693419,-383.9740553,              4295P   4143
-0.9998812508,0.01524245688,-0.002269767677,-197.0869693,0,0;       4295P   4144
100,0.0,0.0,0.0,2.0,0.0,6.290107324E-014,2.0,0,0;                   4297P   4145
102,4,4287,4291,4293,4297,0,0;                                      4299P   4146
142,0,4285,0,4299,2,0,0;                                            4301P   4147
144,4285,1,0,4301,0,0;                                              4303P   4148
110,492.2804674,-385.079266,-199.1042408,491.2913842,               4305P   4149
-384.9319254,-199.1019699,0,0;                                      4305P   4150
110,491.2913842,-384.9319254,-199.1019699,491.4386286,              4307P   4151
-383.9432343,-199.0867319,0,0;                                      4307P   4152
110,491.4386286,-383.9432343,-199.0867319,492.4277224,              4309P   4153
-384.0905036,-199.0890016,0,0;                                      4309P   4154
110,492.4277224,-384.0905036,-199.0890016,492.2804674,              4311P   4155
-385.079266,-199.1042408,0,0;                                       4311P   4156
102,4,4305,4307,4309,4311,0,0;                                      4313P   4157
142,0,3483,0,4313,2,0,0;                                            4315P   4158
144,3483,1,0,4315,0,0;                                              4317P   4159
110,502.4754911,-347.2032912,-196.5202452,501.4863973,              4319P   4160
-347.0560219,-196.5179754,0,0;                                      4319P   4161
110,502.970038,-347.2461048,-198.5211426,501.9809442,               4321P   4162
-347.0988355,-198.5188728,0,0;                                      4321P   4163
120,4319,4321,0.0,6.283185307,0,0;                                  4323P   4164
110,501.9809442,-347.0988355,-198.5188728,502.970038,               4325P   4165
-347.2461048,-198.5211426,0,0;                                      4325P   4166
124,0.0,-0.1472868321,-0.9890938222,502.970038,0.01541052682,       4327P   4167
-0.9889763681,0.1472693419,-347.2769259,-0.9998812508,              4327P   4168
-0.01524245688,0.002269767677,-196.5213801,0,0;                     4327P   4169
100,0.0,0.0,0.0,2.0,0.0,-8.165343401E-014,2.0,0,0;                  4329P   4170
110,502.6754644,-349.2548786,-196.551865,501.6863705,               4331P   4171
-349.1076093,-196.5495952,0,0;                                      4331P   4172
124,-0.1472868321,-4.188186256E-014,0.9890938222,501.9809442,       4333P   4173
-0.9889763681,0.01541052682,-0.1472693419,-347.1296566,             4333P   4174
-0.01524245688,-0.9998812508,-0.002269767677,-196.5191103,0,0;      4333P   4175
100,0.0,0.0,0.0,2.0,0.0,-2.500083474E-014,2.0,0,0;                  4335P   4176
102,4,4325,4329,4331,4335,0,0;                                      4337P   4177
142,0,4323,0,4337,2,0,0;                                            4339P   4178
144,4323,1,0,4339,0,0;                                              4341P   4179
110,502.1282735,-346.1095738,-198.503626,503.1173567,               4343P   4180
-346.2569145,-198.5058968,0,0;                                      4343P   4181
110,503.1173567,-346.2569145,-198.5058968,502.970038,               4345P   4182
-347.2461048,-198.5211426,0,0;                                      4345P   4183
110,502.970038,-347.2461048,-198.5211426,501.9809442,               4347P   4184
-347.0988355,-198.5188728,0,0;                                      4347P   4185
110,501.9809442,-347.0988355,-198.5188728,502.1282735,              4349P   4186
-346.1095738,-198.503626,0,0;                                       4349P   4187
102,4,4343,4345,4347,4349,0,0;                                      4351P   4188
142,0,3483,0,4351,2,0,0;                                            4353P   4189
144,3483,1,0,4353,0,0;                                              4355P   4190
110,503.1173567,-346.2569145,-198.5058968,503.1173567,              4357P   4191
-346.5304514,-180.7580046,0,0;                                      4357P   4192
110,503.1173567,-346.5304514,-180.7580046,502.970038,               4359P   4193
-347.5196417,-180.7732504,0,0;                                      4359P   4194
124,5.684341886E-014,-0.1472868321,0.9890938222,502.970038,         4361P   4195
-0.01541052682,-0.9889763681,-0.1472693419,-347.4888206,            4361P   4196
0.9998812508,-0.01524245688,-0.002269767677,-182.7730129,0,0;       4361P   4197
100,0.0,0.0,0.0,2.0,0.0,-1.339171829E-013,2.0,0,0;                  4363P   4198
110,502.6754644,-349.4667734,-182.8034978,502.6754644,              4365P   4199
-349.2548786,-196.551865,0,0;                                       4365P   4200
124,-0.1472868321,-4.188186256E-014,0.9890938222,502.970038,        4367P   4201
-0.9889763681,0.01541052682,-0.1472693419,-347.2769259,             4367P   4202
-0.01524245688,-0.9998812508,-0.002269767677,-196.5213801,0,0;      4367P   4203
100,0.0,0.0,0.0,2.0,0.0,-8.165343401E-014,2.0,0,0;                  4369P   4204
110,502.970038,-347.2461048,-198.5211426,503.1173567,               4371P   4205
-346.2569145,-198.5058968,0,0;                                      4371P   4206
102,6,4357,4359,4363,4365,4369,4371,0,0;                            4373P   4207
142,0,3941,0,4373,2,0,0;                                            4375P   4208
144,3941,1,0,4375,0,0;                                              4377P   4209
108,0.1472868321,0.9889763681,0.01524245688,-274.363278,0,          4379P   4210
502.6754644,-349.4667734,-182.8034978,1.0,0,0;                      4379P   4211
110,501.6863705,-349.1076093,-196.5495952,502.6754644,              4381P   4212
-349.2548786,-196.551865,0,0;                                       4381P   4213
110,502.6754644,-349.2548786,-196.551865,502.6754644,               4383P   4214
-349.4667734,-182.8034978,0,0;                                      4383P   4215
110,502.6754644,-349.4667734,-182.8034978,501.6863705,              4385P   4216
-349.319504,-182.801228,0,0;                                        4385P   4217
110,501.6863705,-349.319504,-182.801228,501.6863705,                4387P   4218
-349.1076093,-196.5495952,0,0;                                      4387P   4219
102,4,4381,4383,4385,4387,0,0;                                      4389P   4220
142,0,4379,0,4389,2,0,0;                                            4391P   4221
144,4379,1,0,4391,0,0;                                              4393P   4222
110,502.1282735,-346.1095738,-198.503626,501.9809442,               4395P   4223
-347.0988355,-198.5188728,0,0;                                      4395P   4224
124,0.0,-0.1472868321,-0.9890938222,501.9809442,0.01541052682,      4397P   4225
-0.9889763681,0.1472693419,-347.1296566,-0.9998812508,              4397P   4226
-0.01524245688,0.002269767677,-196.5191103,0,0;                     4397P   4227
100,0.0,0.0,0.0,2.0,0.0,-1.091939039E-013,2.0,0,0;                  4399P   4228
110,501.6863705,-349.1076093,-196.5495952,501.6863705,              4401P   4229
-349.319504,-182.801228,0,0;                                        4401P   4230
124,-0.1472868321,3.965968179E-014,-0.9890938222,501.9809442,       4403P   4231
-0.9889763681,-0.01541052682,0.1472693419,-347.3415513,             4403P   4232
-0.01524245688,0.9998812508,0.002269767677,-182.7707431,0,0;        4403P   4233
100,0.0,0.0,0.0,2.0,0.0,-1.339171829E-013,2.0,0,0;                  4405P   4234
110,501.9809442,-347.3723723,-180.7709806,502.1282735,              4407P   4235
-346.3831107,-180.7557338,0,0;                                      4407P   4236
110,502.1282735,-346.3831107,-180.7557338,502.1282735,              4409P   4237
-346.1095738,-198.503626,0,0;                                       4409P   4238
102,6,4395,4399,4401,4405,4407,4409,0,0;                            4411P   4239
142,0,3981,0,4411,2,0,0;                                            4413P   4240
144,3981,1,0,4413,0,0;                                              4415P   4241
110,502.4754911,-347.415186,-182.771878,501.4863973,                4417P   4242
-347.2679166,-182.7696082,0,0;                                      4417P   4243
110,502.6754644,-349.4667734,-182.8034978,501.6863705,              4419P   4244
-349.319504,-182.801228,0,0;                                        4419P   4245
120,4417,4419,0.0,6.283185307,0,0;                                  4421P   4246
110,501.6863705,-349.319504,-182.801228,502.6754644,                4423P   4247
-349.4667734,-182.8034978,0,0;                                      4423P   4248
124,-0.1472868321,3.965968179E-014,-0.9890938222,502.970038,        4425P   4249
-0.9889763681,-0.01541052682,0.1472693419,-347.4888206,             4425P   4250
-0.01524245688,0.9998812508,0.002269767677,-182.7730129,0,0;        4425P   4251
100,0.0,0.0,0.0,2.0,0.0,-1.339171829E-013,2.0,0,0;                  4427P   4252
110,502.970038,-347.5196417,-180.7732504,501.9809442,               4429P   4253
-347.3723723,-180.7709806,0,0;                                      4429P   4254
124,5.684341886E-014,-0.1472868321,0.9890938222,501.9809442,        4431P   4255
-0.01541052682,-0.9889763681,-0.1472693419,-347.3415513,            4431P   4256
0.9998812508,-0.01524245688,-0.002269767677,-182.7707431,0,0;       4431P   4257
100,0.0,0.0,0.0,2.0,0.0,-1.048050535E-013,2.0,0,0;                  4433P   4258
102,4,4423,4427,4429,4433,0,0;                                      4435P   4259
142,0,4421,0,4435,2,0,0;                                            4437P   4260
144,4421,1,0,4437,0,0;                                              4439P   4261
110,503.1173567,-346.5304514,-180.7580046,502.1282735,              4441P   4262
-346.3831107,-180.7557338,0,0;                                      4441P   4263
110,502.1282735,-346.3831107,-180.7557338,501.9809442,              4443P   4264
-347.3723723,-180.7709806,0,0;                                      4443P   4265
110,501.9809442,-347.3723723,-180.7709806,502.970038,               4445P   4266
-347.5196417,-180.7732504,0,0;                                      4445P   4267
110,502.970038,-347.5196417,-180.7732504,503.1173567,               4447P   4268
-346.5304514,-180.7580046,0,0;                                      4447P   4269
102,4,4441,4443,4445,4447,0,0;                                      4449P   4270
142,0,3379,0,4449,2,0,0;                                            4451P   4271
144,3379,1,0,4451,0,0;                                              4453P   4272
110,501.8240075,-385.7329914,-183.3624457,500.8349136,              4455P   4273
-385.585722,-183.3601759,0,0;                                       4455P   4274
110,502.3185544,-385.8374471,-181.3638181,501.3294606,              4457P   4275
-385.6901778,-181.3615483,0,0;                                      4457P   4276
120,4455,4457,0.0,6.283185307,0,0;                                  4459P   4277
110,501.3294606,-385.6901778,-181.3615483,502.3185544,              4461P   4278
-385.8374471,-181.3638181,0,0;                                      4461P   4279
124,5.684341886E-014,0.1472868321,-0.9890938222,502.3185544,        4463P   4280
-0.01541052682,0.9889763681,0.1472693419,-385.806626,               4463P   4281
0.9998812508,0.01524245688,0.002269767677,-183.3635806,0,0;         4463P   4282
100,0.0,0.0,0.0,2.0,0.0,1.043609643E-013,2.0,0,0;                   4465P   4283
110,502.613128,-383.8286733,-183.3330957,501.6240342,               4467P   4284
-383.681404,-183.3308259,0,0;                                       4467P   4285
124,0.1472868321,3.769640849E-014,0.9890938222,501.3294606,         4469P   4286
0.9889763681,-0.01541052682,-0.1472693419,-385.6593567,             4469P   4287
0.01524245688,0.9998812508,-0.002269767677,-183.3613108,0,0;        4469P   4288
100,0.0,0.0,0.0,2.0,0.0,1.043609643E-013,2.0,0,0;                   4471P   4289
102,4,4461,4465,4467,4471,0,0;                                      4473P   4290
142,0,4459,0,4473,2,0,0;                                            4475P   4291
144,4459,1,0,4475,0,0;                                              4477P   4292
110,501.1822162,-386.6788688,-181.3767864,502.1712994,              4479P   4293
-386.8262095,-181.3790572,0,0;                                      4479P   4294
110,502.1712994,-386.8262095,-181.3790572,502.3185544,              4481P   4295
-385.8374471,-181.3638181,0,0;                                      4481P   4296
110,502.3185544,-385.8374471,-181.3638181,501.3294606,              4483P   4297
-385.6901778,-181.3615483,0,0;                                      4483P   4298
110,501.3294606,-385.6901778,-181.3615483,501.1822162,              4485P   4299
-386.6788688,-181.3767864,0,0;                                      4485P   4300
102,4,4479,4481,4483,4485,0,0;                                      4487P   4301
142,0,3379,0,4487,2,0,0;                                            4489P   4302
144,3379,1,0,4489,0,0;                                              4491P   4303
110,502.1712994,-386.8262095,-181.3790572,502.1712994,              4493P   4304
-386.5526726,-199.1269494,0,0;                                      4493P   4305
110,502.1712994,-386.5526726,-199.1269494,502.3185544,              4495P   4306
-385.5639102,-199.1117103,0,0;                                      4495P   4307
124,-5.684341886E-014,0.1472868321,0.9890938222,502.3185544,        4497P   4308
0.01541052682,0.9889763681,-0.1472693419,-385.5947313,              4497P   4309
-0.9998812508,0.01524245688,-0.002269767677,-197.1119478,0,0;       4497P   4310
100,0.0,0.0,0.0,2.0,0.0,3.448283326E-014,2.0,0,0;                   4499P   4311
110,502.613128,-383.6167786,-197.0814629,502.613128,                4501P   4312
-383.8286733,-183.3330957,0,0;                                      4501P   4313
124,0.1472868321,3.769640849E-014,0.9890938222,502.3185544,         4503P   4314
0.9889763681,-0.01541052682,-0.1472693419,-385.806626,              4503P   4315
0.01524245688,0.9998812508,-0.002269767677,-183.3635806,0,0;        4503P   4316
100,0.0,0.0,0.0,2.0,0.0,1.043609643E-013,2.0,0,0;                   4505P   4317
110,502.3185544,-385.8374471,-181.3638181,502.1712994,              4507P   4318
-386.8262095,-181.3790572,0,0;                                      4507P   4319
102,6,4493,4495,4499,4501,4505,4507,0,0;                            4509P   4320
142,0,3801,0,4509,2,0,0;                                            4511P   4321
144,3801,1,0,4511,0,0;                                              4513P   4322
108,0.1472868321,0.9889763681,0.01524245688,-308.3636387,0,         4515P   4323
502.613128,-383.8286733,-183.3330957,1.0,0,0;                       4515P   4324
110,501.6240342,-383.681404,-183.3308259,502.613128,                4517P   4325
-383.8286733,-183.3330957,0,0;                                      4517P   4326
110,502.613128,-383.8286733,-183.3330957,502.613128,                4519P   4327
-383.6167786,-197.0814629,0,0;                                      4519P   4328
110,502.613128,-383.6167786,-197.0814629,501.6240342,               4521P   4329
-383.4695092,-197.0791931,0,0;                                      4521P   4330
110,501.6240342,-383.4695092,-197.0791931,501.6240342,              4523P   4331
-383.681404,-183.3308259,0,0;                                       4523P   4332
102,4,4517,4519,4521,4523,0,0;                                      4525P   4333
142,0,4515,0,4525,2,0,0;                                            4527P   4334
144,4515,1,0,4527,0,0;                                              4529P   4335
110,501.1822162,-386.6788688,-181.3767864,501.3294606,              4531P   4336
-385.6901778,-181.3615483,0,0;                                      4531P   4337
124,5.684341886E-014,0.1472868321,-0.9890938222,501.3294606,        4533P   4338
-0.01541052682,0.9889763681,0.1472693419,-385.6593567,              4533P   4339
0.9998812508,0.01524245688,0.002269767677,-183.3613108,0,0;         4533P   4340
100,0.0,0.0,0.0,2.0,0.0,1.885540335E-013,2.0,0,0;                   4535P   4341
110,501.6240342,-383.681404,-183.3308259,501.6240342,               4537P   4342
-383.4695092,-197.0791931,0,0;                                      4537P   4343
124,0.1472868321,-4.378095109E-014,-0.9890938222,501.3294606,       4539P   4344
0.9889763681,0.01541052682,0.1472693419,-385.447462,                4539P   4345
0.01524245688,-0.9998812508,0.002269767677,-197.109678,0,0;         4539P   4346
100,0.0,0.0,0.0,2.0,0.0,9.113196309E-014,2.0,0,0;                   4541P   4347
110,501.3294606,-385.4166409,-199.1094405,501.1822162,              4543P   4348
-386.405332,-199.1246786,0,0;                                       4543P   4349
110,501.1822162,-386.405332,-199.1246786,501.1822162,               4545P   4350
-386.6788688,-181.3767864,0,0;                                      4545P   4351
102,6,4531,4535,4537,4541,4543,4545,0,0;                            4547P   4352
142,0,3841,0,4547,2,0,0;                                            4549P   4353
144,3841,1,0,4549,0,0;                                              4551P   4354
110,501.8240075,-385.5210966,-197.1108129,500.8349136,              4553P   4355
-385.3738273,-197.1085431,0,0;                                      4553P   4356
110,502.613128,-383.6167786,-197.0814629,501.6240342,               4555P   4357
-383.4695092,-197.0791931,0,0;                                      4555P   4358
120,4553,4555,0.0,6.283185307,0,0;                                  4557P   4359
110,501.6240342,-383.4695092,-197.0791931,502.613128,               4559P   4360
-383.6167786,-197.0814629,0,0;                                      4559P   4361
124,0.1472868321,-4.378095109E-014,-0.9890938222,502.3185544,       4561P   4362
0.9889763681,0.01541052682,0.1472693419,-385.5947313,               4561P   4363
0.01524245688,-0.9998812508,0.002269767677,-197.1119478,0,0;        4561P   4364
100,0.0,0.0,0.0,2.0,0.0,3.448283326E-014,2.0,0,0;                   4563P   4365
110,502.3185544,-385.5639102,-199.1117103,501.3294606,              4565P   4366
-385.4166409,-199.1094405,0,0;                                      4565P   4367
124,-5.684341886E-014,0.1472868321,0.9890938222,501.3294606,        4567P   4368
0.01541052682,0.9889763681,-0.1472693419,-385.447462,               4567P   4369
-0.9998812508,0.01524245688,-0.002269767677,-197.109678,0,0;        4567P   4370
100,0.0,0.0,0.0,2.0,0.0,6.202677261E-014,2.0,0,0;                   4569P   4371
102,4,4559,4563,4565,4569,0,0;                                      4571P   4372
142,0,4557,0,4571,2,0,0;                                            4573P   4373
144,4557,1,0,4573,0,0;                                              4575P   4374
110,502.1712994,-386.5526726,-199.1269494,501.1822162,              4577P   4375
-386.405332,-199.1246786,0,0;                                       4577P   4376
110,501.1822162,-386.405332,-199.1246786,501.3294606,               4579P   4377
-385.4166409,-199.1094405,0,0;                                      4579P   4378
110,501.3294606,-385.4166409,-199.1094405,502.3185544,              4581P   4379
-385.5639102,-199.1117103,0,0;                                      4581P   4380
110,502.3185544,-385.5639102,-199.1117103,502.1712994,              4583P   4381
-386.5526726,-199.1269494,0,0;                                      4583P   4382
102,4,4577,4579,4581,4583,0,0;                                      4585P   4383
142,0,3483,0,4585,2,0,0;                                            4587P   4384
144,3483,1,0,4587,0,0;                                              4589P   4385
108,-0.9890938222,0.1472693419,0.002269767677,-564.0738595,0,       4591P   4386
517.9536047,-348.4362034,-200.5397223,1.0,0,0;                      4591P   4387
110,517.592752,-350.8815408,-199.1272385,512.4229841,               4593P   4388
-385.5946114,-199.6622488,0,0;                                      4593P   4389
124,0.0,-0.1472868321,-0.9890938222,512.4229841,0.01541052682,      4595P   4390
-0.9889763681,0.1472693419,-385.6100219,-0.9998812508,              4595P   4391
-0.01524245688,0.002269767677,-198.6623675,0,0;                     4595P   4392
100,0.0,0.0,0.0,1.0,0.0,4.445055435E-014,1.0,0,0;                   4597P   4393
110,512.2756973,-386.5989983,-198.67761,512.2756973,                4599P   4394
-386.8586657,-181.8296109,0,0;                                      4599P   4395
124,-0.1472868321,3.769380641E-014,-0.9890938222,512.7175578,       4601P   4396
-0.9889763681,-0.01541052682,0.1472693419,-383.8917366,             4601P   4397
-0.01524245688,0.9998812508,0.002269767677,-181.7838835,0,0;        4601P   4398
100,0.0,0.0,0.0,3.0,0.0,3.78707482E-014,3.0,0,0;                    4603P   4399
110,512.7175578,-383.9379681,-178.7842398,517.2981783,              4605P   4400
-353.180803,-178.3101994,0,0;                                       4605P   4401
124,0.0,0.1472868321,-0.9890938222,517.2981783,-0.01541052682,      4607P   4402
0.9889763681,0.1472693419,-353.1345714,0.9998812508,                4607P   4403
0.01524245688,0.002269767677,-181.3098431,0,0;                      4607P   4404
100,0.0,0.0,0.0,3.0,0.0,4.682712551E-014,3.0,0,0;                   4609P   4405
110,517.7400388,-350.1676423,-181.2641158,517.7400388,              4611P   4406
-349.9079749,-198.1121148,0,0;                                      4611P   4407
124,0.1472868321,-4.593634501E-014,-0.9890938222,517.592752,        4613P   4408
0.9889763681,0.01541052682,0.1472693419,-350.8969513,               4613P   4409
0.01524245688,-0.9998812508,0.002269767677,-198.1273573,0,0;        4613P   4410
100,0.0,0.0,0.0,1.0,0.0,1.063385491E-014,1.0,0,0;                   4615P   4411
102,8,4593,4597,4599,4603,4605,4609,4611,4615,0,0;                  4617P   4412
142,0,4591,0,4617,2,0,0;                                            4619P   4413
124,0.1292563554,0.0706130688,0.9890938222,517.1361628,             4621P   4414
0.8752966149,0.4606165183,-0.1472693419,-354.1080224,               4621P   4415
-0.4659920928,0.8847859727,-0.002269767677,-188.7507281,0,0;        4621P   4416
100,0.0,0.0,0.0,1.65,0.0,-1.65,1.117439474E-013,0,0;                4623P   4417
124,-0.1292563554,-0.0706130688,0.9890938222,517.1361628,           4625P   4418
-0.8752966149,-0.4606165183,-0.1472693419,-354.1080224,             4625P   4419
0.4659920928,-0.8847859727,-0.002269767677,-188.7507281,0,0;        4625P   4420
100,0.0,0.0,0.0,1.65,0.0,-1.65,-9.159339953E-015,0,0;               4627P   4421
102,2,4623,4627,0,0;                                                4629P   4422
142,0,4591,0,4629,2,0,0;                                            4631P   4423
124,-0.1292563554,-0.0706130688,0.9890938222,512.8648446,           4633P   4424
-0.8752966149,-0.4606165183,-0.1472693419,-382.788337,              4633P   4425
0.4659920928,-0.8847859727,-0.002269767677,-189.1927594,0,0;        4633P   4426
100,0.0,0.0,0.0,1.65,0.0,-1.65,-1.024930141E-013,0,0;               4635P   4427
124,0.1292563554,0.0706130688,0.9890938222,512.8648446,             4637P   4428
0.8752966149,0.4606165183,-0.1472693419,-382.788337,                4637P   4429
-0.4659920928,0.8847859727,-0.002269767677,-189.1927594,0,0;        4637P   4430
100,0.0,0.0,0.0,1.65,0.0,-1.65,-5.019318294E-014,0,0;               4639P   4431
102,2,4635,4639,0,0;                                                4641P   4432
142,0,4591,0,4641,2,0,0;                                            4643P   4433
110,516.2598061,-359.9558317,-191.2161387,516.2598061,              4645P   4434
-360.0405896,-185.7167918,0,0;                                      4645P   4435
124,0.1472868321,4.580754179E-014,0.9890938222,515.8179456,         4647P   4436
0.9889763681,-0.01541052682,-0.1472693419,-363.0075187,             4647P   4437
0.01524245688,0.9998812508,-0.002269767677,-185.7625192,0,0;        4647P   4438
100,0.0,0.0,0.0,3.0,0.0,-5.720944551E-014,3.0,0,0;                  4649P   4439
110,515.8179456,-363.0537503,-182.7628755,514.1977905,              4651P   4440
-373.9324903,-182.9305425,0,0;                                      4651P   4441
124,7.579122515E-014,-0.1472868321,0.9890938222,514.1977905,        4653P   4442
-0.01541052682,-0.9889763681,-0.1472693419,-373.8862587,            4653P   4443
0.9998812508,-0.01524245688,-0.002269767677,-185.9301862,0,0;       4653P   4444
100,0.0,0.0,0.0,3.0,0.0,3.684552663E-015,3.0,0,0;                   4655P   4445
110,513.75593,-376.8531878,-185.9759136,513.75593,-376.76843,       4657P   4446
-191.4752605,0,0;                                                   4657P   4447
110,513.75593,-376.76843,-191.4752605,513.6086431,-377.7419958,     4659P   4448
-192.4903842,0,0;                                                   4659P   4449
110,513.6086431,-377.7419958,-192.4903842,513.498178,               4661P   4450
-378.4837281,-192.501816,0,0;                                       4661P   4451
110,513.498178,-378.4837281,-192.501816,513.498178,-378.422086,     4663P   4452
-196.501341,0,0;                                                    4663P   4453
110,513.498178,-378.422086,-196.501341,513.6822866,-377.1858655,    4665P   4454
-196.482288,0,0;                                                    4665P   4455
124,-0.1472868321,1.343508638E-013,-0.9890938222,513.7191083,       4667P   4456
-0.9889763681,-0.01541052682,0.1472693419,-376.9386214,             4667P   4457
-0.01524245688,0.9998812508,0.002269767677,-196.4784773,0,0;        4667P   4458
100,0.0,0.0,0.0,0.25,0.0,-0.25,8.613162267E-014,0,0;                4669P   4459
110,513.75593,-376.6913773,-196.4746667,513.75593,-376.6605563,     4671P   4460
-198.4744292,0,0;                                                   4671P   4461
110,513.75593,-376.6605563,-198.4744292,515.0078681,                4673P   4462
-368.2542571,-198.3448684,0,0;                                      4673P   4463
110,515.0078681,-368.2542571,-198.3448684,516.2598061,              4675P   4464
-359.847958,-198.2153075,0,0;                                       4675P   4465
110,516.2598061,-359.847958,-198.2153075,516.2598061,               4677P   4466
-359.8787791,-196.215545,0,0;                                       4677P   4467
124,-0.1472868321,-8.075137781E-015,-0.9890938222,516.2966278,      4679P   4468
-0.9889763681,-0.01541052682,0.1472693419,-359.631535,              4679P   4469
-0.01524245688,0.9998812508,0.002269767677,-196.2117344,0,0;        4679P   4470
100,0.0,0.0,0.0,0.25,0.0,-0.25,-1.556177062E-013,0,0;               4681P   4471
110,516.3334495,-359.3842909,-196.2079237,516.5175581,              4683P   4472
-358.1480704,-196.1888707,0,0;                                      4683P   4473
110,516.5175581,-358.1480704,-196.1888707,516.5175581,              4685P   4474
-358.2097125,-192.1893457,0,0;                                      4685P   4475
110,516.5175581,-358.2097125,-192.1893457,516.407093,               4687P   4476
-358.9514448,-192.2007775,0,0;                                      4687P   4477
110,516.407093,-358.9514448,-192.2007775,516.2598061,               4689P   4478
-359.9558317,-191.2161387,0,0;                                      4689P   4479
102,19,4645,4649,4651,4655,4657,4659,4661,4663,4665,4669,4671,      4691P   4480
4673,4675,4677,4681,4683,4685,4687,4689,0,0;                        4691P   4481
142,0,4591,0,4691,2,0,0;                                            4693P   4482
124,0.0,0.1472868321,0.9890938222,517.3836933,0.01541052682,        4695P   4483
0.9889763681,-0.1472693419,-352.3091785,-0.9998812508,              4695P   4484
0.01524245688,-0.002269767677,-197.5990577,0,0;                     4695P   4485
100,0.0,0.0,0.0,0.5,0.0,-0.2515167931,0.4321334317,0,0;             4697P   4486
110,517.4473408,-351.8856847,-197.340984,517.1448915,               4699P   4487
-353.9708896,-193.844613,0,0;                                       4699P   4488
124,0.1272951284,-0.07409022334,0.9890938222,517.0812439,           4701P   4489
0.8469874911,-0.5108071367,-0.1472693419,-354.3943834,              4701P   4490
0.5161474017,0.8564967647,-0.002269767677,-194.1026867,0,0;         4701P   4491
100,0.0,0.0,0.0,0.5,0.0,-0.2353864803,0.4411271981,0,0;             4703P   4492
110,517.0185971,-354.8190837,-193.8463568,516.6974771,              4705P   4493
-356.9209158,-197.4072599,0,0;                                      4705P   4494
124,-0.1252935297,-0.07742701286,0.9890938222,516.7601239,          4707P   4495
-0.8494006507,-0.5067842495,-0.1472693419,-356.4962155,             4707P   4496
0.5126597956,-0.8585888318,-0.002269767677,-197.6635898,0,0;        4707P   4497
100,0.0,0.0,0.0,0.5,0.0,-0.2628443146,0.4253385314,0,0;             4709P   4498
110,516.7601239,-356.4885102,-198.1635305,517.3836933,              4711P   4499
-352.3014732,-198.0989984,0,0;                                      4711P   4500
102,6,4697,4699,4703,4705,4709,4711,0,0;                            4713P   4501
142,0,4591,0,4713,2,0,0;                                            4715P   4502
110,512.8708871,-382.6692414,-194.2869223,512.5684377,              4717P   4503
-384.6457068,-197.8458932,0,0;                                      4717P   4504
124,-0.1272951284,-0.07409022334,0.9890938222,512.6320853,          4719P   4505
-0.8624915162,-0.4841695214,-0.1472693419,-384.2144611,             4719P   4506
0.4898003009,-0.8718317002,-0.002269767677,-198.0907933,0,0;        4719P   4507
100,0.0,0.0,0.0,0.5,0.0,-0.2515167931,0.4321334317,0,0;             4721P   4508
110,512.6320853,-384.2067558,-198.590734,513.2556547,               4723P   4509
-380.0197188,-198.5262018,0,0;                                      4723P   4510
124,0.0,0.1472868321,0.9890938222,513.2556547,0.01541052682,        4725P   4511
0.9889763681,-0.1472693419,-380.027424,-0.9998812508,               4725P   4512
0.01524245688,-0.002269767677,-198.0262612,0,0;                     4725P   4513
100,0.0,0.0,0.0,0.5,0.0,-0.2628443146,0.4253385314,0,0;             4727P   4514
110,513.3183015,-379.6108248,-197.7569649,512.9971814,              4729P   4515
-381.8213964,-194.2625261,0,0;                                      4729P   4516
124,0.1252935297,-0.07742701285,0.9890938222,512.9345347,           4731P   4517
0.8331983732,-0.5330030129,-0.1472693419,-382.2379956,              4731P   4518
0.5385926125,0.8425632593,-0.002269767677,-194.5318224,0,0;         4731P   4519
100,0.0,0.0,0.0,0.5,0.0,-0.2353864803,0.4411271981,0,0;             4733P   4520
102,6,4717,4721,4723,4727,4729,4733,0,0;                            4735P   4521
142,0,4591,0,4735,2,0,0;                                            4737P   4522
144,4591,1,5,4619,4631,4643,4693,4715,4737,0,0;                     4739P   4523
110,502.2466002,-382.668133,-198.0669608,503.235694,                4741P   4524
-382.8154023,-198.0692305,0,0;                                      4741P   4525
110,491.7974675,-381.5530506,-197.7982281,512.5684377,              4743P   4526
-384.6457068,-197.8458932,0,0;                                      4743P   4527
120,4741,4743,0.0,6.283185307,0,0;                                  4745P   4528
124,-0.1272951284,-0.07409022334,0.9890938222,491.861115,           4747P   4529
-0.8624915162,-0.4841695214,-0.1472693419,-381.1218049,             4747P   4530
0.4898003009,-0.8718317002,-0.002269767677,-198.0431282,0,0;        4747P   4531
100,0.0,0.0,0.0,0.5,0.0,-0.2515167931,0.4321334317,0,0;             4749P   4532
110,491.861115,-381.1140996,-198.5430688,512.6320853,               4751P   4533
-384.2067558,-198.590734,0,0;                                       4751P   4534
124,0.0,-0.1472868321,-0.9890938222,512.6320853,0.01541052682,      4753P   4535
-0.9889763681,0.1472693419,-384.2144611,-0.9998812508,              4753P   4536
-0.01524245688,0.002269767677,-198.0907933,0,0;                     4753P   4537
100,0.0,0.0,0.0,0.5,0.0,-0.2515167931,0.4321334317,0,0;             4755P   4538
110,512.5684377,-384.6457068,-197.8458932,491.7974675,              4757P   4539
-381.5530506,-197.7982281,0,0;                                      4757P   4540
102,4,4749,4751,4755,4757,0,0;                                      4759P   4541
142,0,4745,0,4759,2,0,0;                                            4761P   4542
144,4745,1,0,4761,0,0;                                              4763P   4543
108,-0.1272951284,-0.8624915162,0.4898003009,169.6012158,0,         4765P   4544
512.5684377,-384.6457068,-197.8458932,1.0,0,0;                      4765P   4545
110,492.0999168,-379.5765852,-194.2392572,491.7974675,              4767P   4546
-381.5530506,-197.7982281,0,0;                                      4767P   4547
110,491.7974675,-381.5530506,-197.7982281,512.5684377,              4769P   4548
-384.6457068,-197.8458932,0,0;                                      4769P   4549
110,512.5684377,-384.6457068,-197.8458932,512.8708871,              4771P   4550
-382.6692414,-194.2869223,0,0;                                      4771P   4551
110,512.8708871,-382.6692414,-194.2869223,492.0999168,              4773P   4552
-379.5765852,-194.2392572,0,0;                                      4773P   4553
102,4,4767,4769,4771,4773,0,0;                                      4775P   4554
142,0,4765,0,4775,2,0,0;                                            4777P   4555
144,4765,1,0,4777,0,0;                                              4779P   4556
110,491.861115,-381.1140996,-198.5430688,492.4846845,               4781P   4557
-376.9270626,-198.4785367,0,0;                                      4781P   4558
110,492.4846845,-376.9270626,-198.4785367,513.2556547,              4783P   4559
-380.0197188,-198.5262018,0,0;                                      4783P   4560
110,513.2556547,-380.0197188,-198.5262018,512.6320853,              4785P   4561
-384.2067558,-198.590734,0,0;                                       4785P   4562
110,512.6320853,-384.2067558,-198.590734,491.861115,                4787P   4563
-381.1140996,-198.5430688,0,0;                                      4787P   4564
102,4,4781,4783,4785,4787,0,0;                                      4789P   4565
142,0,2883,0,4789,2,0,0;                                            4791P   4566
144,2883,1,0,4791,0,0;                                              4793P   4567
110,491.7974675,-381.5530506,-197.7982281,492.0999168,              4795P   4568
-379.5765852,-194.2392572,0,0;                                      4795P   4569
124,-0.1272952056,0.07409022334,-0.9890938222,492.1635644,          4797P   4570
-0.8624915047,0.4841695214,0.1472693419,-379.1453394,               4797P   4571
0.4898003011,0.8718317002,0.002269767677,-194.4841573,0,0;          4797P   4572
100,0.0,0.0,0.0,0.5,0.0,-0.2353864803,0.4411271981,0,0;             4799P   4573
110,492.2262112,-378.7287402,-194.214861,492.5473312,               4801P   4574
-376.5181687,-197.7092998,0,0;                                      4801P   4575
124,0.1252934525,0.07742701286,-0.9890938222,492.4846845,           4803P   4576
0.8331983847,0.5330030129,0.1472693419,-376.9347678,                4803P   4577
0.5385926127,-0.8425632593,0.002269767677,-197.9785961,0,0;         4803P   4578
100,0.0,0.0,0.0,0.5,0.0,-0.2628443146,0.4253385314,0,0;             4805P   4579
110,492.4846845,-376.9270626,-198.4785367,491.861115,               4807P   4580
-381.1140996,-198.5430688,0,0;                                      4807P   4581
124,-7.716221262E-008,-0.1472868321,-0.9890938222,491.8611151,      4809P   4582
0.01541053831,-0.9889763681,0.1472693419,-381.1218049,              4809P   4583
-0.9998812506,-0.01524245688,0.002269767677,-198.0431282,0,0;       4809P   4584
100,0.0,0.0,0.0,0.5,0.0,-0.2515167931,0.4321334317,0,0;             4811P   4585
102,6,4795,4799,4801,4805,4807,4811,0,0;                            4813P   4586
142,0,4121,0,4813,2,0,0;                                            4815P   4587
144,4121,1,0,4815,0,0;                                              4817P   4588
110,502.5490495,-380.6916675,-194.5079899,503.5381434,              4819P   4589
-380.8389369,-194.5102596,0,0;                                      4819P   4590
110,492.2262112,-378.7287402,-194.214861,512.9971814,               4821P   4591
-381.8213964,-194.2625261,0,0;                                      4821P   4592
120,4819,4821,0.0,6.283185307,0,0;                                  4823P   4593
124,0.1252936069,-0.07742701286,0.9890938222,492.1635644,           4825P   4594
0.8331983618,-0.5330030129,-0.1472693419,-379.1453394,              4825P   4595
0.5385926123,0.8425632593,-0.002269767677,-194.4841573,0,0;         4825P   4596
100,0.0,0.0,0.0,0.5,0.0,-0.2353864803,0.4411271981,0,0;             4827P   4597
110,492.0999168,-379.5765852,-194.2392572,512.8708871,              4829P   4598
-382.6692414,-194.2869223,0,0;                                      4829P   4599
124,-0.1272951284,0.07409022334,-0.9890938222,512.9345347,          4831P   4600
-0.8624915162,0.4841695214,0.1472693419,-382.2379956,               4831P   4601
0.4898003009,0.8718317002,0.002269767677,-194.5318224,0,0;          4831P   4602
100,0.0,0.0,0.0,0.5,0.0,-0.2353864803,0.4411271981,0,0;             4833P   4603
110,512.9971814,-381.8213964,-194.2625261,492.2262112,              4835P   4604
-378.7287402,-194.214861,0,0;                                       4835P   4605
102,4,4827,4829,4833,4835,0,0;                                      4837P   4606
142,0,4823,0,4837,2,0,0;                                            4839P   4607
144,4823,1,0,4839,0,0;                                              4841P   4608
110,502.8701696,-378.4810959,-198.0024287,503.8592634,              4843P   4609
-378.6283653,-198.0046984,0,0;                                      4843P   4610
110,492.4846845,-376.9270626,-198.4785367,513.2556547,              4845P   4611
-380.0197188,-198.5262018,0,0;                                      4845P   4612
120,4843,4845,0.0,6.283185307,0,0;                                  4847P   4613
124,7.716198525E-008,0.1472868321,0.9890938222,492.4846845,         4849P   4614
0.01541051534,0.9889763681,-0.1472693419,-376.9347678,              4849P   4615
-0.999881251,0.01524245688,-0.002269767677,-197.9785961,0,0;        4849P   4616
100,0.0,0.0,0.0,0.5,0.0,-0.2628443146,0.4253385314,0,0;             4851P   4617
110,492.5473312,-376.5181687,-197.7092998,513.3183015,              4853P   4618
-379.6108248,-197.7569649,0,0;                                      4853P   4619
124,0.1252935297,0.07742701285,-0.9890938222,513.2556547,           4855P   4620
0.8331983732,0.5330030129,0.1472693419,-380.027424,0.5385926125,    4855P   4621
-0.8425632593,0.002269767677,-198.0262612,0,0;                      4855P   4622
100,0.0,0.0,0.0,0.5,0.0,-0.2628443146,0.4253385314,0,0;             4857P   4623
110,513.2556547,-380.0197188,-198.5262018,492.4846845,              4859P   4624
-376.9270626,-198.4785367,0,0;                                      4859P   4625
102,4,4851,4853,4857,4859,0,0;                                      4861P   4626
142,0,4847,0,4861,2,0,0;                                            4863P   4627
144,4847,1,0,4863,0,0;                                              4865P   4628
108,0.1252935297,0.8331983732,0.5385926125,-358.4861002,0,          4867P   4629
512.9971814,-381.8213964,-194.2625261,1.0,0,0;                      4867P   4630
110,492.5473312,-376.5181687,-197.7092998,492.2262112,              4869P   4631
-378.7287402,-194.214861,0,0;                                       4869P   4632
110,492.2262112,-378.7287402,-194.214861,512.9971814,               4871P   4633
-381.8213964,-194.2625261,0,0;                                      4871P   4634
110,512.9971814,-381.8213964,-194.2625261,513.3183015,              4873P   4635
-379.6108248,-197.7569649,0,0;                                      4873P   4636
110,513.3183015,-379.6108248,-197.7569649,492.5473312,              4875P   4637
-376.5181687,-197.7092998,0,0;                                      4875P   4638
102,4,4869,4871,4873,4875,0,0;                                      4877P   4639
142,0,4867,0,4877,2,0,0;                                            4879P   4640
144,4867,1,0,4879,0,0;                                              4881P   4641
108,-0.1272951284,-0.8469874911,-0.5161474017,334.0312837,0,        4883P   4642
517.4473408,-351.8856847,-197.340984,1.0,0,0;                       4883P   4643
110,496.6763706,-348.7930285,-197.2933189,496.3739212,              4885P   4644
-350.8782334,-193.7969479,0,0;                                      4885P   4645
110,496.3739212,-350.8782334,-193.7969479,517.1448915,              4887P   4646
-353.9708896,-193.844613,0,0;                                       4887P   4647
110,517.1448915,-353.9708896,-193.844613,517.4473408,               4889P   4648
-351.8856847,-197.340984,0,0;                                       4889P   4649
110,517.4473408,-351.8856847,-197.340984,496.6763706,               4891P   4650
-348.7930285,-197.2933189,0,0;                                      4891P   4651
102,4,4885,4887,4889,4891,0,0;                                      4893P   4652
142,0,4883,0,4893,2,0,0;                                            4895P   4653
144,4883,1,0,4895,0,0;                                              4897P   4654
110,506.9982081,-350.7628504,-197.5752252,507.987302,               4899P   4655
-350.9101197,-197.5774949,0,0;                                      4899P   4656
110,496.612723,-349.208817,-198.0513332,517.3836933,                4901P   4657
-352.3014732,-198.0989984,0,0;                                      4901P   4658
120,4899,4901,0.0,6.283185307,0,0;                                  4903P   4659
124,7.716175787E-008,0.1472868321,0.9890938222,496.612723,          4905P   4660
0.01541051534,0.9889763681,-0.1472693419,-349.2165223,              4905P   4661
-0.999881251,0.01524245688,-0.002269767677,-197.5513926,0,0;        4905P   4662
100,0.0,0.0,0.0,0.5,0.0,-0.2515167931,0.4321334317,0,0;             4907P   4663
110,496.6763706,-348.7930285,-197.2933189,517.4473408,              4909P   4664
-351.8856847,-197.340984,0,0;                                       4909P   4665
124,0.1272951284,0.07409022334,-0.9890938222,517.3836933,           4911P   4666
0.8469874911,0.5108071367,0.1472693419,-352.3091785,                4911P   4667
0.5161474017,-0.8564967647,0.002269767677,-197.5990577,0,0;         4911P   4668
100,0.0,0.0,0.0,0.5,0.0,-0.2515167931,0.4321334317,0,0;             4913P   4669
110,517.3836933,-352.3014732,-198.0989984,496.6127231,              4915P   4670
-349.208817,-198.0513332,0,0;                                       4915P   4671
102,4,4907,4909,4913,4915,0,0;                                      4917P   4672
142,0,4903,0,4917,2,0,0;                                            4919P   4673
144,4903,1,0,4919,0,0;                                              4921P   4674
110,506.6957588,-352.8480553,-194.0788542,507.6848526,              4923P   4675
-352.9953246,-194.081124,0,0;                                       4923P   4676
110,496.3739212,-350.8782334,-193.7969479,517.1448915,              4925P   4677
-353.9708896,-193.844613,0,0;                                       4925P   4678
120,4923,4925,0.0,6.283185307,0,0;                                  4927P   4679
124,0.1272952056,-0.07409022334,0.9890938222,496.3102736,           4929P   4680
0.8469874796,-0.5108071367,-0.1472693419,-351.3017272,              4929P   4681
0.5161474015,0.8564967647,-0.002269767677,-194.0550216,0,0;         4929P   4682
100,0.0,0.0,0.0,0.5,0.0,-0.2353864803,0.4411271981,0,0;             4931P   4683
110,496.2476269,-351.7264275,-193.7986917,517.0185971,              4933P   4684
-354.8190837,-193.8463568,0,0;                                      4933P   4685
124,-0.1252935297,0.07742701286,-0.9890938222,517.0812439,          4935P   4686
-0.8494006507,0.5067842495,0.1472693419,-354.3943834,               4935P   4687
0.5126597956,0.8585888318,0.002269767677,-194.1026867,0,0;          4935P   4688
100,0.0,0.0,0.0,0.5,0.0,-0.2353864803,0.4411271981,0,0;             4937P   4689
110,517.1448915,-353.9708896,-193.844613,496.3739212,               4939P   4690
-350.8782334,-193.7969479,0,0;                                      4939P   4691
102,4,4931,4933,4937,4939,0,0;                                      4941P   4692
142,0,4927,0,4941,2,0,0;                                            4943P   4693
144,4927,1,0,4943,0,0;                                              4945P   4694
124,0.1272951284,0.07409022334,-0.9890938222,496.6127231,           4947P   4695
0.8469874911,0.5108071367,0.1472693419,-349.2165223,                4947P   4696
0.5161474017,-0.8564967647,0.002269767677,-197.5513926,0,0;         4947P   4697
100,0.0,0.0,0.0,0.5,0.0,-0.2515167931,0.4321334317,0,0;             4949P   4698
110,496.6127231,-349.208817,-198.0513332,495.9891536,               4951P   4699
-353.3958541,-198.1158653,0,0;                                      4951P   4700
124,-7.716187156E-008,-0.1472868321,-0.9890938222,495.9891536,      4953P   4701
0.01541053831,-0.9889763681,0.1472693419,-353.4035593,              4953P   4702
-0.9998812506,-0.01524245688,0.002269767677,-197.6159247,0,0;       4953P   4703
100,0.0,0.0,0.0,0.5,0.0,-0.2628443146,0.4253385314,0,0;             4955P   4704
110,495.9265069,-353.8282596,-197.3595948,496.2476269,              4957P   4705
-351.7264275,-193.7986917,0,0;                                      4957P   4706
124,-0.1252936069,0.07742701286,-0.9890938222,496.3102737,          4959P   4707
-0.8494006392,0.5067842495,0.1472693419,-351.3017272,               4959P   4708
0.5126597958,0.8585888318,0.002269767677,-194.0550216,0,0;          4959P   4709
100,0.0,0.0,0.0,0.5,0.0,-0.2353864803,0.4411271981,0,0;             4961P   4710
110,496.3739212,-350.8782334,-193.7969479,496.6763706,              4963P   4711
-348.7930285,-197.2933189,0,0;                                      4963P   4712
102,6,4949,4951,4955,4957,4961,4963,0,0;                            4965P   4713
142,0,4121,0,4965,2,0,0;                                            4967P   4714
144,4121,1,0,4967,0,0;                                              4969P   4715
110,495.9891536,-353.3958541,-198.1158653,496.6127231,              4971P   4716
-349.208817,-198.0513332,0,0;                                       4971P   4717
110,496.6127231,-349.208817,-198.0513332,517.3836933,               4973P   4718
-352.3014732,-198.0989984,0,0;                                      4973P   4719
110,517.3836933,-352.3014732,-198.0989984,516.7601239,              4975P   4720
-356.4885102,-198.1635305,0,0;                                      4975P   4721
110,516.7601239,-356.4885102,-198.1635305,495.9891536,              4977P   4722
-353.3958541,-198.1158653,0,0;                                      4977P   4723
102,4,4971,4973,4975,4977,0,0;                                      4979P   4724
142,0,2883,0,4979,2,0,0;                                            4981P   4725
144,2883,1,0,4981,0,0;                                              4983P   4726
108,0.1252935297,0.8494006507,-0.5126597956,-137.2272419,0,         4985P   4727
517.0185971,-354.8190837,-193.8463568,1.0,0,0;                      4985P   4728
110,496.2476269,-351.7264275,-193.7986917,495.9265069,              4987P   4729
-353.8282596,-197.3595948,0,0;                                      4987P   4730
110,495.9265069,-353.8282596,-197.3595948,516.6974771,              4989P   4731
-356.9209158,-197.4072599,0,0;                                      4989P   4732
110,516.6974771,-356.9209158,-197.4072599,517.0185971,              4991P   4733
-354.8190837,-193.8463568,0,0;                                      4991P   4734
110,517.0185971,-354.8190837,-193.8463568,496.2476269,              4993P   4735
-351.7264275,-193.7986917,0,0;                                      4993P   4736
102,4,4987,4989,4991,4993,0,0;                                      4995P   4737
142,0,4985,0,4995,2,0,0;                                            4997P   4738
144,4985,1,0,4997,0,0;                                              4999P   4739
110,506.3746387,-354.9498874,-197.6397573,507.3637326,              5001P   4740
-355.0971567,-197.642027,0,0;                                       5001P   4741
110,495.9265068,-353.8282596,-197.3595948,516.6974771,              5003P   4742
-356.9209158,-197.4072599,0,0;                                      5003P   4743
120,5001,5003,0.0,6.283185307,0,0;                                  5005P   4744
124,-0.1252934525,-0.07742701286,0.9890938222,495.9891536,          5007P   4745
-0.8494006622,-0.5067842495,-0.1472693419,-353.4035593,             5007P   4746
0.5126597954,-0.8585888318,-0.002269767677,-197.6159247,0,0;        5007P   4747
100,0.0,0.0,0.0,0.5,0.0,-0.2628443146,0.4253385314,0,0;             5009P   4748
110,495.9891536,-353.3958541,-198.1158653,516.7601239,              5011P   4749
-356.4885102,-198.1635305,0,0;                                      5011P   4750
124,0.0,-0.1472868321,-0.9890938222,516.7601239,0.01541052682,      5013P   4751
-0.9889763681,0.1472693419,-356.4962155,-0.9998812508,              5013P   4752
-0.01524245688,0.002269767677,-197.6635898,0,0;                     5013P   4753
100,0.0,0.0,0.0,0.5,0.0,-0.2628443146,0.4253385314,0,0;             5015P   4754
110,516.6974771,-356.9209158,-197.4072599,495.9265069,              5017P   4755
-353.8282596,-197.3595948,0,0;                                      5017P   4756
102,4,5009,5011,5015,5017,0,0;                                      5019P   4757
142,0,5005,0,5019,2,0,0;                                            5021P   4758
144,5005,1,0,5021,0,0;                                              5023P   4759
116,467.6800101,-361.5622673,-174.9889678,0,0,0;                    5025P   4760
116,467.6800101,-364.2852616,1.687075502,0,0,0;                     5027P   4761
116,467.6800101,-361.5468568,-175.988849,0,0,0;                     5029P   4762
S      1G      4D   5030P   4762                                        T      1
