ISO-10303-21;
HEADER;


ENDSEC;

DATA;
#5=PRODUCT('Button_Panel','','',(#2)) ;
#1=APPLICATION_CONTEXT('configuration controlled 3D design of mechanical parts and assemblies') ;
#14=PRODUCT_DEFINITION(' ',' ',#6,#3) ;
#16=SECURITY_CLASSIFICATION(' ',' ',#15) ;
#15=SECURITY_CLASSIFICATION_LEVEL('unclassified') ;
#47=CARTESIAN_POINT(' ',(0.,0.,0.)) ;
#52=CARTESIAN_POINT('Axis2P3D Location',(-425.890301991,34.4366615351,16.9800687473)) ;
#57=CARTESIAN_POINT('Line Origine',(-424.890301991,34.4366615351,17.5950687473)) ;
#61=CARTESIAN_POINT('Vertex',(-424.890301991,34.4366615351,16.9800687473)) ;
#63=CARTESIAN_POINT('Vertex',(-424.890301991,34.4366615351,18.2100687473)) ;
#66=CARTESIAN_POINT('Line Origine',(-425.390301991,34.4366615351,16.9800687473)) ;
#70=CARTESIAN_POINT('Vertex',(-425.890301991,34.4366615351,16.9800687473)) ;
#73=CARTESIAN_POINT('Line Origine',(-425.890301991,34.4366615351,17.5950687473)) ;
#77=CARTESIAN_POINT('Vertex',(-425.890301991,34.4366615351,18.2100687473)) ;
#80=CARTESIAN_POINT('Line Origine',(-425.390301991,34.4366615351,18.2100687473)) ;
#92=CARTESIAN_POINT('Axis2P3D Location',(3.31939947962E-029,1.06930924415E-015,18.2100687473)) ;
#97=CARTESIAN_POINT('Line Origine',(-425.890301991,32.4366615351,18.2100687473)) ;
#101=CARTESIAN_POINT('Vertex',(-425.890301991,30.4366615351,18.2100687473)) ;
#104=CARTESIAN_POINT('Line Origine',(-425.390301991,30.4366615351,18.2100687473)) ;
#108=CARTESIAN_POINT('Vertex',(-424.890301991,30.4366615351,18.2100687473)) ;
#111=CARTESIAN_POINT('Line Origine',(-424.890301991,32.4366615351,18.2100687473)) ;
#123=CARTESIAN_POINT('Axis2P3D Location',(-425.890301991,30.4366615351,16.9800687473)) ;
#128=CARTESIAN_POINT('Line Origine',(-425.890301991,32.4366615351,16.9800687473)) ;
#132=CARTESIAN_POINT('Vertex',(-425.890301991,30.4366615351,16.9800687473)) ;
#135=CARTESIAN_POINT('Line Origine',(-425.890301991,30.4366615351,17.5950687473)) ;
#147=CARTESIAN_POINT('Axis2P3D Location',(-424.890301991,34.4366615351,16.9800687473)) ;
#152=CARTESIAN_POINT('Line Origine',(-424.890301991,30.4366615351,17.5950687473)) ;
#156=CARTESIAN_POINT('Vertex',(-424.890301991,30.4366615351,16.9800687473)) ;
#159=CARTESIAN_POINT('Line Origine',(-424.890301991,32.4366615351,16.9800687473)) ;
#171=CARTESIAN_POINT('Axis2P3D Location',(-424.890301991,30.4366615351,16.9800687473)) ;
#176=CARTESIAN_POINT('Line Origine',(-425.390301991,30.4366615351,16.9800687473)) ;
#188=CARTESIAN_POINT('Axis2P3D Location',(-439.640301991,32.9366615351,16.9800687473)) ;
#193=CARTESIAN_POINT('Line Origine',(-439.240301991,32.9366615351,17.5950687473)) ;
#197=CARTESIAN_POINT('Vertex',(-439.240301991,32.9366615351,16.9800687473)) ;
#199=CARTESIAN_POINT('Vertex',(-439.240301991,32.9366615351,18.2100687473)) ;
#202=CARTESIAN_POINT('Line Origine',(-439.440301991,32.9366615351,16.9800687473)) ;
#206=CARTESIAN_POINT('Vertex',(-439.640301991,32.9366615351,16.9800687473)) ;
#209=CARTESIAN_POINT('Line Origine',(-439.640301991,32.9366615351,17.5950687473)) ;
#213=CARTESIAN_POINT('Vertex',(-439.640301991,32.9366615351,18.2100687473)) ;
#216=CARTESIAN_POINT('Line Origine',(-439.440301991,32.9366615351,18.2100687473)) ;
#228=CARTESIAN_POINT('Line Origine',(-439.640301991,33.6866615351,18.2100687473)) ;
#232=CARTESIAN_POINT('Vertex',(-439.640301991,34.4366615351,18.2100687473)) ;
#235=CARTESIAN_POINT('Line Origine',(-439.890301991,34.4366615351,18.2100687473)) ;
#239=CARTESIAN_POINT('Vertex',(-440.140301991,34.4366615351,18.2100687473)) ;
#242=CARTESIAN_POINT('Line Origine',(-440.140301991,33.6866615351,18.2100687473)) ;
#246=CARTESIAN_POINT('Vertex',(-440.140301991,32.9366615351,18.2100687473)) ;
#249=CARTESIAN_POINT('Line Origine',(-440.340301991,32.9366615351,18.2100687473)) ;
#253=CARTESIAN_POINT('Vertex',(-440.540301991,32.9366615351,18.2100687473)) ;
#256=CARTESIAN_POINT('Line Origine',(-440.540301991,32.4366615351,18.2100687473)) ;
#260=CARTESIAN_POINT('Vertex',(-440.540301991,31.9366615351,18.2100687473)) ;
#263=CARTESIAN_POINT('Line Origine',(-440.340301991,31.9366615351,18.2100687473)) ;
#267=CARTESIAN_POINT('Vertex',(-440.140301991,31.9366615351,18.2100687473)) ;
#270=CARTESIAN_POINT('Line Origine',(-440.140301991,31.1866615351,18.2100687473)) ;
#274=CARTESIAN_POINT('Vertex',(-440.140301991,30.4366615351,18.2100687473)) ;
#277=CARTESIAN_POINT('Line Origine',(-439.890301991,30.4366615351,18.2100687473)) ;
#281=CARTESIAN_POINT('Vertex',(-439.640301991,30.4366615351,18.2100687473)) ;
#284=CARTESIAN_POINT('Line Origine',(-439.640301991,31.1866615351,18.2100687473)) ;
#288=CARTESIAN_POINT('Vertex',(-439.640301991,31.9366615351,18.2100687473)) ;
#291=CARTESIAN_POINT('Line Origine',(-439.440301991,31.9366615351,18.2100687473)) ;
#295=CARTESIAN_POINT('Vertex',(-439.240301991,31.9366615351,18.2100687473)) ;
#298=CARTESIAN_POINT('Line Origine',(-439.240301991,32.4366615351,18.2100687473)) ;
#318=CARTESIAN_POINT('Axis2P3D Location',(-439.640301991,18.5504168445,15.7300687473)) ;
#323=CARTESIAN_POINT('Line Origine',(-439.640301991,33.6866615351,16.9800687473)) ;
#327=CARTESIAN_POINT('Vertex',(-439.640301991,34.4366615351,16.9800687473)) ;
#330=CARTESIAN_POINT('Line Origine',(-439.640301991,34.4366615351,17.5950687473)) ;
#342=CARTESIAN_POINT('Axis2P3D Location',(-439.240301991,32.9366615351,16.9800687473)) ;
#347=CARTESIAN_POINT('Line Origine',(-439.240301991,31.9366615351,17.5950687473)) ;
#351=CARTESIAN_POINT('Vertex',(-439.240301991,31.9366615351,16.9800687473)) ;
#354=CARTESIAN_POINT('Line Origine',(-439.240301991,32.4366615351,16.9800687473)) ;
#366=CARTESIAN_POINT('Line Origine',(-439.890301991,34.4366615351,16.9800687473)) ;
#370=CARTESIAN_POINT('Vertex',(-440.140301991,34.4366615351,16.9800687473)) ;
#373=CARTESIAN_POINT('Line Origine',(-440.140301991,34.4366615351,17.5950687473)) ;
#385=CARTESIAN_POINT('Axis2P3D Location',(-440.140301991,32.9366615351,16.9800687473)) ;
#390=CARTESIAN_POINT('Line Origine',(-440.140301991,33.6866615351,16.9800687473)) ;
#394=CARTESIAN_POINT('Vertex',(-440.140301991,32.9366615351,16.9800687473)) ;
#397=CARTESIAN_POINT('Line Origine',(-440.140301991,32.9366615351,17.5950687473)) ;
#409=CARTESIAN_POINT('Line Origine',(-440.340301991,32.9366615351,16.9800687473)) ;
#413=CARTESIAN_POINT('Vertex',(-440.540301991,32.9366615351,16.9800687473)) ;
#416=CARTESIAN_POINT('Line Origine',(-440.540301991,32.9366615351,17.5950687473)) ;
#428=CARTESIAN_POINT('Axis2P3D Location',(-440.540301991,31.9366615351,16.9800687473)) ;
#433=CARTESIAN_POINT('Line Origine',(-440.540301991,32.4366615351,16.9800687473)) ;
#437=CARTESIAN_POINT('Vertex',(-440.540301991,31.9366615351,16.9800687473)) ;
#440=CARTESIAN_POINT('Line Origine',(-440.540301991,31.9366615351,17.5950687473)) ;
#452=CARTESIAN_POINT('Axis2P3D Location',(-440.140301991,31.9366615351,16.9800687473)) ;
#457=CARTESIAN_POINT('Line Origine',(-440.340301991,31.9366615351,16.9800687473)) ;
#461=CARTESIAN_POINT('Vertex',(-440.140301991,31.9366615351,16.9800687473)) ;
#464=CARTESIAN_POINT('Line Origine',(-440.140301991,31.9366615351,17.5950687473)) ;
#476=CARTESIAN_POINT('Line Origine',(-440.140301991,31.1866615351,16.9800687473)) ;
#480=CARTESIAN_POINT('Vertex',(-440.140301991,30.4366615351,16.9800687473)) ;
#483=CARTESIAN_POINT('Line Origine',(-440.140301991,30.4366615351,17.5950687473)) ;
#495=CARTESIAN_POINT('Line Origine',(-439.890301991,30.4366615351,16.9800687473)) ;
#499=CARTESIAN_POINT('Vertex',(-439.640301991,30.4366615351,16.9800687473)) ;
#502=CARTESIAN_POINT('Line Origine',(-439.640301991,30.4366615351,17.5950687473)) ;
#514=CARTESIAN_POINT('Line Origine',(-439.640301991,31.1866615351,16.9800687473)) ;
#518=CARTESIAN_POINT('Vertex',(-439.640301991,31.9366615351,16.9800687473)) ;
#521=CARTESIAN_POINT('Line Origine',(-439.640301991,31.9366615351,17.5950687473)) ;
#533=CARTESIAN_POINT('Line Origine',(-439.440301991,31.9366615351,16.9800687473)) ;
#545=CARTESIAN_POINT('Axis2P3D Location',(-436.890301991,40.6350148776,16.9800687473)) ;
#550=CARTESIAN_POINT('Line Origine',(-438.890301991,39.8850148776,17.5950687473)) ;
#554=CARTESIAN_POINT('Vertex',(-438.890301991,39.8850148776,16.9800687473)) ;
#556=CARTESIAN_POINT('Vertex',(-438.890301991,39.8850148776,18.2100687473)) ;
#559=CARTESIAN_POINT('Line Origine',(-437.890301991,40.2600148776,16.9800687473)) ;
#563=CARTESIAN_POINT('Vertex',(-436.890301991,40.6350148776,16.9800687473)) ;
#566=CARTESIAN_POINT('Line Origine',(-436.890301991,40.6350148776,17.5950687473)) ;
#570=CARTESIAN_POINT('Vertex',(-436.890301991,40.6350148776,18.2100687473)) ;
#573=CARTESIAN_POINT('Line Origine',(-437.890301991,40.2600148776,18.2100687473)) ;
#585=CARTESIAN_POINT('Line Origine',(-435.890301991,40.2600148776,18.2100687473)) ;
#589=CARTESIAN_POINT('Vertex',(-434.890301991,39.8850148776,18.2100687473)) ;
#592=CARTESIAN_POINT('Line Origine',(-435.890301991,41.3850148776,18.2100687473)) ;
#596=CARTESIAN_POINT('Vertex',(-436.890301991,42.8850148776,18.2100687473)) ;
#599=CARTESIAN_POINT('Line Origine',(-437.890301991,41.3850148776,18.2100687473)) ;
#611=CARTESIAN_POINT('Axis2P3D Location',(-434.890301991,39.8850148776,16.9800687473)) ;
#616=CARTESIAN_POINT('Line Origine',(-435.890301991,40.2600148776,16.9800687473)) ;
#620=CARTESIAN_POINT('Vertex',(-434.890301991,39.8850148776,16.9800687473)) ;
#623=CARTESIAN_POINT('Line Origine',(-434.890301991,39.8850148776,17.5950687473)) ;
#635=CARTESIAN_POINT('Axis2P3D Location',(-438.890301991,39.8850148776,16.9800687473)) ;
#640=CARTESIAN_POINT('Line Origine',(-436.890301991,42.8850148776,17.5950687473)) ;
#644=CARTESIAN_POINT('Vertex',(-436.890301991,42.8850148776,16.9800687473)) ;
#647=CARTESIAN_POINT('Line Origine',(-437.890301991,41.3850148776,16.9800687473)) ;
#659=CARTESIAN_POINT('Axis2P3D Location',(-436.890301991,42.8850148776,16.9800687473)) ;
#664=CARTESIAN_POINT('Line Origine',(-435.890301991,41.3850148776,16.9800687473)) ;
#676=CARTESIAN_POINT('Axis2P3D Location',(-438.890301991,24.9883081926,16.9800687473)) ;
#681=CARTESIAN_POINT('Line Origine',(-438.890301991,24.9883081926,17.5950687473)) ;
#685=CARTESIAN_POINT('Vertex',(-438.890301991,24.9883081926,16.9800687473)) ;
#687=CARTESIAN_POINT('Vertex',(-438.890301991,24.9883081926,18.2100687473)) ;
#690=CARTESIAN_POINT('Line Origine',(-437.890301991,23.4883081926,16.9800687473)) ;
#694=CARTESIAN_POINT('Vertex',(-436.890301991,21.9883081926,16.9800687473)) ;
#697=CARTESIAN_POINT('Line Origine',(-436.890301991,21.9883081926,17.5950687473)) ;
#701=CARTESIAN_POINT('Vertex',(-436.890301991,21.9883081926,18.2100687473)) ;
#704=CARTESIAN_POINT('Line Origine',(-437.890301991,23.4883081926,18.2100687473)) ;
#716=CARTESIAN_POINT('Axis2P3D Location',(-436.890301991,24.2383081926,16.9800687473)) ;
#721=CARTESIAN_POINT('Line Origine',(-436.890301991,24.2383081926,17.5950687473)) ;
#725=CARTESIAN_POINT('Vertex',(-436.890301991,24.2383081926,16.9800687473)) ;
#727=CARTESIAN_POINT('Vertex',(-436.890301991,24.2383081926,18.2100687473)) ;
#730=CARTESIAN_POINT('Line Origine',(-437.890301991,24.6133081926,16.9800687473)) ;
#735=CARTESIAN_POINT('Line Origine',(-437.890301991,24.6133081926,18.2100687473)) ;
#747=CARTESIAN_POINT('Axis2P3D Location',(-436.890301991,21.9883081926,16.9800687473)) ;
#752=CARTESIAN_POINT('Line Origine',(-435.890301991,23.4883081926,16.9800687473)) ;
#756=CARTESIAN_POINT('Vertex',(-434.890301991,24.9883081926,16.9800687473)) ;
#759=CARTESIAN_POINT('Line Origine',(-434.890301991,24.9883081926,17.5950687473)) ;
#763=CARTESIAN_POINT('Vertex',(-434.890301991,24.9883081926,18.2100687473)) ;
#766=CARTESIAN_POINT('Line Origine',(-435.890301991,23.4883081926,18.2100687473)) ;
#778=CARTESIAN_POINT('Line Origine',(-435.890301991,24.6133081926,18.2100687473)) ;
#790=CARTESIAN_POINT('Axis2P3D Location',(-434.890301991,24.9883081926,16.9800687473)) ;
#795=CARTESIAN_POINT('Line Origine',(-435.890301991,24.6133081926,16.9800687473)) ;
#807=CARTESIAN_POINT('Axis2P3D Location',(-435.957848217,15.3809148776,17.5950687473)) ;
#812=CARTESIAN_POINT('Line Origine',(-436.525394443,15.3809148776,17.5950687473)) ;
#816=CARTESIAN_POINT('Vertex',(-436.525394443,15.3809148776,16.9800687473)) ;
#818=CARTESIAN_POINT('Vertex',(-436.525394443,15.3809148776,18.2100687473)) ;
#821=CARTESIAN_POINT('Axis2P3D Location',(-435.957848217,15.3809148776,16.9800687473)) ;
#825=CARTESIAN_POINT('Vertex',(-435.390301991,15.3809148776,16.9800687473)) ;
#828=CARTESIAN_POINT('Line Origine',(-435.390301991,15.3809148776,17.5950687473)) ;
#832=CARTESIAN_POINT('Vertex',(-435.390301991,15.3809148776,18.2100687473)) ;
#835=CARTESIAN_POINT('Axis2P3D Location',(-435.957848217,15.3809148776,18.2100687473)) ;
#847=CARTESIAN_POINT('Line Origine',(-435.390301991,14.8809148776,18.2100687473)) ;
#851=CARTESIAN_POINT('Vertex',(-435.390301991,14.3809148776,18.2100687473)) ;
#854=CARTESIAN_POINT('Line Origine',(-435.140301991,14.3809148776,18.2100687473)) ;
#858=CARTESIAN_POINT('Vertex',(-434.890301991,14.3809148776,18.2100687473)) ;
#861=CARTESIAN_POINT('Line Origine',(-434.890301991,14.8809148776,18.2100687473)) ;
#865=CARTESIAN_POINT('Vertex',(-434.890301991,15.3809148776,18.2100687473)) ;
#868=CARTESIAN_POINT('Axis2P3D Location',(-436.072755765,15.3809148776,18.2100687473)) ;
#872=CARTESIAN_POINT('Vertex',(-437.255209539,15.3809148776,18.2100687473)) ;
#875=CARTESIAN_POINT('Axis2P3D Location',(-437.822755765,15.3809148776,18.2100687473)) ;
#879=CARTESIAN_POINT('Vertex',(-438.390301991,15.3809148776,18.2100687473)) ;
#882=CARTESIAN_POINT('Line Origine',(-438.390301991,15.7809148776,18.2100687473)) ;
#886=CARTESIAN_POINT('Vertex',(-438.390301991,16.1809148776,18.2100687473)) ;
#889=CARTESIAN_POINT('Line Origine',(-438.640301991,16.1809148776,18.2100687473)) ;
#893=CARTESIAN_POINT('Vertex',(-438.890301991,16.1809148776,18.2100687473)) ;
#896=CARTESIAN_POINT('Line Origine',(-438.890301991,15.7809148776,18.2100687473)) ;
#900=CARTESIAN_POINT('Vertex',(-438.890301991,15.3809148776,18.2100687473)) ;
#903=CARTESIAN_POINT('Axis2P3D Location',(-437.707848217,15.3809148776,18.2100687473)) ;
#921=CARTESIAN_POINT('Axis2P3D Location',(-435.390301991,15.3809148776,16.9800687473)) ;
#926=CARTESIAN_POINT('Line Origine',(-435.390301991,14.8809148776,16.9800687473)) ;
#930=CARTESIAN_POINT('Vertex',(-435.390301991,14.3809148776,16.9800687473)) ;
#933=CARTESIAN_POINT('Line Origine',(-435.390301991,14.3809148776,17.5950687473)) ;
#945=CARTESIAN_POINT('Axis2P3D Location',(-437.707848217,15.3809148776,17.5950687473)) ;
#950=CARTESIAN_POINT('Line Origine',(-438.890301991,15.3809148776,17.5950687473)) ;
#954=CARTESIAN_POINT('Vertex',(-438.890301991,15.3809148776,16.9800687473)) ;
#957=CARTESIAN_POINT('Axis2P3D Location',(-437.707848217,15.3809148776,16.9800687473)) ;
#969=CARTESIAN_POINT('Axis2P3D Location',(-434.890301991,14.3809148776,16.9800687473)) ;
#974=CARTESIAN_POINT('Line Origine',(-435.140301991,14.3809148776,16.9800687473)) ;
#978=CARTESIAN_POINT('Vertex',(-434.890301991,14.3809148776,16.9800687473)) ;
#981=CARTESIAN_POINT('Line Origine',(-434.890301991,14.3809148776,17.5950687473)) ;
#993=CARTESIAN_POINT('Axis2P3D Location',(-434.890301991,14.3809148776,16.9800687473)) ;
#998=CARTESIAN_POINT('Line Origine',(-434.890301991,14.8809148776,16.9800687473)) ;
#1002=CARTESIAN_POINT('Vertex',(-434.890301991,15.3809148776,16.9800687473)) ;
#1005=CARTESIAN_POINT('Line Origine',(-434.890301991,15.3809148776,17.5950687473)) ;
#1017=CARTESIAN_POINT('Axis2P3D Location',(-436.072755765,15.3809148776,17.5950687473)) ;
#1022=CARTESIAN_POINT('Axis2P3D Location',(-436.072755765,15.3809148776,16.9800687473)) ;
#1026=CARTESIAN_POINT('Vertex',(-437.255209539,15.3809148776,16.9800687473)) ;
#1029=CARTESIAN_POINT('Line Origine',(-437.255209539,15.3809148776,17.5950687473)) ;
#1041=CARTESIAN_POINT('Axis2P3D Location',(-437.822755765,15.3809148776,17.5950687473)) ;
#1046=CARTESIAN_POINT('Axis2P3D Location',(-437.822755765,15.3809148776,16.9800687473)) ;
#1050=CARTESIAN_POINT('Vertex',(-438.390301991,15.3809148776,16.9800687473)) ;
#1053=CARTESIAN_POINT('Line Origine',(-438.390301991,15.3809148776,17.5950687473)) ;
#1065=CARTESIAN_POINT('Axis2P3D Location',(-438.390301991,15.3809148776,16.9800687473)) ;
#1070=CARTESIAN_POINT('Line Origine',(-438.390301991,15.7809148776,16.9800687473)) ;
#1074=CARTESIAN_POINT('Vertex',(-438.390301991,16.1809148776,16.9800687473)) ;
#1077=CARTESIAN_POINT('Line Origine',(-438.390301991,16.1809148776,17.5950687473)) ;
#1089=CARTESIAN_POINT('Axis2P3D Location',(-438.390301991,16.1809148776,16.9800687473)) ;
#1094=CARTESIAN_POINT('Line Origine',(-438.640301991,16.1809148776,16.9800687473)) ;
#1098=CARTESIAN_POINT('Vertex',(-438.890301991,16.1809148776,16.9800687473)) ;
#1101=CARTESIAN_POINT('Line Origine',(-438.890301991,16.1809148776,17.5950687473)) ;
#1113=CARTESIAN_POINT('Axis2P3D Location',(-438.890301991,16.1809148776,16.9800687473)) ;
#1118=CARTESIAN_POINT('Line Origine',(-438.890301991,15.7809148776,16.9800687473)) ;
#1130=CARTESIAN_POINT('Axis2P3D Location',(-438.890301991,47.8850148776,16.9800687473)) ;
#1135=CARTESIAN_POINT('Line Origine',(-438.890301991,47.8850148776,17.5950687473)) ;
#1139=CARTESIAN_POINT('Vertex',(-438.890301991,47.8850148776,16.9800687473)) ;
#1141=CARTESIAN_POINT('Vertex',(-438.890301991,47.8850148776,18.2100687473)) ;
#1144=CARTESIAN_POINT('Line Origine',(-436.890301991,47.8850148776,16.9800687473)) ;
#1148=CARTESIAN_POINT('Vertex',(-434.890301991,47.8850148776,16.9800687473)) ;
#1151=CARTESIAN_POINT('Line Origine',(-434.890301991,47.8850148776,17.5950687473)) ;
#1155=CARTESIAN_POINT('Vertex',(-434.890301991,47.8850148776,18.2100687473)) ;
#1158=CARTESIAN_POINT('Line Origine',(-436.890301991,47.8850148776,18.2100687473)) ;
#1170=CARTESIAN_POINT('Line Origine',(-438.890301991,48.6350148776,17.5950687473)) ;
#1174=CARTESIAN_POINT('Vertex',(-438.890301991,48.6350148776,16.9800687473)) ;
#1176=CARTESIAN_POINT('Vertex',(-438.890301991,48.6350148776,18.2100687473)) ;
#1179=CARTESIAN_POINT('Line Origine',(-438.890301991,48.2600148776,16.9800687473)) ;
#1184=CARTESIAN_POINT('Line Origine',(-438.890301991,48.2600148776,18.2100687473)) ;
#1196=CARTESIAN_POINT('Line Origine',(-434.890301991,48.2600148776,16.9800687473)) ;
#1200=CARTESIAN_POINT('Vertex',(-434.890301991,48.6350148776,16.9800687473)) ;
#1203=CARTESIAN_POINT('Line Origine',(-434.890301991,48.6350148776,17.5950687473)) ;
#1207=CARTESIAN_POINT('Vertex',(-434.890301991,48.6350148776,18.2100687473)) ;
#1210=CARTESIAN_POINT('Line Origine',(-434.890301991,48.2600148776,18.2100687473)) ;
#1222=CARTESIAN_POINT('Line Origine',(-435.765301991,48.6350148776,18.2100687473)) ;
#1226=CARTESIAN_POINT('Vertex',(-436.640301991,48.6350148776,18.2100687473)) ;
#1229=CARTESIAN_POINT('Line Origine',(-435.765301991,49.2600148776,18.2100687473)) ;
#1233=CARTESIAN_POINT('Vertex',(-434.890301991,49.8850148776,18.2100687473)) ;
#1236=CARTESIAN_POINT('Line Origine',(-434.890301991,50.3850148776,18.2100687473)) ;
#1240=CARTESIAN_POINT('Vertex',(-434.890301991,50.8850148776,18.2100687473)) ;
#1243=CARTESIAN_POINT('Line Origine',(-435.815338673,50.2242743902,18.2100687473)) ;
#1247=CARTESIAN_POINT('Vertex',(-436.740375355,49.5635339028,18.2100687473)) ;
#1250=CARTESIAN_POINT('Axis2P3D Location',(-437.765275802,48.6350148776,18.2100687473)) ;
#1266=CARTESIAN_POINT('Axis2P3D Location',(-437.765275802,48.6350148776,18.2100687473)) ;
#1271=CARTESIAN_POINT('Vertex',(-437.265275802,48.6350148776,18.2100687473)) ;
#1273=CARTESIAN_POINT('Vertex',(-438.265275802,48.6350148776,18.2100687473)) ;
#1276=CARTESIAN_POINT('Line Origine',(-437.765275802,48.6350148776,18.2100687473)) ;
#1286=CARTESIAN_POINT('Axis2P3D Location',(-437.765275802,48.6350148776,16.9800687473)) ;
#1294=CARTESIAN_POINT('Line Origine',(-436.740375355,49.5635339028,17.5950687473)) ;
#1298=CARTESIAN_POINT('Vertex',(-436.740375355,49.5635339028,16.9800687473)) ;
#1302=CARTESIAN_POINT('Control Point',(-436.740375355,49.5635339028,16.9800687473)) ;
#1303=CARTESIAN_POINT('Control Point',(-436.866411395,50.1207168892,16.9800687473)) ;
#1304=CARTESIAN_POINT('Control Point',(-437.086986608,50.592251146,16.9800687473)) ;
#1305=CARTESIAN_POINT('Control Point',(-437.383234401,50.8908639231,16.9800687473)) ;
#1306=CARTESIAN_POINT('Control Point',(-438.024489641,51.038842058,16.9800687473)) ;
#1307=CARTESIAN_POINT('Control Point',(-438.578180133,50.3747859193,16.9800687473)) ;
#1308=CARTESIAN_POINT('Control Point',(-438.786526989,49.8582467612,16.9800687473)) ;
#1309=CARTESIAN_POINT('Control Point',(-438.890301991,49.2466308194,16.9800687473)) ;
#1310=CARTESIAN_POINT('Control Point',(-438.890301991,48.6350148776,16.9800687473)) ;
#1319=CARTESIAN_POINT('Axis2P3D Location',(-434.890301991,48.6350148776,16.9800687473)) ;
#1324=CARTESIAN_POINT('Line Origine',(-435.765301991,48.6350148776,16.9800687473)) ;
#1328=CARTESIAN_POINT('Vertex',(-436.640301991,48.6350148776,16.9800687473)) ;
#1331=CARTESIAN_POINT('Line Origine',(-436.640301991,48.6350148776,17.5950687473)) ;
#1343=CARTESIAN_POINT('Axis2P3D Location',(-436.640301991,48.6350148776,16.9800687473)) ;
#1348=CARTESIAN_POINT('Line Origine',(-435.765301991,49.2600148776,16.9800687473)) ;
#1352=CARTESIAN_POINT('Vertex',(-434.890301991,49.8850148776,16.9800687473)) ;
#1355=CARTESIAN_POINT('Line Origine',(-434.890301991,49.8850148776,17.5950687473)) ;
#1367=CARTESIAN_POINT('Line Origine',(-434.890301991,50.3850148776,16.9800687473)) ;
#1371=CARTESIAN_POINT('Vertex',(-434.890301991,50.8850148776,16.9800687473)) ;
#1374=CARTESIAN_POINT('Line Origine',(-434.890301991,50.8850148776,17.5950687473)) ;
#1386=CARTESIAN_POINT('Axis2P3D Location',(-434.890301991,50.8850148776,16.9800687473)) ;
#1391=CARTESIAN_POINT('Line Origine',(-435.815338673,50.2242743902,16.9800687473)) ;
#1403=CARTESIAN_POINT('Axis2P3D Location',(-437.765275802,48.6350148776,16.9800687473)) ;
#1411=CARTESIAN_POINT('Line Origine',(-438.265275802,48.6350148776,17.5950687473)) ;
#1415=CARTESIAN_POINT('Vertex',(-438.265275802,48.6350148776,16.9800687473)) ;
#1419=CARTESIAN_POINT('Control Point',(-437.265275802,48.6350148776,16.9800687473)) ;
#1420=CARTESIAN_POINT('Control Point',(-437.265275802,49.0892358723,16.9800687473)) ;
#1421=CARTESIAN_POINT('Control Point',(-437.326960829,49.543456867,16.9800687473)) ;
#1422=CARTESIAN_POINT('Control Point',(-437.451116536,49.9024730413,16.9800687473)) ;
#1423=CARTESIAN_POINT('Control Point',(-437.765275802,50.2592173763,16.9800687473)) ;
#1424=CARTESIAN_POINT('Control Point',(-438.079435067,49.9024730413,16.9800687473)) ;
#1425=CARTESIAN_POINT('Control Point',(-438.203590774,49.543456867,16.9800687473)) ;
#1426=CARTESIAN_POINT('Control Point',(-438.265275802,49.0892358723,16.9800687473)) ;
#1427=CARTESIAN_POINT('Control Point',(-438.265275802,48.6350148776,16.9800687473)) ;
#1428=CARTESIAN_POINT('Vertex',(-437.265275802,48.6350148776,16.9800687473)) ;
#1431=CARTESIAN_POINT('Line Origine',(-437.265275802,48.6350148776,17.5950687473)) ;
#1443=CARTESIAN_POINT('Line Origine',(-437.765275802,48.6350148776,16.9800687473)) ;
#1455=CARTESIAN_POINT('Axis2P3D Location',(3.09519047654E-029,9.97082698027E-016,16.9800687473)) ;
#1465=CARTESIAN_POINT('Axis2P3D Location',(-431.890301991,15.5504168445,16.9800687473)) ;
#1469=CARTESIAN_POINT('Vertex',(-440.890301991,15.5504168445,16.9800687473)) ;
#1471=CARTESIAN_POINT('Vertex',(-422.890301991,15.5504168445,16.9800687473)) ;
#1474=CARTESIAN_POINT('Line Origine',(-422.890301991,31.5504168445,16.9800687473)) ;
#1478=CARTESIAN_POINT('Vertex',(-422.890301991,47.5504168445,16.9800687473)) ;
#1481=CARTESIAN_POINT('Axis2P3D Location',(-431.890301991,47.5504168445,16.9800687473)) ;
#1485=CARTESIAN_POINT('Vertex',(-440.890301991,47.5504168445,16.9800687473)) ;
#1488=CARTESIAN_POINT('Line Origine',(-440.890301991,31.5504168445,16.9800687473)) ;
#1499=CARTESIAN_POINT('Axis2P3D Location',(-431.815964785,49.3850148775,16.9800687473)) ;
#1503=CARTESIAN_POINT('Vertex',(-430.473573277,46.9277837042,16.9800687473)) ;
#1505=CARTESIAN_POINT('Vertex',(-433.158356294,51.8422460508,16.9800687473)) ;
#1508=CARTESIAN_POINT('Axis2P3D Location',(-431.815964785,49.3850148775,16.9800687473)) ;
#1517=CARTESIAN_POINT('Axis2P3D Location',(-431.815964785,41.3850148775,16.9800687473)) ;
#1521=CARTESIAN_POINT('Vertex',(-430.473573277,38.9277837042,16.9800687473)) ;
#1523=CARTESIAN_POINT('Vertex',(-433.158356294,43.8422460508,16.9800687473)) ;
#1526=CARTESIAN_POINT('Axis2P3D Location',(-431.815964785,41.3850148775,16.9800687473)) ;
#1535=CARTESIAN_POINT('Axis2P3D Location',(-436.19676754,32.436661535,16.9800687473)) ;
#1539=CARTESIAN_POINT('Vertex',(-434.854376032,29.9794303617,16.9800687473)) ;
#1541=CARTESIAN_POINT('Vertex',(-437.539159048,34.8938927083,16.9800687473)) ;
#1544=CARTESIAN_POINT('Axis2P3D Location',(-436.19676754,32.436661535,16.9800687473)) ;
#1553=CARTESIAN_POINT('Axis2P3D Location',(-429.415951231,32.4343607798,16.9800687473)) ;
#1557=CARTESIAN_POINT('Vertex',(-428.073559723,29.9771296065,16.9800687473)) ;
#1559=CARTESIAN_POINT('Vertex',(-430.758342739,34.8915919531,16.9800687473)) ;
#1562=CARTESIAN_POINT('Axis2P3D Location',(-429.415951231,32.4343607798,16.9800687473)) ;
#1571=CARTESIAN_POINT('Axis2P3D Location',(-431.815964785,23.3850148775,16.9800687473)) ;
#1575=CARTESIAN_POINT('Vertex',(-430.473573277,20.9277837042,16.9800687473)) ;
#1577=CARTESIAN_POINT('Vertex',(-433.158356294,25.8422460508,16.9800687473)) ;
#1580=CARTESIAN_POINT('Axis2P3D Location',(-431.815964785,23.3850148775,16.9800687473)) ;
#1589=CARTESIAN_POINT('Axis2P3D Location',(-431.815964785,15.3809148775,16.9800687473)) ;
#1593=CARTESIAN_POINT('Vertex',(-430.473573277,12.9236837042,16.9800687473)) ;
#1595=CARTESIAN_POINT('Vertex',(-433.158356294,17.8381460508,16.9800687473)) ;
#1598=CARTESIAN_POINT('Axis2P3D Location',(-431.815964785,15.3809148775,16.9800687473)) ;
#1662=CARTESIAN_POINT('Axis2P3D Location',(-431.815964785,49.3850148775,14.5630687473)) ;
#1667=CARTESIAN_POINT('Line Origine',(-433.158356294,51.8422460508,15.4130687473)) ;
#1671=CARTESIAN_POINT('Vertex',(-433.158356294,51.8422460508,12.3630687473)) ;
#1674=CARTESIAN_POINT('Axis2P3D Location',(-431.815964785,49.3850148775,12.3630687473)) ;
#1678=CARTESIAN_POINT('Vertex',(-430.473573277,46.9277837042,12.3630687473)) ;
#1681=CARTESIAN_POINT('Line Origine',(-430.473573277,46.9277837042,15.4130687473)) ;
#1693=CARTESIAN_POINT('Axis2P3D Location',(-431.815964785,49.3850148775,12.3630687473)) ;
#1705=CARTESIAN_POINT('Axis2P3D Location',(-431.815964785,49.3850148775,12.3630687473)) ;
#1710=CARTESIAN_POINT('Axis2P3D Location',(-431.815964785,49.3850148775,12.2300687473)) ;
#1714=CARTESIAN_POINT('Vertex',(-430.409809681,46.8110652235,12.2300687473)) ;
#1716=CARTESIAN_POINT('Vertex',(-433.22211989,51.9589645316,12.2300687473)) ;
#1719=CARTESIAN_POINT('Line Origine',(-430.401659447,46.79614632,12.2130687473)) ;
#1724=CARTESIAN_POINT('Line Origine',(-433.230270124,51.9738834351,12.2130687473)) ;
#1736=CARTESIAN_POINT('Axis2P3D Location',(-431.815964785,49.3850148775,12.2300687473)) ;
#1748=CARTESIAN_POINT('Axis2P3D Location',(2.2293427004E-029,7.18159044294E-016,12.2300687473)) ;
#1753=CARTESIAN_POINT('Line Origine',(-439.640301991,31.5504168445,12.2300687473)) ;
#1757=CARTESIAN_POINT('Vertex',(-439.640301991,44.5504168445,12.2300687473)) ;
#1759=CARTESIAN_POINT('Vertex',(-439.640301991,18.5504168445,12.2300687473)) ;
#1762=CARTESIAN_POINT('Line Origine',(-439.790301991,44.5504168445,12.2300687473)) ;
#1766=CARTESIAN_POINT('Vertex',(-439.940301991,44.5504168445,12.2300687473)) ;
#1769=CARTESIAN_POINT('Line Origine',(-439.940301991,46.0504168445,12.2300687473)) ;
#1773=CARTESIAN_POINT('Vertex',(-439.940301991,47.5504168445,12.2300687473)) ;
#1776=CARTESIAN_POINT('Line Origine',(-439.790301991,47.5504168445,12.2300687473)) ;
#1780=CARTESIAN_POINT('Vertex',(-439.640301991,47.5504168445,12.2300687473)) ;
#1783=CARTESIAN_POINT('Axis2P3D Location',(-431.890301991,47.5504168445,12.2300687473)) ;
#1787=CARTESIAN_POINT('Vertex',(-433.390301991,55.1538700073,12.2300687473)) ;
#1790=CARTESIAN_POINT('Line Origine',(-433.390301991,55.6021434259,12.2300687473)) ;
#1794=CARTESIAN_POINT('Vertex',(-433.390301991,56.0504168445,12.2300687473)) ;
#1797=CARTESIAN_POINT('Line Origine',(-431.890301991,56.0504168445,12.2300687473)) ;
#1801=CARTESIAN_POINT('Vertex',(-430.390301991,56.0504168445,12.2300687473)) ;
#1804=CARTESIAN_POINT('Line Origine',(-430.390301991,55.6021434259,12.2300687473)) ;
#1808=CARTESIAN_POINT('Vertex',(-430.390301991,55.1538700073,12.2300687473)) ;
#1811=CARTESIAN_POINT('Axis2P3D Location',(-431.890301991,47.5504168445,12.2300687473)) ;
#1815=CARTESIAN_POINT('Vertex',(-424.140301991,47.5504168445,12.2300687473)) ;
#1818=CARTESIAN_POINT('Line Origine',(-423.990301991,47.5504168445,12.2300687473)) ;
#1822=CARTESIAN_POINT('Vertex',(-423.840301991,47.5504168445,12.2300687473)) ;
#1825=CARTESIAN_POINT('Line Origine',(-423.840301991,46.0504168445,12.2300687473)) ;
#1829=CARTESIAN_POINT('Vertex',(-423.840301991,44.5504168445,12.2300687473)) ;
#1832=CARTESIAN_POINT('Line Origine',(-423.990301991,44.5504168445,12.2300687473)) ;
#1836=CARTESIAN_POINT('Vertex',(-424.140301991,44.5504168445,12.2300687473)) ;
#1839=CARTESIAN_POINT('Line Origine',(-424.140301991,31.5078248468,12.2300687473)) ;
#1843=CARTESIAN_POINT('Vertex',(-424.140301991,18.4652328491,12.2300687473)) ;
#1846=CARTESIAN_POINT('Line Origine',(-423.990301991,18.4652328491,12.2300687473)) ;
#1850=CARTESIAN_POINT('Vertex',(-423.840301991,18.4652328491,12.2300687473)) ;
#1853=CARTESIAN_POINT('Line Origine',(-423.840301991,17.0078248468,12.2300687473)) ;
#1857=CARTESIAN_POINT('Vertex',(-423.840301991,15.5504168445,12.2300687473)) ;
#1860=CARTESIAN_POINT('Line Origine',(-423.990301991,15.5504168445,12.2300687473)) ;
#1864=CARTESIAN_POINT('Vertex',(-424.140301991,15.5504168445,12.2300687473)) ;
#1867=CARTESIAN_POINT('Axis2P3D Location',(-431.890301991,15.5504168445,12.2300687473)) ;
#1871=CARTESIAN_POINT('Vertex',(-439.640301991,15.5504168445,12.2300687473)) ;
#1874=CARTESIAN_POINT('Line Origine',(-439.790301991,15.5504168445,12.2300687473)) ;
#1878=CARTESIAN_POINT('Vertex',(-439.940301991,15.5504168445,12.2300687473)) ;
#1881=CARTESIAN_POINT('Line Origine',(-439.940301991,17.0504168445,12.2300687473)) ;
#1885=CARTESIAN_POINT('Vertex',(-439.940301991,18.5504168445,12.2300687473)) ;
#1888=CARTESIAN_POINT('Line Origine',(-439.790301991,18.5504168445,12.2300687473)) ;
#1919=CARTESIAN_POINT('Axis2P3D Location',(-431.815964785,41.3850148775,12.2300687473)) ;
#1923=CARTESIAN_POINT('Vertex',(-433.22211989,43.9589645316,12.2300687473)) ;
#1925=CARTESIAN_POINT('Vertex',(-430.409809681,38.8110652235,12.2300687473)) ;
#1928=CARTESIAN_POINT('Axis2P3D Location',(-431.815964785,41.3850148775,12.2300687473)) ;
#1937=CARTESIAN_POINT('Axis2P3D Location',(-436.19676754,32.436661535,12.2300687473)) ;
#1941=CARTESIAN_POINT('Vertex',(-437.602922644,35.0106111891,12.2300687473)) ;
#1943=CARTESIAN_POINT('Vertex',(-434.790612435,29.862711881,12.2300687473)) ;
#1946=CARTESIAN_POINT('Axis2P3D Location',(-436.19676754,32.436661535,12.2300687473)) ;
#1955=CARTESIAN_POINT('Axis2P3D Location',(-429.415951231,32.4343607798,12.2300687473)) ;
#1959=CARTESIAN_POINT('Vertex',(-430.822106336,35.0083104338,12.2300687473)) ;
#1961=CARTESIAN_POINT('Vertex',(-428.009796126,29.8604111258,12.2300687473)) ;
#1964=CARTESIAN_POINT('Axis2P3D Location',(-429.415951231,32.4343607798,12.2300687473)) ;
#1973=CARTESIAN_POINT('Axis2P3D Location',(-431.815964785,23.3850148775,12.2300687473)) ;
#1977=CARTESIAN_POINT('Vertex',(-433.22211989,25.9589645316,12.2300687473)) ;
#1979=CARTESIAN_POINT('Vertex',(-430.409809681,20.8110652235,12.2300687473)) ;
#1982=CARTESIAN_POINT('Axis2P3D Location',(-431.815964785,23.3850148775,12.2300687473)) ;
#1991=CARTESIAN_POINT('Axis2P3D Location',(-431.815964785,15.3809148775,12.2300687473)) ;
#1995=CARTESIAN_POINT('Vertex',(-433.22211989,17.9548645316,12.2300687473)) ;
#1997=CARTESIAN_POINT('Vertex',(-430.409809681,12.8069652235,12.2300687473)) ;
#2000=CARTESIAN_POINT('Axis2P3D Location',(-431.815964785,15.3809148775,12.2300687473)) ;
#2010=CARTESIAN_POINT('Axis2P3D Location',(-431.815964785,41.3850148775,14.5630687473)) ;
#2015=CARTESIAN_POINT('Line Origine',(-433.158356294,43.8422460508,15.4130687473)) ;
#2019=CARTESIAN_POINT('Vertex',(-433.158356294,43.8422460508,12.3630687473)) ;
#2022=CARTESIAN_POINT('Axis2P3D Location',(-431.815964785,41.3850148775,12.3630687473)) ;
#2026=CARTESIAN_POINT('Vertex',(-430.473573277,38.9277837042,12.3630687473)) ;
#2029=CARTESIAN_POINT('Line Origine',(-430.473573277,38.9277837042,15.4130687473)) ;
#2041=CARTESIAN_POINT('Axis2P3D Location',(-431.815964785,41.3850148775,12.3630687473)) ;
#2053=CARTESIAN_POINT('Axis2P3D Location',(-431.815964785,41.3850148775,12.3630687473)) ;
#2058=CARTESIAN_POINT('Line Origine',(-430.401659447,38.79614632,12.2130687473)) ;
#2063=CARTESIAN_POINT('Line Origine',(-433.230270124,43.9738834351,12.2130687473)) ;
#2082=CARTESIAN_POINT('Axis2P3D Location',(-436.19676754,32.436661535,14.5630687473)) ;
#2087=CARTESIAN_POINT('Line Origine',(-437.539159048,34.8938927083,15.4130687473)) ;
#2091=CARTESIAN_POINT('Vertex',(-437.539159048,34.8938927083,12.3630687473)) ;
#2094=CARTESIAN_POINT('Axis2P3D Location',(-436.19676754,32.436661535,12.3630687473)) ;
#2098=CARTESIAN_POINT('Vertex',(-434.854376032,29.9794303617,12.3630687473)) ;
#2101=CARTESIAN_POINT('Line Origine',(-434.854376032,29.9794303617,15.4130687473)) ;
#2113=CARTESIAN_POINT('Axis2P3D Location',(-436.19676754,32.436661535,12.3630687473)) ;
#2125=CARTESIAN_POINT('Axis2P3D Location',(-436.19676754,32.436661535,12.3630687473)) ;
#2130=CARTESIAN_POINT('Line Origine',(-434.782462201,29.8477929774,12.2130687473)) ;
#2135=CARTESIAN_POINT('Line Origine',(-437.611072879,35.0255300926,12.2130687473)) ;
#2154=CARTESIAN_POINT('Axis2P3D Location',(-429.415951231,32.4343607798,14.5630687473)) ;
#2159=CARTESIAN_POINT('Line Origine',(-430.758342739,34.8915919531,15.4130687473)) ;
#2163=CARTESIAN_POINT('Vertex',(-430.758342739,34.8915919531,12.3630687473)) ;
#2166=CARTESIAN_POINT('Axis2P3D Location',(-429.415951231,32.4343607798,12.3630687473)) ;
#2170=CARTESIAN_POINT('Vertex',(-428.073559723,29.9771296065,12.3630687473)) ;
#2173=CARTESIAN_POINT('Line Origine',(-428.073559723,29.9771296065,15.4130687473)) ;
#2185=CARTESIAN_POINT('Axis2P3D Location',(-429.415951231,32.4343607798,12.3630687473)) ;
#2197=CARTESIAN_POINT('Axis2P3D Location',(-429.415951231,32.4343607798,12.3630687473)) ;
#2202=CARTESIAN_POINT('Line Origine',(-428.001645892,29.8454922222,12.2130687473)) ;
#2207=CARTESIAN_POINT('Line Origine',(-430.83025657,35.0232293374,12.2130687473)) ;
#2226=CARTESIAN_POINT('Axis2P3D Location',(-431.815964785,23.3850148775,14.5630687473)) ;
#2231=CARTESIAN_POINT('Line Origine',(-433.158356294,25.8422460508,15.4130687473)) ;
#2235=CARTESIAN_POINT('Vertex',(-433.158356294,25.8422460508,12.3630687473)) ;
#2238=CARTESIAN_POINT('Axis2P3D Location',(-431.815964785,23.3850148775,12.3630687473)) ;
#2242=CARTESIAN_POINT('Vertex',(-430.473573277,20.9277837042,12.3630687473)) ;
#2245=CARTESIAN_POINT('Line Origine',(-430.473573277,20.9277837042,15.4130687473)) ;
#2257=CARTESIAN_POINT('Axis2P3D Location',(-431.815964785,23.3850148775,12.3630687473)) ;
#2269=CARTESIAN_POINT('Axis2P3D Location',(-431.815964785,23.3850148775,12.3630687473)) ;
#2274=CARTESIAN_POINT('Line Origine',(-430.401659447,20.79614632,12.2130687473)) ;
#2279=CARTESIAN_POINT('Line Origine',(-433.230270124,25.9738834351,12.2130687473)) ;
#2298=CARTESIAN_POINT('Axis2P3D Location',(-431.815964785,15.3809148775,14.5630687473)) ;
#2303=CARTESIAN_POINT('Line Origine',(-433.158356294,17.8381460508,15.4130687473)) ;
#2307=CARTESIAN_POINT('Vertex',(-433.158356294,17.8381460508,12.3630687473)) ;
#2310=CARTESIAN_POINT('Axis2P3D Location',(-431.815964785,15.3809148775,12.3630687473)) ;
#2314=CARTESIAN_POINT('Vertex',(-430.473573277,12.9236837042,12.3630687473)) ;
#2317=CARTESIAN_POINT('Line Origine',(-430.473573277,12.9236837042,15.4130687473)) ;
#2329=CARTESIAN_POINT('Axis2P3D Location',(-431.815964785,15.3809148775,12.3630687473)) ;
#2341=CARTESIAN_POINT('Axis2P3D Location',(-431.815964785,15.3809148775,12.3630687473)) ;
#2346=CARTESIAN_POINT('Line Origine',(-430.401659447,12.79204632,12.2130687473)) ;
#2351=CARTESIAN_POINT('Line Origine',(-433.230270124,17.9697834351,12.2130687473)) ;
#2370=CARTESIAN_POINT('Axis2P3D Location',(-439.940301991,15.5504168445,15.7300687473)) ;
#2375=CARTESIAN_POINT('Line Origine',(-439.940301991,44.5504168445,13.9800687473)) ;
#2379=CARTESIAN_POINT('Vertex',(-439.940301991,44.5504168445,15.7300687473)) ;
#2382=CARTESIAN_POINT('Line Origine',(-439.940301991,46.0504168445,15.7300687473)) ;
#2386=CARTESIAN_POINT('Vertex',(-439.940301991,47.5504168445,15.7300687473)) ;
#2389=CARTESIAN_POINT('Line Origine',(-439.940301991,47.5504168445,13.9800687473)) ;
#2401=CARTESIAN_POINT('Axis2P3D Location',(-424.140301991,47.5504168445,15.7300687473)) ;
#2406=CARTESIAN_POINT('Line Origine',(-439.790301991,47.5504168445,15.7300687473)) ;
#2410=CARTESIAN_POINT('Vertex',(-439.640301991,47.5504168445,15.7300687473)) ;
#2413=CARTESIAN_POINT('Line Origine',(-439.640301991,47.5504168445,13.9800687473)) ;
#2425=CARTESIAN_POINT('Axis2P3D Location',(-431.890301991,47.5504168445,13.9800687473)) ;
#2430=CARTESIAN_POINT('Axis2P3D Location',(-431.890301991,47.5504168445,15.7300687473)) ;
#2434=CARTESIAN_POINT('Vertex',(-433.390301991,55.1538700073,15.7300687473)) ;
#2437=CARTESIAN_POINT('Line Origine',(-433.390301991,55.1538700073,13.9800687473)) ;
#2449=CARTESIAN_POINT('Axis2P3D Location',(-433.390301991,55.1538700073,15.7300687473)) ;
#2454=CARTESIAN_POINT('Line Origine',(-433.390301991,55.6021434259,15.7300687473)) ;
#2458=CARTESIAN_POINT('Vertex',(-433.390301991,56.0504168445,15.7300687473)) ;
#2461=CARTESIAN_POINT('Line Origine',(-433.390301991,56.0504168445,13.9800687473)) ;
#2473=CARTESIAN_POINT('Axis2P3D Location',(-433.390301991,56.0504168445,15.7300687473)) ;
#2478=CARTESIAN_POINT('Line Origine',(-431.890301991,56.0504168445,15.7300687473)) ;
#2482=CARTESIAN_POINT('Vertex',(-430.390301991,56.0504168445,15.7300687473)) ;
#2485=CARTESIAN_POINT('Line Origine',(-430.390301991,56.0504168445,13.9800687473)) ;
#2497=CARTESIAN_POINT('Axis2P3D Location',(-430.390301991,56.0504168445,15.7300687473)) ;
#2502=CARTESIAN_POINT('Line Origine',(-430.390301991,55.6021434259,15.7300687473)) ;
#2506=CARTESIAN_POINT('Vertex',(-430.390301991,55.1538700073,15.7300687473)) ;
#2509=CARTESIAN_POINT('Line Origine',(-430.390301991,55.1538700073,13.9800687473)) ;
#2521=CARTESIAN_POINT('Axis2P3D Location',(-431.890301991,47.5504168445,15.7300687473)) ;
#2525=CARTESIAN_POINT('Vertex',(-424.140301991,47.5504168445,15.7300687473)) ;
#2528=CARTESIAN_POINT('Line Origine',(-424.140301991,47.5504168445,13.9800687473)) ;
#2540=CARTESIAN_POINT('Line Origine',(-423.990301991,47.5504168445,15.7300687473)) ;
#2544=CARTESIAN_POINT('Vertex',(-423.840301991,47.5504168445,15.7300687473)) ;
#2547=CARTESIAN_POINT('Line Origine',(-423.840301991,47.5504168445,13.9800687473)) ;
#2559=CARTESIAN_POINT('Axis2P3D Location',(-423.840301991,15.5504168445,15.7300687473)) ;
#2564=CARTESIAN_POINT('Line Origine',(-423.840301991,46.0504168445,15.7300687473)) ;
#2568=CARTESIAN_POINT('Vertex',(-423.840301991,44.5504168445,15.7300687473)) ;
#2571=CARTESIAN_POINT('Line Origine',(-423.840301991,44.5504168445,13.9800687473)) ;
#2583=CARTESIAN_POINT('Axis2P3D Location',(-423.840301991,44.5504168445,15.7300687473)) ;
#2588=CARTESIAN_POINT('Line Origine',(-423.990301991,44.5504168445,15.7300687473)) ;
#2592=CARTESIAN_POINT('Vertex',(-424.140301991,44.5504168445,15.7300687473)) ;
#2595=CARTESIAN_POINT('Line Origine',(-424.140301991,44.5504168445,13.9800687473)) ;
#2607=CARTESIAN_POINT('Axis2P3D Location',(-424.140301991,44.5504168445,15.7300687473)) ;
#2612=CARTESIAN_POINT('Line Origine',(-424.140301991,31.5078248468,15.7300687473)) ;
#2616=CARTESIAN_POINT('Vertex',(-424.140301991,18.4652328491,15.7300687473)) ;
#2619=CARTESIAN_POINT('Line Origine',(-424.140301991,18.4652328491,13.9800687473)) ;
#2631=CARTESIAN_POINT('Axis2P3D Location',(-423.840301991,18.4652328491,15.7300687473)) ;
#2636=CARTESIAN_POINT('Line Origine',(-423.990301991,18.4652328491,15.7300687473)) ;
#2640=CARTESIAN_POINT('Vertex',(-423.840301991,18.4652328491,15.7300687473)) ;
#2643=CARTESIAN_POINT('Line Origine',(-423.840301991,18.4652328491,13.9800687473)) ;
#2655=CARTESIAN_POINT('Line Origine',(-423.840301991,17.0078248468,15.7300687473)) ;
#2659=CARTESIAN_POINT('Vertex',(-423.840301991,15.5504168445,15.7300687473)) ;
#2662=CARTESIAN_POINT('Line Origine',(-423.840301991,15.5504168445,13.9800687473)) ;
#2674=CARTESIAN_POINT('Axis2P3D Location',(-439.940301991,15.5504168445,15.7300687473)) ;
#2679=CARTESIAN_POINT('Line Origine',(-423.990301991,15.5504168445,15.7300687473)) ;
#2683=CARTESIAN_POINT('Vertex',(-424.140301991,15.5504168445,15.7300687473)) ;
#2686=CARTESIAN_POINT('Line Origine',(-424.140301991,15.5504168445,13.9800687473)) ;
#2698=CARTESIAN_POINT('Axis2P3D Location',(-431.890301991,15.5504168445,13.9800687473)) ;
#2703=CARTESIAN_POINT('Axis2P3D Location',(-431.890301991,15.5504168445,15.7300687473)) ;
#2707=CARTESIAN_POINT('Vertex',(-439.640301991,15.5504168445,15.7300687473)) ;
#2710=CARTESIAN_POINT('Line Origine',(-439.640301991,15.5504168445,13.9800687473)) ;
#2722=CARTESIAN_POINT('Line Origine',(-439.790301991,15.5504168445,15.7300687473)) ;
#2726=CARTESIAN_POINT('Vertex',(-439.940301991,15.5504168445,15.7300687473)) ;
#2729=CARTESIAN_POINT('Line Origine',(-439.940301991,15.5504168445,13.9800687473)) ;
#2741=CARTESIAN_POINT('Line Origine',(-439.640301991,44.5504168445,13.9800687473)) ;
#2745=CARTESIAN_POINT('Vertex',(-439.640301991,44.5504168445,15.7300687473)) ;
#2748=CARTESIAN_POINT('Line Origine',(-439.790301991,44.5504168445,15.7300687473)) ;
#2760=CARTESIAN_POINT('Line Origine',(-439.940301991,17.0504168445,15.7300687473)) ;
#2764=CARTESIAN_POINT('Vertex',(-439.940301991,18.5504168445,15.7300687473)) ;
#2767=CARTESIAN_POINT('Line Origine',(-439.940301991,18.5504168445,13.9800687473)) ;
#2779=CARTESIAN_POINT('Line Origine',(-439.640301991,18.5504168445,13.9800687473)) ;
#2783=CARTESIAN_POINT('Vertex',(-439.640301991,18.5504168445,15.7300687473)) ;
#2786=CARTESIAN_POINT('Line Origine',(-439.640301991,31.5504168445,15.7300687473)) ;
#2798=CARTESIAN_POINT('Axis2P3D Location',(-439.640301991,18.5504168445,15.7300687473)) ;
#2803=CARTESIAN_POINT('Line Origine',(-439.790301991,18.5504168445,15.7300687473)) ;
#2815=CARTESIAN_POINT('Axis2P3D Location',(-431.890301991,15.5504168445,16.3550687473)) ;
#2820=CARTESIAN_POINT('Line Origine',(-440.890301991,15.5504168445,16.3550687473)) ;
#2824=CARTESIAN_POINT('Vertex',(-440.890301991,15.5504168445,15.7300687473)) ;
#2827=CARTESIAN_POINT('Axis2P3D Location',(-431.890301991,15.5504168445,15.7300687473)) ;
#2831=CARTESIAN_POINT('Vertex',(-422.890301991,15.5504168445,15.7300687473)) ;
#2834=CARTESIAN_POINT('Line Origine',(-422.890301991,15.5504168445,16.3550687473)) ;
#2846=CARTESIAN_POINT('Axis2P3D Location',(-422.890301991,47.5504168445,15.7300687473)) ;
#2851=CARTESIAN_POINT('Line Origine',(-422.890301991,31.5504168445,15.7300687473)) ;
#2855=CARTESIAN_POINT('Vertex',(-422.890301991,47.5504168445,15.7300687473)) ;
#2858=CARTESIAN_POINT('Line Origine',(-422.890301991,47.5504168445,16.3550687473)) ;
#2870=CARTESIAN_POINT('Axis2P3D Location',(-431.890301991,47.5504168445,16.3550687473)) ;
#2875=CARTESIAN_POINT('Axis2P3D Location',(-431.890301991,47.5504168445,15.7300687473)) ;
#2879=CARTESIAN_POINT('Vertex',(-440.890301991,47.5504168445,15.7300687473)) ;
#2882=CARTESIAN_POINT('Line Origine',(-440.890301991,47.5504168445,16.3550687473)) ;
#2894=CARTESIAN_POINT('Axis2P3D Location',(-440.890301991,15.5504168445,15.7300687473)) ;
#2899=CARTESIAN_POINT('Line Origine',(-440.890301991,31.5504168445,15.7300687473)) ;
#2911=CARTESIAN_POINT('Axis2P3D Location',(2.8673357986E-029,9.23681736518E-016,15.7300687473)) ;
#53=DIRECTION('Axis2P3D Direction',(0.,-1.,5.87207692069E-017)) ;
#54=DIRECTION('Axis2P3D XDirection',(1.,-1.07038415644E-046,-1.82283742345E-030)) ;
#58=DIRECTION('Vector Direction',(0.,0.,1.)) ;
#67=DIRECTION('Vector Direction',(1.,0.,0.)) ;
#74=DIRECTION('Vector Direction',(0.,0.,1.)) ;
#81=DIRECTION('Vector Direction',(1.,0.,0.)) ;
#93=DIRECTION('Axis2P3D Direction',(1.82283742345E-030,5.87207692069E-017,1.)) ;
#94=DIRECTION('Axis2P3D XDirection',(1.,-1.07038415644E-046,-1.82283742345E-030)) ;
#98=DIRECTION('Vector Direction',(0.,1.,0.)) ;
#105=DIRECTION('Vector Direction',(-1.,0.,0.)) ;
#112=DIRECTION('Vector Direction',(0.,-1.,0.)) ;
#124=DIRECTION('Axis2P3D Direction',(1.,-1.07038415644E-046,-1.82283742345E-030)) ;
#125=DIRECTION('Axis2P3D XDirection',(0.,1.,-5.87207692069E-017)) ;
#129=DIRECTION('Vector Direction',(0.,1.,0.)) ;
#136=DIRECTION('Vector Direction',(0.,0.,1.)) ;
#148=DIRECTION('Axis2P3D Direction',(-1.,1.07038415644E-046,1.82283742345E-030)) ;
#149=DIRECTION('Axis2P3D XDirection',(0.,-1.,5.87207692069E-017)) ;
#153=DIRECTION('Vector Direction',(0.,0.,1.)) ;
#160=DIRECTION('Vector Direction',(0.,-1.,0.)) ;
#172=DIRECTION('Axis2P3D Direction',(0.,1.,-5.87207692069E-017)) ;
#173=DIRECTION('Axis2P3D XDirection',(-1.,1.07038415644E-046,1.82283742345E-030)) ;
#177=DIRECTION('Vector Direction',(-1.,0.,0.)) ;
#189=DIRECTION('Axis2P3D Direction',(0.,-1.,5.87207692069E-017)) ;
#190=DIRECTION('Axis2P3D XDirection',(1.,-1.07038415644E-046,-1.82283742345E-030)) ;
#194=DIRECTION('Vector Direction',(0.,0.,1.)) ;
#203=DIRECTION('Vector Direction',(1.,0.,0.)) ;
#210=DIRECTION('Vector Direction',(0.,0.,1.)) ;
#217=DIRECTION('Vector Direction',(1.,0.,0.)) ;
#229=DIRECTION('Vector Direction',(0.,-1.,0.)) ;
#236=DIRECTION('Vector Direction',(1.,0.,0.)) ;
#243=DIRECTION('Vector Direction',(0.,1.,0.)) ;
#250=DIRECTION('Vector Direction',(1.,0.,0.)) ;
#257=DIRECTION('Vector Direction',(0.,1.,0.)) ;
#264=DIRECTION('Vector Direction',(-1.,0.,0.)) ;
#271=DIRECTION('Vector Direction',(0.,1.,0.)) ;
#278=DIRECTION('Vector Direction',(-1.,0.,0.)) ;
#285=DIRECTION('Vector Direction',(0.,-1.,0.)) ;
#292=DIRECTION('Vector Direction',(-1.,0.,0.)) ;
#299=DIRECTION('Vector Direction',(0.,-1.,0.)) ;
#319=DIRECTION('Axis2P3D Direction',(-1.,1.07038415644E-046,1.82283742345E-030)) ;
#320=DIRECTION('Axis2P3D XDirection',(0.,1.,-5.87207692069E-017)) ;
#324=DIRECTION('Vector Direction',(0.,-1.,0.)) ;
#331=DIRECTION('Vector Direction',(0.,0.,1.)) ;
#343=DIRECTION('Axis2P3D Direction',(-1.,1.07038415644E-046,1.82283742345E-030)) ;
#344=DIRECTION('Axis2P3D XDirection',(0.,-1.,5.87207692069E-017)) ;
#348=DIRECTION('Vector Direction',(0.,0.,1.)) ;
#355=DIRECTION('Vector Direction',(0.,-1.,0.)) ;
#367=DIRECTION('Vector Direction',(1.,0.,0.)) ;
#374=DIRECTION('Vector Direction',(0.,0.,1.)) ;
#386=DIRECTION('Axis2P3D Direction',(1.,-1.07038415644E-046,-1.82283742345E-030)) ;
#387=DIRECTION('Axis2P3D XDirection',(0.,1.,-5.87207692069E-017)) ;
#391=DIRECTION('Vector Direction',(0.,1.,0.)) ;
#398=DIRECTION('Vector Direction',(0.,0.,1.)) ;
#410=DIRECTION('Vector Direction',(1.,0.,0.)) ;
#417=DIRECTION('Vector Direction',(0.,0.,1.)) ;
#429=DIRECTION('Axis2P3D Direction',(1.,-1.07038415644E-046,-1.82283742345E-030)) ;
#430=DIRECTION('Axis2P3D XDirection',(0.,1.,-5.87207692069E-017)) ;
#434=DIRECTION('Vector Direction',(0.,1.,0.)) ;
#441=DIRECTION('Vector Direction',(0.,0.,1.)) ;
#453=DIRECTION('Axis2P3D Direction',(0.,1.,-5.87207692069E-017)) ;
#454=DIRECTION('Axis2P3D XDirection',(-1.,1.07038415644E-046,1.82283742345E-030)) ;
#458=DIRECTION('Vector Direction',(-1.,0.,0.)) ;
#465=DIRECTION('Vector Direction',(0.,0.,1.)) ;
#477=DIRECTION('Vector Direction',(0.,1.,0.)) ;
#484=DIRECTION('Vector Direction',(0.,0.,1.)) ;
#496=DIRECTION('Vector Direction',(-1.,0.,0.)) ;
#503=DIRECTION('Vector Direction',(0.,0.,1.)) ;
#515=DIRECTION('Vector Direction',(0.,-1.,0.)) ;
#522=DIRECTION('Vector Direction',(0.,0.,1.)) ;
#534=DIRECTION('Vector Direction',(-1.,0.,0.)) ;
#546=DIRECTION('Axis2P3D Direction',(-0.351123441588,0.936329177569,-5.49819695378E-017)) ;
#547=DIRECTION('Axis2P3D XDirection',(-0.936329177569,-0.351123441588,2.06182385767E-017)) ;
#551=DIRECTION('Vector Direction',(0.,0.,1.)) ;
#560=DIRECTION('Vector Direction',(-0.936329177569,-0.351123441588,0.)) ;
#567=DIRECTION('Vector Direction',(0.,0.,1.)) ;
#574=DIRECTION('Vector Direction',(-0.936329177569,-0.351123441588,0.)) ;
#586=DIRECTION('Vector Direction',(-0.936329177569,0.351123441588,0.)) ;
#593=DIRECTION('Vector Direction',(0.554700196225,-0.832050294338,0.)) ;
#600=DIRECTION('Vector Direction',(0.554700196225,0.832050294338,0.)) ;
#612=DIRECTION('Axis2P3D Direction',(0.351123441588,0.936329177569,-5.49819695378E-017)) ;
#613=DIRECTION('Axis2P3D XDirection',(-0.936329177569,0.351123441588,-2.06182385767E-017)) ;
#617=DIRECTION('Vector Direction',(-0.936329177569,0.351123441588,0.)) ;
#624=DIRECTION('Vector Direction',(0.,0.,1.)) ;
#636=DIRECTION('Axis2P3D Direction',(0.832050294338,-0.554700196225,3.25724222016E-017)) ;
#637=DIRECTION('Axis2P3D XDirection',(0.554700196225,0.832050294338,-4.88586333024E-017)) ;
#641=DIRECTION('Vector Direction',(0.,0.,1.)) ;
#648=DIRECTION('Vector Direction',(0.554700196225,0.832050294338,0.)) ;
#660=DIRECTION('Axis2P3D Direction',(-0.832050294338,-0.554700196225,3.25724222016E-017)) ;
#661=DIRECTION('Axis2P3D XDirection',(0.554700196225,-0.832050294338,4.88586333024E-017)) ;
#665=DIRECTION('Vector Direction',(0.554700196225,-0.832050294338,0.)) ;
#677=DIRECTION('Axis2P3D Direction',(-0.832050294338,-0.554700196225,3.25724222016E-017)) ;
#678=DIRECTION('Axis2P3D XDirection',(0.554700196225,-0.832050294338,4.88586333024E-017)) ;
#682=DIRECTION('Vector Direction',(0.,0.,1.)) ;
#691=DIRECTION('Vector Direction',(0.554700196225,-0.832050294338,0.)) ;
#698=DIRECTION('Vector Direction',(0.,0.,1.)) ;
#705=DIRECTION('Vector Direction',(0.554700196225,-0.832050294338,0.)) ;
#717=DIRECTION('Axis2P3D Direction',(0.351123441588,0.936329177569,-5.49819695378E-017)) ;
#718=DIRECTION('Axis2P3D XDirection',(-0.936329177569,0.351123441588,-2.06182385767E-017)) ;
#722=DIRECTION('Vector Direction',(0.,0.,1.)) ;
#731=DIRECTION('Vector Direction',(-0.936329177569,0.351123441588,0.)) ;
#736=DIRECTION('Vector Direction',(-0.936329177569,0.351123441588,0.)) ;
#748=DIRECTION('Axis2P3D Direction',(0.832050294338,-0.554700196225,3.25724222016E-017)) ;
#749=DIRECTION('Axis2P3D XDirection',(0.554700196225,0.832050294338,-4.88586333024E-017)) ;
#753=DIRECTION('Vector Direction',(0.554700196225,0.832050294338,0.)) ;
#760=DIRECTION('Vector Direction',(0.,0.,1.)) ;
#767=DIRECTION('Vector Direction',(0.554700196225,0.832050294338,0.)) ;
#779=DIRECTION('Vector Direction',(-0.936329177569,-0.351123441588,0.)) ;
#791=DIRECTION('Axis2P3D Direction',(-0.351123441588,0.936329177569,-5.49819695378E-017)) ;
#792=DIRECTION('Axis2P3D XDirection',(-0.936329177569,-0.351123441588,2.06182385767E-017)) ;
#796=DIRECTION('Vector Direction',(-0.936329177569,-0.351123441588,0.)) ;
#808=DIRECTION('Axis2P3D Direction',(1.82283742345E-030,5.87207692069E-017,1.)) ;
#809=DIRECTION('Axis2P3D XDirection',(1.,1.82283742345E-030,-1.82283742345E-030)) ;
#813=DIRECTION('Vector Direction',(0.,0.,1.)) ;
#822=DIRECTION('Axis2P3D Direction',(1.82283742345E-030,5.87207692069E-017,1.)) ;
#829=DIRECTION('Vector Direction',(0.,0.,1.)) ;
#836=DIRECTION('Axis2P3D Direction',(1.82283742345E-030,5.87207692069E-017,1.)) ;
#848=DIRECTION('Vector Direction',(0.,-1.,0.)) ;
#855=DIRECTION('Vector Direction',(-1.,0.,0.)) ;
#862=DIRECTION('Vector Direction',(0.,1.,0.)) ;
#869=DIRECTION('Axis2P3D Direction',(1.82283742345E-030,5.87207692069E-017,1.)) ;
#876=DIRECTION('Axis2P3D Direction',(1.82283742345E-030,5.87207692069E-017,1.)) ;
#883=DIRECTION('Vector Direction',(0.,1.,0.)) ;
#890=DIRECTION('Vector Direction',(-1.,0.,0.)) ;
#897=DIRECTION('Vector Direction',(0.,-1.,0.)) ;
#904=DIRECTION('Axis2P3D Direction',(1.82283742345E-030,5.87207692069E-017,1.)) ;
#922=DIRECTION('Axis2P3D Direction',(-1.,1.07038415644E-046,1.82283742345E-030)) ;
#923=DIRECTION('Axis2P3D XDirection',(0.,-1.,5.87207692069E-017)) ;
#927=DIRECTION('Vector Direction',(0.,-1.,0.)) ;
#934=DIRECTION('Vector Direction',(0.,0.,1.)) ;
#946=DIRECTION('Axis2P3D Direction',(1.82283742345E-030,5.87207692069E-017,1.)) ;
#947=DIRECTION('Axis2P3D XDirection',(-1.,-2.54207057919E-015,1.97210976324E-030)) ;
#951=DIRECTION('Vector Direction',(0.,0.,1.)) ;
#958=DIRECTION('Axis2P3D Direction',(1.82283742345E-030,5.87207692069E-017,1.)) ;
#970=DIRECTION('Axis2P3D Direction',(0.,1.,-5.87207692069E-017)) ;
#971=DIRECTION('Axis2P3D XDirection',(-1.,1.07038415644E-046,1.82283742345E-030)) ;
#975=DIRECTION('Vector Direction',(-1.,0.,0.)) ;
#982=DIRECTION('Vector Direction',(0.,0.,1.)) ;
#994=DIRECTION('Axis2P3D Direction',(1.,-1.07038415644E-046,-1.82283742345E-030)) ;
#995=DIRECTION('Axis2P3D XDirection',(0.,1.,-5.87207692069E-017)) ;
#999=DIRECTION('Vector Direction',(0.,1.,0.)) ;
#1006=DIRECTION('Vector Direction',(0.,0.,1.)) ;
#1018=DIRECTION('Axis2P3D Direction',(1.82283742345E-030,5.87207692069E-017,1.)) ;
#1019=DIRECTION('Axis2P3D XDirection',(1.,1.82283742345E-030,-1.82283742345E-030)) ;
#1023=DIRECTION('Axis2P3D Direction',(1.82283742345E-030,5.87207692069E-017,1.)) ;
#1030=DIRECTION('Vector Direction',(0.,0.,1.)) ;
#1042=DIRECTION('Axis2P3D Direction',(1.82283742345E-030,5.87207692069E-017,1.)) ;
#1043=DIRECTION('Axis2P3D XDirection',(-1.,1.22464679915E-016,1.81564620325E-030)) ;
#1047=DIRECTION('Axis2P3D Direction',(1.82283742345E-030,5.87207692069E-017,1.)) ;
#1054=DIRECTION('Vector Direction',(0.,0.,1.)) ;
#1066=DIRECTION('Axis2P3D Direction',(1.,-1.07038415644E-046,-1.82283742345E-030)) ;
#1067=DIRECTION('Axis2P3D XDirection',(0.,1.,-5.87207692069E-017)) ;
#1071=DIRECTION('Vector Direction',(0.,1.,0.)) ;
#1078=DIRECTION('Vector Direction',(0.,0.,1.)) ;
#1090=DIRECTION('Axis2P3D Direction',(0.,1.,-5.87207692069E-017)) ;
#1091=DIRECTION('Axis2P3D XDirection',(-1.,1.07038415644E-046,1.82283742345E-030)) ;
#1095=DIRECTION('Vector Direction',(-1.,0.,0.)) ;
#1102=DIRECTION('Vector Direction',(0.,0.,1.)) ;
#1114=DIRECTION('Axis2P3D Direction',(-1.,1.07038415644E-046,1.82283742345E-030)) ;
#1115=DIRECTION('Axis2P3D XDirection',(0.,-1.,5.87207692069E-017)) ;
#1119=DIRECTION('Vector Direction',(0.,-1.,0.)) ;
#1131=DIRECTION('Axis2P3D Direction',(0.,-1.,5.87207692069E-017)) ;
#1132=DIRECTION('Axis2P3D XDirection',(1.,-1.07038415644E-046,-1.82283742345E-030)) ;
#1136=DIRECTION('Vector Direction',(0.,0.,1.)) ;
#1145=DIRECTION('Vector Direction',(1.,0.,0.)) ;
#1152=DIRECTION('Vector Direction',(0.,0.,1.)) ;
#1159=DIRECTION('Vector Direction',(1.,0.,0.)) ;
#1171=DIRECTION('Vector Direction',(0.,0.,1.)) ;
#1180=DIRECTION('Vector Direction',(0.,-1.,0.)) ;
#1185=DIRECTION('Vector Direction',(0.,-1.,0.)) ;
#1197=DIRECTION('Vector Direction',(0.,1.,0.)) ;
#1204=DIRECTION('Vector Direction',(0.,0.,1.)) ;
#1211=DIRECTION('Vector Direction',(0.,1.,0.)) ;
#1223=DIRECTION('Vector Direction',(-1.,0.,0.)) ;
#1230=DIRECTION('Vector Direction',(0.813733471207,0.581238193719,0.)) ;
#1237=DIRECTION('Vector Direction',(0.,1.,0.)) ;
#1244=DIRECTION('Vector Direction',(-0.813733471207,-0.581238193719,0.)) ;
#1251=DIRECTION('Axis2P3D Direction',(1.82283742345E-030,5.87207692069E-017,1.)) ;
#1252=DIRECTION('Axis2P3D XDirection',(3.02592986098E-014,1.,-5.87207692069E-017)) ;
#1267=DIRECTION('Axis2P3D Direction',(1.82283742345E-030,5.87207692069E-017,1.)) ;
#1268=DIRECTION('Axis2P3D XDirection',(6.12323399574E-017,1.,-5.87207692069E-017)) ;
#1277=DIRECTION('Vector Direction',(-1.,0.,0.)) ;
#1287=DIRECTION('Axis2P3D Direction',(1.82283742345E-030,5.87207692069E-017,1.)) ;
#1288=DIRECTION('Axis2P3D XDirection',(3.02592986098E-014,1.,-5.87207692069E-017)) ;
#1291=DIRECTION('Vector Direction',(1.82283742345E-030,5.87207692069E-017,1.)) ;
#1295=DIRECTION('Vector Direction',(0.,0.,1.)) ;
#1320=DIRECTION('Axis2P3D Direction',(0.,1.,-5.87207692069E-017)) ;
#1321=DIRECTION('Axis2P3D XDirection',(-1.,1.07038415644E-046,1.82283742345E-030)) ;
#1325=DIRECTION('Vector Direction',(-1.,0.,0.)) ;
#1332=DIRECTION('Vector Direction',(0.,0.,1.)) ;
#1344=DIRECTION('Axis2P3D Direction',(0.581238193719,-0.813733471207,4.77830553587E-017)) ;
#1345=DIRECTION('Axis2P3D XDirection',(0.813733471207,0.581238193719,-3.41307538276E-017)) ;
#1349=DIRECTION('Vector Direction',(0.813733471207,0.581238193719,0.)) ;
#1356=DIRECTION('Vector Direction',(0.,0.,1.)) ;
#1368=DIRECTION('Vector Direction',(0.,1.,0.)) ;
#1375=DIRECTION('Vector Direction',(0.,0.,1.)) ;
#1387=DIRECTION('Axis2P3D Direction',(-0.581238193719,0.813733471207,-4.77830553587E-017)) ;
#1388=DIRECTION('Axis2P3D XDirection',(-0.813733471207,-0.581238193719,3.41307538276E-017)) ;
#1392=DIRECTION('Vector Direction',(-0.813733471207,-0.581238193719,0.)) ;
#1404=DIRECTION('Axis2P3D Direction',(1.82283742345E-030,5.87207692069E-017,1.)) ;
#1405=DIRECTION('Axis2P3D XDirection',(6.12323399574E-017,1.,-5.87207692069E-017)) ;
#1408=DIRECTION('Vector Direction',(1.82283742345E-030,5.87207692069E-017,1.)) ;
#1412=DIRECTION('Vector Direction',(0.,0.,1.)) ;
#1432=DIRECTION('Vector Direction',(0.,0.,1.)) ;
#1444=DIRECTION('Vector Direction',(-1.,0.,0.)) ;
#1456=DIRECTION('Axis2P3D Direction',(1.82283742345E-030,5.87207692069E-017,1.)) ;
#1457=DIRECTION('Axis2P3D XDirection',(1.,-1.07038415644E-046,-1.82283742345E-030)) ;
#1466=DIRECTION('Axis2P3D Direction',(1.82283742345E-030,5.87207692069E-017,1.)) ;
#1475=DIRECTION('Vector Direction',(0.,-1.,1.11022302463E-016)) ;
#1482=DIRECTION('Axis2P3D Direction',(1.82283742345E-030,5.87207692069E-017,1.)) ;
#1489=DIRECTION('Vector Direction',(0.,1.,-1.11022302463E-016)) ;
#1500=DIRECTION('Axis2P3D Direction',(1.82283742345E-030,5.87207692069E-017,1.)) ;
#1509=DIRECTION('Axis2P3D Direction',(1.82283742345E-030,5.87207692069E-017,1.)) ;
#1518=DIRECTION('Axis2P3D Direction',(1.82283742345E-030,5.87207692069E-017,1.)) ;
#1527=DIRECTION('Axis2P3D Direction',(1.82283742345E-030,5.87207692069E-017,1.)) ;
#1536=DIRECTION('Axis2P3D Direction',(1.82283742345E-030,5.87207692069E-017,1.)) ;
#1545=DIRECTION('Axis2P3D Direction',(1.82283742345E-030,5.87207692069E-017,1.)) ;
#1554=DIRECTION('Axis2P3D Direction',(1.82283742345E-030,5.87207692069E-017,1.)) ;
#1563=DIRECTION('Axis2P3D Direction',(1.82283742345E-030,5.87207692069E-017,1.)) ;
#1572=DIRECTION('Axis2P3D Direction',(1.82283742345E-030,5.87207692069E-017,1.)) ;
#1581=DIRECTION('Axis2P3D Direction',(1.82283742345E-030,5.87207692069E-017,1.)) ;
#1590=DIRECTION('Axis2P3D Direction',(1.82283742345E-030,5.87207692069E-017,1.)) ;
#1599=DIRECTION('Axis2P3D Direction',(1.82283742345E-030,5.87207692069E-017,1.)) ;
#1663=DIRECTION('Axis2P3D Direction',(0.,0.,1.)) ;
#1664=DIRECTION('Axis2P3D XDirection',(0.479425538604,-0.87758256189,0.)) ;
#1668=DIRECTION('Vector Direction',(0.,0.,1.)) ;
#1675=DIRECTION('Axis2P3D Direction',(0.,0.,1.)) ;
#1682=DIRECTION('Vector Direction',(0.,0.,1.)) ;
#1694=DIRECTION('Axis2P3D Direction',(0.,0.,1.)) ;
#1706=DIRECTION('Axis2P3D Direction',(-0.,-0.,-1.)) ;
#1707=DIRECTION('Axis2P3D XDirection',(0.479425538604,-0.87758256189,0.)) ;
#1711=DIRECTION('Axis2P3D Direction',(0.,0.,-1.)) ;
#1720=DIRECTION('Vector Direction',(0.339005049421,-0.620544580564,-0.707106781187)) ;
#1725=DIRECTION('Vector Direction',(-0.339005049421,0.620544580564,-0.707106781187)) ;
#1737=DIRECTION('Axis2P3D Direction',(0.,0.,-1.)) ;
#1749=DIRECTION('Axis2P3D Direction',(1.82283742345E-030,5.87207692069E-017,1.)) ;
#1750=DIRECTION('Axis2P3D XDirection',(1.,-1.07038415644E-046,-1.82283742345E-030)) ;
#1754=DIRECTION('Vector Direction',(0.,1.,0.)) ;
#1763=DIRECTION('Vector Direction',(-1.,0.,0.)) ;
#1770=DIRECTION('Vector Direction',(0.,-1.,5.92118946467E-016)) ;
#1777=DIRECTION('Vector Direction',(1.,0.,0.)) ;
#1784=DIRECTION('Axis2P3D Direction',(1.82283742345E-030,5.87207692069E-017,1.)) ;
#1791=DIRECTION('Vector Direction',(0.,1.,0.)) ;
#1798=DIRECTION('Vector Direction',(1.,0.,0.)) ;
#1805=DIRECTION('Vector Direction',(0.,-1.,0.)) ;
#1812=DIRECTION('Axis2P3D Direction',(1.82283742345E-030,5.87207692069E-017,1.)) ;
#1819=DIRECTION('Vector Direction',(1.,0.,0.)) ;
#1826=DIRECTION('Vector Direction',(0.,1.,-5.92118946467E-016)) ;
#1833=DIRECTION('Vector Direction',(-1.,0.,0.)) ;
#1840=DIRECTION('Vector Direction',(0.,-1.,0.)) ;
#1847=DIRECTION('Vector Direction',(-1.,0.,0.)) ;
#1854=DIRECTION('Vector Direction',(0.,1.,0.)) ;
#1861=DIRECTION('Vector Direction',(1.,0.,0.)) ;
#1868=DIRECTION('Axis2P3D Direction',(1.82283742345E-030,5.87207692069E-017,1.)) ;
#1875=DIRECTION('Vector Direction',(1.,0.,0.)) ;
#1882=DIRECTION('Vector Direction',(0.,1.,0.)) ;
#1889=DIRECTION('Vector Direction',(-1.,0.,0.)) ;
#1920=DIRECTION('Axis2P3D Direction',(1.82283742345E-030,5.87207692069E-017,1.)) ;
#1929=DIRECTION('Axis2P3D Direction',(1.82283742345E-030,5.87207692069E-017,1.)) ;
#1938=DIRECTION('Axis2P3D Direction',(1.82283742345E-030,5.87207692069E-017,1.)) ;
#1947=DIRECTION('Axis2P3D Direction',(1.82283742345E-030,5.87207692069E-017,1.)) ;
#1956=DIRECTION('Axis2P3D Direction',(1.82283742345E-030,5.87207692069E-017,1.)) ;
#1965=DIRECTION('Axis2P3D Direction',(1.82283742345E-030,5.87207692069E-017,1.)) ;
#1974=DIRECTION('Axis2P3D Direction',(1.82283742345E-030,5.87207692069E-017,1.)) ;
#1983=DIRECTION('Axis2P3D Direction',(1.82283742345E-030,5.87207692069E-017,1.)) ;
#1992=DIRECTION('Axis2P3D Direction',(1.82283742345E-030,5.87207692069E-017,1.)) ;
#2001=DIRECTION('Axis2P3D Direction',(1.82283742345E-030,5.87207692069E-017,1.)) ;
#2011=DIRECTION('Axis2P3D Direction',(0.,0.,1.)) ;
#2012=DIRECTION('Axis2P3D XDirection',(0.479425538604,-0.87758256189,0.)) ;
#2016=DIRECTION('Vector Direction',(0.,0.,1.)) ;
#2023=DIRECTION('Axis2P3D Direction',(0.,0.,1.)) ;
#2030=DIRECTION('Vector Direction',(0.,0.,1.)) ;
#2042=DIRECTION('Axis2P3D Direction',(0.,0.,1.)) ;
#2054=DIRECTION('Axis2P3D Direction',(-0.,-0.,-1.)) ;
#2055=DIRECTION('Axis2P3D XDirection',(0.479425538604,-0.87758256189,0.)) ;
#2059=DIRECTION('Vector Direction',(0.339005049421,-0.620544580564,-0.707106781187)) ;
#2064=DIRECTION('Vector Direction',(-0.339005049421,0.620544580564,-0.707106781187)) ;
#2083=DIRECTION('Axis2P3D Direction',(0.,0.,1.)) ;
#2084=DIRECTION('Axis2P3D XDirection',(0.479425538604,-0.87758256189,0.)) ;
#2088=DIRECTION('Vector Direction',(0.,0.,1.)) ;
#2095=DIRECTION('Axis2P3D Direction',(0.,0.,1.)) ;
#2102=DIRECTION('Vector Direction',(0.,0.,1.)) ;
#2114=DIRECTION('Axis2P3D Direction',(0.,0.,1.)) ;
#2126=DIRECTION('Axis2P3D Direction',(-0.,-0.,-1.)) ;
#2127=DIRECTION('Axis2P3D XDirection',(0.479425538604,-0.87758256189,0.)) ;
#2131=DIRECTION('Vector Direction',(0.339005049421,-0.620544580564,-0.707106781187)) ;
#2136=DIRECTION('Vector Direction',(-0.339005049421,0.620544580564,-0.707106781187)) ;
#2155=DIRECTION('Axis2P3D Direction',(0.,0.,1.)) ;
#2156=DIRECTION('Axis2P3D XDirection',(0.479425538604,-0.87758256189,0.)) ;
#2160=DIRECTION('Vector Direction',(0.,0.,1.)) ;
#2167=DIRECTION('Axis2P3D Direction',(0.,0.,1.)) ;
#2174=DIRECTION('Vector Direction',(0.,0.,1.)) ;
#2186=DIRECTION('Axis2P3D Direction',(0.,0.,1.)) ;
#2198=DIRECTION('Axis2P3D Direction',(-0.,-0.,-1.)) ;
#2199=DIRECTION('Axis2P3D XDirection',(0.479425538604,-0.87758256189,0.)) ;
#2203=DIRECTION('Vector Direction',(0.339005049421,-0.620544580564,-0.707106781187)) ;
#2208=DIRECTION('Vector Direction',(-0.339005049421,0.620544580564,-0.707106781187)) ;
#2227=DIRECTION('Axis2P3D Direction',(0.,0.,1.)) ;
#2228=DIRECTION('Axis2P3D XDirection',(0.479425538604,-0.87758256189,0.)) ;
#2232=DIRECTION('Vector Direction',(0.,0.,1.)) ;
#2239=DIRECTION('Axis2P3D Direction',(0.,0.,1.)) ;
#2246=DIRECTION('Vector Direction',(0.,0.,1.)) ;
#2258=DIRECTION('Axis2P3D Direction',(0.,0.,1.)) ;
#2270=DIRECTION('Axis2P3D Direction',(-0.,-0.,-1.)) ;
#2271=DIRECTION('Axis2P3D XDirection',(0.479425538604,-0.87758256189,0.)) ;
#2275=DIRECTION('Vector Direction',(0.339005049421,-0.620544580564,-0.707106781187)) ;
#2280=DIRECTION('Vector Direction',(-0.339005049421,0.620544580564,-0.707106781187)) ;
#2299=DIRECTION('Axis2P3D Direction',(0.,0.,1.)) ;
#2300=DIRECTION('Axis2P3D XDirection',(0.479425538604,-0.87758256189,0.)) ;
#2304=DIRECTION('Vector Direction',(0.,0.,1.)) ;
#2311=DIRECTION('Axis2P3D Direction',(0.,0.,1.)) ;
#2318=DIRECTION('Vector Direction',(0.,0.,1.)) ;
#2330=DIRECTION('Axis2P3D Direction',(0.,0.,1.)) ;
#2342=DIRECTION('Axis2P3D Direction',(-0.,-0.,-1.)) ;
#2343=DIRECTION('Axis2P3D XDirection',(0.479425538604,-0.87758256189,0.)) ;
#2347=DIRECTION('Vector Direction',(0.339005049421,-0.620544580564,-0.707106781187)) ;
#2352=DIRECTION('Vector Direction',(-0.339005049421,0.620544580564,-0.707106781187)) ;
#2371=DIRECTION('Axis2P3D Direction',(-1.,1.07038415644E-046,1.82283742345E-030)) ;
#2372=DIRECTION('Axis2P3D XDirection',(0.,1.,-5.87207692069E-017)) ;
#2376=DIRECTION('Vector Direction',(0.,0.,-1.)) ;
#2383=DIRECTION('Vector Direction',(0.,-1.,0.)) ;
#2390=DIRECTION('Vector Direction',(0.,0.,-1.)) ;
#2402=DIRECTION('Axis2P3D Direction',(0.,1.,-5.87207692069E-017)) ;
#2403=DIRECTION('Axis2P3D XDirection',(1.,-1.07038415644E-046,-1.82283742345E-030)) ;
#2407=DIRECTION('Vector Direction',(1.,0.,0.)) ;
#2414=DIRECTION('Vector Direction',(0.,0.,-1.)) ;
#2426=DIRECTION('Axis2P3D Direction',(1.82283742345E-030,5.87207692069E-017,1.)) ;
#2427=DIRECTION('Axis2P3D XDirection',(1.,1.82283742345E-030,-1.82283742345E-030)) ;
#2431=DIRECTION('Axis2P3D Direction',(1.82283742345E-030,5.87207692069E-017,1.)) ;
#2438=DIRECTION('Vector Direction',(0.,0.,1.)) ;
#2450=DIRECTION('Axis2P3D Direction',(-1.,1.07038415644E-046,1.82283742345E-030)) ;
#2451=DIRECTION('Axis2P3D XDirection',(0.,1.,-5.87207692069E-017)) ;
#2455=DIRECTION('Vector Direction',(0.,1.,0.)) ;
#2462=DIRECTION('Vector Direction',(0.,0.,-1.)) ;
#2474=DIRECTION('Axis2P3D Direction',(0.,1.,-5.87207692069E-017)) ;
#2475=DIRECTION('Axis2P3D XDirection',(1.,-1.07038415644E-046,-1.82283742345E-030)) ;
#2479=DIRECTION('Vector Direction',(1.,0.,0.)) ;
#2486=DIRECTION('Vector Direction',(0.,0.,-1.)) ;
#2498=DIRECTION('Axis2P3D Direction',(1.,-1.07038415644E-046,-1.82283742345E-030)) ;
#2499=DIRECTION('Axis2P3D XDirection',(0.,-1.,5.87207692069E-017)) ;
#2503=DIRECTION('Vector Direction',(0.,-1.,0.)) ;
#2510=DIRECTION('Vector Direction',(0.,0.,-1.)) ;
#2522=DIRECTION('Axis2P3D Direction',(1.82283742345E-030,5.87207692069E-017,1.)) ;
#2529=DIRECTION('Vector Direction',(0.,0.,1.)) ;
#2541=DIRECTION('Vector Direction',(1.,0.,0.)) ;
#2548=DIRECTION('Vector Direction',(0.,0.,-1.)) ;
#2560=DIRECTION('Axis2P3D Direction',(-1.,1.07038415644E-046,1.82283742345E-030)) ;
#2561=DIRECTION('Axis2P3D XDirection',(0.,1.,-5.87207692069E-017)) ;
#2565=DIRECTION('Vector Direction',(0.,1.,0.)) ;
#2572=DIRECTION('Vector Direction',(0.,0.,-1.)) ;
#2584=DIRECTION('Axis2P3D Direction',(0.,-1.,5.87207692069E-017)) ;
#2585=DIRECTION('Axis2P3D XDirection',(-1.,1.07038415644E-046,1.82283742345E-030)) ;
#2589=DIRECTION('Vector Direction',(-1.,0.,0.)) ;
#2596=DIRECTION('Vector Direction',(0.,0.,-1.)) ;
#2608=DIRECTION('Axis2P3D Direction',(1.,-1.07038415644E-046,-1.82283742345E-030)) ;
#2609=DIRECTION('Axis2P3D XDirection',(0.,-1.,5.87207692069E-017)) ;
#2613=DIRECTION('Vector Direction',(0.,-1.,6.80983059087E-017)) ;
#2620=DIRECTION('Vector Direction',(0.,0.,-1.)) ;
#2632=DIRECTION('Axis2P3D Direction',(0.,-1.,5.87207692069E-017)) ;
#2633=DIRECTION('Axis2P3D XDirection',(-1.,1.07038415644E-046,1.82283742345E-030)) ;
#2637=DIRECTION('Vector Direction',(-1.,0.,0.)) ;
#2644=DIRECTION('Vector Direction',(0.,0.,-1.)) ;
#2656=DIRECTION('Vector Direction',(0.,1.,0.)) ;
#2663=DIRECTION('Vector Direction',(0.,0.,-1.)) ;
#2675=DIRECTION('Axis2P3D Direction',(0.,1.,-5.87207692069E-017)) ;
#2676=DIRECTION('Axis2P3D XDirection',(1.,-1.07038415644E-046,-1.82283742345E-030)) ;
#2680=DIRECTION('Vector Direction',(1.,0.,0.)) ;
#2687=DIRECTION('Vector Direction',(0.,0.,-1.)) ;
#2699=DIRECTION('Axis2P3D Direction',(1.82283742345E-030,5.87207692069E-017,1.)) ;
#2700=DIRECTION('Axis2P3D XDirection',(-1.,-3.21624529935E-016,1.84172346325E-030)) ;
#2704=DIRECTION('Axis2P3D Direction',(1.82283742345E-030,5.87207692069E-017,1.)) ;
#2711=DIRECTION('Vector Direction',(0.,0.,1.)) ;
#2723=DIRECTION('Vector Direction',(1.,0.,0.)) ;
#2730=DIRECTION('Vector Direction',(0.,0.,-1.)) ;
#2742=DIRECTION('Vector Direction',(0.,0.,-1.)) ;
#2749=DIRECTION('Vector Direction',(-1.,0.,0.)) ;
#2761=DIRECTION('Vector Direction',(0.,1.,0.)) ;
#2768=DIRECTION('Vector Direction',(0.,0.,-1.)) ;
#2780=DIRECTION('Vector Direction',(0.,0.,-1.)) ;
#2787=DIRECTION('Vector Direction',(0.,1.,-6.83214169E-017)) ;
#2799=DIRECTION('Axis2P3D Direction',(0.,-1.,5.87207692069E-017)) ;
#2800=DIRECTION('Axis2P3D XDirection',(-1.,1.07038415644E-046,1.82283742345E-030)) ;
#2804=DIRECTION('Vector Direction',(-1.,0.,0.)) ;
#2816=DIRECTION('Axis2P3D Direction',(1.82283742345E-030,5.87207692069E-017,1.)) ;
#2817=DIRECTION('Axis2P3D XDirection',(-1.,-2.78551555406E-014,3.45851358318E-030)) ;
#2821=DIRECTION('Vector Direction',(0.,0.,1.)) ;
#2828=DIRECTION('Axis2P3D Direction',(1.82283742345E-030,5.87207692069E-017,1.)) ;
#2835=DIRECTION('Vector Direction',(0.,0.,1.)) ;
#2847=DIRECTION('Axis2P3D Direction',(-1.,1.07038415644E-046,1.82283742345E-030)) ;
#2848=DIRECTION('Axis2P3D XDirection',(0.,-1.,5.87207692069E-017)) ;
#2852=DIRECTION('Vector Direction',(0.,-1.,5.55111512313E-017)) ;
#2859=DIRECTION('Vector Direction',(0.,0.,1.)) ;
#2871=DIRECTION('Axis2P3D Direction',(1.82283742345E-030,5.87207692069E-017,1.)) ;
#2872=DIRECTION('Axis2P3D XDirection',(1.,2.9211201359E-014,-3.53814163672E-030)) ;
#2876=DIRECTION('Axis2P3D Direction',(1.82283742345E-030,5.87207692069E-017,1.)) ;
#2883=DIRECTION('Vector Direction',(0.,0.,1.)) ;
#2895=DIRECTION('Axis2P3D Direction',(1.,-1.07038415644E-046,-1.82283742345E-030)) ;
#2896=DIRECTION('Axis2P3D XDirection',(0.,1.,-5.87207692069E-017)) ;
#2900=DIRECTION('Vector Direction',(0.,1.,-5.55111512313E-017)) ;
#2912=DIRECTION('Axis2P3D Direction',(1.82283742345E-030,5.87207692069E-017,1.)) ;
#2913=DIRECTION('Axis2P3D XDirection',(1.,-1.07038415644E-046,-1.82283742345E-030)) ;
#48=AXIS2_PLACEMENT_3D(' ',#47,$,$) ;
#55=AXIS2_PLACEMENT_3D('Plane Axis2P3D',#52,#53,#54) ;
#95=AXIS2_PLACEMENT_3D('Plane Axis2P3D',#92,#93,#94) ;
#126=AXIS2_PLACEMENT_3D('Plane Axis2P3D',#123,#124,#125) ;
#150=AXIS2_PLACEMENT_3D('Plane Axis2P3D',#147,#148,#149) ;
#174=AXIS2_PLACEMENT_3D('Plane Axis2P3D',#171,#172,#173) ;
#191=AXIS2_PLACEMENT_3D('Plane Axis2P3D',#188,#189,#190) ;
#321=AXIS2_PLACEMENT_3D('Plane Axis2P3D',#318,#319,#320) ;
#345=AXIS2_PLACEMENT_3D('Plane Axis2P3D',#342,#343,#344) ;
#388=AXIS2_PLACEMENT_3D('Plane Axis2P3D',#385,#386,#387) ;
#431=AXIS2_PLACEMENT_3D('Plane Axis2P3D',#428,#429,#430) ;
#455=AXIS2_PLACEMENT_3D('Plane Axis2P3D',#452,#453,#454) ;
#548=AXIS2_PLACEMENT_3D('Plane Axis2P3D',#545,#546,#547) ;
#614=AXIS2_PLACEMENT_3D('Plane Axis2P3D',#611,#612,#613) ;
#638=AXIS2_PLACEMENT_3D('Plane Axis2P3D',#635,#636,#637) ;
#662=AXIS2_PLACEMENT_3D('Plane Axis2P3D',#659,#660,#661) ;
#679=AXIS2_PLACEMENT_3D('Plane Axis2P3D',#676,#677,#678) ;
#719=AXIS2_PLACEMENT_3D('Plane Axis2P3D',#716,#717,#718) ;
#750=AXIS2_PLACEMENT_3D('Plane Axis2P3D',#747,#748,#749) ;
#793=AXIS2_PLACEMENT_3D('Plane Axis2P3D',#790,#791,#792) ;
#810=AXIS2_PLACEMENT_3D('Cylinder Axis2P3D',#807,#808,#809) ;
#823=AXIS2_PLACEMENT_3D('Circle Axis2P3D',#821,#822,$) ;
#837=AXIS2_PLACEMENT_3D('Circle Axis2P3D',#835,#836,$) ;
#870=AXIS2_PLACEMENT_3D('Circle Axis2P3D',#868,#869,$) ;
#877=AXIS2_PLACEMENT_3D('Circle Axis2P3D',#875,#876,$) ;
#905=AXIS2_PLACEMENT_3D('Circle Axis2P3D',#903,#904,$) ;
#924=AXIS2_PLACEMENT_3D('Plane Axis2P3D',#921,#922,#923) ;
#948=AXIS2_PLACEMENT_3D('Cylinder Axis2P3D',#945,#946,#947) ;
#959=AXIS2_PLACEMENT_3D('Circle Axis2P3D',#957,#958,$) ;
#972=AXIS2_PLACEMENT_3D('Plane Axis2P3D',#969,#970,#971) ;
#996=AXIS2_PLACEMENT_3D('Plane Axis2P3D',#993,#994,#995) ;
#1020=AXIS2_PLACEMENT_3D('Cylinder Axis2P3D',#1017,#1018,#1019) ;
#1024=AXIS2_PLACEMENT_3D('Circle Axis2P3D',#1022,#1023,$) ;
#1044=AXIS2_PLACEMENT_3D('Cylinder Axis2P3D',#1041,#1042,#1043) ;
#1048=AXIS2_PLACEMENT_3D('Circle Axis2P3D',#1046,#1047,$) ;
#1068=AXIS2_PLACEMENT_3D('Plane Axis2P3D',#1065,#1066,#1067) ;
#1092=AXIS2_PLACEMENT_3D('Plane Axis2P3D',#1089,#1090,#1091) ;
#1116=AXIS2_PLACEMENT_3D('Plane Axis2P3D',#1113,#1114,#1115) ;
#1133=AXIS2_PLACEMENT_3D('Plane Axis2P3D',#1130,#1131,#1132) ;
#1253=AXIS2_PLACEMENT_3D('Ellipse Axis2P3D',#1250,#1251,#1252) ;
#1269=AXIS2_PLACEMENT_3D('Ellipse Axis2P3D',#1266,#1267,#1268) ;
#1289=AXIS2_PLACEMENT_3D('Ellipse Axis2P3D',#1286,#1287,#1288) ;
#1322=AXIS2_PLACEMENT_3D('Plane Axis2P3D',#1319,#1320,#1321) ;
#1346=AXIS2_PLACEMENT_3D('Plane Axis2P3D',#1343,#1344,#1345) ;
#1389=AXIS2_PLACEMENT_3D('Plane Axis2P3D',#1386,#1387,#1388) ;
#1406=AXIS2_PLACEMENT_3D('Ellipse Axis2P3D',#1403,#1404,#1405) ;
#1458=AXIS2_PLACEMENT_3D('Plane Axis2P3D',#1455,#1456,#1457) ;
#1467=AXIS2_PLACEMENT_3D('Circle Axis2P3D',#1465,#1466,$) ;
#1483=AXIS2_PLACEMENT_3D('Circle Axis2P3D',#1481,#1482,$) ;
#1501=AXIS2_PLACEMENT_3D('Circle Axis2P3D',#1499,#1500,$) ;
#1510=AXIS2_PLACEMENT_3D('Circle Axis2P3D',#1508,#1509,$) ;
#1519=AXIS2_PLACEMENT_3D('Circle Axis2P3D',#1517,#1518,$) ;
#1528=AXIS2_PLACEMENT_3D('Circle Axis2P3D',#1526,#1527,$) ;
#1537=AXIS2_PLACEMENT_3D('Circle Axis2P3D',#1535,#1536,$) ;
#1546=AXIS2_PLACEMENT_3D('Circle Axis2P3D',#1544,#1545,$) ;
#1555=AXIS2_PLACEMENT_3D('Circle Axis2P3D',#1553,#1554,$) ;
#1564=AXIS2_PLACEMENT_3D('Circle Axis2P3D',#1562,#1563,$) ;
#1573=AXIS2_PLACEMENT_3D('Circle Axis2P3D',#1571,#1572,$) ;
#1582=AXIS2_PLACEMENT_3D('Circle Axis2P3D',#1580,#1581,$) ;
#1591=AXIS2_PLACEMENT_3D('Circle Axis2P3D',#1589,#1590,$) ;
#1600=AXIS2_PLACEMENT_3D('Circle Axis2P3D',#1598,#1599,$) ;
#1665=AXIS2_PLACEMENT_3D('Cylinder Axis2P3D',#1662,#1663,#1664) ;
#1676=AXIS2_PLACEMENT_3D('Circle Axis2P3D',#1674,#1675,$) ;
#1695=AXIS2_PLACEMENT_3D('Circle Axis2P3D',#1693,#1694,$) ;
#1708=AXIS2_PLACEMENT_3D('Cone Axis2P3D',#1705,#1706,#1707) ;
#1712=AXIS2_PLACEMENT_3D('Circle Axis2P3D',#1710,#1711,$) ;
#1738=AXIS2_PLACEMENT_3D('Circle Axis2P3D',#1736,#1737,$) ;
#1751=AXIS2_PLACEMENT_3D('Plane Axis2P3D',#1748,#1749,#1750) ;
#1785=AXIS2_PLACEMENT_3D('Circle Axis2P3D',#1783,#1784,$) ;
#1813=AXIS2_PLACEMENT_3D('Circle Axis2P3D',#1811,#1812,$) ;
#1869=AXIS2_PLACEMENT_3D('Circle Axis2P3D',#1867,#1868,$) ;
#1921=AXIS2_PLACEMENT_3D('Circle Axis2P3D',#1919,#1920,$) ;
#1930=AXIS2_PLACEMENT_3D('Circle Axis2P3D',#1928,#1929,$) ;
#1939=AXIS2_PLACEMENT_3D('Circle Axis2P3D',#1937,#1938,$) ;
#1948=AXIS2_PLACEMENT_3D('Circle Axis2P3D',#1946,#1947,$) ;
#1957=AXIS2_PLACEMENT_3D('Circle Axis2P3D',#1955,#1956,$) ;
#1966=AXIS2_PLACEMENT_3D('Circle Axis2P3D',#1964,#1965,$) ;
#1975=AXIS2_PLACEMENT_3D('Circle Axis2P3D',#1973,#1974,$) ;
#1984=AXIS2_PLACEMENT_3D('Circle Axis2P3D',#1982,#1983,$) ;
#1993=AXIS2_PLACEMENT_3D('Circle Axis2P3D',#1991,#1992,$) ;
#2002=AXIS2_PLACEMENT_3D('Circle Axis2P3D',#2000,#2001,$) ;
#2013=AXIS2_PLACEMENT_3D('Cylinder Axis2P3D',#2010,#2011,#2012) ;
#2024=AXIS2_PLACEMENT_3D('Circle Axis2P3D',#2022,#2023,$) ;
#2043=AXIS2_PLACEMENT_3D('Circle Axis2P3D',#2041,#2042,$) ;
#2056=AXIS2_PLACEMENT_3D('Cone Axis2P3D',#2053,#2054,#2055) ;
#2085=AXIS2_PLACEMENT_3D('Cylinder Axis2P3D',#2082,#2083,#2084) ;
#2096=AXIS2_PLACEMENT_3D('Circle Axis2P3D',#2094,#2095,$) ;
#2115=AXIS2_PLACEMENT_3D('Circle Axis2P3D',#2113,#2114,$) ;
#2128=AXIS2_PLACEMENT_3D('Cone Axis2P3D',#2125,#2126,#2127) ;
#2157=AXIS2_PLACEMENT_3D('Cylinder Axis2P3D',#2154,#2155,#2156) ;
#2168=AXIS2_PLACEMENT_3D('Circle Axis2P3D',#2166,#2167,$) ;
#2187=AXIS2_PLACEMENT_3D('Circle Axis2P3D',#2185,#2186,$) ;
#2200=AXIS2_PLACEMENT_3D('Cone Axis2P3D',#2197,#2198,#2199) ;
#2229=AXIS2_PLACEMENT_3D('Cylinder Axis2P3D',#2226,#2227,#2228) ;
#2240=AXIS2_PLACEMENT_3D('Circle Axis2P3D',#2238,#2239,$) ;
#2259=AXIS2_PLACEMENT_3D('Circle Axis2P3D',#2257,#2258,$) ;
#2272=AXIS2_PLACEMENT_3D('Cone Axis2P3D',#2269,#2270,#2271) ;
#2301=AXIS2_PLACEMENT_3D('Cylinder Axis2P3D',#2298,#2299,#2300) ;
#2312=AXIS2_PLACEMENT_3D('Circle Axis2P3D',#2310,#2311,$) ;
#2331=AXIS2_PLACEMENT_3D('Circle Axis2P3D',#2329,#2330,$) ;
#2344=AXIS2_PLACEMENT_3D('Cone Axis2P3D',#2341,#2342,#2343) ;
#2373=AXIS2_PLACEMENT_3D('Plane Axis2P3D',#2370,#2371,#2372) ;
#2404=AXIS2_PLACEMENT_3D('Plane Axis2P3D',#2401,#2402,#2403) ;
#2428=AXIS2_PLACEMENT_3D('Cylinder Axis2P3D',#2425,#2426,#2427) ;
#2432=AXIS2_PLACEMENT_3D('Circle Axis2P3D',#2430,#2431,$) ;
#2452=AXIS2_PLACEMENT_3D('Plane Axis2P3D',#2449,#2450,#2451) ;
#2476=AXIS2_PLACEMENT_3D('Plane Axis2P3D',#2473,#2474,#2475) ;
#2500=AXIS2_PLACEMENT_3D('Plane Axis2P3D',#2497,#2498,#2499) ;
#2523=AXIS2_PLACEMENT_3D('Circle Axis2P3D',#2521,#2522,$) ;
#2562=AXIS2_PLACEMENT_3D('Plane Axis2P3D',#2559,#2560,#2561) ;
#2586=AXIS2_PLACEMENT_3D('Plane Axis2P3D',#2583,#2584,#2585) ;
#2610=AXIS2_PLACEMENT_3D('Plane Axis2P3D',#2607,#2608,#2609) ;
#2634=AXIS2_PLACEMENT_3D('Plane Axis2P3D',#2631,#2632,#2633) ;
#2677=AXIS2_PLACEMENT_3D('Plane Axis2P3D',#2674,#2675,#2676) ;
#2701=AXIS2_PLACEMENT_3D('Cylinder Axis2P3D',#2698,#2699,#2700) ;
#2705=AXIS2_PLACEMENT_3D('Circle Axis2P3D',#2703,#2704,$) ;
#2801=AXIS2_PLACEMENT_3D('Plane Axis2P3D',#2798,#2799,#2800) ;
#2818=AXIS2_PLACEMENT_3D('Cylinder Axis2P3D',#2815,#2816,#2817) ;
#2829=AXIS2_PLACEMENT_3D('Circle Axis2P3D',#2827,#2828,$) ;
#2849=AXIS2_PLACEMENT_3D('Plane Axis2P3D',#2846,#2847,#2848) ;
#2873=AXIS2_PLACEMENT_3D('Cylinder Axis2P3D',#2870,#2871,#2872) ;
#2877=AXIS2_PLACEMENT_3D('Circle Axis2P3D',#2875,#2876,$) ;
#2897=AXIS2_PLACEMENT_3D('Plane Axis2P3D',#2894,#2895,#2896) ;
#2914=AXIS2_PLACEMENT_3D('Plane Axis2P3D',#2911,#2912,#2913) ;
#40=PRODUCT_DEFINITION_SHAPE(' ',' ',#14) ;
#31=APPROVAL_PERSON_ORGANIZATION(#25,#21,#19) ;
#25=PERSON_AND_ORGANIZATION(#22,#23) ;
#22=PERSON(' ',' ',' ',$,$,$) ;
#23=ORGANIZATION(' ',' ',' ') ;
#21=APPROVAL(#20,' ') ;
#20=APPROVAL_STATUS('not_yet_approved') ;
#19=APPROVAL_ROLE('APPROVER') ;
#13=DATE_AND_TIME(#11,#12) ;
#12=LOCAL_TIME(12,47,34.,#10) ;
#10=COORDINATED_UNIVERSAL_TIME_OFFSET(0,0,.AHEAD.) ;
#86=ORIENTED_EDGE('',*,*,#65,.F.) ;
#87=ORIENTED_EDGE('',*,*,#72,.T.) ;
#88=ORIENTED_EDGE('',*,*,#79,.T.) ;
#89=ORIENTED_EDGE('',*,*,#84,.F.) ;
#117=ORIENTED_EDGE('',*,*,#84,.T.) ;
#118=ORIENTED_EDGE('',*,*,#103,.T.) ;
#119=ORIENTED_EDGE('',*,*,#110,.T.) ;
#120=ORIENTED_EDGE('',*,*,#115,.T.) ;
#141=ORIENTED_EDGE('',*,*,#79,.F.) ;
#142=ORIENTED_EDGE('',*,*,#134,.T.) ;
#143=ORIENTED_EDGE('',*,*,#139,.T.) ;
#144=ORIENTED_EDGE('',*,*,#103,.F.) ;
#165=ORIENTED_EDGE('',*,*,#158,.F.) ;
#166=ORIENTED_EDGE('',*,*,#163,.T.) ;
#167=ORIENTED_EDGE('',*,*,#65,.T.) ;
#168=ORIENTED_EDGE('',*,*,#115,.F.) ;
#182=ORIENTED_EDGE('',*,*,#139,.F.) ;
#183=ORIENTED_EDGE('',*,*,#180,.T.) ;
#184=ORIENTED_EDGE('',*,*,#158,.T.) ;
#185=ORIENTED_EDGE('',*,*,#110,.F.) ;
#222=ORIENTED_EDGE('',*,*,#201,.F.) ;
#223=ORIENTED_EDGE('',*,*,#208,.T.) ;
#224=ORIENTED_EDGE('',*,*,#215,.T.) ;
#225=ORIENTED_EDGE('',*,*,#220,.F.) ;
#304=ORIENTED_EDGE('',*,*,#220,.T.) ;
#305=ORIENTED_EDGE('',*,*,#234,.T.) ;
#306=ORIENTED_EDGE('',*,*,#241,.T.) ;
#307=ORIENTED_EDGE('',*,*,#248,.T.) ;
#308=ORIENTED_EDGE('',*,*,#255,.T.) ;
#309=ORIENTED_EDGE('',*,*,#262,.T.) ;
#310=ORIENTED_EDGE('',*,*,#269,.T.) ;
#311=ORIENTED_EDGE('',*,*,#276,.T.) ;
#312=ORIENTED_EDGE('',*,*,#283,.T.) ;
#313=ORIENTED_EDGE('',*,*,#290,.T.) ;
#314=ORIENTED_EDGE('',*,*,#297,.T.) ;
#315=ORIENTED_EDGE('',*,*,#302,.T.) ;
#336=ORIENTED_EDGE('',*,*,#215,.F.) ;
#337=ORIENTED_EDGE('',*,*,#329,.T.) ;
#338=ORIENTED_EDGE('',*,*,#334,.T.) ;
#339=ORIENTED_EDGE('',*,*,#234,.F.) ;
#360=ORIENTED_EDGE('',*,*,#353,.F.) ;
#361=ORIENTED_EDGE('',*,*,#358,.T.) ;
#362=ORIENTED_EDGE('',*,*,#201,.T.) ;
#363=ORIENTED_EDGE('',*,*,#302,.F.) ;
#379=ORIENTED_EDGE('',*,*,#334,.F.) ;
#380=ORIENTED_EDGE('',*,*,#372,.T.) ;
#381=ORIENTED_EDGE('',*,*,#377,.T.) ;
#382=ORIENTED_EDGE('',*,*,#241,.F.) ;
#403=ORIENTED_EDGE('',*,*,#377,.F.) ;
#404=ORIENTED_EDGE('',*,*,#396,.T.) ;
#405=ORIENTED_EDGE('',*,*,#401,.T.) ;
#406=ORIENTED_EDGE('',*,*,#248,.F.) ;
#422=ORIENTED_EDGE('',*,*,#401,.F.) ;
#423=ORIENTED_EDGE('',*,*,#415,.T.) ;
#424=ORIENTED_EDGE('',*,*,#420,.T.) ;
#425=ORIENTED_EDGE('',*,*,#255,.F.) ;
#446=ORIENTED_EDGE('',*,*,#420,.F.) ;
#447=ORIENTED_EDGE('',*,*,#439,.T.) ;
#448=ORIENTED_EDGE('',*,*,#444,.T.) ;
#449=ORIENTED_EDGE('',*,*,#262,.F.) ;
#470=ORIENTED_EDGE('',*,*,#444,.F.) ;
#471=ORIENTED_EDGE('',*,*,#463,.T.) ;
#472=ORIENTED_EDGE('',*,*,#468,.T.) ;
#473=ORIENTED_EDGE('',*,*,#269,.F.) ;
#489=ORIENTED_EDGE('',*,*,#468,.F.) ;
#490=ORIENTED_EDGE('',*,*,#482,.T.) ;
#491=ORIENTED_EDGE('',*,*,#487,.T.) ;
#492=ORIENTED_EDGE('',*,*,#276,.F.) ;
#508=ORIENTED_EDGE('',*,*,#487,.F.) ;
#509=ORIENTED_EDGE('',*,*,#501,.T.) ;
#510=ORIENTED_EDGE('',*,*,#506,.T.) ;
#511=ORIENTED_EDGE('',*,*,#283,.F.) ;
#527=ORIENTED_EDGE('',*,*,#506,.F.) ;
#528=ORIENTED_EDGE('',*,*,#520,.T.) ;
#529=ORIENTED_EDGE('',*,*,#525,.T.) ;
#530=ORIENTED_EDGE('',*,*,#290,.F.) ;
#539=ORIENTED_EDGE('',*,*,#525,.F.) ;
#540=ORIENTED_EDGE('',*,*,#537,.T.) ;
#541=ORIENTED_EDGE('',*,*,#353,.T.) ;
#542=ORIENTED_EDGE('',*,*,#297,.F.) ;
#579=ORIENTED_EDGE('',*,*,#558,.F.) ;
#580=ORIENTED_EDGE('',*,*,#565,.T.) ;
#581=ORIENTED_EDGE('',*,*,#572,.T.) ;
#582=ORIENTED_EDGE('',*,*,#577,.F.) ;
#605=ORIENTED_EDGE('',*,*,#577,.T.) ;
#606=ORIENTED_EDGE('',*,*,#591,.T.) ;
#607=ORIENTED_EDGE('',*,*,#598,.T.) ;
#608=ORIENTED_EDGE('',*,*,#603,.T.) ;
#629=ORIENTED_EDGE('',*,*,#572,.F.) ;
#630=ORIENTED_EDGE('',*,*,#622,.T.) ;
#631=ORIENTED_EDGE('',*,*,#627,.T.) ;
#632=ORIENTED_EDGE('',*,*,#591,.F.) ;
#653=ORIENTED_EDGE('',*,*,#646,.F.) ;
#654=ORIENTED_EDGE('',*,*,#651,.T.) ;
#655=ORIENTED_EDGE('',*,*,#558,.T.) ;
#656=ORIENTED_EDGE('',*,*,#603,.F.) ;
#670=ORIENTED_EDGE('',*,*,#627,.F.) ;
#671=ORIENTED_EDGE('',*,*,#668,.T.) ;
#672=ORIENTED_EDGE('',*,*,#646,.T.) ;
#673=ORIENTED_EDGE('',*,*,#598,.F.) ;
#710=ORIENTED_EDGE('',*,*,#689,.F.) ;
#711=ORIENTED_EDGE('',*,*,#696,.T.) ;
#712=ORIENTED_EDGE('',*,*,#703,.T.) ;
#713=ORIENTED_EDGE('',*,*,#708,.F.) ;
#741=ORIENTED_EDGE('',*,*,#729,.F.) ;
#742=ORIENTED_EDGE('',*,*,#734,.T.) ;
#743=ORIENTED_EDGE('',*,*,#689,.T.) ;
#744=ORIENTED_EDGE('',*,*,#739,.F.) ;
#772=ORIENTED_EDGE('',*,*,#703,.F.) ;
#773=ORIENTED_EDGE('',*,*,#758,.T.) ;
#774=ORIENTED_EDGE('',*,*,#765,.T.) ;
#775=ORIENTED_EDGE('',*,*,#770,.F.) ;
#784=ORIENTED_EDGE('',*,*,#708,.T.) ;
#785=ORIENTED_EDGE('',*,*,#770,.T.) ;
#786=ORIENTED_EDGE('',*,*,#782,.T.) ;
#787=ORIENTED_EDGE('',*,*,#739,.T.) ;
#801=ORIENTED_EDGE('',*,*,#765,.F.) ;
#802=ORIENTED_EDGE('',*,*,#799,.T.) ;
#803=ORIENTED_EDGE('',*,*,#729,.T.) ;
#804=ORIENTED_EDGE('',*,*,#782,.F.) ;
#841=ORIENTED_EDGE('',*,*,#820,.F.) ;
#842=ORIENTED_EDGE('',*,*,#827,.T.) ;
#843=ORIENTED_EDGE('',*,*,#834,.T.) ;
#844=ORIENTED_EDGE('',*,*,#839,.F.) ;
#909=ORIENTED_EDGE('',*,*,#839,.T.) ;
#910=ORIENTED_EDGE('',*,*,#853,.T.) ;
#911=ORIENTED_EDGE('',*,*,#860,.T.) ;
#912=ORIENTED_EDGE('',*,*,#867,.T.) ;
#913=ORIENTED_EDGE('',*,*,#874,.T.) ;
#914=ORIENTED_EDGE('',*,*,#881,.T.) ;
#915=ORIENTED_EDGE('',*,*,#888,.T.) ;
#916=ORIENTED_EDGE('',*,*,#895,.T.) ;
#917=ORIENTED_EDGE('',*,*,#902,.T.) ;
#918=ORIENTED_EDGE('',*,*,#907,.T.) ;
#939=ORIENTED_EDGE('',*,*,#834,.F.) ;
#940=ORIENTED_EDGE('',*,*,#932,.T.) ;
#941=ORIENTED_EDGE('',*,*,#937,.T.) ;
#942=ORIENTED_EDGE('',*,*,#853,.F.) ;
#963=ORIENTED_EDGE('',*,*,#956,.F.) ;
#964=ORIENTED_EDGE('',*,*,#961,.T.) ;
#965=ORIENTED_EDGE('',*,*,#820,.T.) ;
#966=ORIENTED_EDGE('',*,*,#907,.F.) ;
#987=ORIENTED_EDGE('',*,*,#937,.F.) ;
#988=ORIENTED_EDGE('',*,*,#980,.T.) ;
#989=ORIENTED_EDGE('',*,*,#985,.T.) ;
#990=ORIENTED_EDGE('',*,*,#860,.F.) ;
#1011=ORIENTED_EDGE('',*,*,#985,.F.) ;
#1012=ORIENTED_EDGE('',*,*,#1004,.T.) ;
#1013=ORIENTED_EDGE('',*,*,#1009,.T.) ;
#1014=ORIENTED_EDGE('',*,*,#867,.F.) ;
#1035=ORIENTED_EDGE('',*,*,#1009,.F.) ;
#1036=ORIENTED_EDGE('',*,*,#1028,.T.) ;
#1037=ORIENTED_EDGE('',*,*,#1033,.T.) ;
#1038=ORIENTED_EDGE('',*,*,#874,.F.) ;
#1059=ORIENTED_EDGE('',*,*,#1033,.F.) ;
#1060=ORIENTED_EDGE('',*,*,#1052,.T.) ;
#1061=ORIENTED_EDGE('',*,*,#1057,.T.) ;
#1062=ORIENTED_EDGE('',*,*,#881,.F.) ;
#1083=ORIENTED_EDGE('',*,*,#1057,.F.) ;
#1084=ORIENTED_EDGE('',*,*,#1076,.T.) ;
#1085=ORIENTED_EDGE('',*,*,#1081,.T.) ;
#1086=ORIENTED_EDGE('',*,*,#888,.F.) ;
#1107=ORIENTED_EDGE('',*,*,#1081,.F.) ;
#1108=ORIENTED_EDGE('',*,*,#1100,.T.) ;
#1109=ORIENTED_EDGE('',*,*,#1105,.T.) ;
#1110=ORIENTED_EDGE('',*,*,#895,.F.) ;
#1124=ORIENTED_EDGE('',*,*,#1105,.F.) ;
#1125=ORIENTED_EDGE('',*,*,#1122,.T.) ;
#1126=ORIENTED_EDGE('',*,*,#956,.T.) ;
#1127=ORIENTED_EDGE('',*,*,#902,.F.) ;
#1164=ORIENTED_EDGE('',*,*,#1143,.F.) ;
#1165=ORIENTED_EDGE('',*,*,#1150,.T.) ;
#1166=ORIENTED_EDGE('',*,*,#1157,.T.) ;
#1167=ORIENTED_EDGE('',*,*,#1162,.F.) ;
#1190=ORIENTED_EDGE('',*,*,#1178,.F.) ;
#1191=ORIENTED_EDGE('',*,*,#1183,.T.) ;
#1192=ORIENTED_EDGE('',*,*,#1143,.T.) ;
#1193=ORIENTED_EDGE('',*,*,#1188,.F.) ;
#1216=ORIENTED_EDGE('',*,*,#1157,.F.) ;
#1217=ORIENTED_EDGE('',*,*,#1202,.T.) ;
#1218=ORIENTED_EDGE('',*,*,#1209,.T.) ;
#1219=ORIENTED_EDGE('',*,*,#1214,.F.) ;
#1257=ORIENTED_EDGE('',*,*,#1162,.T.) ;
#1258=ORIENTED_EDGE('',*,*,#1214,.T.) ;
#1259=ORIENTED_EDGE('',*,*,#1228,.T.) ;
#1260=ORIENTED_EDGE('',*,*,#1235,.T.) ;
#1261=ORIENTED_EDGE('',*,*,#1242,.T.) ;
#1262=ORIENTED_EDGE('',*,*,#1249,.T.) ;
#1263=ORIENTED_EDGE('',*,*,#1255,.T.) ;
#1264=ORIENTED_EDGE('',*,*,#1188,.T.) ;
#1282=ORIENTED_EDGE('',*,*,#1275,.F.) ;
#1283=ORIENTED_EDGE('',*,*,#1280,.F.) ;
#1313=ORIENTED_EDGE('',*,*,#1300,.F.) ;
#1314=ORIENTED_EDGE('',*,*,#1311,.T.) ;
#1315=ORIENTED_EDGE('',*,*,#1178,.T.) ;
#1316=ORIENTED_EDGE('',*,*,#1255,.F.) ;
#1337=ORIENTED_EDGE('',*,*,#1209,.F.) ;
#1338=ORIENTED_EDGE('',*,*,#1330,.T.) ;
#1339=ORIENTED_EDGE('',*,*,#1335,.T.) ;
#1340=ORIENTED_EDGE('',*,*,#1228,.F.) ;
#1361=ORIENTED_EDGE('',*,*,#1335,.F.) ;
#1362=ORIENTED_EDGE('',*,*,#1354,.T.) ;
#1363=ORIENTED_EDGE('',*,*,#1359,.T.) ;
#1364=ORIENTED_EDGE('',*,*,#1235,.F.) ;
#1380=ORIENTED_EDGE('',*,*,#1359,.F.) ;
#1381=ORIENTED_EDGE('',*,*,#1373,.T.) ;
#1382=ORIENTED_EDGE('',*,*,#1378,.T.) ;
#1383=ORIENTED_EDGE('',*,*,#1242,.F.) ;
#1397=ORIENTED_EDGE('',*,*,#1378,.F.) ;
#1398=ORIENTED_EDGE('',*,*,#1395,.T.) ;
#1399=ORIENTED_EDGE('',*,*,#1300,.T.) ;
#1400=ORIENTED_EDGE('',*,*,#1249,.F.) ;
#1437=ORIENTED_EDGE('',*,*,#1275,.T.) ;
#1438=ORIENTED_EDGE('',*,*,#1417,.F.) ;
#1439=ORIENTED_EDGE('',*,*,#1430,.F.) ;
#1440=ORIENTED_EDGE('',*,*,#1435,.T.) ;
#1449=ORIENTED_EDGE('',*,*,#1280,.T.) ;
#1450=ORIENTED_EDGE('',*,*,#1435,.F.) ;
#1451=ORIENTED_EDGE('',*,*,#1447,.F.) ;
#1452=ORIENTED_EDGE('',*,*,#1417,.T.) ;
#1461=ORIENTED_EDGE('',*,*,#1447,.T.) ;
#1462=ORIENTED_EDGE('',*,*,#1430,.T.) ;
#1494=ORIENTED_EDGE('',*,*,#1473,.T.) ;
#1495=ORIENTED_EDGE('',*,*,#1480,.T.) ;
#1496=ORIENTED_EDGE('',*,*,#1487,.T.) ;
#1497=ORIENTED_EDGE('',*,*,#1492,.T.) ;
#1514=ORIENTED_EDGE('',*,*,#1507,.F.) ;
#1515=ORIENTED_EDGE('',*,*,#1512,.F.) ;
#1532=ORIENTED_EDGE('',*,*,#1525,.F.) ;
#1533=ORIENTED_EDGE('',*,*,#1530,.F.) ;
#1550=ORIENTED_EDGE('',*,*,#1543,.F.) ;
#1551=ORIENTED_EDGE('',*,*,#1548,.F.) ;
#1568=ORIENTED_EDGE('',*,*,#1561,.F.) ;
#1569=ORIENTED_EDGE('',*,*,#1566,.F.) ;
#1586=ORIENTED_EDGE('',*,*,#1579,.F.) ;
#1587=ORIENTED_EDGE('',*,*,#1584,.F.) ;
#1604=ORIENTED_EDGE('',*,*,#1597,.F.) ;
#1605=ORIENTED_EDGE('',*,*,#1602,.F.) ;
#1608=ORIENTED_EDGE('',*,*,#180,.F.) ;
#1609=ORIENTED_EDGE('',*,*,#134,.F.) ;
#1610=ORIENTED_EDGE('',*,*,#72,.F.) ;
#1611=ORIENTED_EDGE('',*,*,#163,.F.) ;
#1614=ORIENTED_EDGE('',*,*,#537,.F.) ;
#1615=ORIENTED_EDGE('',*,*,#520,.F.) ;
#1616=ORIENTED_EDGE('',*,*,#501,.F.) ;
#1617=ORIENTED_EDGE('',*,*,#482,.F.) ;
#1618=ORIENTED_EDGE('',*,*,#463,.F.) ;
#1619=ORIENTED_EDGE('',*,*,#439,.F.) ;
#1620=ORIENTED_EDGE('',*,*,#415,.F.) ;
#1621=ORIENTED_EDGE('',*,*,#396,.F.) ;
#1622=ORIENTED_EDGE('',*,*,#372,.F.) ;
#1623=ORIENTED_EDGE('',*,*,#329,.F.) ;
#1624=ORIENTED_EDGE('',*,*,#208,.F.) ;
#1625=ORIENTED_EDGE('',*,*,#358,.F.) ;
#1628=ORIENTED_EDGE('',*,*,#668,.F.) ;
#1629=ORIENTED_EDGE('',*,*,#622,.F.) ;
#1630=ORIENTED_EDGE('',*,*,#565,.F.) ;
#1631=ORIENTED_EDGE('',*,*,#651,.F.) ;
#1634=ORIENTED_EDGE('',*,*,#799,.F.) ;
#1635=ORIENTED_EDGE('',*,*,#758,.F.) ;
#1636=ORIENTED_EDGE('',*,*,#696,.F.) ;
#1637=ORIENTED_EDGE('',*,*,#734,.F.) ;
#1640=ORIENTED_EDGE('',*,*,#1122,.F.) ;
#1641=ORIENTED_EDGE('',*,*,#1100,.F.) ;
#1642=ORIENTED_EDGE('',*,*,#1076,.F.) ;
#1643=ORIENTED_EDGE('',*,*,#1052,.F.) ;
#1644=ORIENTED_EDGE('',*,*,#1028,.F.) ;
#1645=ORIENTED_EDGE('',*,*,#1004,.F.) ;
#1646=ORIENTED_EDGE('',*,*,#980,.F.) ;
#1647=ORIENTED_EDGE('',*,*,#932,.F.) ;
#1648=ORIENTED_EDGE('',*,*,#827,.F.) ;
#1649=ORIENTED_EDGE('',*,*,#961,.F.) ;
#1652=ORIENTED_EDGE('',*,*,#1311,.F.) ;
#1653=ORIENTED_EDGE('',*,*,#1395,.F.) ;
#1654=ORIENTED_EDGE('',*,*,#1373,.F.) ;
#1655=ORIENTED_EDGE('',*,*,#1354,.F.) ;
#1656=ORIENTED_EDGE('',*,*,#1330,.F.) ;
#1657=ORIENTED_EDGE('',*,*,#1202,.F.) ;
#1658=ORIENTED_EDGE('',*,*,#1150,.F.) ;
#1659=ORIENTED_EDGE('',*,*,#1183,.F.) ;
#1687=ORIENTED_EDGE('',*,*,#1507,.T.) ;
#1688=ORIENTED_EDGE('',*,*,#1673,.T.) ;
#1689=ORIENTED_EDGE('',*,*,#1680,.F.) ;
#1690=ORIENTED_EDGE('',*,*,#1685,.F.) ;
#1699=ORIENTED_EDGE('',*,*,#1512,.T.) ;
#1700=ORIENTED_EDGE('',*,*,#1685,.T.) ;
#1701=ORIENTED_EDGE('',*,*,#1697,.F.) ;
#1702=ORIENTED_EDGE('',*,*,#1673,.F.) ;
#1730=ORIENTED_EDGE('',*,*,#1718,.F.) ;
#1731=ORIENTED_EDGE('',*,*,#1723,.F.) ;
#1732=ORIENTED_EDGE('',*,*,#1680,.T.) ;
#1733=ORIENTED_EDGE('',*,*,#1728,.T.) ;
#1742=ORIENTED_EDGE('',*,*,#1740,.F.) ;
#1743=ORIENTED_EDGE('',*,*,#1728,.F.) ;
#1744=ORIENTED_EDGE('',*,*,#1697,.T.) ;
#1745=ORIENTED_EDGE('',*,*,#1723,.T.) ;
#1894=ORIENTED_EDGE('',*,*,#1761,.F.) ;
#1895=ORIENTED_EDGE('',*,*,#1768,.F.) ;
#1896=ORIENTED_EDGE('',*,*,#1775,.F.) ;
#1897=ORIENTED_EDGE('',*,*,#1782,.F.) ;
#1898=ORIENTED_EDGE('',*,*,#1789,.F.) ;
#1899=ORIENTED_EDGE('',*,*,#1796,.F.) ;
#1900=ORIENTED_EDGE('',*,*,#1803,.F.) ;
#1901=ORIENTED_EDGE('',*,*,#1810,.F.) ;
#1902=ORIENTED_EDGE('',*,*,#1817,.F.) ;
#1903=ORIENTED_EDGE('',*,*,#1824,.F.) ;
#1904=ORIENTED_EDGE('',*,*,#1831,.F.) ;
#1905=ORIENTED_EDGE('',*,*,#1838,.F.) ;
#1906=ORIENTED_EDGE('',*,*,#1845,.F.) ;
#1907=ORIENTED_EDGE('',*,*,#1852,.F.) ;
#1908=ORIENTED_EDGE('',*,*,#1859,.F.) ;
#1909=ORIENTED_EDGE('',*,*,#1866,.F.) ;
#1910=ORIENTED_EDGE('',*,*,#1873,.F.) ;
#1911=ORIENTED_EDGE('',*,*,#1880,.F.) ;
#1912=ORIENTED_EDGE('',*,*,#1887,.F.) ;
#1913=ORIENTED_EDGE('',*,*,#1892,.F.) ;
#1916=ORIENTED_EDGE('',*,*,#1740,.T.) ;
#1917=ORIENTED_EDGE('',*,*,#1718,.T.) ;
#1934=ORIENTED_EDGE('',*,*,#1927,.T.) ;
#1935=ORIENTED_EDGE('',*,*,#1932,.T.) ;
#1952=ORIENTED_EDGE('',*,*,#1945,.T.) ;
#1953=ORIENTED_EDGE('',*,*,#1950,.T.) ;
#1970=ORIENTED_EDGE('',*,*,#1963,.T.) ;
#1971=ORIENTED_EDGE('',*,*,#1968,.T.) ;
#1988=ORIENTED_EDGE('',*,*,#1981,.T.) ;
#1989=ORIENTED_EDGE('',*,*,#1986,.T.) ;
#2006=ORIENTED_EDGE('',*,*,#1999,.T.) ;
#2007=ORIENTED_EDGE('',*,*,#2004,.T.) ;
#2035=ORIENTED_EDGE('',*,*,#1525,.T.) ;
#2036=ORIENTED_EDGE('',*,*,#2021,.T.) ;
#2037=ORIENTED_EDGE('',*,*,#2028,.F.) ;
#2038=ORIENTED_EDGE('',*,*,#2033,.F.) ;
#2047=ORIENTED_EDGE('',*,*,#1530,.T.) ;
#2048=ORIENTED_EDGE('',*,*,#2033,.T.) ;
#2049=ORIENTED_EDGE('',*,*,#2045,.F.) ;
#2050=ORIENTED_EDGE('',*,*,#2021,.F.) ;
#2069=ORIENTED_EDGE('',*,*,#1932,.F.) ;
#2070=ORIENTED_EDGE('',*,*,#2062,.F.) ;
#2071=ORIENTED_EDGE('',*,*,#2028,.T.) ;
#2072=ORIENTED_EDGE('',*,*,#2067,.T.) ;
#2076=ORIENTED_EDGE('',*,*,#1927,.F.) ;
#2077=ORIENTED_EDGE('',*,*,#2067,.F.) ;
#2078=ORIENTED_EDGE('',*,*,#2045,.T.) ;
#2079=ORIENTED_EDGE('',*,*,#2062,.T.) ;
#2107=ORIENTED_EDGE('',*,*,#1543,.T.) ;
#2108=ORIENTED_EDGE('',*,*,#2093,.T.) ;
#2109=ORIENTED_EDGE('',*,*,#2100,.F.) ;
#2110=ORIENTED_EDGE('',*,*,#2105,.F.) ;
#2119=ORIENTED_EDGE('',*,*,#1548,.T.) ;
#2120=ORIENTED_EDGE('',*,*,#2105,.T.) ;
#2121=ORIENTED_EDGE('',*,*,#2117,.F.) ;
#2122=ORIENTED_EDGE('',*,*,#2093,.F.) ;
#2141=ORIENTED_EDGE('',*,*,#1950,.F.) ;
#2142=ORIENTED_EDGE('',*,*,#2134,.F.) ;
#2143=ORIENTED_EDGE('',*,*,#2100,.T.) ;
#2144=ORIENTED_EDGE('',*,*,#2139,.T.) ;
#2148=ORIENTED_EDGE('',*,*,#1945,.F.) ;
#2149=ORIENTED_EDGE('',*,*,#2139,.F.) ;
#2150=ORIENTED_EDGE('',*,*,#2117,.T.) ;
#2151=ORIENTED_EDGE('',*,*,#2134,.T.) ;
#2179=ORIENTED_EDGE('',*,*,#1561,.T.) ;
#2180=ORIENTED_EDGE('',*,*,#2165,.T.) ;
#2181=ORIENTED_EDGE('',*,*,#2172,.F.) ;
#2182=ORIENTED_EDGE('',*,*,#2177,.F.) ;
#2191=ORIENTED_EDGE('',*,*,#1566,.T.) ;
#2192=ORIENTED_EDGE('',*,*,#2177,.T.) ;
#2193=ORIENTED_EDGE('',*,*,#2189,.F.) ;
#2194=ORIENTED_EDGE('',*,*,#2165,.F.) ;
#2213=ORIENTED_EDGE('',*,*,#1968,.F.) ;
#2214=ORIENTED_EDGE('',*,*,#2206,.F.) ;
#2215=ORIENTED_EDGE('',*,*,#2172,.T.) ;
#2216=ORIENTED_EDGE('',*,*,#2211,.T.) ;
#2220=ORIENTED_EDGE('',*,*,#1963,.F.) ;
#2221=ORIENTED_EDGE('',*,*,#2211,.F.) ;
#2222=ORIENTED_EDGE('',*,*,#2189,.T.) ;
#2223=ORIENTED_EDGE('',*,*,#2206,.T.) ;
#2251=ORIENTED_EDGE('',*,*,#1579,.T.) ;
#2252=ORIENTED_EDGE('',*,*,#2237,.T.) ;
#2253=ORIENTED_EDGE('',*,*,#2244,.F.) ;
#2254=ORIENTED_EDGE('',*,*,#2249,.F.) ;
#2263=ORIENTED_EDGE('',*,*,#1584,.T.) ;
#2264=ORIENTED_EDGE('',*,*,#2249,.T.) ;
#2265=ORIENTED_EDGE('',*,*,#2261,.F.) ;
#2266=ORIENTED_EDGE('',*,*,#2237,.F.) ;
#2285=ORIENTED_EDGE('',*,*,#1986,.F.) ;
#2286=ORIENTED_EDGE('',*,*,#2278,.F.) ;
#2287=ORIENTED_EDGE('',*,*,#2244,.T.) ;
#2288=ORIENTED_EDGE('',*,*,#2283,.T.) ;
#2292=ORIENTED_EDGE('',*,*,#1981,.F.) ;
#2293=ORIENTED_EDGE('',*,*,#2283,.F.) ;
#2294=ORIENTED_EDGE('',*,*,#2261,.T.) ;
#2295=ORIENTED_EDGE('',*,*,#2278,.T.) ;
#2323=ORIENTED_EDGE('',*,*,#1597,.T.) ;
#2324=ORIENTED_EDGE('',*,*,#2309,.T.) ;
#2325=ORIENTED_EDGE('',*,*,#2316,.F.) ;
#2326=ORIENTED_EDGE('',*,*,#2321,.F.) ;
#2335=ORIENTED_EDGE('',*,*,#1602,.T.) ;
#2336=ORIENTED_EDGE('',*,*,#2321,.T.) ;
#2337=ORIENTED_EDGE('',*,*,#2333,.F.) ;
#2338=ORIENTED_EDGE('',*,*,#2309,.F.) ;
#2357=ORIENTED_EDGE('',*,*,#2004,.F.) ;
#2358=ORIENTED_EDGE('',*,*,#2350,.F.) ;
#2359=ORIENTED_EDGE('',*,*,#2316,.T.) ;
#2360=ORIENTED_EDGE('',*,*,#2355,.T.) ;
#2364=ORIENTED_EDGE('',*,*,#1999,.F.) ;
#2365=ORIENTED_EDGE('',*,*,#2355,.F.) ;
#2366=ORIENTED_EDGE('',*,*,#2333,.T.) ;
#2367=ORIENTED_EDGE('',*,*,#2350,.T.) ;
#2395=ORIENTED_EDGE('',*,*,#1775,.T.) ;
#2396=ORIENTED_EDGE('',*,*,#2381,.F.) ;
#2397=ORIENTED_EDGE('',*,*,#2388,.F.) ;
#2398=ORIENTED_EDGE('',*,*,#2393,.T.) ;
#2419=ORIENTED_EDGE('',*,*,#1782,.T.) ;
#2420=ORIENTED_EDGE('',*,*,#2393,.F.) ;
#2421=ORIENTED_EDGE('',*,*,#2412,.F.) ;
#2422=ORIENTED_EDGE('',*,*,#2417,.T.) ;
#2443=ORIENTED_EDGE('',*,*,#1789,.T.) ;
#2444=ORIENTED_EDGE('',*,*,#2417,.F.) ;
#2445=ORIENTED_EDGE('',*,*,#2436,.F.) ;
#2446=ORIENTED_EDGE('',*,*,#2441,.T.) ;
#2467=ORIENTED_EDGE('',*,*,#1796,.T.) ;
#2468=ORIENTED_EDGE('',*,*,#2441,.F.) ;
#2469=ORIENTED_EDGE('',*,*,#2460,.F.) ;
#2470=ORIENTED_EDGE('',*,*,#2465,.T.) ;
#2491=ORIENTED_EDGE('',*,*,#1803,.T.) ;
#2492=ORIENTED_EDGE('',*,*,#2465,.F.) ;
#2493=ORIENTED_EDGE('',*,*,#2484,.F.) ;
#2494=ORIENTED_EDGE('',*,*,#2489,.T.) ;
#2515=ORIENTED_EDGE('',*,*,#1810,.T.) ;
#2516=ORIENTED_EDGE('',*,*,#2489,.F.) ;
#2517=ORIENTED_EDGE('',*,*,#2508,.F.) ;
#2518=ORIENTED_EDGE('',*,*,#2513,.T.) ;
#2534=ORIENTED_EDGE('',*,*,#1817,.T.) ;
#2535=ORIENTED_EDGE('',*,*,#2513,.F.) ;
#2536=ORIENTED_EDGE('',*,*,#2527,.F.) ;
#2537=ORIENTED_EDGE('',*,*,#2532,.T.) ;
#2553=ORIENTED_EDGE('',*,*,#1824,.T.) ;
#2554=ORIENTED_EDGE('',*,*,#2532,.F.) ;
#2555=ORIENTED_EDGE('',*,*,#2546,.F.) ;
#2556=ORIENTED_EDGE('',*,*,#2551,.T.) ;
#2577=ORIENTED_EDGE('',*,*,#1831,.T.) ;
#2578=ORIENTED_EDGE('',*,*,#2551,.F.) ;
#2579=ORIENTED_EDGE('',*,*,#2570,.F.) ;
#2580=ORIENTED_EDGE('',*,*,#2575,.T.) ;
#2601=ORIENTED_EDGE('',*,*,#1838,.T.) ;
#2602=ORIENTED_EDGE('',*,*,#2575,.F.) ;
#2603=ORIENTED_EDGE('',*,*,#2594,.F.) ;
#2604=ORIENTED_EDGE('',*,*,#2599,.T.) ;
#2625=ORIENTED_EDGE('',*,*,#1845,.T.) ;
#2626=ORIENTED_EDGE('',*,*,#2599,.F.) ;
#2627=ORIENTED_EDGE('',*,*,#2618,.F.) ;
#2628=ORIENTED_EDGE('',*,*,#2623,.T.) ;
#2649=ORIENTED_EDGE('',*,*,#1852,.T.) ;
#2650=ORIENTED_EDGE('',*,*,#2623,.F.) ;
#2651=ORIENTED_EDGE('',*,*,#2642,.F.) ;
#2652=ORIENTED_EDGE('',*,*,#2647,.T.) ;
#2668=ORIENTED_EDGE('',*,*,#1859,.T.) ;
#2669=ORIENTED_EDGE('',*,*,#2647,.F.) ;
#2670=ORIENTED_EDGE('',*,*,#2661,.F.) ;
#2671=ORIENTED_EDGE('',*,*,#2666,.T.) ;
#2692=ORIENTED_EDGE('',*,*,#1866,.T.) ;
#2693=ORIENTED_EDGE('',*,*,#2666,.F.) ;
#2694=ORIENTED_EDGE('',*,*,#2685,.F.) ;
#2695=ORIENTED_EDGE('',*,*,#2690,.T.) ;
#2716=ORIENTED_EDGE('',*,*,#1873,.T.) ;
#2717=ORIENTED_EDGE('',*,*,#2690,.F.) ;
#2718=ORIENTED_EDGE('',*,*,#2709,.F.) ;
#2719=ORIENTED_EDGE('',*,*,#2714,.T.) ;
#2735=ORIENTED_EDGE('',*,*,#1880,.T.) ;
#2736=ORIENTED_EDGE('',*,*,#2714,.F.) ;
#2737=ORIENTED_EDGE('',*,*,#2728,.F.) ;
#2738=ORIENTED_EDGE('',*,*,#2733,.T.) ;
#2754=ORIENTED_EDGE('',*,*,#1768,.T.) ;
#2755=ORIENTED_EDGE('',*,*,#2747,.F.) ;
#2756=ORIENTED_EDGE('',*,*,#2752,.F.) ;
#2757=ORIENTED_EDGE('',*,*,#2381,.T.) ;
#2773=ORIENTED_EDGE('',*,*,#1887,.T.) ;
#2774=ORIENTED_EDGE('',*,*,#2733,.F.) ;
#2775=ORIENTED_EDGE('',*,*,#2766,.F.) ;
#2776=ORIENTED_EDGE('',*,*,#2771,.T.) ;
#2792=ORIENTED_EDGE('',*,*,#1761,.T.) ;
#2793=ORIENTED_EDGE('',*,*,#2785,.F.) ;
#2794=ORIENTED_EDGE('',*,*,#2790,.F.) ;
#2795=ORIENTED_EDGE('',*,*,#2747,.T.) ;
#2809=ORIENTED_EDGE('',*,*,#1892,.T.) ;
#2810=ORIENTED_EDGE('',*,*,#2771,.F.) ;
#2811=ORIENTED_EDGE('',*,*,#2807,.F.) ;
#2812=ORIENTED_EDGE('',*,*,#2785,.T.) ;
#2840=ORIENTED_EDGE('',*,*,#2826,.F.) ;
#2841=ORIENTED_EDGE('',*,*,#2833,.T.) ;
#2842=ORIENTED_EDGE('',*,*,#2838,.T.) ;
#2843=ORIENTED_EDGE('',*,*,#1473,.F.) ;
#2864=ORIENTED_EDGE('',*,*,#2838,.F.) ;
#2865=ORIENTED_EDGE('',*,*,#2857,.T.) ;
#2866=ORIENTED_EDGE('',*,*,#2862,.T.) ;
#2867=ORIENTED_EDGE('',*,*,#1480,.F.) ;
#2888=ORIENTED_EDGE('',*,*,#2862,.F.) ;
#2889=ORIENTED_EDGE('',*,*,#2881,.T.) ;
#2890=ORIENTED_EDGE('',*,*,#2886,.T.) ;
#2891=ORIENTED_EDGE('',*,*,#1487,.F.) ;
#2905=ORIENTED_EDGE('',*,*,#2886,.F.) ;
#2906=ORIENTED_EDGE('',*,*,#2903,.T.) ;
#2907=ORIENTED_EDGE('',*,*,#2826,.T.) ;
#2908=ORIENTED_EDGE('',*,*,#1492,.F.) ;
#2917=ORIENTED_EDGE('',*,*,#2903,.F.) ;
#2918=ORIENTED_EDGE('',*,*,#2881,.F.) ;
#2919=ORIENTED_EDGE('',*,*,#2857,.F.) ;
#2920=ORIENTED_EDGE('',*,*,#2833,.F.) ;
#2923=ORIENTED_EDGE('',*,*,#2790,.T.) ;
#2924=ORIENTED_EDGE('',*,*,#2807,.T.) ;
#2925=ORIENTED_EDGE('',*,*,#2766,.T.) ;
#2926=ORIENTED_EDGE('',*,*,#2728,.T.) ;
#2927=ORIENTED_EDGE('',*,*,#2709,.T.) ;
#2928=ORIENTED_EDGE('',*,*,#2685,.T.) ;
#2929=ORIENTED_EDGE('',*,*,#2661,.T.) ;
#2930=ORIENTED_EDGE('',*,*,#2642,.T.) ;
#2931=ORIENTED_EDGE('',*,*,#2618,.T.) ;
#2932=ORIENTED_EDGE('',*,*,#2594,.T.) ;
#2933=ORIENTED_EDGE('',*,*,#2570,.T.) ;
#2934=ORIENTED_EDGE('',*,*,#2546,.T.) ;
#2935=ORIENTED_EDGE('',*,*,#2527,.T.) ;
#2936=ORIENTED_EDGE('',*,*,#2508,.T.) ;
#2937=ORIENTED_EDGE('',*,*,#2484,.T.) ;
#2938=ORIENTED_EDGE('',*,*,#2460,.T.) ;
#2939=ORIENTED_EDGE('',*,*,#2436,.T.) ;
#2940=ORIENTED_EDGE('',*,*,#2412,.T.) ;
#2941=ORIENTED_EDGE('',*,*,#2388,.T.) ;
#2942=ORIENTED_EDGE('',*,*,#2752,.T.) ;
#1284=FACE_BOUND('',#1281,.T.) ;
#1516=FACE_BOUND('',#1513,.T.) ;
#1534=FACE_BOUND('',#1531,.T.) ;
#1552=FACE_BOUND('',#1549,.T.) ;
#1570=FACE_BOUND('',#1567,.T.) ;
#1588=FACE_BOUND('',#1585,.T.) ;
#1606=FACE_BOUND('',#1603,.T.) ;
#1612=FACE_BOUND('',#1607,.T.) ;
#1626=FACE_BOUND('',#1613,.T.) ;
#1632=FACE_BOUND('',#1627,.T.) ;
#1638=FACE_BOUND('',#1633,.T.) ;
#1650=FACE_BOUND('',#1639,.T.) ;
#1660=FACE_BOUND('',#1651,.T.) ;
#1918=FACE_BOUND('',#1915,.T.) ;
#1936=FACE_BOUND('',#1933,.T.) ;
#1954=FACE_BOUND('',#1951,.T.) ;
#1972=FACE_BOUND('',#1969,.T.) ;
#1990=FACE_BOUND('',#1987,.T.) ;
#2008=FACE_BOUND('',#2005,.T.) ;
#2943=FACE_BOUND('',#2922,.T.) ;
#51=CLOSED_SHELL('Closed Shell',(#91,#122,#146,#170,#187,#227,#317,#341,#365,#384,#408,#427,#451,#475,#494,#513,#532,#544,#584,#610,#634,#658,#675,#715,#746,#777,#789,#806,#846,#920,#944,#968,#992,#1016,#1040,#1064,#1088,#1112,#1129,#1169,#1195,#1221,#1285,#1318,#1342,#1366,#1385,#1402,#1442,#1454,#1464,#1661,#1692,#1704,#1735,#1747,#2009,#2040,#2052,#2074,#2081,#2112,#2124,#2146,#2153,#2184,#2196,#2218,#2225,#2256,#2268,#2290,#2297,#2328,#2340,#2362,#2369,#2400,#2424,#2448,#2472,#2496,#2520,#2539,#2558,#2582,#2606,#2630,#2654,#2673,#2697,#2721,#2740,#2759,#2778,#2797,#2814,#2845,#2869,#2893,#2910,#2944)) ;
#59=VECTOR('Line Direction',#58,1.) ;
#68=VECTOR('Line Direction',#67,1.) ;
#75=VECTOR('Line Direction',#74,1.) ;
#82=VECTOR('Line Direction',#81,1.) ;
#99=VECTOR('Line Direction',#98,1.) ;
#106=VECTOR('Line Direction',#105,1.) ;
#113=VECTOR('Line Direction',#112,1.) ;
#130=VECTOR('Line Direction',#129,1.) ;
#137=VECTOR('Line Direction',#136,1.) ;
#154=VECTOR('Line Direction',#153,1.) ;
#161=VECTOR('Line Direction',#160,1.) ;
#178=VECTOR('Line Direction',#177,1.) ;
#195=VECTOR('Line Direction',#194,1.) ;
#204=VECTOR('Line Direction',#203,1.) ;
#211=VECTOR('Line Direction',#210,1.) ;
#218=VECTOR('Line Direction',#217,1.) ;
#230=VECTOR('Line Direction',#229,1.) ;
#237=VECTOR('Line Direction',#236,1.) ;
#244=VECTOR('Line Direction',#243,1.) ;
#251=VECTOR('Line Direction',#250,1.) ;
#258=VECTOR('Line Direction',#257,1.) ;
#265=VECTOR('Line Direction',#264,1.) ;
#272=VECTOR('Line Direction',#271,1.) ;
#279=VECTOR('Line Direction',#278,1.) ;
#286=VECTOR('Line Direction',#285,1.) ;
#293=VECTOR('Line Direction',#292,1.) ;
#300=VECTOR('Line Direction',#299,1.) ;
#325=VECTOR('Line Direction',#324,1.) ;
#332=VECTOR('Line Direction',#331,1.) ;
#349=VECTOR('Line Direction',#348,1.) ;
#356=VECTOR('Line Direction',#355,1.) ;
#368=VECTOR('Line Direction',#367,1.) ;
#375=VECTOR('Line Direction',#374,1.) ;
#392=VECTOR('Line Direction',#391,1.) ;
#399=VECTOR('Line Direction',#398,1.) ;
#411=VECTOR('Line Direction',#410,1.) ;
#418=VECTOR('Line Direction',#417,1.) ;
#435=VECTOR('Line Direction',#434,1.) ;
#442=VECTOR('Line Direction',#441,1.) ;
#459=VECTOR('Line Direction',#458,1.) ;
#466=VECTOR('Line Direction',#465,1.) ;
#478=VECTOR('Line Direction',#477,1.) ;
#485=VECTOR('Line Direction',#484,1.) ;
#497=VECTOR('Line Direction',#496,1.) ;
#504=VECTOR('Line Direction',#503,1.) ;
#516=VECTOR('Line Direction',#515,1.) ;
#523=VECTOR('Line Direction',#522,1.) ;
#535=VECTOR('Line Direction',#534,1.) ;
#552=VECTOR('Line Direction',#551,1.) ;
#561=VECTOR('Line Direction',#560,1.) ;
#568=VECTOR('Line Direction',#567,1.) ;
#575=VECTOR('Line Direction',#574,1.) ;
#587=VECTOR('Line Direction',#586,1.) ;
#594=VECTOR('Line Direction',#593,1.) ;
#601=VECTOR('Line Direction',#600,1.) ;
#618=VECTOR('Line Direction',#617,1.) ;
#625=VECTOR('Line Direction',#624,1.) ;
#642=VECTOR('Line Direction',#641,1.) ;
#649=VECTOR('Line Direction',#648,1.) ;
#666=VECTOR('Line Direction',#665,1.) ;
#683=VECTOR('Line Direction',#682,1.) ;
#692=VECTOR('Line Direction',#691,1.) ;
#699=VECTOR('Line Direction',#698,1.) ;
#706=VECTOR('Line Direction',#705,1.) ;
#723=VECTOR('Line Direction',#722,1.) ;
#732=VECTOR('Line Direction',#731,1.) ;
#737=VECTOR('Line Direction',#736,1.) ;
#754=VECTOR('Line Direction',#753,1.) ;
#761=VECTOR('Line Direction',#760,1.) ;
#768=VECTOR('Line Direction',#767,1.) ;
#780=VECTOR('Line Direction',#779,1.) ;
#797=VECTOR('Line Direction',#796,1.) ;
#814=VECTOR('Line Direction',#813,1.) ;
#830=VECTOR('Line Direction',#829,1.) ;
#849=VECTOR('Line Direction',#848,1.) ;
#856=VECTOR('Line Direction',#855,1.) ;
#863=VECTOR('Line Direction',#862,1.) ;
#884=VECTOR('Line Direction',#883,1.) ;
#891=VECTOR('Line Direction',#890,1.) ;
#898=VECTOR('Line Direction',#897,1.) ;
#928=VECTOR('Line Direction',#927,1.) ;
#935=VECTOR('Line Direction',#934,1.) ;
#952=VECTOR('Line Direction',#951,1.) ;
#976=VECTOR('Line Direction',#975,1.) ;
#983=VECTOR('Line Direction',#982,1.) ;
#1000=VECTOR('Line Direction',#999,1.) ;
#1007=VECTOR('Line Direction',#1006,1.) ;
#1031=VECTOR('Line Direction',#1030,1.) ;
#1055=VECTOR('Line Direction',#1054,1.) ;
#1072=VECTOR('Line Direction',#1071,1.) ;
#1079=VECTOR('Line Direction',#1078,1.) ;
#1096=VECTOR('Line Direction',#1095,1.) ;
#1103=VECTOR('Line Direction',#1102,1.) ;
#1120=VECTOR('Line Direction',#1119,1.) ;
#1137=VECTOR('Line Direction',#1136,1.) ;
#1146=VECTOR('Line Direction',#1145,1.) ;
#1153=VECTOR('Line Direction',#1152,1.) ;
#1160=VECTOR('Line Direction',#1159,1.) ;
#1172=VECTOR('Line Direction',#1171,1.) ;
#1181=VECTOR('Line Direction',#1180,1.) ;
#1186=VECTOR('Line Direction',#1185,1.) ;
#1198=VECTOR('Line Direction',#1197,1.) ;
#1205=VECTOR('Line Direction',#1204,1.) ;
#1212=VECTOR('Line Direction',#1211,1.) ;
#1224=VECTOR('Line Direction',#1223,1.) ;
#1231=VECTOR('Line Direction',#1230,1.) ;
#1238=VECTOR('Line Direction',#1237,1.) ;
#1245=VECTOR('Line Direction',#1244,1.) ;
#1278=VECTOR('Line Direction',#1277,1.) ;
#1292=VECTOR('Extrusion Surface Vector',#1291,1.) ;
#1296=VECTOR('Line Direction',#1295,1.) ;
#1326=VECTOR('Line Direction',#1325,1.) ;
#1333=VECTOR('Line Direction',#1332,1.) ;
#1350=VECTOR('Line Direction',#1349,1.) ;
#1357=VECTOR('Line Direction',#1356,1.) ;
#1369=VECTOR('Line Direction',#1368,1.) ;
#1376=VECTOR('Line Direction',#1375,1.) ;
#1393=VECTOR('Line Direction',#1392,1.) ;
#1409=VECTOR('Extrusion Surface Vector',#1408,1.) ;
#1413=VECTOR('Line Direction',#1412,1.) ;
#1433=VECTOR('Line Direction',#1432,1.) ;
#1445=VECTOR('Line Direction',#1444,1.) ;
#1476=VECTOR('Line Direction',#1475,1.) ;
#1490=VECTOR('Line Direction',#1489,1.) ;
#1669=VECTOR('Line Direction',#1668,1.) ;
#1683=VECTOR('Line Direction',#1682,1.) ;
#1721=VECTOR('Line Direction',#1720,1.) ;
#1726=VECTOR('Line Direction',#1725,1.) ;
#1755=VECTOR('Line Direction',#1754,1.) ;
#1764=VECTOR('Line Direction',#1763,1.) ;
#1771=VECTOR('Line Direction',#1770,1.) ;
#1778=VECTOR('Line Direction',#1777,1.) ;
#1792=VECTOR('Line Direction',#1791,1.) ;
#1799=VECTOR('Line Direction',#1798,1.) ;
#1806=VECTOR('Line Direction',#1805,1.) ;
#1820=VECTOR('Line Direction',#1819,1.) ;
#1827=VECTOR('Line Direction',#1826,1.) ;
#1834=VECTOR('Line Direction',#1833,1.) ;
#1841=VECTOR('Line Direction',#1840,1.) ;
#1848=VECTOR('Line Direction',#1847,1.) ;
#1855=VECTOR('Line Direction',#1854,1.) ;
#1862=VECTOR('Line Direction',#1861,1.) ;
#1876=VECTOR('Line Direction',#1875,1.) ;
#1883=VECTOR('Line Direction',#1882,1.) ;
#1890=VECTOR('Line Direction',#1889,1.) ;
#2017=VECTOR('Line Direction',#2016,1.) ;
#2031=VECTOR('Line Direction',#2030,1.) ;
#2060=VECTOR('Line Direction',#2059,1.) ;
#2065=VECTOR('Line Direction',#2064,1.) ;
#2089=VECTOR('Line Direction',#2088,1.) ;
#2103=VECTOR('Line Direction',#2102,1.) ;
#2132=VECTOR('Line Direction',#2131,1.) ;
#2137=VECTOR('Line Direction',#2136,1.) ;
#2161=VECTOR('Line Direction',#2160,1.) ;
#2175=VECTOR('Line Direction',#2174,1.) ;
#2204=VECTOR('Line Direction',#2203,1.) ;
#2209=VECTOR('Line Direction',#2208,1.) ;
#2233=VECTOR('Line Direction',#2232,1.) ;
#2247=VECTOR('Line Direction',#2246,1.) ;
#2276=VECTOR('Line Direction',#2275,1.) ;
#2281=VECTOR('Line Direction',#2280,1.) ;
#2305=VECTOR('Line Direction',#2304,1.) ;
#2319=VECTOR('Line Direction',#2318,1.) ;
#2348=VECTOR('Line Direction',#2347,1.) ;
#2353=VECTOR('Line Direction',#2352,1.) ;
#2377=VECTOR('Line Direction',#2376,1.) ;
#2384=VECTOR('Line Direction',#2383,1.) ;
#2391=VECTOR('Line Direction',#2390,1.) ;
#2408=VECTOR('Line Direction',#2407,1.) ;
#2415=VECTOR('Line Direction',#2414,1.) ;
#2439=VECTOR('Line Direction',#2438,1.) ;
#2456=VECTOR('Line Direction',#2455,1.) ;
#2463=VECTOR('Line Direction',#2462,1.) ;
#2480=VECTOR('Line Direction',#2479,1.) ;
#2487=VECTOR('Line Direction',#2486,1.) ;
#2504=VECTOR('Line Direction',#2503,1.) ;
#2511=VECTOR('Line Direction',#2510,1.) ;
#2530=VECTOR('Line Direction',#2529,1.) ;
#2542=VECTOR('Line Direction',#2541,1.) ;
#2549=VECTOR('Line Direction',#2548,1.) ;
#2566=VECTOR('Line Direction',#2565,1.) ;
#2573=VECTOR('Line Direction',#2572,1.) ;
#2590=VECTOR('Line Direction',#2589,1.) ;
#2597=VECTOR('Line Direction',#2596,1.) ;
#2614=VECTOR('Line Direction',#2613,1.) ;
#2621=VECTOR('Line Direction',#2620,1.) ;
#2638=VECTOR('Line Direction',#2637,1.) ;
#2645=VECTOR('Line Direction',#2644,1.) ;
#2657=VECTOR('Line Direction',#2656,1.) ;
#2664=VECTOR('Line Direction',#2663,1.) ;
#2681=VECTOR('Line Direction',#2680,1.) ;
#2688=VECTOR('Line Direction',#2687,1.) ;
#2712=VECTOR('Line Direction',#2711,1.) ;
#2724=VECTOR('Line Direction',#2723,1.) ;
#2731=VECTOR('Line Direction',#2730,1.) ;
#2743=VECTOR('Line Direction',#2742,1.) ;
#2750=VECTOR('Line Direction',#2749,1.) ;
#2762=VECTOR('Line Direction',#2761,1.) ;
#2769=VECTOR('Line Direction',#2768,1.) ;
#2781=VECTOR('Line Direction',#2780,1.) ;
#2788=VECTOR('Line Direction',#2787,1.) ;
#2805=VECTOR('Line Direction',#2804,1.) ;
#2822=VECTOR('Line Direction',#2821,1.) ;
#2836=VECTOR('Line Direction',#2835,1.) ;
#2853=VECTOR('Line Direction',#2852,1.) ;
#2860=VECTOR('Line Direction',#2859,1.) ;
#2884=VECTOR('Line Direction',#2883,1.) ;
#2901=VECTOR('Line Direction',#2900,1.) ;
#2946=ADVANCED_BREP_SHAPE_REPRESENTATION('NONE',(#2945),#46) ;
#49=SHAPE_REPRESENTATION(' ',(#48),#46) ;
#91=ADVANCED_FACE('PartBody',(#90),#56,.F.) ;
#122=ADVANCED_FACE('PartBody',(#121),#96,.T.) ;
#146=ADVANCED_FACE('PartBody',(#145),#127,.F.) ;
#170=ADVANCED_FACE('PartBody',(#169),#151,.F.) ;
#187=ADVANCED_FACE('PartBody',(#186),#175,.F.) ;
#227=ADVANCED_FACE('PartBody',(#226),#192,.F.) ;
#317=ADVANCED_FACE('PartBody',(#316),#96,.T.) ;
#341=ADVANCED_FACE('PartBody',(#340),#322,.F.) ;
#365=ADVANCED_FACE('PartBody',(#364),#346,.F.) ;
#384=ADVANCED_FACE('PartBody',(#383),#56,.F.) ;
#408=ADVANCED_FACE('PartBody',(#407),#389,.F.) ;
#427=ADVANCED_FACE('PartBody',(#426),#192,.F.) ;
#451=ADVANCED_FACE('PartBody',(#450),#432,.F.) ;
#475=ADVANCED_FACE('PartBody',(#474),#456,.F.) ;
#494=ADVANCED_FACE('PartBody',(#493),#389,.F.) ;
#513=ADVANCED_FACE('PartBody',(#512),#175,.F.) ;
#532=ADVANCED_FACE('PartBody',(#531),#322,.F.) ;
#544=ADVANCED_FACE('PartBody',(#543),#456,.F.) ;
#584=ADVANCED_FACE('PartBody',(#583),#549,.F.) ;
#610=ADVANCED_FACE('PartBody',(#609),#96,.T.) ;
#634=ADVANCED_FACE('PartBody',(#633),#615,.F.) ;
#658=ADVANCED_FACE('PartBody',(#657),#639,.F.) ;
#675=ADVANCED_FACE('PartBody',(#674),#663,.F.) ;
#715=ADVANCED_FACE('PartBody',(#714),#680,.T.) ;
#746=ADVANCED_FACE('PartBody',(#745),#720,.T.) ;
#777=ADVANCED_FACE('PartBody',(#776),#751,.T.) ;
#789=ADVANCED_FACE('PartBody',(#788),#96,.T.) ;
#806=ADVANCED_FACE('PartBody',(#805),#794,.T.) ;
#846=ADVANCED_FACE('PartBody',(#845),#811,.F.) ;
#920=ADVANCED_FACE('PartBody',(#919),#96,.T.) ;
#944=ADVANCED_FACE('PartBody',(#943),#925,.T.) ;
#968=ADVANCED_FACE('PartBody',(#967),#949,.T.) ;
#992=ADVANCED_FACE('PartBody',(#991),#973,.F.) ;
#1016=ADVANCED_FACE('PartBody',(#1015),#997,.T.) ;
#1040=ADVANCED_FACE('PartBody',(#1039),#1021,.T.) ;
#1064=ADVANCED_FACE('PartBody',(#1063),#1045,.F.) ;
#1088=ADVANCED_FACE('PartBody',(#1087),#1069,.T.) ;
#1112=ADVANCED_FACE('PartBody',(#1111),#1093,.T.) ;
#1129=ADVANCED_FACE('PartBody',(#1128),#1117,.T.) ;
#1169=ADVANCED_FACE('PartBody',(#1168),#1134,.T.) ;
#1195=ADVANCED_FACE('PartBody',(#1194),#1117,.T.) ;
#1221=ADVANCED_FACE('PartBody',(#1220),#997,.T.) ;
#1285=ADVANCED_FACE('PartBody',(#1265,#1284),#96,.T.) ;
#1318=ADVANCED_FACE('PartBody',(#1317),#1293,.T.) ;
#1342=ADVANCED_FACE('PartBody',(#1341),#1323,.T.) ;
#1366=ADVANCED_FACE('PartBody',(#1365),#1347,.T.) ;
#1385=ADVANCED_FACE('PartBody',(#1384),#997,.T.) ;
#1402=ADVANCED_FACE('PartBody',(#1401),#1390,.T.) ;
#1442=ADVANCED_FACE('PartBody',(#1441),#1410,.F.) ;
#1454=ADVANCED_FACE('PartBody',(#1453),#1323,.T.) ;
#1464=ADVANCED_FACE('PartBody',(#1463),#1459,.T.) ;
#1661=ADVANCED_FACE('PartBody',(#1498,#1516,#1534,#1552,#1570,#1588,#1606,#1612,#1626,#1632,#1638,#1650,#1660),#1459,.T.) ;
#1692=ADVANCED_FACE('PartBody',(#1691),#1666,.F.) ;
#1704=ADVANCED_FACE('PartBody',(#1703),#1666,.F.) ;
#1735=ADVANCED_FACE('PartBody',(#1734),#1709,.F.) ;
#1747=ADVANCED_FACE('PartBody',(#1746),#1709,.F.) ;
#2009=ADVANCED_FACE('PartBody',(#1914,#1918,#1936,#1954,#1972,#1990,#2008),#1752,.F.) ;
#2040=ADVANCED_FACE('PartBody',(#2039),#2014,.F.) ;
#2052=ADVANCED_FACE('PartBody',(#2051),#2014,.F.) ;
#2074=ADVANCED_FACE('PartBody',(#2073),#2057,.F.) ;
#2081=ADVANCED_FACE('PartBody',(#2080),#2057,.F.) ;
#2112=ADVANCED_FACE('PartBody',(#2111),#2086,.F.) ;
#2124=ADVANCED_FACE('PartBody',(#2123),#2086,.F.) ;
#2146=ADVANCED_FACE('PartBody',(#2145),#2129,.F.) ;
#2153=ADVANCED_FACE('PartBody',(#2152),#2129,.F.) ;
#2184=ADVANCED_FACE('PartBody',(#2183),#2158,.F.) ;
#2196=ADVANCED_FACE('PartBody',(#2195),#2158,.F.) ;
#2218=ADVANCED_FACE('PartBody',(#2217),#2201,.F.) ;
#2225=ADVANCED_FACE('PartBody',(#2224),#2201,.F.) ;
#2256=ADVANCED_FACE('PartBody',(#2255),#2230,.F.) ;
#2268=ADVANCED_FACE('PartBody',(#2267),#2230,.F.) ;
#2290=ADVANCED_FACE('PartBody',(#2289),#2273,.F.) ;
#2297=ADVANCED_FACE('PartBody',(#2296),#2273,.F.) ;
#2328=ADVANCED_FACE('PartBody',(#2327),#2302,.F.) ;
#2340=ADVANCED_FACE('PartBody',(#2339),#2302,.F.) ;
#2362=ADVANCED_FACE('PartBody',(#2361),#2345,.F.) ;
#2369=ADVANCED_FACE('PartBody',(#2368),#2345,.F.) ;
#2400=ADVANCED_FACE('PartBody',(#2399),#2374,.T.) ;
#2424=ADVANCED_FACE('PartBody',(#2423),#2405,.T.) ;
#2448=ADVANCED_FACE('PartBody',(#2447),#2429,.T.) ;
#2472=ADVANCED_FACE('PartBody',(#2471),#2453,.T.) ;
#2496=ADVANCED_FACE('PartBody',(#2495),#2477,.T.) ;
#2520=ADVANCED_FACE('PartBody',(#2519),#2501,.T.) ;
#2539=ADVANCED_FACE('PartBody',(#2538),#2429,.T.) ;
#2558=ADVANCED_FACE('PartBody',(#2557),#2405,.T.) ;
#2582=ADVANCED_FACE('PartBody',(#2581),#2563,.F.) ;
#2606=ADVANCED_FACE('PartBody',(#2605),#2587,.T.) ;
#2630=ADVANCED_FACE('PartBody',(#2629),#2611,.T.) ;
#2654=ADVANCED_FACE('PartBody',(#2653),#2635,.F.) ;
#2673=ADVANCED_FACE('PartBody',(#2672),#2563,.F.) ;
#2697=ADVANCED_FACE('PartBody',(#2696),#2678,.F.) ;
#2721=ADVANCED_FACE('PartBody',(#2720),#2702,.T.) ;
#2740=ADVANCED_FACE('PartBody',(#2739),#2678,.F.) ;
#2759=ADVANCED_FACE('PartBody',(#2758),#2587,.T.) ;
#2778=ADVANCED_FACE('PartBody',(#2777),#2374,.T.) ;
#2797=ADVANCED_FACE('PartBody',(#2796),#322,.T.) ;
#2814=ADVANCED_FACE('PartBody',(#2813),#2802,.F.) ;
#2845=ADVANCED_FACE('PartBody',(#2844),#2819,.T.) ;
#2869=ADVANCED_FACE('PartBody',(#2868),#2850,.F.) ;
#2893=ADVANCED_FACE('PartBody',(#2892),#2874,.T.) ;
#2910=ADVANCED_FACE('PartBody',(#2909),#2898,.F.) ;
#2944=ADVANCED_FACE('PartBody',(#2921,#2943),#2915,.F.) ;
#4=APPLICATION_PROTOCOL_DEFINITION('international standard','config_control_design',1994,#1) ;
#32=APPROVAL_DATE_TIME(#13,#21) ;
#1301=B_SPLINE_CURVE_WITH_KNOTS('',5,(#1302,#1303,#1304,#1305,#1306,#1307,#1308,#1309,#1310),.UNSPECIFIED.,.F.,.U.,(6,3,6),(12.930599371,16.3492019228,19.7678044745),.UNSPECIFIED.) ;
#1418=B_SPLINE_CURVE_WITH_KNOTS('',5,(#1419,#1420,#1421,#1422,#1423,#1424,#1425,#1426,#1427),.UNSPECIFIED.,.F.,.U.,(6,3,6),(7.20922413838,9.61229885117,12.015373564),.UNSPECIFIED.) ;
#2945=MANIFOLD_SOLID_BREP('PartBody',#51) ;
#11=CALENDAR_DATE(2025,6,12) ;
#30=CC_DESIGN_APPROVAL(#21,(#16,#6,#14)) ;
#18=CC_DESIGN_DATE_AND_TIME_ASSIGNMENT(#13,#17,(#16)) ;
#29=CC_DESIGN_DATE_AND_TIME_ASSIGNMENT(#13,#28,(#14)) ;
#17=DATE_TIME_ROLE('classification_date') ;
#28=DATE_TIME_ROLE('creation_date') ;
#27=CC_DESIGN_PERSON_AND_ORGANIZATION_ASSIGNMENT(#25,#26,(#16)) ;
#33=CC_DESIGN_PERSON_AND_ORGANIZATION_ASSIGNMENT(#25,#34,(#6)) ;
#35=CC_DESIGN_PERSON_AND_ORGANIZATION_ASSIGNMENT(#25,#36,(#6,#14)) ;
#37=CC_DESIGN_PERSON_AND_ORGANIZATION_ASSIGNMENT(#25,#38,(#5)) ;
#26=PERSON_AND_ORGANIZATION_ROLE('classification_officer') ;
#34=PERSON_AND_ORGANIZATION_ROLE('design_supplier') ;
#36=PERSON_AND_ORGANIZATION_ROLE('creator') ;
#38=PERSON_AND_ORGANIZATION_ROLE('design_owner') ;
#39=CC_DESIGN_SECURITY_CLASSIFICATION(#16,(#6)) ;
#824=CIRCLE('generated circle',#823,0.567546226007) ;
#838=CIRCLE('generated circle',#837,0.567546226007) ;
#871=CIRCLE('generated circle',#870,1.18245377399) ;
#878=CIRCLE('generated circle',#877,0.567546226007) ;
#906=CIRCLE('generated circle',#905,1.18245377399) ;
#960=CIRCLE('generated circle',#959,1.18245377399) ;
#1025=CIRCLE('generated circle',#1024,1.18245377399) ;
#1049=CIRCLE('generated circle',#1048,0.567546226007) ;
#1468=CIRCLE('generated circle',#1467,9.) ;
#1484=CIRCLE('generated circle',#1483,9.) ;
#1502=CIRCLE('generated circle',#1501,2.8) ;
#1511=CIRCLE('generated circle',#1510,2.8) ;
#1520=CIRCLE('generated circle',#1519,2.8) ;
#1529=CIRCLE('generated circle',#1528,2.8) ;
#1538=CIRCLE('generated circle',#1537,2.8) ;
#1547=CIRCLE('generated circle',#1546,2.8) ;
#1556=CIRCLE('generated circle',#1555,2.8) ;
#1565=CIRCLE('generated circle',#1564,2.8) ;
#1574=CIRCLE('generated circle',#1573,2.8) ;
#1583=CIRCLE('generated circle',#1582,2.8) ;
#1592=CIRCLE('generated circle',#1591,2.8) ;
#1601=CIRCLE('generated circle',#1600,2.8) ;
#1677=CIRCLE('generated circle',#1676,2.8) ;
#1696=CIRCLE('generated circle',#1695,2.8) ;
#1713=CIRCLE('generated circle',#1712,2.933) ;
#1739=CIRCLE('generated circle',#1738,2.933) ;
#1786=CIRCLE('generated circle',#1785,7.75) ;
#1814=CIRCLE('generated circle',#1813,7.75) ;
#1870=CIRCLE('generated circle',#1869,7.75) ;
#1922=CIRCLE('generated circle',#1921,2.933) ;
#1931=CIRCLE('generated circle',#1930,2.933) ;
#1940=CIRCLE('generated circle',#1939,2.933) ;
#1949=CIRCLE('generated circle',#1948,2.933) ;
#1958=CIRCLE('generated circle',#1957,2.933) ;
#1967=CIRCLE('generated circle',#1966,2.933) ;
#1976=CIRCLE('generated circle',#1975,2.933) ;
#1985=CIRCLE('generated circle',#1984,2.933) ;
#1994=CIRCLE('generated circle',#1993,2.933) ;
#2003=CIRCLE('generated circle',#2002,2.933) ;
#2025=CIRCLE('generated circle',#2024,2.8) ;
#2044=CIRCLE('generated circle',#2043,2.8) ;
#2097=CIRCLE('generated circle',#2096,2.8) ;
#2116=CIRCLE('generated circle',#2115,2.8) ;
#2169=CIRCLE('generated circle',#2168,2.8) ;
#2188=CIRCLE('generated circle',#2187,2.8) ;
#2241=CIRCLE('generated circle',#2240,2.8) ;
#2260=CIRCLE('generated circle',#2259,2.8) ;
#2313=CIRCLE('generated circle',#2312,2.8) ;
#2332=CIRCLE('generated circle',#2331,2.8) ;
#2433=CIRCLE('generated circle',#2432,7.75) ;
#2524=CIRCLE('generated circle',#2523,7.75) ;
#2706=CIRCLE('generated circle',#2705,7.75) ;
#2830=CIRCLE('generated circle',#2829,9.) ;
#2878=CIRCLE('generated circle',#2877,9.) ;
#1709=CONICAL_SURFACE('Cone',#1708,2.8,0.785398163397) ;
#2057=CONICAL_SURFACE('Cone',#2056,2.8,0.785398163397) ;
#2129=CONICAL_SURFACE('Cone',#2128,2.8,0.785398163397) ;
#2201=CONICAL_SURFACE('Cone',#2200,2.8,0.785398163397) ;
#2273=CONICAL_SURFACE('Cone',#2272,2.8,0.785398163397) ;
#2345=CONICAL_SURFACE('Cone',#2344,2.8,0.785398163397) ;
#2947=SHAPE_REPRESENTATION_RELATIONSHIP(' ',' ',#49,#2946) ;
#811=CYLINDRICAL_SURFACE('generated cylinder',#810,0.567546226007) ;
#949=CYLINDRICAL_SURFACE('generated cylinder',#948,1.18245377399) ;
#1021=CYLINDRICAL_SURFACE('generated cylinder',#1020,1.18245377399) ;
#1045=CYLINDRICAL_SURFACE('generated cylinder',#1044,0.567546226007) ;
#1666=CYLINDRICAL_SURFACE('generated cylinder',#1665,2.8) ;
#2014=CYLINDRICAL_SURFACE('generated cylinder',#2013,2.8) ;
#2086=CYLINDRICAL_SURFACE('generated cylinder',#2085,2.8) ;
#2158=CYLINDRICAL_SURFACE('generated cylinder',#2157,2.8) ;
#2230=CYLINDRICAL_SURFACE('generated cylinder',#2229,2.8) ;
#2302=CYLINDRICAL_SURFACE('generated cylinder',#2301,2.8) ;
#2429=CYLINDRICAL_SURFACE('generated cylinder',#2428,7.75) ;
#2702=CYLINDRICAL_SURFACE('generated cylinder',#2701,7.75) ;
#2819=CYLINDRICAL_SURFACE('generated cylinder',#2818,9.) ;
#2874=CYLINDRICAL_SURFACE('generated cylinder',#2873,9.) ;
#3=DESIGN_CONTEXT(' ',#1,'design') ;
#65=EDGE_CURVE('',#62,#64,#60,.T.) ;
#72=EDGE_CURVE('',#62,#71,#69,.F.) ;
#79=EDGE_CURVE('',#71,#78,#76,.T.) ;
#84=EDGE_CURVE('',#64,#78,#83,.F.) ;
#103=EDGE_CURVE('',#78,#102,#100,.F.) ;
#110=EDGE_CURVE('',#102,#109,#107,.F.) ;
#115=EDGE_CURVE('',#109,#64,#114,.F.) ;
#134=EDGE_CURVE('',#71,#133,#131,.F.) ;
#139=EDGE_CURVE('',#133,#102,#138,.T.) ;
#158=EDGE_CURVE('',#157,#109,#155,.T.) ;
#163=EDGE_CURVE('',#157,#62,#162,.F.) ;
#180=EDGE_CURVE('',#133,#157,#179,.F.) ;
#201=EDGE_CURVE('',#198,#200,#196,.T.) ;
#208=EDGE_CURVE('',#198,#207,#205,.F.) ;
#215=EDGE_CURVE('',#207,#214,#212,.T.) ;
#220=EDGE_CURVE('',#200,#214,#219,.F.) ;
#234=EDGE_CURVE('',#214,#233,#231,.F.) ;
#241=EDGE_CURVE('',#233,#240,#238,.F.) ;
#248=EDGE_CURVE('',#240,#247,#245,.F.) ;
#255=EDGE_CURVE('',#247,#254,#252,.F.) ;
#262=EDGE_CURVE('',#254,#261,#259,.F.) ;
#269=EDGE_CURVE('',#261,#268,#266,.F.) ;
#276=EDGE_CURVE('',#268,#275,#273,.F.) ;
#283=EDGE_CURVE('',#275,#282,#280,.F.) ;
#290=EDGE_CURVE('',#282,#289,#287,.F.) ;
#297=EDGE_CURVE('',#289,#296,#294,.F.) ;
#302=EDGE_CURVE('',#296,#200,#301,.F.) ;
#329=EDGE_CURVE('',#207,#328,#326,.F.) ;
#334=EDGE_CURVE('',#328,#233,#333,.T.) ;
#353=EDGE_CURVE('',#352,#296,#350,.T.) ;
#358=EDGE_CURVE('',#352,#198,#357,.F.) ;
#372=EDGE_CURVE('',#328,#371,#369,.F.) ;
#377=EDGE_CURVE('',#371,#240,#376,.T.) ;
#396=EDGE_CURVE('',#371,#395,#393,.F.) ;
#401=EDGE_CURVE('',#395,#247,#400,.T.) ;
#415=EDGE_CURVE('',#395,#414,#412,.F.) ;
#420=EDGE_CURVE('',#414,#254,#419,.T.) ;
#439=EDGE_CURVE('',#414,#438,#436,.F.) ;
#444=EDGE_CURVE('',#438,#261,#443,.T.) ;
#463=EDGE_CURVE('',#438,#462,#460,.F.) ;
#468=EDGE_CURVE('',#462,#268,#467,.T.) ;
#482=EDGE_CURVE('',#462,#481,#479,.F.) ;
#487=EDGE_CURVE('',#481,#275,#486,.T.) ;
#501=EDGE_CURVE('',#481,#500,#498,.F.) ;
#506=EDGE_CURVE('',#500,#282,#505,.T.) ;
#520=EDGE_CURVE('',#500,#519,#517,.F.) ;
#525=EDGE_CURVE('',#519,#289,#524,.T.) ;
#537=EDGE_CURVE('',#519,#352,#536,.F.) ;
#558=EDGE_CURVE('',#555,#557,#553,.T.) ;
#565=EDGE_CURVE('',#555,#564,#562,.F.) ;
#572=EDGE_CURVE('',#564,#571,#569,.T.) ;
#577=EDGE_CURVE('',#557,#571,#576,.F.) ;
#591=EDGE_CURVE('',#571,#590,#588,.F.) ;
#598=EDGE_CURVE('',#590,#597,#595,.F.) ;
#603=EDGE_CURVE('',#597,#557,#602,.F.) ;
#622=EDGE_CURVE('',#564,#621,#619,.F.) ;
#627=EDGE_CURVE('',#621,#590,#626,.T.) ;
#646=EDGE_CURVE('',#645,#597,#643,.T.) ;
#651=EDGE_CURVE('',#645,#555,#650,.F.) ;
#668=EDGE_CURVE('',#621,#645,#667,.F.) ;
#689=EDGE_CURVE('',#686,#688,#684,.T.) ;
#696=EDGE_CURVE('',#686,#695,#693,.T.) ;
#703=EDGE_CURVE('',#695,#702,#700,.T.) ;
#708=EDGE_CURVE('',#688,#702,#707,.T.) ;
#729=EDGE_CURVE('',#726,#728,#724,.T.) ;
#734=EDGE_CURVE('',#726,#686,#733,.T.) ;
#739=EDGE_CURVE('',#728,#688,#738,.T.) ;
#758=EDGE_CURVE('',#695,#757,#755,.T.) ;
#765=EDGE_CURVE('',#757,#764,#762,.T.) ;
#770=EDGE_CURVE('',#702,#764,#769,.T.) ;
#782=EDGE_CURVE('',#764,#728,#781,.T.) ;
#799=EDGE_CURVE('',#757,#726,#798,.T.) ;
#820=EDGE_CURVE('',#817,#819,#815,.T.) ;
#827=EDGE_CURVE('',#817,#826,#824,.F.) ;
#834=EDGE_CURVE('',#826,#833,#831,.T.) ;
#839=EDGE_CURVE('',#819,#833,#838,.F.) ;
#853=EDGE_CURVE('',#833,#852,#850,.T.) ;
#860=EDGE_CURVE('',#852,#859,#857,.F.) ;
#867=EDGE_CURVE('',#859,#866,#864,.T.) ;
#874=EDGE_CURVE('',#866,#873,#871,.T.) ;
#881=EDGE_CURVE('',#873,#880,#878,.F.) ;
#888=EDGE_CURVE('',#880,#887,#885,.T.) ;
#895=EDGE_CURVE('',#887,#894,#892,.T.) ;
#902=EDGE_CURVE('',#894,#901,#899,.T.) ;
#907=EDGE_CURVE('',#901,#819,#906,.T.) ;
#932=EDGE_CURVE('',#826,#931,#929,.T.) ;
#937=EDGE_CURVE('',#931,#852,#936,.T.) ;
#956=EDGE_CURVE('',#955,#901,#953,.T.) ;
#961=EDGE_CURVE('',#955,#817,#960,.T.) ;
#980=EDGE_CURVE('',#931,#979,#977,.F.) ;
#985=EDGE_CURVE('',#979,#859,#984,.T.) ;
#1004=EDGE_CURVE('',#979,#1003,#1001,.T.) ;
#1009=EDGE_CURVE('',#1003,#866,#1008,.T.) ;
#1028=EDGE_CURVE('',#1003,#1027,#1025,.T.) ;
#1033=EDGE_CURVE('',#1027,#873,#1032,.T.) ;
#1052=EDGE_CURVE('',#1027,#1051,#1049,.F.) ;
#1057=EDGE_CURVE('',#1051,#880,#1056,.T.) ;
#1076=EDGE_CURVE('',#1051,#1075,#1073,.T.) ;
#1081=EDGE_CURVE('',#1075,#887,#1080,.T.) ;
#1100=EDGE_CURVE('',#1075,#1099,#1097,.T.) ;
#1105=EDGE_CURVE('',#1099,#894,#1104,.T.) ;
#1122=EDGE_CURVE('',#1099,#955,#1121,.T.) ;
#1143=EDGE_CURVE('',#1140,#1142,#1138,.T.) ;
#1150=EDGE_CURVE('',#1140,#1149,#1147,.T.) ;
#1157=EDGE_CURVE('',#1149,#1156,#1154,.T.) ;
#1162=EDGE_CURVE('',#1142,#1156,#1161,.T.) ;
#1178=EDGE_CURVE('',#1175,#1177,#1173,.T.) ;
#1183=EDGE_CURVE('',#1175,#1140,#1182,.T.) ;
#1188=EDGE_CURVE('',#1177,#1142,#1187,.T.) ;
#1202=EDGE_CURVE('',#1149,#1201,#1199,.T.) ;
#1209=EDGE_CURVE('',#1201,#1208,#1206,.T.) ;
#1214=EDGE_CURVE('',#1156,#1208,#1213,.T.) ;
#1228=EDGE_CURVE('',#1208,#1227,#1225,.T.) ;
#1235=EDGE_CURVE('',#1227,#1234,#1232,.T.) ;
#1242=EDGE_CURVE('',#1234,#1241,#1239,.T.) ;
#1249=EDGE_CURVE('',#1241,#1248,#1246,.T.) ;
#1255=EDGE_CURVE('',#1248,#1177,#1254,.T.) ;
#1275=EDGE_CURVE('',#1272,#1274,#1270,.T.) ;
#1280=EDGE_CURVE('',#1274,#1272,#1279,.F.) ;
#1300=EDGE_CURVE('',#1299,#1248,#1297,.T.) ;
#1311=EDGE_CURVE('',#1299,#1175,#1301,.T.) ;
#1330=EDGE_CURVE('',#1201,#1329,#1327,.T.) ;
#1335=EDGE_CURVE('',#1329,#1227,#1334,.T.) ;
#1354=EDGE_CURVE('',#1329,#1353,#1351,.T.) ;
#1359=EDGE_CURVE('',#1353,#1234,#1358,.T.) ;
#1373=EDGE_CURVE('',#1353,#1372,#1370,.T.) ;
#1378=EDGE_CURVE('',#1372,#1241,#1377,.T.) ;
#1395=EDGE_CURVE('',#1372,#1299,#1394,.T.) ;
#1417=EDGE_CURVE('',#1416,#1274,#1414,.T.) ;
#1430=EDGE_CURVE('',#1429,#1416,#1418,.T.) ;
#1435=EDGE_CURVE('',#1429,#1272,#1434,.T.) ;
#1447=EDGE_CURVE('',#1416,#1429,#1446,.F.) ;
#1473=EDGE_CURVE('',#1470,#1472,#1468,.T.) ;
#1480=EDGE_CURVE('',#1472,#1479,#1477,.F.) ;
#1487=EDGE_CURVE('',#1479,#1486,#1484,.T.) ;
#1492=EDGE_CURVE('',#1486,#1470,#1491,.F.) ;
#1507=EDGE_CURVE('',#1504,#1506,#1502,.T.) ;
#1512=EDGE_CURVE('',#1506,#1504,#1511,.T.) ;
#1525=EDGE_CURVE('',#1522,#1524,#1520,.T.) ;
#1530=EDGE_CURVE('',#1524,#1522,#1529,.T.) ;
#1543=EDGE_CURVE('',#1540,#1542,#1538,.T.) ;
#1548=EDGE_CURVE('',#1542,#1540,#1547,.T.) ;
#1561=EDGE_CURVE('',#1558,#1560,#1556,.T.) ;
#1566=EDGE_CURVE('',#1560,#1558,#1565,.T.) ;
#1579=EDGE_CURVE('',#1576,#1578,#1574,.T.) ;
#1584=EDGE_CURVE('',#1578,#1576,#1583,.T.) ;
#1597=EDGE_CURVE('',#1594,#1596,#1592,.T.) ;
#1602=EDGE_CURVE('',#1596,#1594,#1601,.T.) ;
#1673=EDGE_CURVE('',#1506,#1672,#1670,.F.) ;
#1680=EDGE_CURVE('',#1679,#1672,#1677,.T.) ;
#1685=EDGE_CURVE('',#1504,#1679,#1684,.F.) ;
#1697=EDGE_CURVE('',#1672,#1679,#1696,.T.) ;
#1718=EDGE_CURVE('',#1715,#1717,#1713,.F.) ;
#1723=EDGE_CURVE('',#1679,#1715,#1722,.T.) ;
#1728=EDGE_CURVE('',#1672,#1717,#1727,.T.) ;
#1740=EDGE_CURVE('',#1717,#1715,#1739,.F.) ;
#1761=EDGE_CURVE('',#1758,#1760,#1756,.F.) ;
#1768=EDGE_CURVE('',#1767,#1758,#1765,.F.) ;
#1775=EDGE_CURVE('',#1774,#1767,#1772,.T.) ;
#1782=EDGE_CURVE('',#1781,#1774,#1779,.F.) ;
#1789=EDGE_CURVE('',#1788,#1781,#1786,.T.) ;
#1796=EDGE_CURVE('',#1795,#1788,#1793,.F.) ;
#1803=EDGE_CURVE('',#1802,#1795,#1800,.F.) ;
#1810=EDGE_CURVE('',#1809,#1802,#1807,.F.) ;
#1817=EDGE_CURVE('',#1816,#1809,#1814,.T.) ;
#1824=EDGE_CURVE('',#1823,#1816,#1821,.F.) ;
#1831=EDGE_CURVE('',#1830,#1823,#1828,.T.) ;
#1838=EDGE_CURVE('',#1837,#1830,#1835,.F.) ;
#1845=EDGE_CURVE('',#1844,#1837,#1842,.F.) ;
#1852=EDGE_CURVE('',#1851,#1844,#1849,.T.) ;
#1859=EDGE_CURVE('',#1858,#1851,#1856,.T.) ;
#1866=EDGE_CURVE('',#1865,#1858,#1863,.T.) ;
#1873=EDGE_CURVE('',#1872,#1865,#1870,.T.) ;
#1880=EDGE_CURVE('',#1879,#1872,#1877,.T.) ;
#1887=EDGE_CURVE('',#1886,#1879,#1884,.F.) ;
#1892=EDGE_CURVE('',#1760,#1886,#1891,.T.) ;
#1927=EDGE_CURVE('',#1924,#1926,#1922,.T.) ;
#1932=EDGE_CURVE('',#1926,#1924,#1931,.T.) ;
#1945=EDGE_CURVE('',#1942,#1944,#1940,.T.) ;
#1950=EDGE_CURVE('',#1944,#1942,#1949,.T.) ;
#1963=EDGE_CURVE('',#1960,#1962,#1958,.T.) ;
#1968=EDGE_CURVE('',#1962,#1960,#1967,.T.) ;
#1981=EDGE_CURVE('',#1978,#1980,#1976,.T.) ;
#1986=EDGE_CURVE('',#1980,#1978,#1985,.T.) ;
#1999=EDGE_CURVE('',#1996,#1998,#1994,.T.) ;
#2004=EDGE_CURVE('',#1998,#1996,#2003,.T.) ;
#2021=EDGE_CURVE('',#1524,#2020,#2018,.F.) ;
#2028=EDGE_CURVE('',#2027,#2020,#2025,.T.) ;
#2033=EDGE_CURVE('',#1522,#2027,#2032,.F.) ;
#2045=EDGE_CURVE('',#2020,#2027,#2044,.T.) ;
#2062=EDGE_CURVE('',#2027,#1926,#2061,.T.) ;
#2067=EDGE_CURVE('',#2020,#1924,#2066,.T.) ;
#2093=EDGE_CURVE('',#1542,#2092,#2090,.F.) ;
#2100=EDGE_CURVE('',#2099,#2092,#2097,.T.) ;
#2105=EDGE_CURVE('',#1540,#2099,#2104,.F.) ;
#2117=EDGE_CURVE('',#2092,#2099,#2116,.T.) ;
#2134=EDGE_CURVE('',#2099,#1944,#2133,.T.) ;
#2139=EDGE_CURVE('',#2092,#1942,#2138,.T.) ;
#2165=EDGE_CURVE('',#1560,#2164,#2162,.F.) ;
#2172=EDGE_CURVE('',#2171,#2164,#2169,.T.) ;
#2177=EDGE_CURVE('',#1558,#2171,#2176,.F.) ;
#2189=EDGE_CURVE('',#2164,#2171,#2188,.T.) ;
#2206=EDGE_CURVE('',#2171,#1962,#2205,.T.) ;
#2211=EDGE_CURVE('',#2164,#1960,#2210,.T.) ;
#2237=EDGE_CURVE('',#1578,#2236,#2234,.F.) ;
#2244=EDGE_CURVE('',#2243,#2236,#2241,.T.) ;
#2249=EDGE_CURVE('',#1576,#2243,#2248,.F.) ;
#2261=EDGE_CURVE('',#2236,#2243,#2260,.T.) ;
#2278=EDGE_CURVE('',#2243,#1980,#2277,.T.) ;
#2283=EDGE_CURVE('',#2236,#1978,#2282,.T.) ;
#2309=EDGE_CURVE('',#1596,#2308,#2306,.F.) ;
#2316=EDGE_CURVE('',#2315,#2308,#2313,.T.) ;
#2321=EDGE_CURVE('',#1594,#2315,#2320,.F.) ;
#2333=EDGE_CURVE('',#2308,#2315,#2332,.T.) ;
#2350=EDGE_CURVE('',#2315,#1998,#2349,.T.) ;
#2355=EDGE_CURVE('',#2308,#1996,#2354,.T.) ;
#2381=EDGE_CURVE('',#2380,#1767,#2378,.T.) ;
#2388=EDGE_CURVE('',#2387,#2380,#2385,.T.) ;
#2393=EDGE_CURVE('',#2387,#1774,#2392,.T.) ;
#2412=EDGE_CURVE('',#2411,#2387,#2409,.F.) ;
#2417=EDGE_CURVE('',#2411,#1781,#2416,.T.) ;
#2436=EDGE_CURVE('',#2435,#2411,#2433,.T.) ;
#2441=EDGE_CURVE('',#2435,#1788,#2440,.F.) ;
#2460=EDGE_CURVE('',#2459,#2435,#2457,.F.) ;
#2465=EDGE_CURVE('',#2459,#1795,#2464,.T.) ;
#2484=EDGE_CURVE('',#2483,#2459,#2481,.F.) ;
#2489=EDGE_CURVE('',#2483,#1802,#2488,.T.) ;
#2508=EDGE_CURVE('',#2507,#2483,#2505,.F.) ;
#2513=EDGE_CURVE('',#2507,#1809,#2512,.T.) ;
#2527=EDGE_CURVE('',#2526,#2507,#2524,.T.) ;
#2532=EDGE_CURVE('',#2526,#1816,#2531,.F.) ;
#2546=EDGE_CURVE('',#2545,#2526,#2543,.F.) ;
#2551=EDGE_CURVE('',#2545,#1823,#2550,.T.) ;
#2570=EDGE_CURVE('',#2569,#2545,#2567,.T.) ;
#2575=EDGE_CURVE('',#2569,#1830,#2574,.T.) ;
#2594=EDGE_CURVE('',#2593,#2569,#2591,.F.) ;
#2599=EDGE_CURVE('',#2593,#1837,#2598,.T.) ;
#2618=EDGE_CURVE('',#2617,#2593,#2615,.F.) ;
#2623=EDGE_CURVE('',#2617,#1844,#2622,.T.) ;
#2642=EDGE_CURVE('',#2641,#2617,#2639,.T.) ;
#2647=EDGE_CURVE('',#2641,#1851,#2646,.T.) ;
#2661=EDGE_CURVE('',#2660,#2641,#2658,.T.) ;
#2666=EDGE_CURVE('',#2660,#1858,#2665,.T.) ;
#2685=EDGE_CURVE('',#2684,#2660,#2682,.T.) ;
#2690=EDGE_CURVE('',#2684,#1865,#2689,.T.) ;
#2709=EDGE_CURVE('',#2708,#2684,#2706,.T.) ;
#2714=EDGE_CURVE('',#2708,#1872,#2713,.F.) ;
#2728=EDGE_CURVE('',#2727,#2708,#2725,.T.) ;
#2733=EDGE_CURVE('',#2727,#1879,#2732,.T.) ;
#2747=EDGE_CURVE('',#2746,#1758,#2744,.T.) ;
#2752=EDGE_CURVE('',#2380,#2746,#2751,.F.) ;
#2766=EDGE_CURVE('',#2765,#2727,#2763,.F.) ;
#2771=EDGE_CURVE('',#2765,#1886,#2770,.T.) ;
#2785=EDGE_CURVE('',#2784,#1760,#2782,.T.) ;
#2790=EDGE_CURVE('',#2746,#2784,#2789,.F.) ;
#2807=EDGE_CURVE('',#2784,#2765,#2806,.T.) ;
#2826=EDGE_CURVE('',#2825,#1470,#2823,.T.) ;
#2833=EDGE_CURVE('',#2825,#2832,#2830,.T.) ;
#2838=EDGE_CURVE('',#2832,#1472,#2837,.T.) ;
#2857=EDGE_CURVE('',#2832,#2856,#2854,.F.) ;
#2862=EDGE_CURVE('',#2856,#1479,#2861,.T.) ;
#2881=EDGE_CURVE('',#2856,#2880,#2878,.T.) ;
#2886=EDGE_CURVE('',#2880,#1486,#2885,.T.) ;
#2903=EDGE_CURVE('',#2880,#2825,#2902,.F.) ;
#85=EDGE_LOOP('',(#86,#87,#88,#89)) ;
#116=EDGE_LOOP('',(#117,#118,#119,#120)) ;
#140=EDGE_LOOP('',(#141,#142,#143,#144)) ;
#164=EDGE_LOOP('',(#165,#166,#167,#168)) ;
#181=EDGE_LOOP('',(#182,#183,#184,#185)) ;
#221=EDGE_LOOP('',(#222,#223,#224,#225)) ;
#303=EDGE_LOOP('',(#304,#305,#306,#307,#308,#309,#310,#311,#312,#313,#314,#315)) ;
#335=EDGE_LOOP('',(#336,#337,#338,#339)) ;
#359=EDGE_LOOP('',(#360,#361,#362,#363)) ;
#378=EDGE_LOOP('',(#379,#380,#381,#382)) ;
#402=EDGE_LOOP('',(#403,#404,#405,#406)) ;
#421=EDGE_LOOP('',(#422,#423,#424,#425)) ;
#445=EDGE_LOOP('',(#446,#447,#448,#449)) ;
#469=EDGE_LOOP('',(#470,#471,#472,#473)) ;
#488=EDGE_LOOP('',(#489,#490,#491,#492)) ;
#507=EDGE_LOOP('',(#508,#509,#510,#511)) ;
#526=EDGE_LOOP('',(#527,#528,#529,#530)) ;
#538=EDGE_LOOP('',(#539,#540,#541,#542)) ;
#578=EDGE_LOOP('',(#579,#580,#581,#582)) ;
#604=EDGE_LOOP('',(#605,#606,#607,#608)) ;
#628=EDGE_LOOP('',(#629,#630,#631,#632)) ;
#652=EDGE_LOOP('',(#653,#654,#655,#656)) ;
#669=EDGE_LOOP('',(#670,#671,#672,#673)) ;
#709=EDGE_LOOP('',(#710,#711,#712,#713)) ;
#740=EDGE_LOOP('',(#741,#742,#743,#744)) ;
#771=EDGE_LOOP('',(#772,#773,#774,#775)) ;
#783=EDGE_LOOP('',(#784,#785,#786,#787)) ;
#800=EDGE_LOOP('',(#801,#802,#803,#804)) ;
#840=EDGE_LOOP('',(#841,#842,#843,#844)) ;
#908=EDGE_LOOP('',(#909,#910,#911,#912,#913,#914,#915,#916,#917,#918)) ;
#938=EDGE_LOOP('',(#939,#940,#941,#942)) ;
#962=EDGE_LOOP('',(#963,#964,#965,#966)) ;
#986=EDGE_LOOP('',(#987,#988,#989,#990)) ;
#1010=EDGE_LOOP('',(#1011,#1012,#1013,#1014)) ;
#1034=EDGE_LOOP('',(#1035,#1036,#1037,#1038)) ;
#1058=EDGE_LOOP('',(#1059,#1060,#1061,#1062)) ;
#1082=EDGE_LOOP('',(#1083,#1084,#1085,#1086)) ;
#1106=EDGE_LOOP('',(#1107,#1108,#1109,#1110)) ;
#1123=EDGE_LOOP('',(#1124,#1125,#1126,#1127)) ;
#1163=EDGE_LOOP('',(#1164,#1165,#1166,#1167)) ;
#1189=EDGE_LOOP('',(#1190,#1191,#1192,#1193)) ;
#1215=EDGE_LOOP('',(#1216,#1217,#1218,#1219)) ;
#1256=EDGE_LOOP('',(#1257,#1258,#1259,#1260,#1261,#1262,#1263,#1264)) ;
#1281=EDGE_LOOP('',(#1282,#1283)) ;
#1312=EDGE_LOOP('',(#1313,#1314,#1315,#1316)) ;
#1336=EDGE_LOOP('',(#1337,#1338,#1339,#1340)) ;
#1360=EDGE_LOOP('',(#1361,#1362,#1363,#1364)) ;
#1379=EDGE_LOOP('',(#1380,#1381,#1382,#1383)) ;
#1396=EDGE_LOOP('',(#1397,#1398,#1399,#1400)) ;
#1436=EDGE_LOOP('',(#1437,#1438,#1439,#1440)) ;
#1448=EDGE_LOOP('',(#1449,#1450,#1451,#1452)) ;
#1460=EDGE_LOOP('',(#1461,#1462)) ;
#1493=EDGE_LOOP('',(#1494,#1495,#1496,#1497)) ;
#1513=EDGE_LOOP('',(#1514,#1515)) ;
#1531=EDGE_LOOP('',(#1532,#1533)) ;
#1549=EDGE_LOOP('',(#1550,#1551)) ;
#1567=EDGE_LOOP('',(#1568,#1569)) ;
#1585=EDGE_LOOP('',(#1586,#1587)) ;
#1603=EDGE_LOOP('',(#1604,#1605)) ;
#1607=EDGE_LOOP('',(#1608,#1609,#1610,#1611)) ;
#1613=EDGE_LOOP('',(#1614,#1615,#1616,#1617,#1618,#1619,#1620,#1621,#1622,#1623,#1624,#1625)) ;
#1627=EDGE_LOOP('',(#1628,#1629,#1630,#1631)) ;
#1633=EDGE_LOOP('',(#1634,#1635,#1636,#1637)) ;
#1639=EDGE_LOOP('',(#1640,#1641,#1642,#1643,#1644,#1645,#1646,#1647,#1648,#1649)) ;
#1651=EDGE_LOOP('',(#1652,#1653,#1654,#1655,#1656,#1657,#1658,#1659)) ;
#1686=EDGE_LOOP('',(#1687,#1688,#1689,#1690)) ;
#1698=EDGE_LOOP('',(#1699,#1700,#1701,#1702)) ;
#1729=EDGE_LOOP('',(#1730,#1731,#1732,#1733)) ;
#1741=EDGE_LOOP('',(#1742,#1743,#1744,#1745)) ;
#1893=EDGE_LOOP('',(#1894,#1895,#1896,#1897,#1898,#1899,#1900,#1901,#1902,#1903,#1904,#1905,#1906,#1907,#1908,#1909,#1910,#1911,#1912,#1913)) ;
#1915=EDGE_LOOP('',(#1916,#1917)) ;
#1933=EDGE_LOOP('',(#1934,#1935)) ;
#1951=EDGE_LOOP('',(#1952,#1953)) ;
#1969=EDGE_LOOP('',(#1970,#1971)) ;
#1987=EDGE_LOOP('',(#1988,#1989)) ;
#2005=EDGE_LOOP('',(#2006,#2007)) ;
#2034=EDGE_LOOP('',(#2035,#2036,#2037,#2038)) ;
#2046=EDGE_LOOP('',(#2047,#2048,#2049,#2050)) ;
#2068=EDGE_LOOP('',(#2069,#2070,#2071,#2072)) ;
#2075=EDGE_LOOP('',(#2076,#2077,#2078,#2079)) ;
#2106=EDGE_LOOP('',(#2107,#2108,#2109,#2110)) ;
#2118=EDGE_LOOP('',(#2119,#2120,#2121,#2122)) ;
#2140=EDGE_LOOP('',(#2141,#2142,#2143,#2144)) ;
#2147=EDGE_LOOP('',(#2148,#2149,#2150,#2151)) ;
#2178=EDGE_LOOP('',(#2179,#2180,#2181,#2182)) ;
#2190=EDGE_LOOP('',(#2191,#2192,#2193,#2194)) ;
#2212=EDGE_LOOP('',(#2213,#2214,#2215,#2216)) ;
#2219=EDGE_LOOP('',(#2220,#2221,#2222,#2223)) ;
#2250=EDGE_LOOP('',(#2251,#2252,#2253,#2254)) ;
#2262=EDGE_LOOP('',(#2263,#2264,#2265,#2266)) ;
#2284=EDGE_LOOP('',(#2285,#2286,#2287,#2288)) ;
#2291=EDGE_LOOP('',(#2292,#2293,#2294,#2295)) ;
#2322=EDGE_LOOP('',(#2323,#2324,#2325,#2326)) ;
#2334=EDGE_LOOP('',(#2335,#2336,#2337,#2338)) ;
#2356=EDGE_LOOP('',(#2357,#2358,#2359,#2360)) ;
#2363=EDGE_LOOP('',(#2364,#2365,#2366,#2367)) ;
#2394=EDGE_LOOP('',(#2395,#2396,#2397,#2398)) ;
#2418=EDGE_LOOP('',(#2419,#2420,#2421,#2422)) ;
#2442=EDGE_LOOP('',(#2443,#2444,#2445,#2446)) ;
#2466=EDGE_LOOP('',(#2467,#2468,#2469,#2470)) ;
#2490=EDGE_LOOP('',(#2491,#2492,#2493,#2494)) ;
#2514=EDGE_LOOP('',(#2515,#2516,#2517,#2518)) ;
#2533=EDGE_LOOP('',(#2534,#2535,#2536,#2537)) ;
#2552=EDGE_LOOP('',(#2553,#2554,#2555,#2556)) ;
#2576=EDGE_LOOP('',(#2577,#2578,#2579,#2580)) ;
#2600=EDGE_LOOP('',(#2601,#2602,#2603,#2604)) ;
#2624=EDGE_LOOP('',(#2625,#2626,#2627,#2628)) ;
#2648=EDGE_LOOP('',(#2649,#2650,#2651,#2652)) ;
#2667=EDGE_LOOP('',(#2668,#2669,#2670,#2671)) ;
#2691=EDGE_LOOP('',(#2692,#2693,#2694,#2695)) ;
#2715=EDGE_LOOP('',(#2716,#2717,#2718,#2719)) ;
#2734=EDGE_LOOP('',(#2735,#2736,#2737,#2738)) ;
#2753=EDGE_LOOP('',(#2754,#2755,#2756,#2757)) ;
#2772=EDGE_LOOP('',(#2773,#2774,#2775,#2776)) ;
#2791=EDGE_LOOP('',(#2792,#2793,#2794,#2795)) ;
#2808=EDGE_LOOP('',(#2809,#2810,#2811,#2812)) ;
#2839=EDGE_LOOP('',(#2840,#2841,#2842,#2843)) ;
#2863=EDGE_LOOP('',(#2864,#2865,#2866,#2867)) ;
#2887=EDGE_LOOP('',(#2888,#2889,#2890,#2891)) ;
#2904=EDGE_LOOP('',(#2905,#2906,#2907,#2908)) ;
#2916=EDGE_LOOP('',(#2917,#2918,#2919,#2920)) ;
#2922=EDGE_LOOP('',(#2923,#2924,#2925,#2926,#2927,#2928,#2929,#2930,#2931,#2932,#2933,#2934,#2935,#2936,#2937,#2938,#2939,#2940,#2941,#2942)) ;
#1254=ELLIPSE('Ellipse',#1253,2.25148337273,1.12502618884) ;
#1270=ELLIPSE('Ellipse',#1269,1.44583033119,0.5) ;
#1290=ELLIPSE('Ellipse',#1289,2.25148337273,1.12502618884) ;
#1407=ELLIPSE('Ellipse',#1406,1.44583033119,0.5) ;
#90=FACE_OUTER_BOUND('',#85,.T.) ;
#121=FACE_OUTER_BOUND('',#116,.T.) ;
#145=FACE_OUTER_BOUND('',#140,.T.) ;
#169=FACE_OUTER_BOUND('',#164,.T.) ;
#186=FACE_OUTER_BOUND('',#181,.T.) ;
#226=FACE_OUTER_BOUND('',#221,.T.) ;
#316=FACE_OUTER_BOUND('',#303,.T.) ;
#340=FACE_OUTER_BOUND('',#335,.T.) ;
#364=FACE_OUTER_BOUND('',#359,.T.) ;
#383=FACE_OUTER_BOUND('',#378,.T.) ;
#407=FACE_OUTER_BOUND('',#402,.T.) ;
#426=FACE_OUTER_BOUND('',#421,.T.) ;
#450=FACE_OUTER_BOUND('',#445,.T.) ;
#474=FACE_OUTER_BOUND('',#469,.T.) ;
#493=FACE_OUTER_BOUND('',#488,.T.) ;
#512=FACE_OUTER_BOUND('',#507,.T.) ;
#531=FACE_OUTER_BOUND('',#526,.T.) ;
#543=FACE_OUTER_BOUND('',#538,.T.) ;
#583=FACE_OUTER_BOUND('',#578,.T.) ;
#609=FACE_OUTER_BOUND('',#604,.T.) ;
#633=FACE_OUTER_BOUND('',#628,.T.) ;
#657=FACE_OUTER_BOUND('',#652,.T.) ;
#674=FACE_OUTER_BOUND('',#669,.T.) ;
#714=FACE_OUTER_BOUND('',#709,.T.) ;
#745=FACE_OUTER_BOUND('',#740,.T.) ;
#776=FACE_OUTER_BOUND('',#771,.T.) ;
#788=FACE_OUTER_BOUND('',#783,.T.) ;
#805=FACE_OUTER_BOUND('',#800,.T.) ;
#845=FACE_OUTER_BOUND('',#840,.T.) ;
#919=FACE_OUTER_BOUND('',#908,.T.) ;
#943=FACE_OUTER_BOUND('',#938,.T.) ;
#967=FACE_OUTER_BOUND('',#962,.T.) ;
#991=FACE_OUTER_BOUND('',#986,.T.) ;
#1015=FACE_OUTER_BOUND('',#1010,.T.) ;
#1039=FACE_OUTER_BOUND('',#1034,.T.) ;
#1063=FACE_OUTER_BOUND('',#1058,.T.) ;
#1087=FACE_OUTER_BOUND('',#1082,.T.) ;
#1111=FACE_OUTER_BOUND('',#1106,.T.) ;
#1128=FACE_OUTER_BOUND('',#1123,.T.) ;
#1168=FACE_OUTER_BOUND('',#1163,.T.) ;
#1194=FACE_OUTER_BOUND('',#1189,.T.) ;
#1220=FACE_OUTER_BOUND('',#1215,.T.) ;
#1265=FACE_OUTER_BOUND('',#1256,.T.) ;
#1317=FACE_OUTER_BOUND('',#1312,.T.) ;
#1341=FACE_OUTER_BOUND('',#1336,.T.) ;
#1365=FACE_OUTER_BOUND('',#1360,.T.) ;
#1384=FACE_OUTER_BOUND('',#1379,.T.) ;
#1401=FACE_OUTER_BOUND('',#1396,.T.) ;
#1441=FACE_OUTER_BOUND('',#1436,.T.) ;
#1453=FACE_OUTER_BOUND('',#1448,.T.) ;
#1463=FACE_OUTER_BOUND('',#1460,.T.) ;
#1498=FACE_OUTER_BOUND('',#1493,.T.) ;
#1691=FACE_OUTER_BOUND('',#1686,.T.) ;
#1703=FACE_OUTER_BOUND('',#1698,.T.) ;
#1734=FACE_OUTER_BOUND('',#1729,.T.) ;
#1746=FACE_OUTER_BOUND('',#1741,.T.) ;
#1914=FACE_OUTER_BOUND('',#1893,.T.) ;
#2039=FACE_OUTER_BOUND('',#2034,.T.) ;
#2051=FACE_OUTER_BOUND('',#2046,.T.) ;
#2073=FACE_OUTER_BOUND('',#2068,.T.) ;
#2080=FACE_OUTER_BOUND('',#2075,.T.) ;
#2111=FACE_OUTER_BOUND('',#2106,.T.) ;
#2123=FACE_OUTER_BOUND('',#2118,.T.) ;
#2145=FACE_OUTER_BOUND('',#2140,.T.) ;
#2152=FACE_OUTER_BOUND('',#2147,.T.) ;
#2183=FACE_OUTER_BOUND('',#2178,.T.) ;
#2195=FACE_OUTER_BOUND('',#2190,.T.) ;
#2217=FACE_OUTER_BOUND('',#2212,.T.) ;
#2224=FACE_OUTER_BOUND('',#2219,.T.) ;
#2255=FACE_OUTER_BOUND('',#2250,.T.) ;
#2267=FACE_OUTER_BOUND('',#2262,.T.) ;
#2289=FACE_OUTER_BOUND('',#2284,.T.) ;
#2296=FACE_OUTER_BOUND('',#2291,.T.) ;
#2327=FACE_OUTER_BOUND('',#2322,.T.) ;
#2339=FACE_OUTER_BOUND('',#2334,.T.) ;
#2361=FACE_OUTER_BOUND('',#2356,.T.) ;
#2368=FACE_OUTER_BOUND('',#2363,.T.) ;
#2399=FACE_OUTER_BOUND('',#2394,.T.) ;
#2423=FACE_OUTER_BOUND('',#2418,.T.) ;
#2447=FACE_OUTER_BOUND('',#2442,.T.) ;
#2471=FACE_OUTER_BOUND('',#2466,.T.) ;
#2495=FACE_OUTER_BOUND('',#2490,.T.) ;
#2519=FACE_OUTER_BOUND('',#2514,.T.) ;
#2538=FACE_OUTER_BOUND('',#2533,.T.) ;
#2557=FACE_OUTER_BOUND('',#2552,.T.) ;
#2581=FACE_OUTER_BOUND('',#2576,.T.) ;
#2605=FACE_OUTER_BOUND('',#2600,.T.) ;
#2629=FACE_OUTER_BOUND('',#2624,.T.) ;
#2653=FACE_OUTER_BOUND('',#2648,.T.) ;
#2672=FACE_OUTER_BOUND('',#2667,.T.) ;
#2696=FACE_OUTER_BOUND('',#2691,.T.) ;
#2720=FACE_OUTER_BOUND('',#2715,.T.) ;
#2739=FACE_OUTER_BOUND('',#2734,.T.) ;
#2758=FACE_OUTER_BOUND('',#2753,.T.) ;
#2777=FACE_OUTER_BOUND('',#2772,.T.) ;
#2796=FACE_OUTER_BOUND('',#2791,.T.) ;
#2813=FACE_OUTER_BOUND('',#2808,.T.) ;
#2844=FACE_OUTER_BOUND('',#2839,.T.) ;
#2868=FACE_OUTER_BOUND('',#2863,.T.) ;
#2892=FACE_OUTER_BOUND('',#2887,.T.) ;
#2909=FACE_OUTER_BOUND('',#2904,.T.) ;
#2921=FACE_OUTER_BOUND('',#2916,.T.) ;
#45=UNCERTAINTY_MEASURE_WITH_UNIT(LENGTH_MEASURE(0.005),#41,'distance_accuracy_value','CONFUSED CURVE UNCERTAINTY') ;
#60=LINE('Line',#57,#59) ;
#69=LINE('Line',#66,#68) ;
#76=LINE('Line',#73,#75) ;
#83=LINE('Line',#80,#82) ;
#100=LINE('Line',#97,#99) ;
#107=LINE('Line',#104,#106) ;
#114=LINE('Line',#111,#113) ;
#131=LINE('Line',#128,#130) ;
#138=LINE('Line',#135,#137) ;
#155=LINE('Line',#152,#154) ;
#162=LINE('Line',#159,#161) ;
#179=LINE('Line',#176,#178) ;
#196=LINE('Line',#193,#195) ;
#205=LINE('Line',#202,#204) ;
#212=LINE('Line',#209,#211) ;
#219=LINE('Line',#216,#218) ;
#231=LINE('Line',#228,#230) ;
#238=LINE('Line',#235,#237) ;
#245=LINE('Line',#242,#244) ;
#252=LINE('Line',#249,#251) ;
#259=LINE('Line',#256,#258) ;
#266=LINE('Line',#263,#265) ;
#273=LINE('Line',#270,#272) ;
#280=LINE('Line',#277,#279) ;
#287=LINE('Line',#284,#286) ;
#294=LINE('Line',#291,#293) ;
#301=LINE('Line',#298,#300) ;
#326=LINE('Line',#323,#325) ;
#333=LINE('Line',#330,#332) ;
#350=LINE('Line',#347,#349) ;
#357=LINE('Line',#354,#356) ;
#369=LINE('Line',#366,#368) ;
#376=LINE('Line',#373,#375) ;
#393=LINE('Line',#390,#392) ;
#400=LINE('Line',#397,#399) ;
#412=LINE('Line',#409,#411) ;
#419=LINE('Line',#416,#418) ;
#436=LINE('Line',#433,#435) ;
#443=LINE('Line',#440,#442) ;
#460=LINE('Line',#457,#459) ;
#467=LINE('Line',#464,#466) ;
#479=LINE('Line',#476,#478) ;
#486=LINE('Line',#483,#485) ;
#498=LINE('Line',#495,#497) ;
#505=LINE('Line',#502,#504) ;
#517=LINE('Line',#514,#516) ;
#524=LINE('Line',#521,#523) ;
#536=LINE('Line',#533,#535) ;
#553=LINE('Line',#550,#552) ;
#562=LINE('Line',#559,#561) ;
#569=LINE('Line',#566,#568) ;
#576=LINE('Line',#573,#575) ;
#588=LINE('Line',#585,#587) ;
#595=LINE('Line',#592,#594) ;
#602=LINE('Line',#599,#601) ;
#619=LINE('Line',#616,#618) ;
#626=LINE('Line',#623,#625) ;
#643=LINE('Line',#640,#642) ;
#650=LINE('Line',#647,#649) ;
#667=LINE('Line',#664,#666) ;
#684=LINE('Line',#681,#683) ;
#693=LINE('Line',#690,#692) ;
#700=LINE('Line',#697,#699) ;
#707=LINE('Line',#704,#706) ;
#724=LINE('Line',#721,#723) ;
#733=LINE('Line',#730,#732) ;
#738=LINE('Line',#735,#737) ;
#755=LINE('Line',#752,#754) ;
#762=LINE('Line',#759,#761) ;
#769=LINE('Line',#766,#768) ;
#781=LINE('Line',#778,#780) ;
#798=LINE('Line',#795,#797) ;
#815=LINE('Line',#812,#814) ;
#831=LINE('Line',#828,#830) ;
#850=LINE('Line',#847,#849) ;
#857=LINE('Line',#854,#856) ;
#864=LINE('Line',#861,#863) ;
#885=LINE('Line',#882,#884) ;
#892=LINE('Line',#889,#891) ;
#899=LINE('Line',#896,#898) ;
#929=LINE('Line',#926,#928) ;
#936=LINE('Line',#933,#935) ;
#953=LINE('Line',#950,#952) ;
#977=LINE('Line',#974,#976) ;
#984=LINE('Line',#981,#983) ;
#1001=LINE('Line',#998,#1000) ;
#1008=LINE('Line',#1005,#1007) ;
#1032=LINE('Line',#1029,#1031) ;
#1056=LINE('Line',#1053,#1055) ;
#1073=LINE('Line',#1070,#1072) ;
#1080=LINE('Line',#1077,#1079) ;
#1097=LINE('Line',#1094,#1096) ;
#1104=LINE('Line',#1101,#1103) ;
#1121=LINE('Line',#1118,#1120) ;
#1138=LINE('Line',#1135,#1137) ;
#1147=LINE('Line',#1144,#1146) ;
#1154=LINE('Line',#1151,#1153) ;
#1161=LINE('Line',#1158,#1160) ;
#1173=LINE('Line',#1170,#1172) ;
#1182=LINE('Line',#1179,#1181) ;
#1187=LINE('Line',#1184,#1186) ;
#1199=LINE('Line',#1196,#1198) ;
#1206=LINE('Line',#1203,#1205) ;
#1213=LINE('Line',#1210,#1212) ;
#1225=LINE('Line',#1222,#1224) ;
#1232=LINE('Line',#1229,#1231) ;
#1239=LINE('Line',#1236,#1238) ;
#1246=LINE('Line',#1243,#1245) ;
#1279=LINE('Line',#1276,#1278) ;
#1297=LINE('Line',#1294,#1296) ;
#1327=LINE('Line',#1324,#1326) ;
#1334=LINE('Line',#1331,#1333) ;
#1351=LINE('Line',#1348,#1350) ;
#1358=LINE('Line',#1355,#1357) ;
#1370=LINE('Line',#1367,#1369) ;
#1377=LINE('Line',#1374,#1376) ;
#1394=LINE('Line',#1391,#1393) ;
#1414=LINE('Line',#1411,#1413) ;
#1434=LINE('Line',#1431,#1433) ;
#1446=LINE('Line',#1443,#1445) ;
#1477=LINE('Line',#1474,#1476) ;
#1491=LINE('Line',#1488,#1490) ;
#1670=LINE('Line',#1667,#1669) ;
#1684=LINE('Line',#1681,#1683) ;
#1722=LINE('Line',#1719,#1721) ;
#1727=LINE('Line',#1724,#1726) ;
#1756=LINE('Line',#1753,#1755) ;
#1765=LINE('Line',#1762,#1764) ;
#1772=LINE('Line',#1769,#1771) ;
#1779=LINE('Line',#1776,#1778) ;
#1793=LINE('Line',#1790,#1792) ;
#1800=LINE('Line',#1797,#1799) ;
#1807=LINE('Line',#1804,#1806) ;
#1821=LINE('Line',#1818,#1820) ;
#1828=LINE('Line',#1825,#1827) ;
#1835=LINE('Line',#1832,#1834) ;
#1842=LINE('Line',#1839,#1841) ;
#1849=LINE('Line',#1846,#1848) ;
#1856=LINE('Line',#1853,#1855) ;
#1863=LINE('Line',#1860,#1862) ;
#1877=LINE('Line',#1874,#1876) ;
#1884=LINE('Line',#1881,#1883) ;
#1891=LINE('Line',#1888,#1890) ;
#2018=LINE('Line',#2015,#2017) ;
#2032=LINE('Line',#2029,#2031) ;
#2061=LINE('Line',#2058,#2060) ;
#2066=LINE('Line',#2063,#2065) ;
#2090=LINE('Line',#2087,#2089) ;
#2104=LINE('Line',#2101,#2103) ;
#2133=LINE('Line',#2130,#2132) ;
#2138=LINE('Line',#2135,#2137) ;
#2162=LINE('Line',#2159,#2161) ;
#2176=LINE('Line',#2173,#2175) ;
#2205=LINE('Line',#2202,#2204) ;
#2210=LINE('Line',#2207,#2209) ;
#2234=LINE('Line',#2231,#2233) ;
#2248=LINE('Line',#2245,#2247) ;
#2277=LINE('Line',#2274,#2276) ;
#2282=LINE('Line',#2279,#2281) ;
#2306=LINE('Line',#2303,#2305) ;
#2320=LINE('Line',#2317,#2319) ;
#2349=LINE('Line',#2346,#2348) ;
#2354=LINE('Line',#2351,#2353) ;
#2378=LINE('Line',#2375,#2377) ;
#2385=LINE('Line',#2382,#2384) ;
#2392=LINE('Line',#2389,#2391) ;
#2409=LINE('Line',#2406,#2408) ;
#2416=LINE('Line',#2413,#2415) ;
#2440=LINE('Line',#2437,#2439) ;
#2457=LINE('Line',#2454,#2456) ;
#2464=LINE('Line',#2461,#2463) ;
#2481=LINE('Line',#2478,#2480) ;
#2488=LINE('Line',#2485,#2487) ;
#2505=LINE('Line',#2502,#2504) ;
#2512=LINE('Line',#2509,#2511) ;
#2531=LINE('Line',#2528,#2530) ;
#2543=LINE('Line',#2540,#2542) ;
#2550=LINE('Line',#2547,#2549) ;
#2567=LINE('Line',#2564,#2566) ;
#2574=LINE('Line',#2571,#2573) ;
#2591=LINE('Line',#2588,#2590) ;
#2598=LINE('Line',#2595,#2597) ;
#2615=LINE('Line',#2612,#2614) ;
#2622=LINE('Line',#2619,#2621) ;
#2639=LINE('Line',#2636,#2638) ;
#2646=LINE('Line',#2643,#2645) ;
#2658=LINE('Line',#2655,#2657) ;
#2665=LINE('Line',#2662,#2664) ;
#2682=LINE('Line',#2679,#2681) ;
#2689=LINE('Line',#2686,#2688) ;
#2713=LINE('Line',#2710,#2712) ;
#2725=LINE('Line',#2722,#2724) ;
#2732=LINE('Line',#2729,#2731) ;
#2744=LINE('Line',#2741,#2743) ;
#2751=LINE('Line',#2748,#2750) ;
#2763=LINE('Line',#2760,#2762) ;
#2770=LINE('Line',#2767,#2769) ;
#2782=LINE('Line',#2779,#2781) ;
#2789=LINE('Line',#2786,#2788) ;
#2806=LINE('Line',#2803,#2805) ;
#2823=LINE('Line',#2820,#2822) ;
#2837=LINE('Line',#2834,#2836) ;
#2854=LINE('Line',#2851,#2853) ;
#2861=LINE('Line',#2858,#2860) ;
#2885=LINE('Line',#2882,#2884) ;
#2902=LINE('Line',#2899,#2901) ;
#2=MECHANICAL_CONTEXT(' ',#1,'mechanical') ;
#24=PERSONAL_ADDRESS(' ',' ',' ',' ',' ',' ',' ',' ',' ',' ',' ',' ',(#22),' ') ;
#56=PLANE('Plane',#55) ;
#96=PLANE('Plane',#95) ;
#127=PLANE('Plane',#126) ;
#151=PLANE('Plane',#150) ;
#175=PLANE('Plane',#174) ;
#192=PLANE('Plane',#191) ;
#322=PLANE('Plane',#321) ;
#346=PLANE('Plane',#345) ;
#389=PLANE('Plane',#388) ;
#432=PLANE('Plane',#431) ;
#456=PLANE('Plane',#455) ;
#549=PLANE('Plane',#548) ;
#615=PLANE('Plane',#614) ;
#639=PLANE('Plane',#638) ;
#663=PLANE('Plane',#662) ;
#680=PLANE('Plane',#679) ;
#720=PLANE('Plane',#719) ;
#751=PLANE('Plane',#750) ;
#794=PLANE('Plane',#793) ;
#925=PLANE('Plane',#924) ;
#973=PLANE('Plane',#972) ;
#997=PLANE('Plane',#996) ;
#1069=PLANE('Plane',#1068) ;
#1093=PLANE('Plane',#1092) ;
#1117=PLANE('Plane',#1116) ;
#1134=PLANE('Plane',#1133) ;
#1323=PLANE('Plane',#1322) ;
#1347=PLANE('Plane',#1346) ;
#1390=PLANE('Plane',#1389) ;
#1459=PLANE('Plane',#1458) ;
#1752=PLANE('Plane',#1751) ;
#2374=PLANE('Plane',#2373) ;
#2405=PLANE('Plane',#2404) ;
#2453=PLANE('Plane',#2452) ;
#2477=PLANE('Plane',#2476) ;
#2501=PLANE('Plane',#2500) ;
#2563=PLANE('Plane',#2562) ;
#2587=PLANE('Plane',#2586) ;
#2611=PLANE('Plane',#2610) ;
#2635=PLANE('Plane',#2634) ;
#2678=PLANE('Plane',#2677) ;
#2802=PLANE('Plane',#2801) ;
#2850=PLANE('Plane',#2849) ;
#2898=PLANE('Plane',#2897) ;
#2915=PLANE('Plane',#2914) ;
#43=PLANE_ANGLE_MEASURE_WITH_UNIT(PLANE_ANGLE_MEASURE(0.0174532925199),#42) ;
#7=PRODUCT_CATEGORY('part',$) ;
#9=PRODUCT_CATEGORY_RELATIONSHIP(' ',' ',#7,#8) ;
#6=PRODUCT_DEFINITION_FORMATION_WITH_SPECIFIED_SOURCE('',' ',#5,.NOT_KNOWN.) ;
#8=PRODUCT_RELATED_PRODUCT_CATEGORY('detail',$,(#5)) ;
#50=SHAPE_DEFINITION_REPRESENTATION(#40,#49) ;
#1293=SURFACE_OF_LINEAR_EXTRUSION('generated tabulated cylinder',#1290,#1292) ;
#1410=SURFACE_OF_LINEAR_EXTRUSION('generated tabulated cylinder',#1407,#1409) ;
#62=VERTEX_POINT('',#61) ;
#64=VERTEX_POINT('',#63) ;
#71=VERTEX_POINT('',#70) ;
#78=VERTEX_POINT('',#77) ;
#102=VERTEX_POINT('',#101) ;
#109=VERTEX_POINT('',#108) ;
#133=VERTEX_POINT('',#132) ;
#157=VERTEX_POINT('',#156) ;
#198=VERTEX_POINT('',#197) ;
#200=VERTEX_POINT('',#199) ;
#207=VERTEX_POINT('',#206) ;
#214=VERTEX_POINT('',#213) ;
#233=VERTEX_POINT('',#232) ;
#240=VERTEX_POINT('',#239) ;
#247=VERTEX_POINT('',#246) ;
#254=VERTEX_POINT('',#253) ;
#261=VERTEX_POINT('',#260) ;
#268=VERTEX_POINT('',#267) ;
#275=VERTEX_POINT('',#274) ;
#282=VERTEX_POINT('',#281) ;
#289=VERTEX_POINT('',#288) ;
#296=VERTEX_POINT('',#295) ;
#328=VERTEX_POINT('',#327) ;
#352=VERTEX_POINT('',#351) ;
#371=VERTEX_POINT('',#370) ;
#395=VERTEX_POINT('',#394) ;
#414=VERTEX_POINT('',#413) ;
#438=VERTEX_POINT('',#437) ;
#462=VERTEX_POINT('',#461) ;
#481=VERTEX_POINT('',#480) ;
#500=VERTEX_POINT('',#499) ;
#519=VERTEX_POINT('',#518) ;
#555=VERTEX_POINT('',#554) ;
#557=VERTEX_POINT('',#556) ;
#564=VERTEX_POINT('',#563) ;
#571=VERTEX_POINT('',#570) ;
#590=VERTEX_POINT('',#589) ;
#597=VERTEX_POINT('',#596) ;
#621=VERTEX_POINT('',#620) ;
#645=VERTEX_POINT('',#644) ;
#686=VERTEX_POINT('',#685) ;
#688=VERTEX_POINT('',#687) ;
#695=VERTEX_POINT('',#694) ;
#702=VERTEX_POINT('',#701) ;
#726=VERTEX_POINT('',#725) ;
#728=VERTEX_POINT('',#727) ;
#757=VERTEX_POINT('',#756) ;
#764=VERTEX_POINT('',#763) ;
#817=VERTEX_POINT('',#816) ;
#819=VERTEX_POINT('',#818) ;
#826=VERTEX_POINT('',#825) ;
#833=VERTEX_POINT('',#832) ;
#852=VERTEX_POINT('',#851) ;
#859=VERTEX_POINT('',#858) ;
#866=VERTEX_POINT('',#865) ;
#873=VERTEX_POINT('',#872) ;
#880=VERTEX_POINT('',#879) ;
#887=VERTEX_POINT('',#886) ;
#894=VERTEX_POINT('',#893) ;
#901=VERTEX_POINT('',#900) ;
#931=VERTEX_POINT('',#930) ;
#955=VERTEX_POINT('',#954) ;
#979=VERTEX_POINT('',#978) ;
#1003=VERTEX_POINT('',#1002) ;
#1027=VERTEX_POINT('',#1026) ;
#1051=VERTEX_POINT('',#1050) ;
#1075=VERTEX_POINT('',#1074) ;
#1099=VERTEX_POINT('',#1098) ;
#1140=VERTEX_POINT('',#1139) ;
#1142=VERTEX_POINT('',#1141) ;
#1149=VERTEX_POINT('',#1148) ;
#1156=VERTEX_POINT('',#1155) ;
#1175=VERTEX_POINT('',#1174) ;
#1177=VERTEX_POINT('',#1176) ;
#1201=VERTEX_POINT('',#1200) ;
#1208=VERTEX_POINT('',#1207) ;
#1227=VERTEX_POINT('',#1226) ;
#1234=VERTEX_POINT('',#1233) ;
#1241=VERTEX_POINT('',#1240) ;
#1248=VERTEX_POINT('',#1247) ;
#1272=VERTEX_POINT('',#1271) ;
#1274=VERTEX_POINT('',#1273) ;
#1299=VERTEX_POINT('',#1298) ;
#1329=VERTEX_POINT('',#1328) ;
#1353=VERTEX_POINT('',#1352) ;
#1372=VERTEX_POINT('',#1371) ;
#1416=VERTEX_POINT('',#1415) ;
#1429=VERTEX_POINT('',#1428) ;
#1470=VERTEX_POINT('',#1469) ;
#1472=VERTEX_POINT('',#1471) ;
#1479=VERTEX_POINT('',#1478) ;
#1486=VERTEX_POINT('',#1485) ;
#1504=VERTEX_POINT('',#1503) ;
#1506=VERTEX_POINT('',#1505) ;
#1522=VERTEX_POINT('',#1521) ;
#1524=VERTEX_POINT('',#1523) ;
#1540=VERTEX_POINT('',#1539) ;
#1542=VERTEX_POINT('',#1541) ;
#1558=VERTEX_POINT('',#1557) ;
#1560=VERTEX_POINT('',#1559) ;
#1576=VERTEX_POINT('',#1575) ;
#1578=VERTEX_POINT('',#1577) ;
#1594=VERTEX_POINT('',#1593) ;
#1596=VERTEX_POINT('',#1595) ;
#1672=VERTEX_POINT('',#1671) ;
#1679=VERTEX_POINT('',#1678) ;
#1715=VERTEX_POINT('',#1714) ;
#1717=VERTEX_POINT('',#1716) ;
#1758=VERTEX_POINT('',#1757) ;
#1760=VERTEX_POINT('',#1759) ;
#1767=VERTEX_POINT('',#1766) ;
#1774=VERTEX_POINT('',#1773) ;
#1781=VERTEX_POINT('',#1780) ;
#1788=VERTEX_POINT('',#1787) ;
#1795=VERTEX_POINT('',#1794) ;
#1802=VERTEX_POINT('',#1801) ;
#1809=VERTEX_POINT('',#1808) ;
#1816=VERTEX_POINT('',#1815) ;
#1823=VERTEX_POINT('',#1822) ;
#1830=VERTEX_POINT('',#1829) ;
#1837=VERTEX_POINT('',#1836) ;
#1844=VERTEX_POINT('',#1843) ;
#1851=VERTEX_POINT('',#1850) ;
#1858=VERTEX_POINT('',#1857) ;
#1865=VERTEX_POINT('',#1864) ;
#1872=VERTEX_POINT('',#1871) ;
#1879=VERTEX_POINT('',#1878) ;
#1886=VERTEX_POINT('',#1885) ;
#1924=VERTEX_POINT('',#1923) ;
#1926=VERTEX_POINT('',#1925) ;
#1942=VERTEX_POINT('',#1941) ;
#1944=VERTEX_POINT('',#1943) ;
#1960=VERTEX_POINT('',#1959) ;
#1962=VERTEX_POINT('',#1961) ;
#1978=VERTEX_POINT('',#1977) ;
#1980=VERTEX_POINT('',#1979) ;
#1996=VERTEX_POINT('',#1995) ;
#1998=VERTEX_POINT('',#1997) ;
#2020=VERTEX_POINT('',#2019) ;
#2027=VERTEX_POINT('',#2026) ;
#2092=VERTEX_POINT('',#2091) ;
#2099=VERTEX_POINT('',#2098) ;
#2164=VERTEX_POINT('',#2163) ;
#2171=VERTEX_POINT('',#2170) ;
#2236=VERTEX_POINT('',#2235) ;
#2243=VERTEX_POINT('',#2242) ;
#2308=VERTEX_POINT('',#2307) ;
#2315=VERTEX_POINT('',#2314) ;
#2380=VERTEX_POINT('',#2379) ;
#2387=VERTEX_POINT('',#2386) ;
#2411=VERTEX_POINT('',#2410) ;
#2435=VERTEX_POINT('',#2434) ;
#2459=VERTEX_POINT('',#2458) ;
#2483=VERTEX_POINT('',#2482) ;
#2507=VERTEX_POINT('',#2506) ;
#2526=VERTEX_POINT('',#2525) ;
#2545=VERTEX_POINT('',#2544) ;
#2569=VERTEX_POINT('',#2568) ;
#2593=VERTEX_POINT('',#2592) ;
#2617=VERTEX_POINT('',#2616) ;
#2641=VERTEX_POINT('',#2640) ;
#2660=VERTEX_POINT('',#2659) ;
#2684=VERTEX_POINT('',#2683) ;
#2708=VERTEX_POINT('',#2707) ;
#2727=VERTEX_POINT('',#2726) ;
#2746=VERTEX_POINT('',#2745) ;
#2765=VERTEX_POINT('',#2764) ;
#2784=VERTEX_POINT('',#2783) ;
#2825=VERTEX_POINT('',#2824) ;
#2832=VERTEX_POINT('',#2831) ;
#2856=VERTEX_POINT('',#2855) ;
#2880=VERTEX_POINT('',#2879) ;
#41=(LENGTH_UNIT()NAMED_UNIT(*)SI_UNIT(.MILLI.,.METRE.)) ;
#42=(NAMED_UNIT(*)PLANE_ANGLE_UNIT()SI_UNIT($,.RADIAN.)) ;
#44=(NAMED_UNIT(*)SI_UNIT($,.STERADIAN.)SOLID_ANGLE_UNIT()) ;
#46=(GEOMETRIC_REPRESENTATION_CONTEXT(3)GLOBAL_UNCERTAINTY_ASSIGNED_CONTEXT((#45))GLOBAL_UNIT_ASSIGNED_CONTEXT((#41,#42,#44))REPRESENTATION_CONTEXT(' ',' ')) ;
ENDSEC;
END-ISO-10303-21;

