ISO-10303-21;
HEADER;
FILE_DESCRIPTION(('CATIA V5 STEP Exchange'),'2;1');

FILE_NAME('D:\\Users\\Barry\\14_Spindle_Load_Monitor\\02_CAD\\STEP\\sensor_final\\IR_Housing_V14.stp','2025-12-03T11:40:28+00:00',('none'),('none'),'CATIA Version 5 Release 18 GA (IN-10)','CATIA V5 STEP AP203','none');

FILE_SCHEMA(('CONFIG_CONTROL_DESIGN'));

ENDSEC;
/* file written by CATIA V5R18 */
DATA;
#5=PRODUCT('IR_Housing_V14','','',(#2)) ;
#1=APPLICATION_CONTEXT('configuration controlled 3D design of mechanical parts and assemblies') ;
#14=PRODUCT_DEFINITION(' ',' ',#6,#3) ;
#16=SECURITY_CLASSIFICATION(' ',' ',#15) ;
#15=SECURITY_CLASSIFICATION_LEVEL('unclassified') ;
#47=CARTESIAN_POINT(' ',(0.,0.,0.)) ;
#52=CARTESIAN_POINT('Axis2P3D Location',(539.129187104,-80.2726685764,-1.23719102787)) ;
#57=CARTESIAN_POINT('Axis2P3D Location',(494.072062014,-379.990219536,-189.149633789)) ;
#61=CARTESIAN_POINT('Vertex',(493.858789027,-381.43445895,-188.380746836)) ;
#63=CARTESIAN_POINT('Vertex',(494.285335,-378.545980121,-189.918520742)) ;
#66=CARTESIAN_POINT('Axis2P3D Location',(494.072062014,-379.990219536,-189.149633789)) ;
#76=CARTESIAN_POINT('Axis2P3D Location',(511.728463981,-383.74446722,-181.781613777)) ;
#81=CARTESIAN_POINT('Axis2P3D Location',(510.739370159,-383.597197878,-181.779344009)) ;
#85=CARTESIAN_POINT('Vertex',(510.739370159,-383.643429458,-178.779700257)) ;
#87=CARTESIAN_POINT('Vertex',(510.297509663,-386.564126982,-181.82507138)) ;
#90=CARTESIAN_POINT('Line Origine',(511.286603485,-386.711396324,-181.827341148)) ;
#94=CARTESIAN_POINT('Vertex',(512.275697307,-386.858665666,-181.829610915)) ;
#97=CARTESIAN_POINT('Axis2P3D Location',(512.717557803,-383.891736561,-181.783883545)) ;
#101=CARTESIAN_POINT('Vertex',(512.717557803,-383.937968142,-178.784239792)) ;
#104=CARTESIAN_POINT('Line Origine',(511.728463981,-383.7906988,-178.781970025)) ;
#116=CARTESIAN_POINT('Axis2P3D Location',(517.298178297,-353.180802992,-178.310199382)) ;
#121=CARTESIAN_POINT('Line Origine',(513.029680406,-368.264846883,-178.542680052)) ;
#125=CARTESIAN_POINT('Vertex',(515.319990652,-352.886264308,-178.305659846)) ;
#128=CARTESIAN_POINT('Line Origine',(515.00786805,-368.559385567,-178.547219587)) ;
#132=CARTESIAN_POINT('Vertex',(517.298178297,-353.180802992,-178.310199382)) ;
#135=CARTESIAN_POINT('Line Origine',(516.309084475,-353.03353365,-178.307929614)) ;
#147=CARTESIAN_POINT('Axis2P3D Location',(516.309084475,-352.98730207,-181.307573366)) ;
#152=CARTESIAN_POINT('Axis2P3D Location',(515.319990652,-352.840032728,-181.305303599)) ;
#156=CARTESIAN_POINT('Vertex',(515.761851149,-349.873103624,-181.259576228)) ;
#159=CARTESIAN_POINT('Axis2P3D Location',(517.298178297,-353.134571412,-181.309843134)) ;
#163=CARTESIAN_POINT('Vertex',(517.740038793,-350.167642307,-181.264115763)) ;
#166=CARTESIAN_POINT('Line Origine',(516.750944971,-350.020372965,-181.261845996)) ;
#178=CARTESIAN_POINT('Axis2P3D Location',(506.421554316,-361.608459949,-185.740956412)) ;
#183=CARTESIAN_POINT('Line Origine',(506.421554316,-361.654691529,-182.74131266)) ;
#187=CARTESIAN_POINT('Vertex',(497.025163005,-360.255632781,-182.719749867)) ;
#189=CARTESIAN_POINT('Vertex',(515.817945627,-363.053750277,-182.762875452)) ;
#192=CARTESIAN_POINT('Axis2P3D Location',(497.025163005,-360.209401201,-185.719393619)) ;
#196=CARTESIAN_POINT('Vertex',(497.467023501,-357.242472097,-185.673666248)) ;
#199=CARTESIAN_POINT('Line Origine',(506.863414812,-358.641530845,-185.695229041)) ;
#203=CARTESIAN_POINT('Vertex',(516.259806123,-360.040589593,-185.716791834)) ;
#206=CARTESIAN_POINT('Axis2P3D Location',(515.817945627,-363.007518697,-185.762519205)) ;
#218=CARTESIAN_POINT('Axis2P3D Location',(504.801399163,-372.487199998,-185.908623438)) ;
#223=CARTESIAN_POINT('Line Origine',(504.359538667,-375.454129102,-185.954350808)) ;
#227=CARTESIAN_POINT('Vertex',(494.963147356,-374.055070354,-185.932788015)) ;
#229=CARTESIAN_POINT('Vertex',(513.755929977,-376.85318785,-185.975913601)) ;
#232=CARTESIAN_POINT('Axis2P3D Location',(495.405007852,-371.08814125,-185.887060645)) ;
#236=CARTESIAN_POINT('Vertex',(495.405007852,-371.13437283,-182.887416892)) ;
#239=CARTESIAN_POINT('Line Origine',(504.801399163,-372.533431578,-182.908979685)) ;
#243=CARTESIAN_POINT('Vertex',(514.197790474,-373.932490326,-182.930542478)) ;
#246=CARTESIAN_POINT('Axis2P3D Location',(514.197790474,-373.886258746,-185.93018623)) ;
#258=CARTESIAN_POINT('Axis2P3D Location',(-7.1004674104E-012,2.6413076324,-171.375969767)) ;
#263=CARTESIAN_POINT('Line Origine',(513.029701649,-368.287049503,-177.092850039)) ;
#267=CARTESIAN_POINT('Vertex',(515.533577801,-351.474451202,-176.833728272)) ;
#269=CARTESIAN_POINT('Vertex',(510.525825497,-385.099647804,-177.351971807)) ;
#272=CARTESIAN_POINT('Line Origine',(505.679321776,-350.006493175,-176.811103579)) ;
#276=CARTESIAN_POINT('Vertex',(495.825065751,-348.538535148,-176.788478885)) ;
#279=CARTESIAN_POINT('Axis2P3D Location',(467.680010061,-361.531446276,-176.988730271)) ;
#283=CARTESIAN_POINT('Vertex',(498.680010061,-361.531446276,-176.988730271)) ;
#286=CARTESIAN_POINT('Axis2P3D Location',(467.680010061,-361.531446276,-176.988730271)) ;
#290=CARTESIAN_POINT('Vertex',(490.814888241,-382.163370474,-177.306716853)) ;
#293=CARTESIAN_POINT('Line Origine',(500.670356869,-383.631509139,-177.32934433)) ;
#306=CARTESIAN_POINT('Axis2P3D Location',(-8.0865612125E-012,3.00730764448,-195.123149473)) ;
#311=CARTESIAN_POINT('Line Origine',(499.121840568,-386.067583148,-201.119710601)) ;
#315=CARTESIAN_POINT('Vertex',(510.083965,-387.700576904,-201.144878884)) ;
#317=CARTESIAN_POINT('Vertex',(488.159716135,-384.434589392,-201.094542318)) ;
#320=CARTESIAN_POINT('Axis2P3D Location',(467.680010061,-361.165446264,-200.735909977)) ;
#324=CARTESIAN_POINT('Vertex',(436.693566604,-362.082028141,-200.750036664)) ;
#327=CARTESIAN_POINT('Axis2P3D Location',(433.694878527,-362.170729612,-200.751403763)) ;
#331=CARTESIAN_POINT('Vertex',(434.136739024,-359.203800508,-200.705676392)) ;
#334=CARTESIAN_POINT('Line Origine',(432.935955416,-359.025011997,-200.70292084)) ;
#338=CARTESIAN_POINT('Vertex',(431.735171808,-358.846223486,-200.700165287)) ;
#341=CARTESIAN_POINT('Line Origine',(432.14433297,-356.098858261,-200.657821913)) ;
#345=CARTESIAN_POINT('Vertex',(432.553494133,-353.351493035,-200.61547854)) ;
#348=CARTESIAN_POINT('Line Origine',(433.716408763,-353.524643113,-200.61814719)) ;
#352=CARTESIAN_POINT('Vertex',(434.879323393,-353.69779319,-200.620815841)) ;
#355=CARTESIAN_POINT('Axis2P3D Location',(435.321183889,-350.730864086,-200.575088471)) ;
#359=CARTESIAN_POINT('Vertex',(438.176374433,-351.651562514,-200.589278604)) ;
#362=CARTESIAN_POINT('Axis2P3D Location',(467.680010061,-361.165446264,-200.735909977)) ;
#366=CARTESIAN_POINT('Vertex',(494.054042617,-344.875959597,-200.484850592)) ;
#369=CARTESIAN_POINT('Line Origine',(505.014740458,-346.508740838,-200.5100156)) ;
#373=CARTESIAN_POINT('Vertex',(515.975438299,-348.141522078,-200.535180607)) ;
#376=CARTESIAN_POINT('Line Origine',(513.029701649,-367.921049491,-200.840029746)) ;
#393=CARTESIAN_POINT('Axis2P3D Location',(467.680010061,-361.165446264,-200.735909977)) ;
#397=CARTESIAN_POINT('Vertex',(477.647490331,-368.707715442,-200.852154122)) ;
#399=CARTESIAN_POINT('Vertex',(457.71252979,-353.623177085,-200.619665831)) ;
#402=CARTESIAN_POINT('Axis2P3D Location',(467.680010061,-361.165446264,-200.735909977)) ;
#412=CARTESIAN_POINT('Axis2P3D Location',(504.38424647,-349.767338234,-179.807773927)) ;
#417=CARTESIAN_POINT('Line Origine',(504.826320956,-346.800440999,-179.762047048)) ;
#421=CARTESIAN_POINT('Vertex',(494.054042617,-345.195728028,-179.737314639)) ;
#423=CARTESIAN_POINT('Vertex',(515.975438299,-348.46129051,-179.787644653)) ;
#427=CARTESIAN_POINT('Control Point',(495.825065751,-348.538535148,-176.788478885)) ;
#428=CARTESIAN_POINT('Control Point',(495.542867612,-347.927386804,-176.779059649)) ;
#429=CARTESIAN_POINT('Control Point',(495.244077917,-347.321862811,-176.901796377)) ;
#430=CARTESIAN_POINT('Control Point',(494.943958402,-346.754371354,-177.144961098)) ;
#431=CARTESIAN_POINT('Control Point',(494.490932409,-345.946286814,-177.727725284)) ;
#432=CARTESIAN_POINT('Control Point',(494.18197478,-345.420267628,-178.607775832)) ;
#433=CARTESIAN_POINT('Control Point',(494.096706932,-345.276680463,-178.966805417)) ;
#434=CARTESIAN_POINT('Control Point',(494.054042617,-345.201673916,-179.351527573)) ;
#435=CARTESIAN_POINT('Control Point',(494.054042617,-345.195728028,-179.737314639)) ;
#438=CARTESIAN_POINT('Control Point',(515.975438299,-348.46129051,-179.787644653)) ;
#439=CARTESIAN_POINT('Control Point',(515.975438299,-348.475813815,-178.845329037)) ;
#440=CARTESIAN_POINT('Control Point',(515.921043124,-348.855595285,-177.907684337)) ;
#441=CARTESIAN_POINT('Control Point',(515.811429885,-349.603087371,-177.174177274)) ;
#442=CARTESIAN_POINT('Control Point',(515.672384967,-350.542412647,-176.819363361)) ;
#443=CARTESIAN_POINT('Control Point',(515.533577801,-351.474451202,-176.833728272)) ;
#452=CARTESIAN_POINT('Axis2P3D Location',(467.680010061,-361.363856797,-187.862438873)) ;
#457=CARTESIAN_POINT('Line Origine',(488.159716135,-384.632999925,-188.221071215)) ;
#461=CARTESIAN_POINT('Vertex',(488.159716135,-384.754357824,-180.347006365)) ;
#465=CARTESIAN_POINT('Control Point',(490.814888241,-382.163370474,-177.306716853)) ;
#466=CARTESIAN_POINT('Control Point',(490.366775378,-382.665726647,-177.314459345)) ;
#467=CARTESIAN_POINT('Control Point',(489.90502465,-383.153883962,-177.454052082)) ;
#468=CARTESIAN_POINT('Control Point',(489.453627702,-383.601660696,-177.712863761)) ;
#469=CARTESIAN_POINT('Control Point',(488.787365997,-384.224667984,-178.317685886)) ;
#470=CARTESIAN_POINT('Control Point',(488.342463608,-384.611014744,-179.211797318)) ;
#471=CARTESIAN_POINT('Control Point',(488.220661092,-384.712623267,-179.574606978)) ;
#472=CARTESIAN_POINT('Control Point',(488.159716135,-384.760303712,-179.961219299)) ;
#473=CARTESIAN_POINT('Control Point',(488.159716135,-384.754357824,-180.347006365)) ;
#475=CARTESIAN_POINT('Line Origine',(498.680010061,-361.363856797,-187.862438873)) ;
#479=CARTESIAN_POINT('Vertex',(498.680010061,-361.56226733,-174.988967769)) ;
#482=CARTESIAN_POINT('Axis2P3D Location',(467.680010061,-361.56226733,-174.988967769)) ;
#486=CARTESIAN_POINT('Vertex',(436.680010061,-361.56226733,-174.988967769)) ;
#489=CARTESIAN_POINT('Line Origine',(436.680010061,-361.363856797,-187.862438873)) ;
#493=CARTESIAN_POINT('Vertex',(436.680010061,-361.531446276,-176.988730271)) ;
#496=CARTESIAN_POINT('Axis2P3D Location',(467.680010061,-361.531446276,-176.988730271)) ;
#500=CARTESIAN_POINT('Vertex',(436.693566604,-362.448028153,-177.002856958)) ;
#503=CARTESIAN_POINT('Line Origine',(436.693566604,-362.280438673,-187.87656556)) ;
#520=CARTESIAN_POINT('Axis2P3D Location',(467.680010061,-361.531446276,-176.988730271)) ;
#524=CARTESIAN_POINT('Vertex',(436.720156957,-359.954453877,-176.964425101)) ;
#526=CARTESIAN_POINT('Vertex',(437.498963244,-354.453839756,-176.879647672)) ;
#529=CARTESIAN_POINT('Axis2P3D Location',(467.680010061,-361.531446276,-176.988730271)) ;
#534=CARTESIAN_POINT('Axis2P3D Location',(467.680010061,-361.56226733,-174.988967769)) ;
#539=CARTESIAN_POINT('Line Origine',(494.054042617,-345.074370129,-187.611379488)) ;
#544=CARTESIAN_POINT('Line Origine',(438.176374433,-351.849973046,-187.7158075)) ;
#548=CARTESIAN_POINT('Vertex',(438.176374433,-352.017562526,-176.842098897)) ;
#551=CARTESIAN_POINT('Axis2P3D Location',(467.680010061,-361.531446276,-176.988730271)) ;
#570=CARTESIAN_POINT('Axis2P3D Location',(433.694878527,-362.369140145,-187.877932659)) ;
#576=CARTESIAN_POINT('Control Point',(434.136739024,-359.568952538,-177.013516324)) ;
#577=CARTESIAN_POINT('Control Point',(434.324137395,-359.597421934,-176.977154234)) ;
#578=CARTESIAN_POINT('Control Point',(434.512369912,-359.644157897,-176.959642708)) ;
#579=CARTESIAN_POINT('Control Point',(434.694348644,-359.708451109,-176.960633618)) ;
#580=CARTESIAN_POINT('Vertex',(434.13673903,-359.568952539,-177.013516324)) ;
#582=CARTESIAN_POINT('Vertex',(434.694348644,-359.708451109,-176.960633618)) ;
#585=CARTESIAN_POINT('Line Origine',(434.136739024,-359.402211041,-187.832205288)) ;
#590=CARTESIAN_POINT('Axis2P3D Location',(433.694878527,-362.536729625,-177.004224056)) ;
#603=CARTESIAN_POINT('Axis2P3D Location',(431.735171808,-358.846223486,-200.700165287)) ;
#608=CARTESIAN_POINT('Line Origine',(431.735171808,-359.006107702,-190.32639731)) ;
#612=CARTESIAN_POINT('Vertex',(431.735171808,-359.165991918,-179.952629333)) ;
#615=CARTESIAN_POINT('Axis2P3D Location',(434.702453274,-359.607799944,-179.959438636)) ;
#627=CARTESIAN_POINT('Axis2P3D Location',(432.553494133,-353.351493035,-200.61547854)) ;
#632=CARTESIAN_POINT('Line Origine',(432.553494133,-353.511377251,-190.241710563)) ;
#636=CARTESIAN_POINT('Vertex',(432.553494133,-353.671261466,-179.867942586)) ;
#639=CARTESIAN_POINT('Line Origine',(432.14433297,-356.418626692,-179.91028596)) ;
#651=CARTESIAN_POINT('Axis2P3D Location',(437.498963244,-354.087839744,-200.626827378)) ;
#656=CARTESIAN_POINT('Axis2P3D Location',(435.5207756,-354.113069492,-179.874751889)) ;
#660=CARTESIAN_POINT('Vertex',(434.879323393,-354.062700039,-176.944563843)) ;
#663=CARTESIAN_POINT('Line Origine',(434.879323393,-353.880246615,-188.782689842)) ;
#675=CARTESIAN_POINT('Axis2P3D Location',(435.321183889,-350.929274619,-187.701617367)) ;
#681=CARTESIAN_POINT('Control Point',(434.879323393,-354.062700039,-176.944563843)) ;
#682=CARTESIAN_POINT('Control Point',(435.091545884,-354.095030623,-176.897550117)) ;
#683=CARTESIAN_POINT('Control Point',(435.312259766,-354.104512978,-176.874265918)) ;
#684=CARTESIAN_POINT('Control Point',(435.531221494,-354.089147034,-176.874028563)) ;
#685=CARTESIAN_POINT('Vertex',(435.531224114,-354.089143182,-176.874026838)) ;
#688=CARTESIAN_POINT('Axis2P3D Location',(435.321183889,-351.096864073,-176.82791043)) ;
#701=CARTESIAN_POINT('Axis2P3D Location',(-7.01742793233E-012,2.61048657875,-169.376207265)) ;
#711=CARTESIAN_POINT('Control Point',(439.647160959,-371.862995292,-175.147726266)) ;
#712=CARTESIAN_POINT('Control Point',(440.509830744,-374.210144822,-175.183901373)) ;
#713=CARTESIAN_POINT('Control Point',(441.618213027,-376.467006454,-175.21868493)) ;
#714=CARTESIAN_POINT('Control Point',(442.959771543,-378.599348882,-175.251549353)) ;
#715=CARTESIAN_POINT('Control Point',(446.069383923,-382.551618611,-175.312463145)) ;
#716=CARTESIAN_POINT('Control Point',(449.930134413,-385.774348591,-175.36213301)) ;
#717=CARTESIAN_POINT('Control Point',(452.022974597,-387.177177196,-175.383753905)) ;
#718=CARTESIAN_POINT('Control Point',(456.471187002,-389.523919923,-175.419922742)) ;
#719=CARTESIAN_POINT('Control Point',(461.309010284,-390.898731745,-175.441111833)) ;
#720=CARTESIAN_POINT('Control Point',(463.791494155,-391.329551122,-175.447751775)) ;
#721=CARTESIAN_POINT('Control Point',(468.809703258,-391.6651906,-175.45292477)) ;
#722=CARTESIAN_POINT('Control Point',(473.788643649,-390.954470388,-175.441970896)) ;
#723=CARTESIAN_POINT('Control Point',(476.231856937,-390.338845178,-175.432482661)) ;
#724=CARTESIAN_POINT('Control Point',(480.953035351,-388.605390875,-175.405766044)) ;
#725=CARTESIAN_POINT('Control Point',(485.212850169,-385.931934207,-175.364561776)) ;
#726=CARTESIAN_POINT('Control Point',(487.194663626,-384.376229828,-175.340584704)) ;
#727=CARTESIAN_POINT('Control Point',(490.803103817,-380.87318149,-175.286594473)) ;
#728=CARTESIAN_POINT('Control Point',(493.607798202,-376.698898201,-175.222258928)) ;
#729=CARTESIAN_POINT('Control Point',(494.785801518,-374.471903433,-175.18793569)) ;
#730=CARTESIAN_POINT('Control Point',(496.658050698,-369.804504641,-175.116000073)) ;
#731=CARTESIAN_POINT('Control Point',(497.523040052,-364.850611773,-175.039648908)) ;
#732=CARTESIAN_POINT('Control Point',(497.693702223,-362.337098436,-175.000909743)) ;
#733=CARTESIAN_POINT('Control Point',(497.552856677,-358.560616956,-174.942705262)) ;
#734=CARTESIAN_POINT('Control Point',(496.826525617,-354.867572957,-174.885786749)) ;
#735=CARTESIAN_POINT('Control Point',(496.518540557,-353.645625395,-174.866953657)) ;
#736=CARTESIAN_POINT('Control Point',(496.146783885,-352.442160534,-174.848405427)) ;
#737=CARTESIAN_POINT('Control Point',(495.712859162,-351.261539367,-174.830209272)) ;
#738=CARTESIAN_POINT('Vertex',(439.647160959,-371.862995292,-175.147726266)) ;
#740=CARTESIAN_POINT('Vertex',(495.712859162,-351.261539367,-174.830209272)) ;
#744=CARTESIAN_POINT('Control Point',(439.647160959,-371.862995292,-175.147726266)) ;
#745=CARTESIAN_POINT('Control Point',(438.784491174,-369.515845763,-175.11155116)) ;
#746=CARTESIAN_POINT('Control Point',(438.167534106,-367.078408926,-175.073984513)) ;
#747=CARTESIAN_POINT('Control Point',(437.808905462,-364.5848869,-175.035553461)) ;
#748=CARTESIAN_POINT('Control Point',(437.618976402,-359.559773539,-174.95810462)) ;
#749=CARTESIAN_POINT('Control Point',(438.473900417,-354.604259279,-174.881728465)) ;
#750=CARTESIAN_POINT('Control Point',(439.160217452,-352.180223648,-174.844368362)) ;
#751=CARTESIAN_POINT('Control Point',(441.030109787,-347.511880361,-174.772418189)) ;
#752=CARTESIAN_POINT('Control Point',(443.826336249,-343.331921285,-174.707995167)) ;
#753=CARTESIAN_POINT('Control Point',(445.439063138,-341.396308305,-174.678162809)) ;
#754=CARTESIAN_POINT('Control Point',(449.045734154,-337.891438919,-174.62414451)) ;
#755=CARTESIAN_POINT('Control Point',(453.300120554,-335.209354241,-174.582807264)) ;
#756=CARTESIAN_POINT('Control Point',(455.560616383,-334.096591879,-174.565656973)) ;
#757=CARTESIAN_POINT('Control Point',(460.280918961,-332.360754605,-174.538903629)) ;
#758=CARTESIAN_POINT('Control Point',(465.258408343,-331.639944878,-174.527794252)) ;
#759=CARTESIAN_POINT('Control Point',(467.776113102,-331.542292049,-174.526289192)) ;
#760=CARTESIAN_POINT('Control Point',(472.794491032,-331.875398354,-174.531423145)) ;
#761=CARTESIAN_POINT('Control Point',(477.635091411,-333.240402384,-174.552461075)) ;
#762=CARTESIAN_POINT('Control Point',(479.975005498,-334.174731179,-174.566861284)) ;
#763=CARTESIAN_POINT('Control Point',(484.424402225,-336.519228203,-174.602995509)) ;
#764=CARTESIAN_POINT('Control Point',(488.291772788,-339.734205702,-174.65254589)) ;
#765=CARTESIAN_POINT('Control Point',(490.049614604,-341.539086289,-174.680363354)) ;
#766=CARTESIAN_POINT('Control Point',(492.387996061,-344.508078686,-174.726122525)) ;
#767=CARTESIAN_POINT('Control Point',(494.226183291,-347.792568852,-174.77674426)) ;
#768=CARTESIAN_POINT('Control Point',(494.782841722,-348.923140874,-174.79416904)) ;
#769=CARTESIAN_POINT('Control Point',(495.27893444,-350.080918199,-174.812013117)) ;
#770=CARTESIAN_POINT('Control Point',(495.712859162,-351.261539367,-174.830209272)) ;
#777=CARTESIAN_POINT('Line Origine',(435.112786379,-356.898797146,-176.917330228)) ;
#792=CARTESIAN_POINT('Axis2P3D Location',(467.680010061,-361.554558205,-175.489158927)) ;
#797=CARTESIAN_POINT('Axis2P3D Location',(440.459897843,-371.556644331,-175.64331465)) ;
#801=CARTESIAN_POINT('Vertex',(440.459897843,-371.541233804,-176.643195901)) ;
#804=CARTESIAN_POINT('Axis2P3D Location',(467.680010061,-361.539147678,-176.489040178)) ;
#808=CARTESIAN_POINT('Vertex',(494.900122278,-351.537061552,-176.334884456)) ;
#811=CARTESIAN_POINT('Axis2P3D Location',(494.900122278,-351.552472079,-175.335003205)) ;
#823=CARTESIAN_POINT('Axis2P3D Location',(511.692470768,-343.069574742,-193.133133066)) ;
#828=CARTESIAN_POINT('Line Origine',(512.656837245,-343.21316235,-193.135346089)) ;
#832=CARTESIAN_POINT('Vertex',(510.300515844,-359.034985304,-193.379197674)) ;
#834=CARTESIAN_POINT('Vertex',(510.5582678,-357.30427666,-193.352523374)) ;
#837=CARTESIAN_POINT('Axis2P3D Location',(509.336149368,-358.891397695,-193.37698465)) ;
#841=CARTESIAN_POINT('Vertex',(508.371782891,-358.747810087,-193.374771627)) ;
#844=CARTESIAN_POINT('Line Origine',(510.728104291,-342.925987133,-193.130920042)) ;
#848=CARTESIAN_POINT('Vertex',(508.629534847,-357.017101443,-193.348097327)) ;
#851=CARTESIAN_POINT('Axis2P3D Location',(509.593901324,-357.160689051,-193.350310351)) ;
#863=CARTESIAN_POINT('Axis2P3D Location',(506.534382366,-377.703669512,-193.702807744)) ;
#868=CARTESIAN_POINT('Line Origine',(505.570015889,-377.560081904,-193.70059472)) ;
#872=CARTESIAN_POINT('Vertex',(505.867906745,-375.559855455,-193.669766516)) ;
#874=CARTESIAN_POINT('Vertex',(505.610154789,-377.290564099,-193.696440816)) ;
#877=CARTESIAN_POINT('Axis2P3D Location',(506.832273222,-375.703443063,-193.67197954)) ;
#881=CARTESIAN_POINT('Vertex',(507.796639699,-375.847030672,-193.674192563)) ;
#884=CARTESIAN_POINT('Line Origine',(507.498748842,-377.84725712,-193.705020767)) ;
#888=CARTESIAN_POINT('Vertex',(507.538887742,-377.577739316,-193.700866863)) ;
#891=CARTESIAN_POINT('Axis2P3D Location',(506.574521266,-377.434151707,-193.698653839)) ;
#903=CARTESIAN_POINT('Axis2P3D Location',(517.36719967,-378.301619293,-192.499009305)) ;
#908=CARTESIAN_POINT('Line Origine',(494.88950394,-374.457095377,-191.939696748)) ;
#912=CARTESIAN_POINT('Vertex',(494.815860524,-374.943878298,-192.447258602)) ;
#914=CARTESIAN_POINT('Vertex',(494.963147356,-373.970312456,-191.432134895)) ;
#917=CARTESIAN_POINT('Line Origine',(504.359538667,-375.369371204,-191.453697687)) ;
#921=CARTESIAN_POINT('Vertex',(505.867906745,-375.593956951,-191.457159083)) ;
#924=CARTESIAN_POINT('Line Origine',(505.794263329,-376.080739871,-191.964720937)) ;
#928=CARTESIAN_POINT('Vertex',(505.720619913,-376.567522792,-192.472282791)) ;
#931=CARTESIAN_POINT('Line Origine',(504.212251834,-376.342937046,-192.468821395)) ;
#943=CARTESIAN_POINT('Axis2P3D Location',(516.517558079,-358.209712524,-192.189345665)) ;
#948=CARTESIAN_POINT('Line Origine',(505.665387351,-376.93838893,-192.477998712)) ;
#952=CARTESIAN_POINT('Vertex',(505.610154789,-377.309255068,-192.483714634)) ;
#955=CARTESIAN_POINT('Line Origine',(500.157775094,-376.497432821,-192.471202539)) ;
#959=CARTESIAN_POINT('Vertex',(494.7053954,-375.685610574,-192.458690445)) ;
#962=CARTESIAN_POINT('Line Origine',(494.760627962,-375.314744436,-192.452974524)) ;
#974=CARTESIAN_POINT('Axis2P3D Location',(494.926325648,-374.140503914,-196.435351763)) ;
#978=CARTESIAN_POINT('Vertex',(494.88950394,-374.387748006,-196.439162377)) ;
#980=CARTESIAN_POINT('Vertex',(494.963147356,-373.893259822,-196.431541148)) ;
#983=CARTESIAN_POINT('Line Origine',(494.926325648,-374.140503914,-196.435351763)) ;
#993=CARTESIAN_POINT('Axis2P3D Location',(494.073746245,-362.858916825,-198.511743132)) ;
#999=CARTESIAN_POINT('Control Point',(479.983399799,-358.991668386,-198.478817255)) ;
#1000=CARTESIAN_POINT('Control Point',(479.982299873,-358.991504614,-198.091783044)) ;
#1001=CARTESIAN_POINT('Control Point',(480.001142245,-359.102484433,-197.704645374)) ;
#1002=CARTESIAN_POINT('Control Point',(480.040487675,-359.324237585,-197.363907096)) ;
#1003=CARTESIAN_POINT('Control Point',(480.106654698,-359.798547921,-196.943052951)) ;
#1004=CARTESIAN_POINT('Control Point',(480.155046239,-360.390536185,-196.751770954)) ;
#1005=CARTESIAN_POINT('Control Point',(480.168579542,-360.620793267,-196.715540826)) ;
#1006=CARTESIAN_POINT('Control Point',(480.19344289,-361.35297341,-196.718150125)) ;
#1007=CARTESIAN_POINT('Control Point',(480.166504519,-362.026545562,-197.081580991)) ;
#1008=CARTESIAN_POINT('Control Point',(480.127490193,-362.37570275,-197.492918193)) ;
#1009=CARTESIAN_POINT('Control Point',(480.107893513,-362.548788057,-197.986606815)) ;
#1010=CARTESIAN_POINT('Control Point',(480.10708121,-362.548667111,-198.480283917)) ;
#1011=CARTESIAN_POINT('Vertex',(479.983399799,-358.991668386,-198.478817255)) ;
#1013=CARTESIAN_POINT('Vertex',(480.10708121,-362.548667111,-198.480283917)) ;
#1016=CARTESIAN_POINT('Line Origine',(494.331468257,-361.127998178,-198.511743132)) ;
#1020=CARTESIAN_POINT('Vertex',(512.629703968,-363.852481003,-198.553733834)) ;
#1023=CARTESIAN_POINT('Axis2P3D Location',(512.371981956,-365.58339965,-198.553733834)) ;
#1027=CARTESIAN_POINT('Vertex',(512.627090232,-363.874294965,-198.277362812)) ;
#1030=CARTESIAN_POINT('Line Origine',(494.328854522,-361.14981214,-198.23537211)) ;
#1034=CARTESIAN_POINT('Vertex',(495.317948344,-361.297081482,-198.237641877)) ;
#1037=CARTESIAN_POINT('Axis2P3D Location',(495.062840067,-363.006186167,-198.5140129)) ;
#1041=CARTESIAN_POINT('Vertex',(494.807731791,-364.722996116,-198.290443297)) ;
#1044=CARTESIAN_POINT('Line Origine',(493.818637969,-364.575726774,-198.288173529)) ;
#1048=CARTESIAN_POINT('Vertex',(512.116873679,-367.300209599,-198.330164231)) ;
#1051=CARTESIAN_POINT('Axis2P3D Location',(512.371981956,-365.58339965,-198.553733834)) ;
#1055=CARTESIAN_POINT('Vertex',(512.114259944,-367.314318298,-198.553733834)) ;
#1058=CARTESIAN_POINT('Line Origine',(493.816024233,-364.589835473,-198.511743132)) ;
#1075=CARTESIAN_POINT('Control Point',(479.983399799,-358.991668386,-198.478817255)) ;
#1076=CARTESIAN_POINT('Control Point',(479.984507501,-358.991833315,-198.86858783)) ;
#1077=CARTESIAN_POINT('Control Point',(480.005840435,-359.104718972,-199.25825298)) ;
#1078=CARTESIAN_POINT('Control Point',(480.046896957,-359.329134492,-199.600478631)) ;
#1079=CARTESIAN_POINT('Control Point',(480.113338711,-359.807445145,-200.021379087)) ;
#1080=CARTESIAN_POINT('Control Point',(480.159352134,-360.403211978,-200.210252822)) ;
#1081=CARTESIAN_POINT('Control Point',(480.171672436,-360.633655929,-200.245166856)) ;
#1082=CARTESIAN_POINT('Control Point',(480.192401481,-361.363199178,-200.238100537)) ;
#1083=CARTESIAN_POINT('Control Point',(480.16253971,-362.031823266,-199.872380357)) ;
#1084=CARTESIAN_POINT('Control Point',(480.124048736,-362.377073499,-199.462330371)) ;
#1085=CARTESIAN_POINT('Control Point',(480.106273264,-362.548546813,-198.971312848)) ;
#1086=CARTESIAN_POINT('Control Point',(480.10708121,-362.548667111,-198.480283917)) ;
#1088=CARTESIAN_POINT('Axis2P3D Location',(512.371981956,-365.58339965,-198.553733834)) ;
#1100=CARTESIAN_POINT('Line Origine',(497.669542895,-355.782461166,-192.151936)) ;
#1104=CARTESIAN_POINT('Vertex',(497.724775457,-355.411595028,-192.146220079)) ;
#1106=CARTESIAN_POINT('Vertex',(497.614310333,-356.153327304,-192.157651922)) ;
#1109=CARTESIAN_POINT('Line Origine',(503.177155152,-356.223417275,-192.158732173)) ;
#1113=CARTESIAN_POINT('Vertex',(508.629534847,-357.035239523,-192.171244268)) ;
#1116=CARTESIAN_POINT('Line Origine',(508.574302285,-357.406105661,-192.176960189)) ;
#1120=CARTESIAN_POINT('Vertex',(508.519069723,-357.776971799,-192.18267611)) ;
#1123=CARTESIAN_POINT('Line Origine',(503.066690028,-356.965149551,-192.170164016)) ;
#1135=CARTESIAN_POINT('Axis2P3D Location',(493.410955501,-367.309310482,-198.580334188)) ;
#1141=CARTESIAN_POINT('Control Point',(478.802859492,-366.903556058,-198.54740302)) ;
#1142=CARTESIAN_POINT('Control Point',(478.800017874,-366.903132961,-198.934444661)) ;
#1143=CARTESIAN_POINT('Control Point',(478.848704996,-366.802198614,-199.321754499)) ;
#1144=CARTESIAN_POINT('Control Point',(478.949556466,-366.601304158,-199.662800933)) ;
#1145=CARTESIAN_POINT('Control Point',(479.14941532,-366.166616443,-200.084244441)) ;
#1146=CARTESIAN_POINT('Control Point',(479.367638663,-365.614359227,-200.276133601)) ;
#1147=CARTESIAN_POINT('Control Point',(479.447632662,-365.398030479,-200.312581615)) ;
#1148=CARTESIAN_POINT('Control Point',(479.685136529,-364.704948438,-200.310586673)) ;
#1149=CARTESIAN_POINT('Control Point',(479.857609489,-364.053033034,-199.947516383)) ;
#1150=CARTESIAN_POINT('Control Point',(479.924056265,-363.707926963,-199.536240931)) ;
#1151=CARTESIAN_POINT('Control Point',(479.958052608,-363.536973051,-199.042567773)) ;
#1152=CARTESIAN_POINT('Control Point',(479.959461106,-363.537182767,-198.548874345)) ;
#1153=CARTESIAN_POINT('Vertex',(478.802859492,-366.903556058,-198.54740302)) ;
#1155=CARTESIAN_POINT('Vertex',(479.959461106,-363.537182767,-198.548874345)) ;
#1158=CARTESIAN_POINT('Line Origine',(493.153233489,-369.040229129,-198.580334188)) ;
#1162=CARTESIAN_POINT('Vertex',(511.451469199,-371.764711954,-198.62232489)) ;
#1165=CARTESIAN_POINT('Axis2P3D Location',(511.709191211,-370.033793307,-198.62232489)) ;
#1169=CARTESIAN_POINT('Vertex',(511.966913224,-368.302874659,-198.62232489)) ;
#1172=CARTESIAN_POINT('Line Origine',(493.668677513,-365.578391834,-198.580334188)) ;
#1185=CARTESIAN_POINT('Control Point',(441.272634727,-371.265711619,-175.138520717)) ;
#1186=CARTESIAN_POINT('Control Point',(440.435345154,-368.987616498,-175.103409901)) ;
#1187=CARTESIAN_POINT('Control Point',(439.843770672,-366.619233207,-175.066907533)) ;
#1188=CARTESIAN_POINT('Control Point',(439.510913937,-364.195817059,-175.029556978)) ;
#1189=CARTESIAN_POINT('Control Point',(439.373151619,-359.315377518,-174.954337901)) ;
#1190=CARTESIAN_POINT('Control Point',(440.279285264,-354.517795257,-174.88039585)) ;
#1191=CARTESIAN_POINT('Control Point',(440.990418089,-352.177127058,-174.844320636)) ;
#1192=CARTESIAN_POINT('Control Point',(442.906319969,-347.686128518,-174.775103763)) ;
#1193=CARTESIAN_POINT('Control Point',(445.735866319,-343.706878285,-174.713774138)) ;
#1194=CARTESIAN_POINT('Control Point',(447.360718139,-341.877998582,-174.685586791)) ;
#1195=CARTESIAN_POINT('Control Point',(450.979229229,-338.599528941,-174.635057847)) ;
#1196=CARTESIAN_POINT('Control Point',(455.213658286,-336.167917882,-174.597580989)) ;
#1197=CARTESIAN_POINT('Control Point',(457.454478962,-335.185964428,-174.582446772)) ;
#1198=CARTESIAN_POINT('Control Point',(462.112515916,-333.720795265,-174.559865061)) ;
#1199=CARTESIAN_POINT('Control Point',(466.975878863,-333.282410187,-174.553108514)) ;
#1200=CARTESIAN_POINT('Control Point',(469.422043462,-333.327323561,-174.553800735)) ;
#1201=CARTESIAN_POINT('Control Point',(474.266032349,-333.943943558,-174.563304303)) ;
#1202=CARTESIAN_POINT('Control Point',(478.867129769,-335.579117459,-174.588506186)) ;
#1203=CARTESIAN_POINT('Control Point',(481.070384583,-336.642667395,-174.604897998)) ;
#1204=CARTESIAN_POINT('Control Point',(485.212676233,-339.228082439,-174.644745338)) ;
#1205=CARTESIAN_POINT('Control Point',(488.708368225,-342.637173683,-174.697287469)) ;
#1206=CARTESIAN_POINT('Control Point',(490.264972174,-344.524467244,-174.726375111)) ;
#1207=CARTESIAN_POINT('Control Point',(491.984057989,-347.140371637,-174.766692364)) ;
#1208=CARTESIAN_POINT('Control Point',(493.320176249,-349.952671871,-174.810036539)) ;
#1209=CARTESIAN_POINT('Control Point',(493.595283631,-350.580337036,-174.819710338)) ;
#1210=CARTESIAN_POINT('Control Point',(493.85111725,-351.215985337,-174.829507177)) ;
#1211=CARTESIAN_POINT('Control Point',(494.087385394,-351.85882304,-174.839414821)) ;
#1212=CARTESIAN_POINT('Vertex',(441.272634727,-371.265711619,-175.138520717)) ;
#1214=CARTESIAN_POINT('Vertex',(494.087385394,-351.85882304,-174.839414821)) ;
#1218=CARTESIAN_POINT('Control Point',(441.272634727,-371.265711619,-175.138520717)) ;
#1219=CARTESIAN_POINT('Control Point',(442.1099243,-373.543806739,-175.173631532)) ;
#1220=CARTESIAN_POINT('Control Point',(443.19292874,-375.731613082,-175.207350785)) ;
#1221=CARTESIAN_POINT('Control Point',(444.50872458,-377.793846236,-175.239134658)) ;
#1222=CARTESIAN_POINT('Control Point',(447.564396595,-381.602093868,-175.29782873)) ;
#1223=CARTESIAN_POINT('Control Point',(451.361891159,-384.671318285,-175.345132713)) ;
#1224=CARTESIAN_POINT('Control Point',(453.419651678,-385.99455094,-175.365526847)) ;
#1225=CARTESIAN_POINT('Control Point',(457.788073518,-388.176361826,-175.399153695)) ;
#1226=CARTESIAN_POINT('Control Point',(462.521305342,-389.37665369,-175.417653022)) ;
#1227=CARTESIAN_POINT('Control Point',(464.943906609,-389.718288445,-175.422918419)) ;
#1228=CARTESIAN_POINT('Control Point',(469.824518104,-389.873738042,-175.425314264)) ;
#1229=CARTESIAN_POINT('Control Point',(474.626039605,-388.985070515,-175.411617802)) ;
#1230=CARTESIAN_POINT('Control Point',(476.969545837,-388.282503634,-175.400789591)) ;
#1231=CARTESIAN_POINT('Control Point',(481.467986813,-386.383106181,-175.371515399)) ;
#1232=CARTESIAN_POINT('Control Point',(485.457930865,-383.568325424,-175.328132993)) ;
#1233=CARTESIAN_POINT('Control Point',(487.292900251,-381.950300577,-175.303195417)) ;
#1234=CARTESIAN_POINT('Control Point',(490.584842352,-378.344116034,-175.247615613)) ;
#1235=CARTESIAN_POINT('Control Point',(493.032061423,-374.119023766,-175.182496982)) ;
#1236=CARTESIAN_POINT('Control Point',(494.022240289,-371.882040067,-175.148019791)) ;
#1237=CARTESIAN_POINT('Control Point',(495.504443141,-367.22989297,-175.076319239)) ;
#1238=CARTESIAN_POINT('Control Point',(495.960490294,-362.368727063,-175.001397214)) ;
#1239=CARTESIAN_POINT('Control Point',(495.924430775,-359.922706329,-174.96369827)) ;
#1240=CARTESIAN_POINT('Control Point',(495.540327537,-356.816259846,-174.915820607)) ;
#1241=CARTESIAN_POINT('Control Point',(494.737201606,-353.808110486,-174.869457935)) ;
#1242=CARTESIAN_POINT('Control Point',(494.540356189,-353.151687801,-174.859340915)) ;
#1243=CARTESIAN_POINT('Control Point',(494.323653539,-352.501660744,-174.849322465)) ;
#1244=CARTESIAN_POINT('Control Point',(494.087385394,-351.85882304,-174.839414821)) ;
#1250=CARTESIAN_POINT('Axis2P3D Location',(467.680010061,-361.56226733,-174.988967769)) ;
#1254=CARTESIAN_POINT('Vertex',(489.209767445,-377.853568755,-175.240055123)) ;
#1256=CARTESIAN_POINT('Vertex',(446.150252677,-345.270965904,-174.737880415)) ;
#1259=CARTESIAN_POINT('Axis2P3D Location',(467.680010061,-361.56226733,-174.988967769)) ;
#1269=CARTESIAN_POINT('Axis2P3D Location',(467.680010061,-361.364115443,-187.845657114)) ;
#1274=CARTESIAN_POINT('Line Origine',(489.209767445,-377.70716875,-184.738927006)) ;
#1278=CARTESIAN_POINT('Vertex',(489.209767445,-377.822747701,-177.239817625)) ;
#1281=CARTESIAN_POINT('Line Origine',(446.150252677,-345.124565899,-184.236752297)) ;
#1285=CARTESIAN_POINT('Vertex',(446.150252677,-345.240144851,-176.737642917)) ;
#1288=CARTESIAN_POINT('Axis2P3D Location',(467.680010061,-361.531446276,-176.988730271)) ;
#1300=CARTESIAN_POINT('Axis2P3D Location',(467.680010061,-361.531446276,-176.988730271)) ;
#1312=CARTESIAN_POINT('Axis2P3D Location',(467.680010061,-361.531446276,-176.988730271)) ;
#1317=CARTESIAN_POINT('Line Origine',(489.40911705,-377.958182558,-178.242023758)) ;
#1321=CARTESIAN_POINT('Vertex',(489.608466655,-378.093617415,-179.244229892)) ;
#1324=CARTESIAN_POINT('Line Origine',(445.950903071,-345.07388894,-177.735199284)) ;
#1328=CARTESIAN_POINT('Vertex',(445.751553466,-344.90763303,-178.732755652)) ;
#1332=CARTESIAN_POINT('Control Point',(445.751553466,-344.90763303,-178.732755652)) ;
#1333=CARTESIAN_POINT('Control Point',(446.083607653,-344.468911278,-178.725993916)) ;
#1334=CARTESIAN_POINT('Control Point',(446.428954591,-344.040005767,-178.719383471)) ;
#1335=CARTESIAN_POINT('Control Point',(446.786874183,-343.621840502,-178.712938559)) ;
#1336=CARTESIAN_POINT('Vertex',(446.786874078,-343.621840625,-178.712938561)) ;
#1339=CARTESIAN_POINT('Axis2P3D Location',(467.680010061,-361.500625222,-178.988492772)) ;
#1343=CARTESIAN_POINT('Vertex',(470.740596161,-334.174713714,-178.567336068)) ;
#1347=CARTESIAN_POINT('Control Point',(470.740596161,-334.174713714,-178.567336068)) ;
#1348=CARTESIAN_POINT('Control Point',(471.403210638,-334.248910948,-178.568479622)) ;
#1349=CARTESIAN_POINT('Control Point',(472.063401061,-334.347261486,-178.569995436)) ;
#1350=CARTESIAN_POINT('Control Point',(472.718762591,-334.469395045,-178.571877802)) ;
#1351=CARTESIAN_POINT('Vertex',(472.718762591,-334.469395045,-178.571877802)) ;
#1354=CARTESIAN_POINT('Axis2P3D Location',(467.680010061,-361.500625222,-178.988492772)) ;
#1358=CARTESIAN_POINT('Vertex',(492.878045417,-350.487900764,-178.818760731)) ;
#1362=CARTESIAN_POINT('Control Point',(492.878047193,-350.48790005,-178.81876072)) ;
#1363=CARTESIAN_POINT('Control Point',(493.14498321,-351.098526955,-178.82817192)) ;
#1364=CARTESIAN_POINT('Control Point',(493.38991593,-351.719379127,-178.837740715)) ;
#1365=CARTESIAN_POINT('Control Point',(493.611898787,-352.34818025,-178.847432023)) ;
#1366=CARTESIAN_POINT('Vertex',(493.611898572,-352.348179642,-178.847432013)) ;
#1369=CARTESIAN_POINT('Axis2P3D Location',(467.680010061,-361.500625222,-178.988492772)) ;
#1373=CARTESIAN_POINT('Vertex',(489.817460757,-377.813811321,-179.239917421)) ;
#1377=CARTESIAN_POINT('Control Point',(489.817461078,-377.813811548,-179.239917424)) ;
#1378=CARTESIAN_POINT('Control Point',(489.748386307,-377.907525688,-179.24136178)) ;
#1379=CARTESIAN_POINT('Control Point',(489.678721005,-378.00079488,-179.242799278)) ;
#1380=CARTESIAN_POINT('Control Point',(489.608466655,-378.093617415,-179.244229892)) ;
#1396=CARTESIAN_POINT('Control Point',(489.608466655,-378.093617415,-179.244229892)) ;
#1397=CARTESIAN_POINT('Control Point',(489.276412468,-378.532339167,-179.250991628)) ;
#1398=CARTESIAN_POINT('Control Point',(488.931065531,-378.961244677,-179.257602073)) ;
#1399=CARTESIAN_POINT('Control Point',(488.573145938,-379.379409942,-179.264046986)) ;
#1400=CARTESIAN_POINT('Vertex',(488.573146043,-379.37940982,-179.264046984)) ;
#1403=CARTESIAN_POINT('Axis2P3D Location',(467.680010061,-361.500625222,-178.988492772)) ;
#1407=CARTESIAN_POINT('Vertex',(464.619424181,-388.82653503,-179.40964945)) ;
#1411=CARTESIAN_POINT('Control Point',(464.61942396,-388.82653673,-179.409649476)) ;
#1412=CARTESIAN_POINT('Control Point',(463.956809483,-388.752339497,-179.408505922)) ;
#1413=CARTESIAN_POINT('Control Point',(463.29661906,-388.653988959,-179.406990109)) ;
#1414=CARTESIAN_POINT('Control Point',(462.641257531,-388.5318554,-179.405107743)) ;
#1415=CARTESIAN_POINT('Vertex',(462.641257532,-388.5318554,-179.405107743)) ;
#1418=CARTESIAN_POINT('Axis2P3D Location',(467.680010061,-361.500625222,-178.988492772)) ;
#1422=CARTESIAN_POINT('Vertex',(442.481974706,-372.51334968,-179.158224813)) ;
#1426=CARTESIAN_POINT('Control Point',(442.481972928,-372.513350394,-179.158224824)) ;
#1427=CARTESIAN_POINT('Control Point',(442.215036912,-371.90272349,-179.148813625)) ;
#1428=CARTESIAN_POINT('Control Point',(441.970104191,-371.281871317,-179.139244829)) ;
#1429=CARTESIAN_POINT('Control Point',(441.748121335,-370.653070194,-179.129553522)) ;
#1430=CARTESIAN_POINT('Vertex',(441.748121549,-370.653070803,-179.129553531)) ;
#1433=CARTESIAN_POINT('Axis2P3D Location',(467.680010061,-361.500625222,-178.988492772)) ;
#1437=CARTESIAN_POINT('Vertex',(445.542559365,-345.187439123,-178.737068124)) ;
#1441=CARTESIAN_POINT('Control Point',(445.542559044,-345.187438896,-178.73706812)) ;
#1442=CARTESIAN_POINT('Control Point',(445.611633815,-345.093724757,-178.735623764)) ;
#1443=CARTESIAN_POINT('Control Point',(445.681299117,-345.000455564,-178.734186266)) ;
#1444=CARTESIAN_POINT('Control Point',(445.751553466,-344.90763303,-178.732755652)) ;
#1459=CARTESIAN_POINT('Axis2P3D Location',(-6.87609884519E-012,2.67212868605,-173.375732268)) ;
#1464=CARTESIAN_POINT('Line Origine',(445.143993608,-344.870740009,-178.732187044)) ;
#1468=CARTESIAN_POINT('Vertex',(444.745427852,-344.554040896,-178.727305964)) ;
#1471=CARTESIAN_POINT('Axis2P3D Location',(445.367585362,-343.771241769,-178.715241184)) ;
#1475=CARTESIAN_POINT('Vertex',(445.989742873,-342.988442642,-178.703176405)) ;
#1478=CARTESIAN_POINT('Line Origine',(446.388308475,-343.305141633,-178.708057483)) ;
#1491=CARTESIAN_POINT('Axis2P3D Location',(467.680010061,-361.364115443,-187.845657114)) ;
#1496=CARTESIAN_POINT('Line Origine',(446.786874078,-343.537082727,-184.21228544)) ;
#1500=CARTESIAN_POINT('Vertex',(446.786874078,-343.45232483,-189.711632319)) ;
#1503=CARTESIAN_POINT('Axis2P3D Location',(467.680010061,-361.331109427,-189.987186531)) ;
#1507=CARTESIAN_POINT('Vertex',(470.740596194,-334.005197923,-189.566029826)) ;
#1510=CARTESIAN_POINT('Line Origine',(470.740596194,-334.08995582,-184.066682947)) ;
#1522=CARTESIAN_POINT('Line Origine',(470.815615338,-333.671237274,-178.559576309)) ;
#1526=CARTESIAN_POINT('Vertex',(470.890634481,-333.167760829,-178.55181655)) ;
#1529=CARTESIAN_POINT('Axis2P3D Location',(471.879717679,-333.315101493,-178.554087417)) ;
#1533=CARTESIAN_POINT('Vertex',(472.868800877,-333.462442156,-178.556358284)) ;
#1536=CARTESIAN_POINT('Line Origine',(472.793781733,-333.9659186,-178.564118043)) ;
#1548=CARTESIAN_POINT('Line Origine',(492.878047198,-350.403142164,-184.318107599)) ;
#1552=CARTESIAN_POINT('Vertex',(492.878047198,-350.318384266,-189.817454479)) ;
#1555=CARTESIAN_POINT('Line Origine',(472.718762589,-334.384637147,-184.071224681)) ;
#1559=CARTESIAN_POINT('Vertex',(472.718762589,-334.299879249,-189.57057156)) ;
#1562=CARTESIAN_POINT('Axis2P3D Location',(467.680010061,-361.331109427,-189.987186531)) ;
#1574=CARTESIAN_POINT('Line Origine',(493.351631054,-350.30112296,-178.815882045)) ;
#1578=CARTESIAN_POINT('Vertex',(493.825216691,-350.114345156,-178.813003359)) ;
#1581=CARTESIAN_POINT('Axis2P3D Location',(494.192142378,-351.044484946,-178.827339005)) ;
#1585=CARTESIAN_POINT('Vertex',(494.559068065,-351.974624737,-178.841674652)) ;
#1588=CARTESIAN_POINT('Line Origine',(494.085483318,-352.161402189,-178.844553332)) ;
#1600=CARTESIAN_POINT('Line Origine',(493.611898572,-352.263421744,-184.346778892)) ;
#1604=CARTESIAN_POINT('Vertex',(493.611898572,-352.178663847,-189.846125772)) ;
#1607=CARTESIAN_POINT('Axis2P3D Location',(467.680010061,-361.331109427,-189.987186531)) ;
#1611=CARTESIAN_POINT('Vertex',(489.817461065,-377.644295771,-190.238611183)) ;
#1614=CARTESIAN_POINT('Line Origine',(489.817461065,-377.729053669,-184.739264304)) ;
#1626=CARTESIAN_POINT('Line Origine',(490.216026513,-378.130510435,-179.2447985)) ;
#1630=CARTESIAN_POINT('Vertex',(490.61459227,-378.447209549,-179.24967958)) ;
#1633=CARTESIAN_POINT('Axis2P3D Location',(489.992434759,-379.230008676,-179.26174436)) ;
#1637=CARTESIAN_POINT('Vertex',(489.370277249,-380.012807803,-179.273809139)) ;
#1640=CARTESIAN_POINT('Line Origine',(488.971711646,-379.696108811,-179.268928062)) ;
#1653=CARTESIAN_POINT('Line Origine',(488.573146043,-379.294651922,-184.763393863)) ;
#1657=CARTESIAN_POINT('Vertex',(488.573146043,-379.209894025,-190.262740742)) ;
#1660=CARTESIAN_POINT('Axis2P3D Location',(467.680010061,-361.331109427,-189.987186531)) ;
#1664=CARTESIAN_POINT('Vertex',(464.619423928,-388.657020932,-190.408343235)) ;
#1667=CARTESIAN_POINT('Line Origine',(464.619423928,-388.741778829,-184.908996356)) ;
#1679=CARTESIAN_POINT('Line Origine',(464.54440491,-389.330012322,-179.417409222)) ;
#1683=CARTESIAN_POINT('Vertex',(464.46938564,-389.833489615,-179.425168994)) ;
#1686=CARTESIAN_POINT('Axis2P3D Location',(463.480302442,-389.686148952,-179.422898127)) ;
#1690=CARTESIAN_POINT('Vertex',(462.491219245,-389.538808288,-179.42062726)) ;
#1693=CARTESIAN_POINT('Line Origine',(462.566238388,-389.035331844,-179.412867501)) ;
#1705=CARTESIAN_POINT('Line Origine',(462.641257532,-388.447097503,-184.904454622)) ;
#1709=CARTESIAN_POINT('Vertex',(462.641257532,-388.362339605,-190.403801501)) ;
#1712=CARTESIAN_POINT('Axis2P3D Location',(467.680010061,-361.331109427,-189.987186531)) ;
#1716=CARTESIAN_POINT('Vertex',(442.481972924,-372.343834588,-190.156918583)) ;
#1719=CARTESIAN_POINT('Line Origine',(442.481972924,-372.428592486,-184.657571704)) ;
#1731=CARTESIAN_POINT('Line Origine',(442.008389068,-372.700127484,-179.1611035)) ;
#1735=CARTESIAN_POINT('Vertex',(441.534803431,-372.886905289,-179.163982186)) ;
#1738=CARTESIAN_POINT('Axis2P3D Location',(441.167877744,-371.956765498,-179.149646539)) ;
#1742=CARTESIAN_POINT('Vertex',(440.800952057,-371.026625708,-179.135310893)) ;
#1745=CARTESIAN_POINT('Line Origine',(441.274536803,-370.839848255,-179.132432212)) ;
#1757=CARTESIAN_POINT('Axis2P3D Location',(467.680010061,-361.331109427,-189.987186531)) ;
#1761=CARTESIAN_POINT('Vertex',(441.748121549,-370.483555008,-190.12824729)) ;
#1763=CARTESIAN_POINT('Vertex',(445.542559057,-345.017923083,-189.735761879)) ;
#1766=CARTESIAN_POINT('Line Origine',(445.542559057,-345.102680981,-184.236414999)) ;
#1771=CARTESIAN_POINT('Line Origine',(441.748121549,-370.568312905,-184.62890041)) ;
#1783=CARTESIAN_POINT('Axis2P3D Location',(467.680010061,-361.300288374,-191.986949032)) ;
#1789=CARTESIAN_POINT('Control Point',(447.178583992,-343.732755259,-191.71619194)) ;
#1790=CARTESIAN_POINT('Control Point',(447.048013742,-343.639278121,-191.048012297)) ;
#1791=CARTESIAN_POINT('Control Point',(446.917443752,-343.545801301,-190.379825513)) ;
#1792=CARTESIAN_POINT('Control Point',(446.786874078,-343.45232483,-189.711632319)) ;
#1793=CARTESIAN_POINT('Vertex',(447.178583992,-343.732755259,-191.71619194)) ;
#1796=CARTESIAN_POINT('Axis2P3D Location',(467.680010061,-361.300288374,-191.986949032)) ;
#1800=CARTESIAN_POINT('Vertex',(470.666867447,-334.469193063,-191.573418612)) ;
#1804=CARTESIAN_POINT('Control Point',(470.666867447,-334.469193063,-191.573418612)) ;
#1805=CARTESIAN_POINT('Control Point',(470.691443748,-334.314527558,-190.904295912)) ;
#1806=CARTESIAN_POINT('Control Point',(470.716020001,-334.159862492,-190.235166073)) ;
#1807=CARTESIAN_POINT('Control Point',(470.740596194,-334.005197923,-189.566029826)) ;
#1817=CARTESIAN_POINT('Control Point',(492.412608537,-350.471127925,-191.820046145)) ;
#1818=CARTESIAN_POINT('Control Point',(492.567755088,-350.420213135,-191.152522489)) ;
#1819=CARTESIAN_POINT('Control Point',(492.72290133,-350.369298577,-190.484991689)) ;
#1820=CARTESIAN_POINT('Control Point',(492.878047198,-350.318384266,-189.817454479)) ;
#1821=CARTESIAN_POINT('Vertex',(492.412608537,-350.471127925,-191.820046145)) ;
#1825=CARTESIAN_POINT('Control Point',(472.645033843,-334.76387439,-191.577960346)) ;
#1826=CARTESIAN_POINT('Control Point',(472.669610144,-334.609208885,-190.908837646)) ;
#1827=CARTESIAN_POINT('Control Point',(472.694186396,-334.454543819,-190.239707807)) ;
#1828=CARTESIAN_POINT('Control Point',(472.718762589,-334.299879249,-189.57057156)) ;
#1829=CARTESIAN_POINT('Vertex',(472.645033843,-334.76387439,-191.577960346)) ;
#1832=CARTESIAN_POINT('Axis2P3D Location',(467.680010061,-361.300288374,-191.986949032)) ;
#1845=CARTESIAN_POINT('Control Point',(493.146459911,-352.331407505,-191.848717438)) ;
#1846=CARTESIAN_POINT('Control Point',(493.301606463,-352.280492715,-191.181193782)) ;
#1847=CARTESIAN_POINT('Control Point',(493.456752705,-352.229578158,-190.513662982)) ;
#1848=CARTESIAN_POINT('Control Point',(493.611898572,-352.178663847,-189.846125772)) ;
#1849=CARTESIAN_POINT('Vertex',(493.146459911,-352.331407505,-191.848717438)) ;
#1852=CARTESIAN_POINT('Axis2P3D Location',(467.680010061,-361.300288374,-191.986949032)) ;
#1856=CARTESIAN_POINT('Vertex',(489.425751151,-377.302223235,-192.233576566)) ;
#1860=CARTESIAN_POINT('Control Point',(489.425751151,-377.302223235,-192.233576566)) ;
#1861=CARTESIAN_POINT('Control Point',(489.556321401,-377.416247529,-191.568595009)) ;
#1862=CARTESIAN_POINT('Control Point',(489.68689139,-377.530271726,-190.903606304)) ;
#1863=CARTESIAN_POINT('Control Point',(489.817461065,-377.644295771,-190.238611183)) ;
#1873=CARTESIAN_POINT('Control Point',(488.181436129,-378.867821488,-192.257706125)) ;
#1874=CARTESIAN_POINT('Control Point',(488.312006379,-378.981845782,-191.592724569)) ;
#1875=CARTESIAN_POINT('Control Point',(488.442576369,-379.095869979,-190.927735864)) ;
#1876=CARTESIAN_POINT('Control Point',(488.573146043,-379.209894025,-190.262740742)) ;
#1877=CARTESIAN_POINT('Vertex',(488.181436129,-378.867821488,-192.257706125)) ;
#1880=CARTESIAN_POINT('Axis2P3D Location',(467.680010061,-361.300288374,-191.986949032)) ;
#1884=CARTESIAN_POINT('Vertex',(464.693152674,-388.131383684,-192.400479453)) ;
#1888=CARTESIAN_POINT('Control Point',(464.693152674,-388.131383684,-192.400479453)) ;
#1889=CARTESIAN_POINT('Control Point',(464.668576373,-388.306596345,-191.736440953)) ;
#1890=CARTESIAN_POINT('Control Point',(464.644000121,-388.481808788,-191.072395304)) ;
#1891=CARTESIAN_POINT('Control Point',(464.619423928,-388.657020932,-190.408343235)) ;
#1901=CARTESIAN_POINT('Control Point',(462.714986279,-387.836702357,-192.395937719)) ;
#1902=CARTESIAN_POINT('Control Point',(462.690409978,-388.011915019,-191.73189922)) ;
#1903=CARTESIAN_POINT('Control Point',(462.665833725,-388.187127461,-191.06785357)) ;
#1904=CARTESIAN_POINT('Control Point',(462.641257532,-388.362339605,-190.403801501)) ;
#1905=CARTESIAN_POINT('Vertex',(462.714986279,-387.836702357,-192.395937719)) ;
#1908=CARTESIAN_POINT('Axis2P3D Location',(467.680010061,-361.300288374,-191.986949032)) ;
#1912=CARTESIAN_POINT('Vertex',(442.947411584,-372.129448823,-192.153851919)) ;
#1916=CARTESIAN_POINT('Control Point',(442.947411584,-372.129448823,-192.153851919)) ;
#1917=CARTESIAN_POINT('Control Point',(442.792265033,-372.200910769,-191.488214377)) ;
#1918=CARTESIAN_POINT('Control Point',(442.637118791,-372.272372703,-190.822569687)) ;
#1919=CARTESIAN_POINT('Control Point',(442.481972924,-372.343834588,-190.156918583)) ;
#1928=CARTESIAN_POINT('Axis2P3D Location',(467.680010061,-361.300288374,-191.986949032)) ;
#1932=CARTESIAN_POINT('Vertex',(442.21356021,-370.269169242,-192.125180626)) ;
#1934=CARTESIAN_POINT('Vertex',(445.934268971,-345.298353512,-191.740321499)) ;
#1938=CARTESIAN_POINT('Control Point',(445.934268971,-345.298353512,-191.740321499)) ;
#1939=CARTESIAN_POINT('Control Point',(445.803698721,-345.204876375,-191.072141857)) ;
#1940=CARTESIAN_POINT('Control Point',(445.673128731,-345.111399555,-190.403955072)) ;
#1941=CARTESIAN_POINT('Control Point',(445.542559057,-345.017923083,-189.735761879)) ;
#1944=CARTESIAN_POINT('Control Point',(442.21356021,-370.269169242,-192.125180626)) ;
#1945=CARTESIAN_POINT('Control Point',(442.058413659,-370.340631188,-191.459543084)) ;
#1946=CARTESIAN_POINT('Control Point',(441.903267417,-370.412093122,-190.793898394)) ;
#1947=CARTESIAN_POINT('Control Point',(441.748121549,-370.483555008,-190.12824729)) ;
#1956=CARTESIAN_POINT('Line Origine',(447.178583992,-343.84833421,-184.217082559)) ;
#1960=CARTESIAN_POINT('Vertex',(447.178583992,-343.701934205,-193.715954441)) ;
#1963=CARTESIAN_POINT('Axis2P3D Location',(467.680010061,-361.26946732,-193.986711534)) ;
#1967=CARTESIAN_POINT('Vertex',(470.666867447,-334.43837201,-193.573181113)) ;
#1970=CARTESIAN_POINT('Line Origine',(470.666867447,-334.584772015,-184.074309231)) ;
#1982=CARTESIAN_POINT('Line Origine',(492.412608537,-350.586706876,-184.320936764)) ;
#1986=CARTESIAN_POINT('Vertex',(492.412608537,-350.440306871,-193.819808647)) ;
#1989=CARTESIAN_POINT('Line Origine',(472.645033843,-334.879453341,-184.078850965)) ;
#1993=CARTESIAN_POINT('Vertex',(472.645033843,-334.733053336,-193.577722847)) ;
#1996=CARTESIAN_POINT('Axis2P3D Location',(467.680010061,-361.26946732,-193.986711534)) ;
#2008=CARTESIAN_POINT('Line Origine',(493.146459911,-352.446986456,-184.349608057)) ;
#2012=CARTESIAN_POINT('Vertex',(493.146459911,-352.300586451,-193.84847994)) ;
#2015=CARTESIAN_POINT('Axis2P3D Location',(467.680010061,-361.26946732,-193.986711534)) ;
#2019=CARTESIAN_POINT('Vertex',(489.425751151,-377.271402181,-194.233339067)) ;
#2022=CARTESIAN_POINT('Line Origine',(489.425751151,-377.417802186,-184.734467185)) ;
#2034=CARTESIAN_POINT('Line Origine',(488.181436129,-378.98340044,-184.758596744)) ;
#2038=CARTESIAN_POINT('Vertex',(488.181436129,-378.837000435,-194.257468626)) ;
#2041=CARTESIAN_POINT('Axis2P3D Location',(467.680010061,-361.26946732,-193.986711534)) ;
#2045=CARTESIAN_POINT('Vertex',(464.693152674,-388.10056263,-194.400241954)) ;
#2048=CARTESIAN_POINT('Line Origine',(464.693152674,-388.246962635,-184.901370072)) ;
#2060=CARTESIAN_POINT('Line Origine',(462.714986279,-387.952281308,-184.896828338)) ;
#2064=CARTESIAN_POINT('Vertex',(462.714986279,-387.805881303,-194.39570022)) ;
#2067=CARTESIAN_POINT('Axis2P3D Location',(467.680010061,-361.26946732,-193.986711534)) ;
#2071=CARTESIAN_POINT('Vertex',(442.947411584,-372.098627769,-194.153614421)) ;
#2074=CARTESIAN_POINT('Line Origine',(442.947411584,-372.245027774,-184.654742539)) ;
#2086=CARTESIAN_POINT('Axis2P3D Location',(467.680010061,-361.26946732,-193.986711534)) ;
#2090=CARTESIAN_POINT('Vertex',(442.21356021,-370.238348188,-194.124943128)) ;
#2092=CARTESIAN_POINT('Vertex',(445.934268971,-345.267532459,-193.740084001)) ;
#2095=CARTESIAN_POINT('Line Origine',(445.934268971,-345.413932464,-184.241212118)) ;
#2100=CARTESIAN_POINT('Line Origine',(442.21356021,-370.384748193,-184.626071246)) ;
#2112=CARTESIAN_POINT('Axis2P3D Location',(494.38554326,-365.245739551,-194.047995261)) ;
#2117=CARTESIAN_POINT('Line Origine',(447.571029717,-344.013770361,-193.720760572)) ;
#2121=CARTESIAN_POINT('Vertex',(447.963475442,-344.325606516,-193.725566702)) ;
#2124=CARTESIAN_POINT('Axis2P3D Location',(467.679501809,-361.27288005,-193.986764132)) ;
#2128=CARTESIAN_POINT('Vertex',(470.518895716,-335.431455602,-193.588486872)) ;
#2131=CARTESIAN_POINT('Line Origine',(470.592881582,-334.934913806,-193.580833993)) ;
#2143=CARTESIAN_POINT('Line Origine',(491.946295766,-350.624216324,-193.822643125)) ;
#2147=CARTESIAN_POINT('Vertex',(491.479982994,-350.808125777,-193.825477603)) ;
#2150=CARTESIAN_POINT('Line Origine',(472.571047979,-335.229595123,-193.585375727)) ;
#2154=CARTESIAN_POINT('Vertex',(472.497062115,-335.72613691,-193.593028606)) ;
#2157=CARTESIAN_POINT('Axis2P3D Location',(467.679501809,-361.27288005,-193.986764132)) ;
#2169=CARTESIAN_POINT('Line Origine',(492.680254147,-352.484453702,-193.851313767)) ;
#2173=CARTESIAN_POINT('Vertex',(492.214048383,-352.668320952,-193.854147595)) ;
#2176=CARTESIAN_POINT('Axis2P3D Location',(467.679501809,-361.27288005,-193.986764132)) ;
#2180=CARTESIAN_POINT('Vertex',(492.500634857,-369.012203418,-194.106045347)) ;
#2183=CARTESIAN_POINT('Axis2P3D Location',(467.679501809,-361.27288005,-193.986764132)) ;
#2187=CARTESIAN_POINT('Vertex',(488.64356162,-376.649876806,-194.223759896)) ;
#2190=CARTESIAN_POINT('Line Origine',(489.034656385,-376.960639494,-194.228549482)) ;
#2203=CARTESIAN_POINT('Axis2P3D Location',(467.679501809,-361.27288005,-193.986764132)) ;
#2207=CARTESIAN_POINT('Vertex',(464.840107404,-387.114304442,-194.385041391)) ;
#2209=CARTESIAN_POINT('Vertex',(487.399426696,-378.215618165,-194.247891661)) ;
#2212=CARTESIAN_POINT('Line Origine',(464.766630039,-387.607433536,-194.392641673)) ;
#2217=CARTESIAN_POINT('Line Origine',(487.790431413,-378.5263093,-194.252680144)) ;
#2229=CARTESIAN_POINT('Line Origine',(443.41201251,-371.915393452,-194.150790348)) ;
#2233=CARTESIAN_POINT('Vertex',(443.876613436,-371.732159135,-194.147966276)) ;
#2236=CARTESIAN_POINT('Line Origine',(462.788463645,-387.3127522,-194.388099939)) ;
#2240=CARTESIAN_POINT('Vertex',(462.861941012,-386.819623096,-194.380499657)) ;
#2243=CARTESIAN_POINT('Axis2P3D Location',(467.679501809,-361.27288005,-193.986764132)) ;
#2255=CARTESIAN_POINT('Line Origine',(442.678268143,-370.055071669,-194.122118405)) ;
#2259=CARTESIAN_POINT('Vertex',(443.142976076,-369.87179515,-194.119293682)) ;
#2262=CARTESIAN_POINT('Axis2P3D Location',(467.679501809,-361.27288005,-193.986764132)) ;
#2266=CARTESIAN_POINT('Vertex',(442.858368761,-353.533556681,-193.867482917)) ;
#2269=CARTESIAN_POINT('Axis2P3D Location',(467.679501809,-361.27288005,-193.986764132)) ;
#2273=CARTESIAN_POINT('Vertex',(446.718980323,-345.891061665,-193.749694055)) ;
#2276=CARTESIAN_POINT('Line Origine',(446.326624647,-345.579297062,-193.744889028)) ;
#2289=CARTESIAN_POINT('Axis2P3D Location',(467.679501809,-361.253616891,-195.236615696)) ;
#2294=CARTESIAN_POINT('Line Origine',(443.142976076,-369.852531991,-195.369145245)) ;
#2298=CARTESIAN_POINT('Vertex',(443.142976076,-369.833268832,-196.618996809)) ;
#2301=CARTESIAN_POINT('Axis2P3D Location',(467.679501809,-361.234353732,-196.486467259)) ;
#2305=CARTESIAN_POINT('Vertex',(442.858368761,-353.495030364,-196.367186044)) ;
#2308=CARTESIAN_POINT('Line Origine',(442.858368761,-353.514293522,-195.117334481)) ;
#2320=CARTESIAN_POINT('Line Origine',(446.718980323,-345.871798506,-194.999545619)) ;
#2324=CARTESIAN_POINT('Vertex',(446.718980323,-345.852535348,-196.249397182)) ;
#2327=CARTESIAN_POINT('Axis2P3D Location',(467.679501809,-361.234353732,-196.486467259)) ;
#2339=CARTESIAN_POINT('Axis2P3D Location',(467.679501809,-361.234353732,-196.486467259)) ;
#2343=CARTESIAN_POINT('Vertex',(443.876613436,-371.693632818,-196.647669403)) ;
#2345=CARTESIAN_POINT('Vertex',(462.861941012,-386.781096779,-196.880202784)) ;
#2348=CARTESIAN_POINT('Line Origine',(443.876613436,-371.712895977,-195.397817839)) ;
#2353=CARTESIAN_POINT('Line Origine',(462.861941012,-386.800359938,-195.63035122)) ;
#2365=CARTESIAN_POINT('Line Origine',(487.399426696,-378.196355006,-195.497743224)) ;
#2369=CARTESIAN_POINT('Vertex',(487.399426696,-378.177091848,-196.747594788)) ;
#2372=CARTESIAN_POINT('Axis2P3D Location',(467.679501809,-361.234353732,-196.486467259)) ;
#2376=CARTESIAN_POINT('Vertex',(464.840107404,-387.075778125,-196.884744518)) ;
#2379=CARTESIAN_POINT('Line Origine',(464.840107404,-387.095041284,-195.634892954)) ;
#2391=CARTESIAN_POINT('Line Origine',(492.214048383,-352.649057794,-195.103999159)) ;
#2395=CARTESIAN_POINT('Vertex',(492.214048383,-352.629794635,-196.353850722)) ;
#2398=CARTESIAN_POINT('Axis2P3D Location',(467.679501809,-361.234353732,-196.486467259)) ;
#2402=CARTESIAN_POINT('Vertex',(493.652294721,-360.045365709,-196.468142151)) ;
#2406=CARTESIAN_POINT('Control Point',(493.652294721,-360.045365709,-196.468142151)) ;
#2407=CARTESIAN_POINT('Control Point',(493.668891831,-360.411677017,-196.224408364)) ;
#2408=CARTESIAN_POINT('Control Point',(493.677878345,-360.777896461,-195.979959056)) ;
#2409=CARTESIAN_POINT('Control Point',(493.679301053,-361.143751229,-195.734981788)) ;
#2410=CARTESIAN_POINT('Vertex',(493.679301053,-361.143751229,-195.734981788)) ;
#2413=CARTESIAN_POINT('Axis2P3D Location',(467.679501809,-361.245911628,-195.736556321)) ;
#2417=CARTESIAN_POINT('Vertex',(492.522436828,-368.914979939,-195.85475474)) ;
#2421=CARTESIAN_POINT('Control Point',(492.500634857,-368.984450425,-195.906742914)) ;
#2422=CARTESIAN_POINT('Control Point',(492.507935827,-368.961302197,-195.889416168)) ;
#2423=CARTESIAN_POINT('Control Point',(492.515203155,-368.938145341,-195.872086757)) ;
#2424=CARTESIAN_POINT('Control Point',(492.522436828,-368.914979939,-195.85475474)) ;
#2425=CARTESIAN_POINT('Vertex',(492.500634857,-368.984450425,-195.906742914)) ;
#2428=CARTESIAN_POINT('Line Origine',(492.500634857,-368.99294026,-195.35589691)) ;
#2443=CARTESIAN_POINT('Line Origine',(488.64356162,-376.630613647,-195.47361146)) ;
#2447=CARTESIAN_POINT('Vertex',(488.64356162,-376.611350489,-196.723463023)) ;
#2451=CARTESIAN_POINT('Control Point',(492.180050799,-369.935222431,-196.620568154)) ;
#2452=CARTESIAN_POINT('Control Point',(492.293274873,-369.620055806,-196.383220336)) ;
#2453=CARTESIAN_POINT('Control Point',(492.400145384,-369.303059164,-196.145225652)) ;
#2454=CARTESIAN_POINT('Control Point',(492.500634857,-368.984450425,-195.906742914)) ;
#2455=CARTESIAN_POINT('Vertex',(492.180050799,-369.935222431,-196.620568154)) ;
#2458=CARTESIAN_POINT('Axis2P3D Location',(467.679501809,-361.234353732,-196.486467259)) ;
#2471=CARTESIAN_POINT('Line Origine',(491.479982994,-350.788862618,-195.075329166)) ;
#2475=CARTESIAN_POINT('Vertex',(491.479982994,-350.76959946,-196.32518073)) ;
#2478=CARTESIAN_POINT('Line Origine',(472.497062115,-335.706873752,-194.842880169)) ;
#2482=CARTESIAN_POINT('Vertex',(472.497062115,-335.687610593,-196.092731733)) ;
#2485=CARTESIAN_POINT('Axis2P3D Location',(467.679501809,-361.234353732,-196.486467259)) ;
#2497=CARTESIAN_POINT('Line Origine',(447.963475442,-344.306343358,-194.975418265)) ;
#2501=CARTESIAN_POINT('Vertex',(447.963475442,-344.287080199,-196.225269829)) ;
#2504=CARTESIAN_POINT('Axis2P3D Location',(467.679501809,-361.234353732,-196.486467259)) ;
#2508=CARTESIAN_POINT('Vertex',(470.518895716,-335.392929285,-196.088189999)) ;
#2511=CARTESIAN_POINT('Line Origine',(470.518895716,-335.412192444,-194.838338436)) ;
#2523=CARTESIAN_POINT('Axis2P3D Location',(441.167877744,-371.821923389,-187.898607484)) ;
#2528=CARTESIAN_POINT('Line Origine',(441.534803431,-372.752063179,-187.91294313)) ;
#2532=CARTESIAN_POINT('Vertex',(441.534803431,-372.617221069,-196.661904074)) ;
#2535=CARTESIAN_POINT('Axis2P3D Location',(441.167877744,-371.687081279,-196.647568428)) ;
#2539=CARTESIAN_POINT('Vertex',(440.800952057,-370.756941489,-196.633232781)) ;
#2542=CARTESIAN_POINT('Line Origine',(440.800952057,-370.891783598,-187.884271837)) ;
#2554=CARTESIAN_POINT('Axis2P3D Location',(440.800952057,-370.756941489,-196.633232781)) ;
#2559=CARTESIAN_POINT('Line Origine',(441.971964066,-370.295105161,-196.626114795)) ;
#2575=CARTESIAN_POINT('Axis2P3D Location',(446.180911247,-370.78483903,-196.633662748)) ;
#2580=CARTESIAN_POINT('Line Origine',(442.705708433,-372.155426944,-196.654786739)) ;
#2596=CARTESIAN_POINT('Axis2P3D Location',(463.480302442,-389.551306842,-188.171859071)) ;
#2601=CARTESIAN_POINT('Line Origine',(464.46938564,-389.698647505,-188.174129938)) ;
#2605=CARTESIAN_POINT('Vertex',(464.46938564,-389.563805396,-196.923090883)) ;
#2608=CARTESIAN_POINT('Axis2P3D Location',(463.480302442,-389.416464732,-196.920820016)) ;
#2612=CARTESIAN_POINT('Vertex',(462.491219245,-389.269124069,-196.918549149)) ;
#2615=CARTESIAN_POINT('Line Origine',(462.491219245,-389.403966179,-188.169588204)) ;
#2627=CARTESIAN_POINT('Axis2P3D Location',(462.491219245,-389.269124069,-196.918549149)) ;
#2632=CARTESIAN_POINT('Line Origine',(462.676580128,-388.025110424,-196.899375966)) ;
#2648=CARTESIAN_POINT('Axis2P3D Location',(465.205361689,-384.624444784,-196.846963693)) ;
#2653=CARTESIAN_POINT('Line Origine',(464.654746522,-388.31979176,-196.9039177)) ;
#2669=CARTESIAN_POINT('Axis2P3D Location',(489.992434759,-379.095166566,-188.010705304)) ;
#2674=CARTESIAN_POINT('Line Origine',(490.61459227,-378.312367439,-187.998640525)) ;
#2678=CARTESIAN_POINT('Vertex',(490.61459227,-378.17752533,-196.747601469)) ;
#2681=CARTESIAN_POINT('Axis2P3D Location',(489.992434759,-378.960324456,-196.759666249)) ;
#2685=CARTESIAN_POINT('Vertex',(489.370277249,-379.743123583,-196.771731028)) ;
#2688=CARTESIAN_POINT('Line Origine',(489.370277249,-379.877965693,-188.022770084)) ;
#2700=CARTESIAN_POINT('Axis2P3D Location',(489.370277249,-379.743123583,-196.771731028)) ;
#2705=CARTESIAN_POINT('Line Origine',(488.384851972,-378.960107716,-196.759662908)) ;
#2721=CARTESIAN_POINT('Axis2P3D Location',(486.704460502,-375.070546756,-196.699715606)) ;
#2726=CARTESIAN_POINT('Line Origine',(489.629076945,-377.394437909,-196.735532246)) ;
#2742=CARTESIAN_POINT('Axis2P3D Location',(494.192142378,-350.909642837,-187.576299949)) ;
#2747=CARTESIAN_POINT('Line Origine',(493.825216691,-349.979503046,-187.561964303)) ;
#2751=CARTESIAN_POINT('Vertex',(493.825216691,-349.844660937,-196.310925247)) ;
#2754=CARTESIAN_POINT('Axis2P3D Location',(494.192142378,-350.774800727,-196.325260894)) ;
#2758=CARTESIAN_POINT('Vertex',(494.559068065,-351.704940517,-196.33959654)) ;
#2761=CARTESIAN_POINT('Line Origine',(494.559068065,-351.839782627,-187.590635596)) ;
#2773=CARTESIAN_POINT('Axis2P3D Location',(494.559068065,-351.704940517,-196.33959654)) ;
#2778=CARTESIAN_POINT('Line Origine',(493.386558224,-352.167367576,-196.346723631)) ;
#2794=CARTESIAN_POINT('Axis2P3D Location',(489.179108874,-351.677042975,-196.339166573)) ;
#2799=CARTESIAN_POINT('Line Origine',(492.652599842,-350.307130198,-196.318052989)) ;
#2815=CARTESIAN_POINT('Axis2P3D Location',(471.879717679,-333.180259383,-187.303048362)) ;
#2820=CARTESIAN_POINT('Line Origine',(470.890634481,-333.03291872,-187.300777495)) ;
#2824=CARTESIAN_POINT('Vertex',(470.890634481,-332.89807661,-196.049738439)) ;
#2827=CARTESIAN_POINT('Axis2P3D Location',(471.879717679,-333.045417273,-196.052009306)) ;
#2831=CARTESIAN_POINT('Vertex',(472.868800877,-333.192757937,-196.054280173)) ;
#2834=CARTESIAN_POINT('Line Origine',(472.868800877,-333.327600046,-187.305319229)) ;
#2846=CARTESIAN_POINT('Axis2P3D Location',(472.868800877,-333.192757937,-196.054280173)) ;
#2851=CARTESIAN_POINT('Line Origine',(472.682931496,-334.440184265,-196.073505953)) ;
#2867=CARTESIAN_POINT('Axis2P3D Location',(470.154658432,-337.837437222,-196.125865628)) ;
#2872=CARTESIAN_POINT('Line Origine',(470.704765099,-334.145502948,-196.068964219)) ;
#2888=CARTESIAN_POINT('Axis2P3D Location',(448.655559619,-347.39133525,-196.273113716)) ;
#2893=CARTESIAN_POINT('Line Origine',(445.732204087,-345.068446012,-196.237312518)) ;
#2897=CARTESIAN_POINT('Vertex',(444.745427852,-344.284356676,-196.225227853)) ;
#2900=CARTESIAN_POINT('Line Origine',(444.745427852,-344.419198786,-187.476266908)) ;
#2916=CARTESIAN_POINT('Axis2P3D Location',(445.367585362,-343.636399659,-187.464202129)) ;
#2921=CARTESIAN_POINT('Axis2P3D Location',(445.367585362,-343.501557549,-196.213163073)) ;
#2925=CARTESIAN_POINT('Vertex',(445.989742873,-342.718758422,-196.201098293)) ;
#2928=CARTESIAN_POINT('Line Origine',(445.989742873,-342.853600532,-187.452137349)) ;
#2940=CARTESIAN_POINT('Axis2P3D Location',(445.989742873,-342.718758422,-196.201098293)) ;
#2945=CARTESIAN_POINT('Line Origine',(446.976609157,-343.502919311,-196.213184061)) ;
#2961=CARTESIAN_POINT('Axis2P3D Location',(440.459897843,-371.556644331,-175.64331465)) ;
#2966=CARTESIAN_POINT('Axis2P3D Location',(467.680010061,-361.539147678,-176.489040178)) ;
#2971=CARTESIAN_POINT('Axis2P3D Location',(494.900122278,-351.552472079,-175.335003205)) ;
#2983=CARTESIAN_POINT('Axis2P3D Location',(496.805636651,-360.515109299,-196.475382007)) ;
#2989=CARTESIAN_POINT('Control Point',(479.995920064,-359.105380304,-195.703565688)) ;
#2990=CARTESIAN_POINT('Control Point',(479.930864977,-358.726668802,-195.950659861)) ;
#2991=CARTESIAN_POINT('Control Point',(479.848360246,-358.349071296,-196.195225985)) ;
#2992=CARTESIAN_POINT('Control Point',(479.748172427,-357.974111636,-196.436219244)) ;
#2993=CARTESIAN_POINT('Vertex',(479.748172427,-357.974111636,-196.436219244)) ;
#2995=CARTESIAN_POINT('Vertex',(479.995920064,-359.105380304,-195.703565688)) ;
#2998=CARTESIAN_POINT('Line Origine',(486.258757075,-360.038335755,-195.71794473)) ;
#3003=CARTESIAN_POINT('Line Origine',(486.416594024,-358.967485766,-196.451529481)) ;
#3007=CARTESIAN_POINT('Vertex',(484.487500639,-358.680114694,-196.447100415)) ;
#3010=CARTESIAN_POINT('Line Origine',(486.416594024,-358.967485766,-196.451529481)) ;
#3023=CARTESIAN_POINT('Axis2P3D Location',(496.60264706,-370.594042911,-196.63072213)) ;
#3028=CARTESIAN_POINT('Line Origine',(485.977046307,-367.939933367,-195.839726974)) ;
#3032=CARTESIAN_POINT('Vertex',(478.838012341,-366.876453567,-195.823336244)) ;
#3036=CARTESIAN_POINT('Control Point',(478.838012341,-366.876453567,-195.823336244)) ;
#3037=CARTESIAN_POINT('Control Point',(478.666511606,-367.212131406,-196.081440841)) ;
#3038=CARTESIAN_POINT('Control Point',(478.478632378,-367.541734414,-196.336906591)) ;
#3039=CARTESIAN_POINT('Control Point',(478.274590806,-367.863769085,-196.588642175)) ;
#3040=CARTESIAN_POINT('Vertex',(478.274590806,-367.863769085,-196.588642175)) ;
#3043=CARTESIAN_POINT('Line Origine',(485.819209358,-368.987667564,-196.6059641)) ;
#3047=CARTESIAN_POINT('Vertex',(483.013919018,-368.569772143,-196.599523347)) ;
#3050=CARTESIAN_POINT('Line Origine',(485.819209358,-368.987667564,-196.6059641)) ;
#3064=CARTESIAN_POINT('Axis2P3D Location',(-7.54166353593E-012,2.93025501036,-190.123743219)) ;
#3069=CARTESIAN_POINT('Axis2P3D Location',(467.680010061,-361.242498898,-195.736503723)) ;
#3081=CARTESIAN_POINT('Axis2P3D Location',(480.043682838,-363.071807777,-196.514786757)) ;
#3086=CARTESIAN_POINT('Axis2P3D Location',(467.680010061,-361.230941003,-196.486414661)) ;
#3090=CARTESIAN_POINT('Vertex',(477.647490331,-368.773210181,-196.602658806)) ;
#3093=CARTESIAN_POINT('Axis2P3D Location',(467.680010061,-361.230941003,-196.486414661)) ;
#3097=CARTESIAN_POINT('Vertex',(457.71252979,-353.688671824,-196.370170515)) ;
#3100=CARTESIAN_POINT('Axis2P3D Location',(467.680010061,-361.230941003,-196.486414661)) ;
#3141=CARTESIAN_POINT('Axis2P3D Location',(497.503845209,-356.833417473,-196.168608767)) ;
#3145=CARTESIAN_POINT('Vertex',(497.467023501,-357.080661565,-196.172419382)) ;
#3147=CARTESIAN_POINT('Vertex',(497.540666917,-356.586173381,-196.164798153)) ;
#3150=CARTESIAN_POINT('Line Origine',(497.503845209,-356.833417473,-196.168608767)) ;
#3160=CARTESIAN_POINT('Axis2P3D Location',(554.954688259,-82.6289780467,-1.2735073107)) ;
#3165=CARTESIAN_POINT('Line Origine',(511.709191211,-370.037645938,-198.372354577)) ;
#3169=CARTESIAN_POINT('Vertex',(511.454082935,-371.750603255,-198.398755287)) ;
#3171=CARTESIAN_POINT('Vertex',(511.964299488,-368.324688621,-198.345953868)) ;
#3174=CARTESIAN_POINT('Axis2P3D Location',(511.709191211,-370.033793307,-198.62232489)) ;
#3179=CARTESIAN_POINT('Axis2P3D Location',(511.709191211,-370.033793307,-198.62232489)) ;
#3192=CARTESIAN_POINT('Control Point',(478.802859492,-366.903556058,-198.54740302)) ;
#3193=CARTESIAN_POINT('Control Point',(478.805721208,-366.903982148,-198.15762391)) ;
#3194=CARTESIAN_POINT('Control Point',(478.860843093,-366.802470162,-197.768117305)) ;
#3195=CARTESIAN_POINT('Control Point',(478.96718042,-366.59998595,-197.426245622)) ;
#3196=CARTESIAN_POINT('Control Point',(479.172255111,-366.162117779,-197.005989783)) ;
#3197=CARTESIAN_POINT('Control Point',(479.391016236,-365.605807555,-196.817726911)) ;
#3198=CARTESIAN_POINT('Control Point',(479.470224394,-365.388993914,-196.783019196)) ;
#3199=CARTESIAN_POINT('Control Point',(479.702960174,-364.697221468,-196.790654164)) ;
#3200=CARTESIAN_POINT('Control Point',(479.867912593,-364.048696478,-197.156659528)) ;
#3201=CARTESIAN_POINT('Control Point',(479.930023978,-363.706931491,-197.566766024)) ;
#3202=CARTESIAN_POINT('Control Point',(479.960862046,-363.537391357,-198.057830205)) ;
#3203=CARTESIAN_POINT('Control Point',(479.959461106,-363.537182767,-198.548874345)) ;
#3205=CARTESIAN_POINT('Line Origine',(493.666063777,-365.600205796,-198.303963166)) ;
#3209=CARTESIAN_POINT('Vertex',(494.655157599,-365.747475138,-198.306232933)) ;
#3212=CARTESIAN_POINT('Axis2P3D Location',(494.400049323,-367.456579824,-198.582603956)) ;
#3216=CARTESIAN_POINT('Vertex',(494.144941047,-369.173389772,-198.359034353)) ;
#3219=CARTESIAN_POINT('Line Origine',(493.155847224,-369.02612043,-198.356764585)) ;
#3235=CARTESIAN_POINT('Line Origine',(512.371981956,-365.587252282,-198.303763521)) ;
#3247=CARTESIAN_POINT('Axis2P3D Location',(537.64554637,-80.0517645636,-1.23378637635)) ;
#3252=CARTESIAN_POINT('Line Origine',(494.731444695,-365.235235627,-198.298338115)) ;
#3257=CARTESIAN_POINT('Line Origine',(495.650665556,-359.06300899,-198.203209554)) ;
#3261=CARTESIAN_POINT('Vertex',(495.983382768,-356.828936498,-198.168777232)) ;
#3264=CARTESIAN_POINT('Line Origine',(495.983382768,-356.844347025,-197.168895981)) ;
#3268=CARTESIAN_POINT('Vertex',(495.983382768,-356.859757552,-196.16901473)) ;
#3271=CARTESIAN_POINT('Line Origine',(496.112258746,-355.99440323,-196.15567758)) ;
#3275=CARTESIAN_POINT('Vertex',(496.241134724,-355.129048908,-196.14234043)) ;
#3278=CARTESIAN_POINT('Line Origine',(496.241134724,-355.152164698,-194.642518554)) ;
#3282=CARTESIAN_POINT('Vertex',(496.241134724,-355.175280488,-193.142696678)) ;
#3285=CARTESIAN_POINT('Line Origine',(494.731444695,-365.312288261,-193.298931861)) ;
#3289=CARTESIAN_POINT('Vertex',(493.221754666,-375.449296034,-193.455167044)) ;
#3292=CARTESIAN_POINT('Line Origine',(493.221754666,-375.426180244,-194.95498892)) ;
#3296=CARTESIAN_POINT('Vertex',(493.221754666,-375.403064453,-196.454810796)) ;
#3299=CARTESIAN_POINT('Line Origine',(493.350630644,-374.537710131,-196.441473647)) ;
#3303=CARTESIAN_POINT('Vertex',(493.479506622,-373.672355809,-196.428136497)) ;
#3306=CARTESIAN_POINT('Line Origine',(493.479506622,-373.656945283,-197.428017748)) ;
#3310=CARTESIAN_POINT('Vertex',(493.479506622,-373.641534756,-198.427898999)) ;
#3313=CARTESIAN_POINT('Line Origine',(493.812223835,-371.407462264,-198.393466676)) ;
#3333=CARTESIAN_POINT('Axis2P3D Location',(494.7053954,-375.670200047,-193.458571696)) ;
#3338=CARTESIAN_POINT('Line Origine',(495.225991606,-365.385922932,-193.300066745)) ;
#3342=CARTESIAN_POINT('Vertex',(496.735681635,-355.248915159,-193.143831562)) ;
#3344=CARTESIAN_POINT('Vertex',(493.716301577,-375.522930705,-193.456301928)) ;
#3347=CARTESIAN_POINT('Line Origine',(493.469028122,-375.486113369,-193.455734486)) ;
#3352=CARTESIAN_POINT('Line Origine',(496.48840818,-355.212097824,-193.14326412)) ;
#3364=CARTESIAN_POINT('Axis2P3D Location',(498.331345805,-351.338700455,-192.083447174)) ;
#3369=CARTESIAN_POINT('Line Origine',(494.210848488,-375.604270639,-192.957496186)) ;
#3374=CARTESIAN_POINT('Line Origine',(497.230228546,-355.330255094,-192.64502582)) ;
#3379=CARTESIAN_POINT('Line Origine',(496.216208068,-365.541064691,-192.302339082)) ;
#3383=CARTESIAN_POINT('Vertex',(497.467023501,-357.142303672,-192.172894378)) ;
#3386=CARTESIAN_POINT('Line Origine',(496.216208068,-365.541064691,-192.302339082)) ;
#3390=CARTESIAN_POINT('Vertex',(494.963147356,-373.954901929,-192.432016145)) ;
#3393=CARTESIAN_POINT('Line Origine',(496.216208068,-365.541064691,-192.302339082)) ;
#3409=CARTESIAN_POINT('Axis2P3D Location',(505.867906745,-375.559855455,-193.669766516)) ;
#3414=CARTESIAN_POINT('Line Origine',(505.610154789,-377.299909584,-193.090077725)) ;
#3419=CARTESIAN_POINT('Line Origine',(505.867906745,-375.576906203,-192.5634628)) ;
#3432=CARTESIAN_POINT('Axis2P3D Location',(507.796639699,-375.865721641,-192.461466381)) ;
#3437=CARTESIAN_POINT('Line Origine',(507.594120305,-377.225564147,-192.482424759)) ;
#3441=CARTESIAN_POINT('Vertex',(507.649352867,-376.854698009,-192.476708838)) ;
#3443=CARTESIAN_POINT('Vertex',(507.538887742,-377.596430285,-192.48814068)) ;
#3446=CARTESIAN_POINT('Line Origine',(507.538887742,-377.5870848,-193.094503772)) ;
#3451=CARTESIAN_POINT('Line Origine',(507.796639699,-375.864081419,-192.567888847)) ;
#3455=CARTESIAN_POINT('Vertex',(507.796639699,-375.881132167,-191.46158513)) ;
#3458=CARTESIAN_POINT('Line Origine',(507.722996283,-376.367915088,-191.969146984)) ;
#3471=CARTESIAN_POINT('Axis2P3D Location',(493.708466977,-356.5980907,-191.16438801)) ;
#3476=CARTESIAN_POINT('Line Origine',(508.445426307,-358.279165246,-191.690356713)) ;
#3480=CARTESIAN_POINT('Vertex',(508.371782891,-358.781358693,-191.198037316)) ;
#3483=CARTESIAN_POINT('Line Origine',(506.863414812,-358.556772947,-191.194575921)) ;
#3487=CARTESIAN_POINT('Vertex',(497.467023501,-357.157714199,-191.173013128)) ;
#3490=CARTESIAN_POINT('Line Origine',(497.540666917,-356.655520752,-191.665332525)) ;
#3502=CARTESIAN_POINT('Line Origine',(510.5582678,-357.313345699,-192.764096844)) ;
#3506=CARTESIAN_POINT('Vertex',(510.5582678,-357.322414739,-192.175670314)) ;
#3509=CARTESIAN_POINT('Line Origine',(510.503035238,-357.693280877,-192.181386236)) ;
#3513=CARTESIAN_POINT('Vertex',(510.447802676,-358.064147015,-192.187102157)) ;
#3516=CARTESIAN_POINT('Line Origine',(510.37415926,-358.566340463,-191.69478276)) ;
#3520=CARTESIAN_POINT('Vertex',(510.300515844,-359.06853391,-191.202463363)) ;
#3523=CARTESIAN_POINT('Line Origine',(510.300515844,-359.051759607,-192.290830518)) ;
#3536=CARTESIAN_POINT('Line Origine',(508.629534847,-357.026170483,-192.759670797)) ;
#3541=CARTESIAN_POINT('Line Origine',(508.371782891,-358.76458439,-192.286404471)) ;
#3568=CARTESIAN_POINT('Axis2P3D Location',(434.9364604,-358.036529019,-179.935221648)) ;
#3582=CARTESIAN_POINT('Axis2P3D Location',(467.680010061,-361.364115443,-187.845657114)) ;
#3587=CARTESIAN_POINT('Line Origine',(457.71252979,-353.655924455,-198.494918173)) ;
#3592=CARTESIAN_POINT('Line Origine',(477.647490331,-368.740462812,-198.727406464)) ;
#3623=CARTESIAN_POINT('Axis2P3D Location',(503.056660418,-383.940757814,-180.334466871)) ;
#3628=CARTESIAN_POINT('Line Origine',(502.614585931,-386.907655049,-180.38019375)) ;
#3632=CARTESIAN_POINT('Vertex',(510.083965,-388.020345336,-180.39734293)) ;
#3636=CARTESIAN_POINT('Control Point',(510.083965,-388.020345336,-180.39734293)) ;
#3637=CARTESIAN_POINT('Control Point',(510.083965,-388.03486864,-179.455027313)) ;
#3638=CARTESIAN_POINT('Control Point',(510.138360175,-387.684163321,-178.506124094)) ;
#3639=CARTESIAN_POINT('Control Point',(510.247973413,-386.959631047,-177.749929662)) ;
#3640=CARTESIAN_POINT('Control Point',(510.387018332,-386.03168636,-177.366336718)) ;
#3641=CARTESIAN_POINT('Control Point',(510.525825497,-385.099647804,-177.351971807)) ;
#3650=CARTESIAN_POINT('Line Origine',(497.467023501,-357.200093148,-188.423339688)) ;
#3655=CARTESIAN_POINT('Line Origine',(496.215085428,-365.695002806,-182.803583379)) ;
#3660=CARTESIAN_POINT('Line Origine',(494.963147356,-374.012691405,-188.682461455)) ;
#3678=CARTESIAN_POINT('Axis2P3D Location',(493.708466977,-356.5980907,-191.16438801)) ;
#3683=CARTESIAN_POINT('Line Origine',(507.010701644,-357.552386052,-192.179214714)) ;
#3687=CARTESIAN_POINT('Vertex',(516.407092955,-358.9514448,-192.200777507)) ;
#3690=CARTESIAN_POINT('Line Origine',(516.333449539,-359.453638248,-191.70845811)) ;
#3694=CARTESIAN_POINT('Vertex',(516.259806123,-359.955831695,-191.216138713)) ;
#3697=CARTESIAN_POINT('Line Origine',(506.863414812,-358.556772947,-191.194575921)) ;
#3709=CARTESIAN_POINT('Line Origine',(513.53791294,-357.766063632,-192.18250799)) ;
#3713=CARTESIAN_POINT('Vertex',(516.517558079,-358.209712524,-192.189345665)) ;
#3716=CARTESIAN_POINT('Line Origine',(516.462325517,-358.580578662,-192.195061586)) ;
#3728=CARTESIAN_POINT('Axis2P3D Location',(516.517558079,-358.148070417,-196.188870668)) ;
#3733=CARTESIAN_POINT('Line Origine',(506.379346402,-356.638559662,-196.165605549)) ;
#3737=CARTESIAN_POINT('Vertex',(516.517558079,-358.148070417,-196.188870668)) ;
#3740=CARTESIAN_POINT('Line Origine',(516.517558079,-358.17889147,-194.189108166)) ;
#3758=CARTESIAN_POINT('Axis2P3D Location',(516.333449539,-359.384290877,-196.207923739)) ;
#3763=CARTESIAN_POINT('Line Origine',(506.937058228,-357.985232129,-196.186360946)) ;
#3767=CARTESIAN_POINT('Vertex',(516.333449539,-359.384290877,-196.207923739)) ;
#3770=CARTESIAN_POINT('Line Origine',(516.425503809,-358.766180647,-196.198397203)) ;
#3775=CARTESIAN_POINT('Line Origine',(496.725203135,-356.970209559,-196.170717056)) ;
#3789=CARTESIAN_POINT('Axis2P3D Location',(506.90023652,-358.232476221,-196.19017156)) ;
#3794=CARTESIAN_POINT('Line Origine',(506.863414812,-358.479720313,-196.193982174)) ;
#3798=CARTESIAN_POINT('Vertex',(516.259806123,-359.878779061,-196.215544967)) ;
#3801=CARTESIAN_POINT('Axis2P3D Location',(516.296627831,-359.631534969,-196.211734353)) ;
#3813=CARTESIAN_POINT('Axis2P3D Location',(516.259806123,-359.847958007,-198.215307469)) ;
#3818=CARTESIAN_POINT('Line Origine',(506.121594445,-358.338447253,-198.19204235)) ;
#3822=CARTESIAN_POINT('Vertex',(516.259806123,-359.847958007,-198.215307469)) ;
#3825=CARTESIAN_POINT('Line Origine',(516.259806123,-359.863368534,-197.215426218)) ;
#3838=CARTESIAN_POINT('Axis2P3D Location',(515.00786805,-368.254257136,-198.344868352)) ;
#3843=CARTESIAN_POINT('Line Origine',(515.633837086,-364.051107572,-198.280087911)) ;
#3847=CARTESIAN_POINT('Vertex',(515.00786805,-368.254257136,-198.344868352)) ;
#3850=CARTESIAN_POINT('Line Origine',(503.6177183,-375.15104551,-198.451164117)) ;
#3854=CARTESIAN_POINT('Vertex',(513.755929977,-376.660556264,-198.474429236)) ;
#3857=CARTESIAN_POINT('Line Origine',(514.381899014,-372.4574067,-198.409648794)) ;
#3878=CARTESIAN_POINT('Axis2P3D Location',(513.755929977,-376.753019425,-192.475141731)) ;
#3883=CARTESIAN_POINT('Line Origine',(504.359538667,-375.29231857,-196.453103941)) ;
#3887=CARTESIAN_POINT('Vertex',(513.755929977,-376.691377318,-196.474666734)) ;
#3890=CARTESIAN_POINT('Line Origine',(513.755929977,-376.675966791,-197.474547985)) ;
#3895=CARTESIAN_POINT('Line Origine',(494.221326989,-373.782807816,-196.429838823)) ;
#3908=CARTESIAN_POINT('Axis2P3D Location',(504.322716959,-375.539562662,-196.456914556)) ;
#3913=CARTESIAN_POINT('Line Origine',(504.285895251,-375.786806754,-196.46072517)) ;
#3917=CARTESIAN_POINT('Vertex',(513.682286561,-377.185865502,-196.482287963)) ;
#3920=CARTESIAN_POINT('Axis2P3D Location',(513.719108269,-376.93862141,-196.478477349)) ;
#3932=CARTESIAN_POINT('Line Origine',(503.359966344,-376.912575208,-196.478075915)) ;
#3936=CARTESIAN_POINT('Vertex',(513.498178021,-378.422085962,-196.501341034)) ;
#3939=CARTESIAN_POINT('Line Origine',(513.590232291,-377.803975732,-196.491814498)) ;
#3953=CARTESIAN_POINT('Axis2P3D Location',(513.498178021,-378.422085962,-196.501341034)) ;
#3958=CARTESIAN_POINT('Line Origine',(510.518532882,-378.040079177,-192.494978356)) ;
#3962=CARTESIAN_POINT('Vertex',(513.498178021,-378.48372807,-192.501816031)) ;
#3965=CARTESIAN_POINT('Line Origine',(513.498178021,-378.452907016,-194.501578532)) ;
#3983=CARTESIAN_POINT('Line Origine',(513.553410583,-378.112861932,-192.496100109)) ;
#3987=CARTESIAN_POINT('Vertex',(513.608643145,-377.741995793,-192.490384188)) ;
#3990=CARTESIAN_POINT('Line Origine',(510.628998006,-377.298346901,-192.483546513)) ;
#4002=CARTESIAN_POINT('Axis2P3D Location',(517.36719967,-378.301619293,-192.499009305)) ;
#4007=CARTESIAN_POINT('Line Origine',(504.359538667,-375.369371204,-191.453697687)) ;
#4011=CARTESIAN_POINT('Vertex',(513.755929977,-376.768429952,-191.47526048)) ;
#4014=CARTESIAN_POINT('Line Origine',(513.682286561,-377.255212873,-191.982822334)) ;
#4026=CARTESIAN_POINT('Line Origine',(513.755929977,-376.810808901,-188.725587041)) ;
#4042=CARTESIAN_POINT('Axis2P3D Location',(513.755929977,-376.89941943,-182.976269849)) ;
#4047=CARTESIAN_POINT('Line Origine',(515.00786805,-368.493120302,-182.846708965)) ;
#4059=CARTESIAN_POINT('Line Origine',(516.259806123,-359.998210644,-188.466465274)) ;
#4075=CARTESIAN_POINT('Axis2P3D Location',(512.765935253,-382.773610098,-189.192532398)) ;
#4080=CARTESIAN_POINT('Axis2P3D Location',(512.864844636,-382.788337032,-189.192759375)) ;
#4084=CARTESIAN_POINT('Vertex',(513.078117622,-381.344097617,-189.961646328)) ;
#4086=CARTESIAN_POINT('Vertex',(512.651571649,-384.232576446,-188.423872422)) ;
#4089=CARTESIAN_POINT('Line Origine',(506.952371162,-380.432015639,-189.947588995)) ;
#4094=CARTESIAN_POINT('Line Origine',(506.525825189,-383.320494468,-188.409815088)) ;
#4106=CARTESIAN_POINT('Axis2P3D Location',(512.864844636,-382.788337032,-189.192759375)) ;
#4118=CARTESIAN_POINT('Axis2P3D Location',(498.343380145,-351.309904862,-188.707602539)) ;
#4122=CARTESIAN_POINT('Vertex',(498.130107158,-352.754144276,-187.938715586)) ;
#4124=CARTESIAN_POINT('Vertex',(498.556653131,-349.865665447,-189.476489493)) ;
#4127=CARTESIAN_POINT('Axis2P3D Location',(498.343380145,-351.309904862,-188.707602539)) ;
#4137=CARTESIAN_POINT('Axis2P3D Location',(517.037253384,-354.093295423,-188.750501148)) ;
#4142=CARTESIAN_POINT('Axis2P3D Location',(517.136162766,-354.108022358,-188.750728125)) ;
#4146=CARTESIAN_POINT('Vertex',(516.92288978,-355.552261772,-187.981841172)) ;
#4148=CARTESIAN_POINT('Vertex',(517.349435753,-352.663782943,-189.519615078)) ;
#4151=CARTESIAN_POINT('Line Origine',(510.797143319,-354.640179794,-187.967783839)) ;
#4156=CARTESIAN_POINT('Line Origine',(511.223689292,-351.751700965,-189.505557745)) ;
#4168=CARTESIAN_POINT('Axis2P3D Location',(517.136162766,-354.108022358,-188.750728125)) ;
#4180=CARTESIAN_POINT('Axis2P3D Location',(512.275697307,-386.858665666,-181.829610915)) ;
#4185=CARTESIAN_POINT('Line Origine',(511.286603485,-386.451728947,-198.675340223)) ;
#4189=CARTESIAN_POINT('Vertex',(512.275697307,-386.598998289,-198.677609991)) ;
#4191=CARTESIAN_POINT('Vertex',(510.297509663,-386.304459605,-198.673070455)) ;
#4194=CARTESIAN_POINT('Line Origine',(512.275697307,-386.728831977,-190.253610453)) ;
#4199=CARTESIAN_POINT('Line Origine',(510.297509663,-386.434293293,-190.249070918)) ;
#4211=CARTESIAN_POINT('Axis2P3D Location',(511.433890317,-385.462752579,-198.660097766)) ;
#4216=CARTESIAN_POINT('Axis2P3D Location',(510.444796495,-385.315483237,-198.657827999)) ;
#4220=CARTESIAN_POINT('Vertex',(510.444796495,-385.30007271,-199.657709249)) ;
#4223=CARTESIAN_POINT('Line Origine',(511.433890317,-385.447342052,-199.659979017)) ;
#4227=CARTESIAN_POINT('Vertex',(512.422984139,-385.594611394,-199.662248785)) ;
#4230=CARTESIAN_POINT('Axis2P3D Location',(512.422984139,-385.610021921,-198.662367534)) ;
#4242=CARTESIAN_POINT('Axis2P3D Location',(555.943782081,-82.7762473886,-1.27577707837)) ;
#4247=CARTESIAN_POINT('Line Origine',(510.083965,-387.86046112,-190.771110907)) ;
#4252=CARTESIAN_POINT('Line Origine',(515.975438299,-348.301406294,-190.16141263)) ;
#4265=CARTESIAN_POINT('Axis2P3D Location',(515.614564317,-350.602412615,-198.122817761)) ;
#4269=CARTESIAN_POINT('Vertex',(515.614564317,-350.587002088,-199.122699011)) ;
#4271=CARTESIAN_POINT('Vertex',(515.761851149,-349.613436247,-198.107575304)) ;
#4274=CARTESIAN_POINT('Line Origine',(513.029680406,-367.943537399,-199.39020413)) ;
#4279=CARTESIAN_POINT('Line Origine',(515.761851149,-349.743269935,-189.683575766)) ;
#4295=CARTESIAN_POINT('Axis2P3D Location',(517.740038793,-349.892564404,-199.11199609)) ;
#4300=CARTESIAN_POINT('Line Origine',(516.750944971,-349.760705589,-198.109845071)) ;
#4304=CARTESIAN_POINT('Vertex',(517.740038793,-349.90797493,-198.112114839)) ;
#4307=CARTESIAN_POINT('Line Origine',(517.740038793,-350.037808619,-189.688115301)) ;
#4319=CARTESIAN_POINT('Axis2P3D Location',(512.275697307,-386.583587762,-199.677491242)) ;
#4324=CARTESIAN_POINT('Line Origine',(516.603658139,-350.73427143,-199.124968779)) ;
#4328=CARTESIAN_POINT('Vertex',(517.592751961,-350.881540772,-199.127238547)) ;
#4331=CARTESIAN_POINT('Line Origine',(515.00786805,-368.238076083,-199.394743666)) ;
#4343=CARTESIAN_POINT('Axis2P3D Location',(516.603658139,-350.749681957,-198.125087528)) ;
#4348=CARTESIAN_POINT('Axis2P3D Location',(517.592751961,-350.896951298,-198.127357296)) ;
#4360=CARTESIAN_POINT('Axis2P3D Location',(506.769423454,-386.469694691,-183.373800039)) ;
#4365=CARTESIAN_POINT('Axis2P3D Location',(506.274876543,-386.39606002,-183.372665155)) ;
#4369=CARTESIAN_POINT('Vertex',(506.274876543,-386.426881073,-181.372902653)) ;
#4371=CARTESIAN_POINT('Vertex',(506.569450208,-384.418107283,-183.342180241)) ;
#4374=CARTESIAN_POINT('Line Origine',(507.063997119,-384.491741954,-183.343315125)) ;
#4378=CARTESIAN_POINT('Vertex',(507.55854403,-384.565376625,-183.344450009)) ;
#4381=CARTESIAN_POINT('Axis2P3D Location',(507.263970366,-386.543329362,-183.374934923)) ;
#4385=CARTESIAN_POINT('Vertex',(507.263970366,-386.574150415,-181.375172421)) ;
#4388=CARTESIAN_POINT('Line Origine',(506.769423454,-386.500515744,-181.374037537)) ;
#4400=CARTESIAN_POINT('Axis2P3D Location',(513.207848922,-346.66321375,-180.760050816)) ;
#4405=CARTESIAN_POINT('Line Origine',(506.201254371,-386.921226614,-181.380521683)) ;
#4409=CARTESIAN_POINT('Vertex',(506.127632199,-387.415572154,-181.388140713)) ;
#4412=CARTESIAN_POINT('Line Origine',(507.190342882,-387.068531616,-181.382792001)) ;
#4416=CARTESIAN_POINT('Vertex',(507.116715399,-387.562912818,-181.39041158)) ;
#4419=CARTESIAN_POINT('Line Origine',(506.622173799,-387.489242486,-181.389276147)) ;
#4431=CARTESIAN_POINT('Axis2P3D Location',(552.976500614,-82.3344393629,-1.26896777534)) ;
#4436=CARTESIAN_POINT('Line Origine',(507.55854403,-384.459429253,-190.218633608)) ;
#4440=CARTESIAN_POINT('Vertex',(507.55854403,-384.353481882,-197.092817207)) ;
#4443=CARTESIAN_POINT('Axis2P3D Location',(507.263970366,-386.331434618,-197.123302121)) ;
#4447=CARTESIAN_POINT('Vertex',(507.263970366,-386.300613564,-199.123064622)) ;
#4450=CARTESIAN_POINT('Line Origine',(507.190342882,-386.794994765,-199.130684202)) ;
#4454=CARTESIAN_POINT('Vertex',(507.116715399,-387.289375966,-199.138303782)) ;
#4457=CARTESIAN_POINT('Line Origine',(507.116715399,-387.426144392,-190.264357681)) ;
#4471=CARTESIAN_POINT('Axis2P3D Location',(507.55854403,-384.565376625,-183.344450009)) ;
#4476=CARTESIAN_POINT('Line Origine',(506.569450208,-384.312159912,-190.21636384)) ;
#4480=CARTESIAN_POINT('Vertex',(506.569450208,-384.20621254,-197.090547439)) ;
#4483=CARTESIAN_POINT('Line Origine',(507.063997119,-384.279847211,-197.091682323)) ;
#4495=CARTESIAN_POINT('Axis2P3D Location',(551.987406792,-82.187170021,-1.26669800767)) ;
#4500=CARTESIAN_POINT('Line Origine',(506.127632199,-387.278803728,-190.262086814)) ;
#4504=CARTESIAN_POINT('Vertex',(506.127632199,-387.142035303,-199.136032915)) ;
#4507=CARTESIAN_POINT('Line Origine',(506.201254371,-386.647689762,-199.128413885)) ;
#4511=CARTESIAN_POINT('Vertex',(506.274876543,-386.153344222,-199.120794855)) ;
#4514=CARTESIAN_POINT('Axis2P3D Location',(506.274876543,-386.184165276,-197.121032353)) ;
#4528=CARTESIAN_POINT('Axis2P3D Location',(506.769423454,-386.257799947,-197.122167237)) ;
#4533=CARTESIAN_POINT('Line Origine',(506.769423454,-386.226978893,-199.121929739)) ;
#4545=CARTESIAN_POINT('Axis2P3D Location',(512.86087,-348.719511474,-198.543851259)) ;
#4550=CARTESIAN_POINT('Line Origine',(506.622173799,-387.215705635,-199.137168348)) ;
#4562=CARTESIAN_POINT('Axis2P3D Location',(512.366323089,-348.676697857,-196.542953874)) ;
#4567=CARTESIAN_POINT('Axis2P3D Location',(511.871776178,-348.603063186,-196.54181899)) ;
#4571=CARTESIAN_POINT('Vertex',(511.871776178,-348.572242133,-198.541581492)) ;
#4573=CARTESIAN_POINT('Vertex',(511.577202514,-350.581015922,-196.572303904)) ;
#4576=CARTESIAN_POINT('Line Origine',(512.071749425,-350.654650593,-196.573438788)) ;
#4580=CARTESIAN_POINT('Vertex',(512.566296336,-350.728285264,-196.574573672)) ;
#4583=CARTESIAN_POINT('Axis2P3D Location',(512.86087,-348.750332528,-196.544088758)) ;
#4587=CARTESIAN_POINT('Vertex',(512.86087,-348.719511474,-198.543851259)) ;
#4590=CARTESIAN_POINT('Line Origine',(512.366323089,-348.645876804,-198.542716376)) ;
#4602=CARTESIAN_POINT('Line Origine',(511.945440838,-348.077611305,-198.533958065)) ;
#4606=CARTESIAN_POINT('Vertex',(512.019105498,-347.582980477,-198.526334638)) ;
#4609=CARTESIAN_POINT('Line Origine',(512.934529349,-348.224916308,-198.536228382)) ;
#4613=CARTESIAN_POINT('Vertex',(513.008188698,-347.730321141,-198.528605505)) ;
#4616=CARTESIAN_POINT('Line Origine',(512.513647098,-347.656650809,-198.527470071)) ;
#4628=CARTESIAN_POINT('Line Origine',(512.566296336,-350.834232636,-189.700390073)) ;
#4632=CARTESIAN_POINT('Vertex',(512.566296336,-350.940180008,-182.826206473)) ;
#4635=CARTESIAN_POINT('Axis2P3D Location',(512.86087,-348.962227272,-182.79572156)) ;
#4639=CARTESIAN_POINT('Vertex',(512.86087,-348.993048326,-180.795959058)) ;
#4642=CARTESIAN_POINT('Line Origine',(512.934529349,-348.498453159,-180.788336181)) ;
#4646=CARTESIAN_POINT('Vertex',(513.008188698,-348.003857992,-180.780713304)) ;
#4649=CARTESIAN_POINT('Line Origine',(513.008188698,-347.867089566,-189.654659404)) ;
#4663=CARTESIAN_POINT('Axis2P3D Location',(512.566296336,-350.940180008,-182.826206473)) ;
#4668=CARTESIAN_POINT('Line Origine',(511.577202514,-350.686963294,-189.698120305)) ;
#4672=CARTESIAN_POINT('Vertex',(511.577202514,-350.792910666,-182.823936706)) ;
#4675=CARTESIAN_POINT('Line Origine',(512.071749425,-350.866545337,-182.82507159)) ;
#4687=CARTESIAN_POINT('Line Origine',(512.019105498,-347.719748903,-189.652388537)) ;
#4691=CARTESIAN_POINT('Vertex',(512.019105498,-347.856517328,-180.778442437)) ;
#4694=CARTESIAN_POINT('Line Origine',(511.945440838,-348.351148156,-180.786065864)) ;
#4698=CARTESIAN_POINT('Vertex',(511.871776178,-348.845778984,-180.79368929)) ;
#4701=CARTESIAN_POINT('Axis2P3D Location',(511.871776178,-348.81495793,-182.793451792)) ;
#4715=CARTESIAN_POINT('Axis2P3D Location',(512.366323089,-348.888592601,-182.794586676)) ;
#4720=CARTESIAN_POINT('Line Origine',(512.366323089,-348.919413655,-180.794824174)) ;
#4732=CARTESIAN_POINT('Line Origine',(512.513647098,-347.93018766,-180.77957787)) ;
#4744=CARTESIAN_POINT('Axis2P3D Location',(512.062131401,-387.995258232,-201.149420618)) ;
#4761=CARTESIAN_POINT('Line Origine',(502.17129941,-386.689441075,-190.253003346)) ;
#4765=CARTESIAN_POINT('Vertex',(502.17129941,-386.826209501,-181.379057246)) ;
#4767=CARTESIAN_POINT('Vertex',(502.17129941,-386.55267265,-199.126949447)) ;
#4770=CARTESIAN_POINT('Line Origine',(501.67675781,-386.479002318,-199.125814014)) ;
#4774=CARTESIAN_POINT('Vertex',(501.18221621,-386.405331986,-199.12467858)) ;
#4777=CARTESIAN_POINT('Line Origine',(501.18221621,-386.542100411,-190.250732479)) ;
#4781=CARTESIAN_POINT('Vertex',(501.18221621,-386.678868837,-181.376786379)) ;
#4784=CARTESIAN_POINT('Line Origine',(501.67675781,-386.752539169,-181.377921812)) ;
#4795=CARTESIAN_POINT('Line Origine',(497.225883422,-385.952737758,-190.241649012)) ;
#4799=CARTESIAN_POINT('Vertex',(497.225883422,-386.089506184,-181.367702911)) ;
#4801=CARTESIAN_POINT('Vertex',(497.225883422,-385.815969333,-199.115595113)) ;
#4804=CARTESIAN_POINT('Line Origine',(496.731341821,-385.742299001,-199.114459679)) ;
#4808=CARTESIAN_POINT('Vertex',(496.236800221,-385.668628669,-199.113324246)) ;
#4811=CARTESIAN_POINT('Line Origine',(496.236800221,-385.805397094,-190.239378145)) ;
#4815=CARTESIAN_POINT('Vertex',(496.236800221,-385.94216552,-181.365432044)) ;
#4818=CARTESIAN_POINT('Line Origine',(496.731341821,-386.015835852,-181.366567478)) ;
#4829=CARTESIAN_POINT('Line Origine',(492.280467433,-385.216034441,-190.230294677)) ;
#4833=CARTESIAN_POINT('Vertex',(492.280467433,-385.352802867,-181.356348577)) ;
#4835=CARTESIAN_POINT('Vertex',(492.280467433,-385.079266016,-199.104240778)) ;
#4838=CARTESIAN_POINT('Line Origine',(491.785925833,-385.005595684,-199.103105345)) ;
#4842=CARTESIAN_POINT('Vertex',(491.291384232,-384.931925352,-199.101969911)) ;
#4845=CARTESIAN_POINT('Line Origine',(491.291384232,-385.068693778,-190.22802381)) ;
#4849=CARTESIAN_POINT('Vertex',(491.291384232,-385.205462203,-181.35407771)) ;
#4852=CARTESIAN_POINT('Line Origine',(491.785925833,-385.279132535,-181.355213143)) ;
#4864=CARTESIAN_POINT('Axis2P3D Location',(494.054042617,-344.875959597,-200.484850592)) ;
#4881=CARTESIAN_POINT('Line Origine',(508.062772709,-347.130386249,-189.64330507)) ;
#4885=CARTESIAN_POINT('Vertex',(508.062772709,-347.267154675,-180.769358969)) ;
#4887=CARTESIAN_POINT('Vertex',(508.062772709,-346.993617824,-198.51725117)) ;
#4890=CARTESIAN_POINT('Line Origine',(507.568231109,-347.193484343,-180.768223536)) ;
#4894=CARTESIAN_POINT('Vertex',(507.073689509,-347.119814011,-180.767088102)) ;
#4897=CARTESIAN_POINT('Line Origine',(507.073689509,-346.983045586,-189.641034203)) ;
#4901=CARTESIAN_POINT('Vertex',(507.073689509,-346.84627716,-198.514980303)) ;
#4904=CARTESIAN_POINT('Line Origine',(507.568231109,-346.919947492,-198.516115737)) ;
#4915=CARTESIAN_POINT('Line Origine',(503.11735672,-346.393682933,-189.631950735)) ;
#4919=CARTESIAN_POINT('Vertex',(503.11735672,-346.530451358,-180.758004634)) ;
#4921=CARTESIAN_POINT('Vertex',(503.11735672,-346.256914507,-198.505896836)) ;
#4924=CARTESIAN_POINT('Line Origine',(502.62281512,-346.456781026,-180.756869201)) ;
#4928=CARTESIAN_POINT('Vertex',(502.12827352,-346.383110694,-180.755733767)) ;
#4931=CARTESIAN_POINT('Line Origine',(502.12827352,-346.246342269,-189.629679868)) ;
#4935=CARTESIAN_POINT('Vertex',(502.12827352,-346.109573843,-198.503625969)) ;
#4938=CARTESIAN_POINT('Line Origine',(502.62281512,-346.183244175,-198.504761402)) ;
#4949=CARTESIAN_POINT('Line Origine',(498.171940732,-345.656979616,-189.620596401)) ;
#4953=CARTESIAN_POINT('Vertex',(498.171940732,-345.793748041,-180.7466503)) ;
#4955=CARTESIAN_POINT('Vertex',(498.171940732,-345.52021119,-198.494542501)) ;
#4958=CARTESIAN_POINT('Line Origine',(497.677399131,-345.720077709,-180.745514866)) ;
#4962=CARTESIAN_POINT('Vertex',(497.182857531,-345.646407377,-180.744379433)) ;
#4965=CARTESIAN_POINT('Line Origine',(497.182857531,-345.509638952,-189.618325534)) ;
#4969=CARTESIAN_POINT('Vertex',(497.182857531,-345.372870526,-198.492271634)) ;
#4972=CARTESIAN_POINT('Line Origine',(497.677399131,-345.446540858,-198.493407068)) ;
#4984=CARTESIAN_POINT('Axis2P3D Location',(507.4209071,-347.93999454,-196.53159954)) ;
#4989=CARTESIAN_POINT('Axis2P3D Location',(506.926360189,-347.866359869,-196.530464656)) ;
#4993=CARTESIAN_POINT('Vertex',(506.926360189,-347.835538816,-198.530227157)) ;
#4995=CARTESIAN_POINT('Vertex',(506.631786525,-349.844312605,-196.560949569)) ;
#4998=CARTESIAN_POINT('Line Origine',(507.126333436,-349.917947276,-196.562084453)) ;
#5002=CARTESIAN_POINT('Vertex',(507.620880347,-349.991581947,-196.563219337)) ;
#5005=CARTESIAN_POINT('Axis2P3D Location',(507.915454011,-348.013629211,-196.532734423)) ;
#5009=CARTESIAN_POINT('Vertex',(507.915454011,-347.982808158,-198.532496925)) ;
#5012=CARTESIAN_POINT('Line Origine',(507.4209071,-347.909173487,-198.531362041)) ;
#5024=CARTESIAN_POINT('Axis2P3D Location',(507.915454011,-347.982808158,-198.532496925)) ;
#5029=CARTESIAN_POINT('Line Origine',(507.000024849,-347.340907988,-198.52260373)) ;
#5034=CARTESIAN_POINT('Line Origine',(507.98911336,-347.488212991,-198.524874048)) ;
#5046=CARTESIAN_POINT('Axis2P3D Location',(548.031084626,-81.597736046,-1.2576134408)) ;
#5051=CARTESIAN_POINT('Line Origine',(507.620880347,-350.097529319,-189.689035738)) ;
#5055=CARTESIAN_POINT('Vertex',(507.620880347,-350.203476691,-182.814852139)) ;
#5058=CARTESIAN_POINT('Axis2P3D Location',(507.915454011,-348.225523955,-182.784367225)) ;
#5062=CARTESIAN_POINT('Vertex',(507.915454011,-348.256345009,-180.784604724)) ;
#5065=CARTESIAN_POINT('Line Origine',(507.98911336,-347.761749842,-180.776981846)) ;
#5079=CARTESIAN_POINT('Axis2P3D Location',(507.620880347,-350.203476691,-182.814852139)) ;
#5084=CARTESIAN_POINT('Line Origine',(506.631786525,-349.950259977,-189.68676597)) ;
#5088=CARTESIAN_POINT('Vertex',(506.631786525,-350.056207349,-182.812582371)) ;
#5091=CARTESIAN_POINT('Line Origine',(507.126333436,-350.12984202,-182.813717255)) ;
#5103=CARTESIAN_POINT('Axis2P3D Location',(547.041990803,-81.4504667041,-1.25534367312)) ;
#5108=CARTESIAN_POINT('Line Origine',(507.000024849,-347.614444839,-180.774711529)) ;
#5112=CARTESIAN_POINT('Vertex',(506.926360189,-348.109075667,-180.782334956)) ;
#5115=CARTESIAN_POINT('Axis2P3D Location',(506.926360189,-348.078254613,-182.782097457)) ;
#5129=CARTESIAN_POINT('Axis2P3D Location',(507.4209071,-348.151889284,-182.783232341)) ;
#5134=CARTESIAN_POINT('Line Origine',(507.4209071,-348.182710338,-180.78346984)) ;
#5146=CARTESIAN_POINT('Axis2P3D Location',(508.262432933,-345.926510433,-180.748696481)) ;
#5158=CARTESIAN_POINT('Axis2P3D Location',(496.878591477,-384.996288057,-183.35109137)) ;
#5163=CARTESIAN_POINT('Axis2P3D Location',(496.384044566,-384.922653386,-183.349956486)) ;
#5167=CARTESIAN_POINT('Vertex',(496.384044566,-384.953474439,-181.350193984)) ;
#5169=CARTESIAN_POINT('Vertex',(496.67861823,-382.94470065,-183.319471572)) ;
#5172=CARTESIAN_POINT('Line Origine',(497.173165141,-383.018335321,-183.320606456)) ;
#5176=CARTESIAN_POINT('Vertex',(497.667712052,-383.091969992,-183.32174134)) ;
#5179=CARTESIAN_POINT('Axis2P3D Location',(497.373138388,-385.069922728,-183.352226254)) ;
#5183=CARTESIAN_POINT('Vertex',(497.373138388,-385.100743781,-181.352463752)) ;
#5186=CARTESIAN_POINT('Line Origine',(496.878591477,-385.02710911,-181.351328868)) ;
#5198=CARTESIAN_POINT('Axis2P3D Location',(503.317016945,-345.189807116,-180.737342147)) ;
#5203=CARTESIAN_POINT('Line Origine',(496.310422394,-385.44781998,-181.357813014)) ;
#5208=CARTESIAN_POINT('Line Origine',(497.299510905,-385.595124983,-181.360083332)) ;
#5220=CARTESIAN_POINT('Axis2P3D Location',(543.085668637,-80.8610327291,-1.24625910625)) ;
#5225=CARTESIAN_POINT('Line Origine',(497.667712052,-382.98602262,-190.195924939)) ;
#5229=CARTESIAN_POINT('Vertex',(497.667712052,-382.880075248,-197.070108538)) ;
#5232=CARTESIAN_POINT('Axis2P3D Location',(497.373138388,-384.858027984,-197.100593452)) ;
#5236=CARTESIAN_POINT('Vertex',(497.373138388,-384.82720693,-199.100355953)) ;
#5239=CARTESIAN_POINT('Line Origine',(497.299510905,-385.321588131,-199.107975533)) ;
#5253=CARTESIAN_POINT('Axis2P3D Location',(497.667712052,-383.091969992,-183.32174134)) ;
#5258=CARTESIAN_POINT('Line Origine',(496.67861823,-382.838753278,-190.193655171)) ;
#5262=CARTESIAN_POINT('Vertex',(496.67861823,-382.732805906,-197.06783877)) ;
#5265=CARTESIAN_POINT('Line Origine',(497.173165141,-382.806440577,-197.068973654)) ;
#5277=CARTESIAN_POINT('Axis2P3D Location',(542.096574815,-80.7137633872,-1.24398933858)) ;
#5282=CARTESIAN_POINT('Line Origine',(496.310422394,-385.174283129,-199.105705216)) ;
#5286=CARTESIAN_POINT('Vertex',(496.384044566,-384.679937588,-199.098086186)) ;
#5289=CARTESIAN_POINT('Axis2P3D Location',(496.384044566,-384.710758642,-197.098323684)) ;
#5303=CARTESIAN_POINT('Axis2P3D Location',(496.878591477,-384.784393313,-197.099458568)) ;
#5308=CARTESIAN_POINT('Line Origine',(496.878591477,-384.753572259,-199.09922107)) ;
#5320=CARTESIAN_POINT('Axis2P3D Location',(502.970038023,-347.246104841,-198.52114259)) ;
#5332=CARTESIAN_POINT('Axis2P3D Location',(497.530075123,-346.466587906,-196.50889087)) ;
#5337=CARTESIAN_POINT('Axis2P3D Location',(497.035528212,-346.392953235,-196.507755987)) ;
#5341=CARTESIAN_POINT('Vertex',(497.035528212,-346.362132182,-198.507518488)) ;
#5343=CARTESIAN_POINT('Vertex',(496.740954548,-348.370905972,-196.5382409)) ;
#5346=CARTESIAN_POINT('Line Origine',(497.235501459,-348.444540643,-196.539375784)) ;
#5350=CARTESIAN_POINT('Vertex',(497.73004837,-348.518175314,-196.540510668)) ;
#5353=CARTESIAN_POINT('Axis2P3D Location',(498.024622034,-346.540222577,-196.510025754)) ;
#5357=CARTESIAN_POINT('Vertex',(498.024622034,-346.509401524,-198.509788256)) ;
#5360=CARTESIAN_POINT('Line Origine',(497.530075123,-346.435766853,-198.508653372)) ;
#5372=CARTESIAN_POINT('Axis2P3D Location',(498.024622034,-346.509401524,-198.509788256)) ;
#5377=CARTESIAN_POINT('Line Origine',(497.109192872,-345.867501354,-198.499895061)) ;
#5382=CARTESIAN_POINT('Line Origine',(498.098281383,-346.014806357,-198.502165379)) ;
#5394=CARTESIAN_POINT('Axis2P3D Location',(538.140252648,-80.1243294122,-1.23490477171)) ;
#5399=CARTESIAN_POINT('Line Origine',(497.73004837,-348.624122685,-189.666327069)) ;
#5403=CARTESIAN_POINT('Vertex',(497.73004837,-348.730070057,-182.79214347)) ;
#5406=CARTESIAN_POINT('Axis2P3D Location',(498.024622034,-346.752117321,-182.761658556)) ;
#5410=CARTESIAN_POINT('Vertex',(498.024622034,-346.782938375,-180.761896054)) ;
#5413=CARTESIAN_POINT('Line Origine',(498.098281383,-346.288343208,-180.754273177)) ;
#5427=CARTESIAN_POINT('Axis2P3D Location',(497.73004837,-348.730070057,-182.79214347)) ;
#5432=CARTESIAN_POINT('Line Origine',(496.740954548,-348.476853344,-189.664057301)) ;
#5436=CARTESIAN_POINT('Vertex',(496.740954548,-348.582800715,-182.789873702)) ;
#5439=CARTESIAN_POINT('Line Origine',(497.235501459,-348.656435386,-182.791008586)) ;
#5451=CARTESIAN_POINT('Axis2P3D Location',(537.151158826,-79.9770600703,-1.23263500403)) ;
#5456=CARTESIAN_POINT('Line Origine',(497.109192872,-346.141038205,-180.75200286)) ;
#5460=CARTESIAN_POINT('Vertex',(497.035528212,-346.635669033,-180.759626287)) ;
#5463=CARTESIAN_POINT('Axis2P3D Location',(497.035528212,-346.604847979,-182.759388788)) ;
#5477=CARTESIAN_POINT('Axis2P3D Location',(497.530075123,-346.67848265,-182.760523672)) ;
#5482=CARTESIAN_POINT('Line Origine',(497.530075123,-346.709303704,-180.760761171)) ;
#5494=CARTESIAN_POINT('Axis2P3D Location',(498.371600956,-344.453103799,-180.725987812)) ;
#5506=CARTESIAN_POINT('Axis2P3D Location',(491.933175488,-384.25958474,-183.339737035)) ;
#5511=CARTESIAN_POINT('Axis2P3D Location',(491.438628577,-384.185950069,-183.338602151)) ;
#5515=CARTESIAN_POINT('Vertex',(491.438628577,-384.216771123,-181.33883965)) ;
#5517=CARTESIAN_POINT('Vertex',(491.733202241,-382.207997333,-183.308117238)) ;
#5520=CARTESIAN_POINT('Line Origine',(492.227749152,-382.281632004,-183.309252121)) ;
#5524=CARTESIAN_POINT('Vertex',(492.722296063,-382.355266675,-183.310387005)) ;
#5527=CARTESIAN_POINT('Axis2P3D Location',(492.427722399,-384.333219411,-183.340871919)) ;
#5531=CARTESIAN_POINT('Vertex',(492.427722399,-384.364040464,-181.341109417)) ;
#5534=CARTESIAN_POINT('Line Origine',(491.933175488,-384.290405793,-181.339974534)) ;
#5546=CARTESIAN_POINT('Line Origine',(491.365006405,-384.711116663,-181.34645868)) ;
#5551=CARTESIAN_POINT('Line Origine',(492.354094916,-384.858421666,-181.348728997)) ;
#5563=CARTESIAN_POINT('Line Origine',(492.722296063,-382.249319303,-190.184570604)) ;
#5567=CARTESIAN_POINT('Vertex',(492.722296063,-382.143371931,-197.058754203)) ;
#5570=CARTESIAN_POINT('Axis2P3D Location',(492.427722399,-384.121324667,-197.089239117)) ;
#5574=CARTESIAN_POINT('Vertex',(492.427722399,-384.090503613,-199.089001619)) ;
#5577=CARTESIAN_POINT('Line Origine',(492.354094916,-384.584884814,-199.096621198)) ;
#5591=CARTESIAN_POINT('Axis2P3D Location',(492.722296063,-382.355266675,-183.310387005)) ;
#5596=CARTESIAN_POINT('Line Origine',(491.733202241,-382.102049961,-190.182300837)) ;
#5600=CARTESIAN_POINT('Vertex',(491.733202241,-381.996102589,-197.056484436)) ;
#5603=CARTESIAN_POINT('Line Origine',(492.227749152,-382.06973726,-197.05761932)) ;
#5615=CARTESIAN_POINT('Line Origine',(491.365006405,-384.437579812,-199.094350881)) ;
#5619=CARTESIAN_POINT('Vertex',(491.438628577,-383.943234271,-199.086731851)) ;
#5622=CARTESIAN_POINT('Axis2P3D Location',(491.438628577,-383.974055325,-197.08696935)) ;
#5636=CARTESIAN_POINT('Axis2P3D Location',(491.933175488,-384.047689996,-197.088104233)) ;
#5641=CARTESIAN_POINT('Line Origine',(491.933175488,-384.016868942,-199.087866735)) ;
#5660=CARTESIAN_POINT('Axis2P3D Location',(502.475491112,-347.203291223,-196.520245205)) ;
#5665=CARTESIAN_POINT('Axis2P3D Location',(501.9809442,-347.129656552,-196.519110321)) ;
#5669=CARTESIAN_POINT('Vertex',(501.9809442,-347.098835499,-198.518872823)) ;
#5671=CARTESIAN_POINT('Vertex',(501.686370536,-349.107609289,-196.549595235)) ;
#5674=CARTESIAN_POINT('Line Origine',(502.180917447,-349.181243959,-196.550730119)) ;
#5678=CARTESIAN_POINT('Vertex',(502.675464359,-349.25487863,-196.551865003)) ;
#5681=CARTESIAN_POINT('Axis2P3D Location',(502.970038023,-347.276925894,-196.521380089)) ;
#5685=CARTESIAN_POINT('Vertex',(502.970038023,-347.246104841,-198.52114259)) ;
#5688=CARTESIAN_POINT('Line Origine',(502.475491112,-347.17247017,-198.520007707)) ;
#5700=CARTESIAN_POINT('Line Origine',(502.05460886,-346.604204671,-198.511249396)) ;
#5705=CARTESIAN_POINT('Line Origine',(503.043697372,-346.751509674,-198.513519713)) ;
#5717=CARTESIAN_POINT('Line Origine',(502.675464359,-349.360826002,-189.677681403)) ;
#5721=CARTESIAN_POINT('Vertex',(502.675464359,-349.466773374,-182.803497804)) ;
#5724=CARTESIAN_POINT('Axis2P3D Location',(502.970038023,-347.488820638,-182.773012891)) ;
#5728=CARTESIAN_POINT('Vertex',(502.970038023,-347.519641692,-180.773250389)) ;
#5731=CARTESIAN_POINT('Line Origine',(503.043697372,-347.025046525,-180.765627512)) ;
#5745=CARTESIAN_POINT('Axis2P3D Location',(502.675464359,-349.466773374,-182.803497804)) ;
#5750=CARTESIAN_POINT('Line Origine',(501.686370536,-349.21355666,-189.675411636)) ;
#5754=CARTESIAN_POINT('Vertex',(501.686370536,-349.319504032,-182.801228037)) ;
#5757=CARTESIAN_POINT('Line Origine',(502.180917447,-349.393138703,-182.80236292)) ;
#5769=CARTESIAN_POINT('Line Origine',(502.05460886,-346.877741522,-180.763357194)) ;
#5773=CARTESIAN_POINT('Vertex',(501.980944201,-347.37237235,-180.770980621)) ;
#5776=CARTESIAN_POINT('Axis2P3D Location',(501.980944201,-347.341551296,-182.770743123)) ;
#5790=CARTESIAN_POINT('Axis2P3D Location',(502.475491112,-347.415185967,-182.771878007)) ;
#5795=CARTESIAN_POINT('Line Origine',(502.475491112,-347.446007021,-180.772115505)) ;
#5814=CARTESIAN_POINT('Axis2P3D Location',(501.824007466,-385.732991374,-183.362445704)) ;
#5819=CARTESIAN_POINT('Axis2P3D Location',(501.329460555,-385.659356703,-183.36131082)) ;
#5823=CARTESIAN_POINT('Vertex',(501.329460555,-385.690177756,-181.361548319)) ;
#5825=CARTESIAN_POINT('Vertex',(501.624034219,-383.681403967,-183.330825907)) ;
#5828=CARTESIAN_POINT('Line Origine',(502.11858113,-383.755038638,-183.33196079)) ;
#5832=CARTESIAN_POINT('Vertex',(502.613128041,-383.828673308,-183.333095674)) ;
#5835=CARTESIAN_POINT('Axis2P3D Location',(502.318554377,-385.806626045,-183.363580588)) ;
#5839=CARTESIAN_POINT('Vertex',(502.318554377,-385.837447098,-181.363818087)) ;
#5842=CARTESIAN_POINT('Line Origine',(501.824007466,-385.763812427,-181.362683203)) ;
#5854=CARTESIAN_POINT('Line Origine',(501.255838382,-386.184523297,-181.369167349)) ;
#5859=CARTESIAN_POINT('Line Origine',(502.244926894,-386.331828299,-181.371437666)) ;
#5871=CARTESIAN_POINT('Line Origine',(502.613128041,-383.722725937,-190.207279273)) ;
#5875=CARTESIAN_POINT('Vertex',(502.613128041,-383.616778565,-197.081462873)) ;
#5878=CARTESIAN_POINT('Axis2P3D Location',(502.318554377,-385.594731301,-197.111947786)) ;
#5882=CARTESIAN_POINT('Vertex',(502.318554377,-385.563910247,-199.111710288)) ;
#5885=CARTESIAN_POINT('Line Origine',(502.244926894,-386.058291448,-199.119329867)) ;
#5899=CARTESIAN_POINT('Axis2P3D Location',(502.613128041,-383.828673308,-183.333095674)) ;
#5904=CARTESIAN_POINT('Line Origine',(501.624034219,-383.575456595,-190.205009506)) ;
#5908=CARTESIAN_POINT('Vertex',(501.624034219,-383.469509223,-197.079193105)) ;
#5911=CARTESIAN_POINT('Line Origine',(502.11858113,-383.543143894,-197.080327989)) ;
#5923=CARTESIAN_POINT('Line Origine',(501.255838382,-385.910986446,-199.11705955)) ;
#5927=CARTESIAN_POINT('Vertex',(501.329460555,-385.416640905,-199.10944052)) ;
#5930=CARTESIAN_POINT('Axis2P3D Location',(501.329460555,-385.447461959,-197.109678019)) ;
#5944=CARTESIAN_POINT('Axis2P3D Location',(501.824007466,-385.52109663,-197.110812902)) ;
#5949=CARTESIAN_POINT('Line Origine',(501.824007466,-385.490275576,-199.110575404)) ;
#5968=CARTESIAN_POINT('Axis2P3D Location',(517.9536047,-348.436203406,-200.539722341)) ;
#6012=CARTESIAN_POINT('Line Origine',(517.071908572,-354.394991713,-198.131264406)) ;
#6016=CARTESIAN_POINT('Vertex',(516.760123862,-356.488510231,-198.16353046)) ;
#6018=CARTESIAN_POINT('Vertex',(517.383693283,-352.301473194,-198.098998351)) ;
#6021=CARTESIAN_POINT('Axis2P3D Location',(516.760123862,-356.496215494,-197.663589835)) ;
#6025=CARTESIAN_POINT('Vertex',(516.697477097,-356.92091582,-197.407259937)) ;
#6028=CARTESIAN_POINT('Line Origine',(516.858037123,-355.869999751,-195.626808392)) ;
#6032=CARTESIAN_POINT('Vertex',(517.018597148,-354.819083682,-193.846356847)) ;
#6035=CARTESIAN_POINT('Axis2P3D Location',(517.081243913,-354.394383356,-194.102686745)) ;
#6039=CARTESIAN_POINT('Vertex',(517.144891477,-353.970889611,-193.844613044)) ;
#6042=CARTESIAN_POINT('Line Origine',(517.296116162,-352.928287162,-195.592798534)) ;
#6046=CARTESIAN_POINT('Vertex',(517.447340847,-351.885684712,-197.340984024)) ;
#6049=CARTESIAN_POINT('Axis2P3D Location',(517.383693283,-352.309178458,-197.599057725)) ;
#6062=CARTESIAN_POINT('Axis2P3D Location',(512.934534675,-382.237995603,-194.531822438)) ;
#6066=CARTESIAN_POINT('Vertex',(512.99718144,-381.821396416,-194.262526132)) ;
#6068=CARTESIAN_POINT('Vertex',(512.870887111,-382.669241361,-194.286922288)) ;
#6071=CARTESIAN_POINT('Line Origine',(513.157741465,-380.716110623,-196.009745524)) ;
#6075=CARTESIAN_POINT('Vertex',(513.31830149,-379.61082483,-197.756964916)) ;
#6078=CARTESIAN_POINT('Axis2P3D Location',(513.255654726,-380.027424017,-198.026261222)) ;
#6082=CARTESIAN_POINT('Vertex',(513.255654726,-380.019718753,-198.526201847)) ;
#6085=CARTESIAN_POINT('Line Origine',(512.943870015,-382.113237272,-198.558467902)) ;
#6089=CARTESIAN_POINT('Vertex',(512.632085305,-384.20675579,-198.590733957)) ;
#6092=CARTESIAN_POINT('Axis2P3D Location',(512.632085305,-384.214461053,-198.090793332)) ;
#6096=CARTESIAN_POINT('Vertex',(512.568437741,-384.645706811,-197.845893181)) ;
#6099=CARTESIAN_POINT('Line Origine',(512.719662426,-383.657474086,-196.066407735)) ;
#6113=CARTESIAN_POINT('Axis2P3D Location',(502.246600172,-382.668132963,-198.066960771)) ;
#6118=CARTESIAN_POINT('Line Origine',(502.182952608,-383.099378721,-197.822060621)) ;
#6122=CARTESIAN_POINT('Vertex',(491.797467475,-381.553050632,-197.79822806)) ;
#6125=CARTESIAN_POINT('Line Origine',(502.246600172,-382.6604277,-198.566901397)) ;
#6129=CARTESIAN_POINT('Vertex',(491.861115039,-381.11409961,-198.543068836)) ;
#6132=CARTESIAN_POINT('Axis2P3D Location',(491.861115039,-381.121804873,-198.043128211)) ;
#6144=CARTESIAN_POINT('Axis2P3D Location',(512.568437741,-384.645706811,-197.845893181)) ;
#6149=CARTESIAN_POINT('Line Origine',(502.485401978,-381.122913271,-194.263089727)) ;
#6153=CARTESIAN_POINT('Vertex',(492.099916845,-379.576585181,-194.239257167)) ;
#6156=CARTESIAN_POINT('Line Origine',(491.94869216,-380.564817906,-196.018742613)) ;
#6168=CARTESIAN_POINT('Line Origine',(502.870169593,-378.473390664,-198.502369287)) ;
#6172=CARTESIAN_POINT('Vertex',(492.484684498,-376.927062579,-198.478536726)) ;
#6175=CARTESIAN_POINT('Line Origine',(492.172899749,-379.020581092,-198.510802781)) ;
#6187=CARTESIAN_POINT('Axis2P3D Location',(492.484684498,-376.934767843,-197.978596101)) ;
#6191=CARTESIAN_POINT('Vertex',(492.547331225,-376.51816865,-197.709299795)) ;
#6194=CARTESIAN_POINT('Line Origine',(492.386771238,-377.623454449,-195.962080403)) ;
#6198=CARTESIAN_POINT('Vertex',(492.226211212,-378.728740242,-194.214861011)) ;
#6201=CARTESIAN_POINT('Axis2P3D Location',(492.163564447,-379.145339429,-194.484157317)) ;
#6215=CARTESIAN_POINT('Axis2P3D Location',(502.549049542,-380.691667513,-194.507989878)) ;
#6220=CARTESIAN_POINT('Line Origine',(502.611696307,-380.275068326,-194.238693571)) ;
#6232=CARTESIAN_POINT('Axis2P3D Location',(502.870169593,-378.481095927,-198.002428661)) ;
#6237=CARTESIAN_POINT('Line Origine',(502.932816358,-378.06449674,-197.733132355)) ;
#6249=CARTESIAN_POINT('Axis2P3D Location',(512.99718144,-381.821396416,-194.262526132)) ;
#6261=CARTESIAN_POINT('Axis2P3D Location',(517.447340847,-351.885684712,-197.340984024)) ;
#6266=CARTESIAN_POINT('Line Origine',(507.061855714,-350.339356622,-197.317151464)) ;
#6270=CARTESIAN_POINT('Vertex',(496.67637062,-348.793028538,-197.293318903)) ;
#6273=CARTESIAN_POINT('Line Origine',(506.759406344,-352.424561521,-193.820780484)) ;
#6277=CARTESIAN_POINT('Vertex',(496.37392125,-350.878233437,-193.796947923)) ;
#6280=CARTESIAN_POINT('Line Origine',(496.525145896,-349.835630982,-195.545133413)) ;
#6292=CARTESIAN_POINT('Axis2P3D Location',(506.99820815,-350.762850368,-197.575225165)) ;
#6297=CARTESIAN_POINT('Line Origine',(506.99820815,-350.755145105,-198.07516579)) ;
#6301=CARTESIAN_POINT('Vertex',(496.612723055,-349.20881702,-198.05133323)) ;
#6304=CARTESIAN_POINT('Axis2P3D Location',(496.612723017,-349.216522278,-197.551392604)) ;
#6316=CARTESIAN_POINT('Axis2P3D Location',(506.69575878,-352.848055267,-194.078854185)) ;
#6321=CARTESIAN_POINT('Line Origine',(506.633112015,-353.272755592,-193.822524287)) ;
#6325=CARTESIAN_POINT('Vertex',(496.247626882,-351.726427502,-193.798691726)) ;
#6328=CARTESIAN_POINT('Axis2P3D Location',(496.310273647,-351.301727177,-194.055021624)) ;
#6340=CARTESIAN_POINT('Line Origine',(496.087066895,-352.777343577,-195.579143271)) ;
#6344=CARTESIAN_POINT('Vertex',(495.92650687,-353.828259646,-197.359594816)) ;
#6347=CARTESIAN_POINT('Axis2P3D Location',(495.989153635,-353.40355932,-197.615924714)) ;
#6351=CARTESIAN_POINT('Vertex',(495.989153596,-353.395854051,-198.115865339)) ;
#6354=CARTESIAN_POINT('Line Origine',(496.300938345,-351.302335539,-198.083599284)) ;
#6368=CARTESIAN_POINT('Line Origine',(506.374638729,-354.942182141,-198.1396979)) ;
#6380=CARTESIAN_POINT('Axis2P3D Location',(517.018597148,-354.819083682,-193.846356847)) ;
#6385=CARTESIAN_POINT('Line Origine',(506.311991964,-355.37458773,-197.383427377)) ;
#6397=CARTESIAN_POINT('Axis2P3D Location',(506.374638729,-354.949887404,-197.639757274)) ;
#6412=CARTESIAN_POINT('Point.1',(467.680010061,-361.56226733,-174.988967769)) ;
#6416=CARTESIAN_POINT('Point.2',(467.680010061,-364.285261587,1.68707550227)) ;
#6417=CARTESIAN_POINT('Point.3',(467.680010061,-361.546856803,-175.98884902)) ;
#53=DIRECTION('Axis2P3D Direction',(0.989093822189,-0.147269341892,-0.00226976767685)) ;
#54=DIRECTION('Axis2P3D XDirection',(0.147269721248,0.989096370028,0.)) ;
#58=DIRECTION('Axis2P3D Direction',(0.989093822189,-0.147269341892,-0.00226976767685)) ;
#67=DIRECTION('Axis2P3D Direction',(0.989093822189,-0.147269341892,-0.00226976767685)) ;
#77=DIRECTION('Axis2P3D Direction',(0.989093822189,-0.147269341892,-0.00226976767685)) ;
#78=DIRECTION('Axis2P3D XDirection',(5.68056886252E-014,-0.0154105268245,0.999881250781)) ;
#82=DIRECTION('Axis2P3D Direction',(0.989093822189,-0.147269341892,-0.00226976767685)) ;
#91=DIRECTION('Vector Direction',(0.989093822189,-0.147269341892,-0.00226976767684)) ;
#98=DIRECTION('Axis2P3D Direction',(0.989093822189,-0.147269341892,-0.00226976767685)) ;
#105=DIRECTION('Vector Direction',(0.989093822189,-0.147269341892,-0.00226976767684)) ;
#117=DIRECTION('Axis2P3D Direction',(-4.17170638312E-014,0.0154105268246,-0.999881250781)) ;
#118=DIRECTION('Axis2P3D XDirection',(-0.147286832088,-0.98897636807,-0.0152424568789)) ;
#122=DIRECTION('Vector Direction',(-0.147286832088,-0.98897636807,-0.0152424568789)) ;
#129=DIRECTION('Vector Direction',(-0.147286832088,-0.98897636807,-0.0152424568789)) ;
#136=DIRECTION('Vector Direction',(-0.989093822189,0.147269341892,0.00226976767685)) ;
#148=DIRECTION('Axis2P3D Direction',(0.989093822189,-0.147269341892,-0.00226976767685)) ;
#149=DIRECTION('Axis2P3D XDirection',(0.147286832088,0.98897636807,0.0152424568789)) ;
#153=DIRECTION('Axis2P3D Direction',(0.989093822189,-0.147269341892,-0.00226976767685)) ;
#160=DIRECTION('Axis2P3D Direction',(0.989093822189,-0.147269341892,-0.00226976767685)) ;
#167=DIRECTION('Vector Direction',(0.989093822189,-0.147269341892,-0.00226976767684)) ;
#179=DIRECTION('Axis2P3D Direction',(-0.989093822189,0.147269341892,0.00226976767684)) ;
#180=DIRECTION('Axis2P3D XDirection',(3.78956125739E-014,-0.0154105268246,0.999881250781)) ;
#184=DIRECTION('Vector Direction',(-0.989093822189,0.147269341892,0.00226976767684)) ;
#193=DIRECTION('Axis2P3D Direction',(-0.989093822189,0.147269341892,0.00226976767684)) ;
#200=DIRECTION('Vector Direction',(-0.989093822189,0.147269341892,0.00226976767684)) ;
#207=DIRECTION('Axis2P3D Direction',(-0.989093822189,0.147269341892,0.00226976767684)) ;
#219=DIRECTION('Axis2P3D Direction',(-0.989093822189,0.147269341892,0.00226976767685)) ;
#220=DIRECTION('Axis2P3D XDirection',(-0.147286832088,-0.98897636807,-0.0152424568789)) ;
#224=DIRECTION('Vector Direction',(-0.989093822189,0.147269341892,0.00226976767685)) ;
#233=DIRECTION('Axis2P3D Direction',(-0.989093822189,0.147269341892,0.00226976767685)) ;
#240=DIRECTION('Vector Direction',(-0.989093822189,0.147269341892,0.00226976767685)) ;
#247=DIRECTION('Axis2P3D Direction',(-0.989093822189,0.147269341892,0.00226976767685)) ;
#259=DIRECTION('Axis2P3D Direction',(-4.15197390358E-014,0.0154105268246,-0.999881250781)) ;
#260=DIRECTION('Axis2P3D XDirection',(-1.,-2.69424527198E-012,0.)) ;
#264=DIRECTION('Vector Direction',(-0.147286832088,-0.98897636807,-0.0152424568789)) ;
#273=DIRECTION('Vector Direction',(0.989083197753,-0.147340663384,-0.00227086690914)) ;
#280=DIRECTION('Axis2P3D Direction',(-4.15197390358E-014,0.0154105268246,-0.999881250781)) ;
#287=DIRECTION('Axis2P3D Direction',(-4.15197390358E-014,0.0154105268246,-0.999881250781)) ;
#294=DIRECTION('Vector Direction',(-0.989083197753,0.147340663384,0.00227086690914)) ;
#307=DIRECTION('Axis2P3D Direction',(-4.15197390358E-014,0.0154105268246,-0.999881250781)) ;
#308=DIRECTION('Axis2P3D XDirection',(-1.,-2.69424527198E-012,0.)) ;
#312=DIRECTION('Vector Direction',(-0.989083197753,0.147340663384,0.00227086690914)) ;
#321=DIRECTION('Axis2P3D Direction',(-4.15197390358E-014,0.0154105268246,-0.999881250781)) ;
#328=DIRECTION('Axis2P3D Direction',(-4.15197390358E-014,0.0154105268246,-0.999881250781)) ;
#335=DIRECTION('Vector Direction',(0.989093822189,-0.147269341893,-0.00226976767686)) ;
#342=DIRECTION('Vector Direction',(-0.147286832089,-0.98897636807,-0.0152424568789)) ;
#349=DIRECTION('Vector Direction',(-0.989093822189,0.147269341893,0.00226976767686)) ;
#356=DIRECTION('Axis2P3D Direction',(-4.15197390358E-014,0.0154105268246,-0.999881250781)) ;
#363=DIRECTION('Axis2P3D Direction',(-4.15197390358E-014,0.0154105268246,-0.999881250781)) ;
#370=DIRECTION('Vector Direction',(0.989083197753,-0.147340663384,-0.00227086690914)) ;
#377=DIRECTION('Vector Direction',(0.147286832088,0.98897636807,0.0152424568789)) ;
#394=DIRECTION('Axis2P3D Direction',(-4.15197390358E-014,0.0154105268246,-0.999881250781)) ;
#403=DIRECTION('Axis2P3D Direction',(-4.15197390358E-014,0.0154105268246,-0.999881250781)) ;
#413=DIRECTION('Axis2P3D Direction',(0.989083197753,-0.147340663384,-0.00227086690913)) ;
#414=DIRECTION('Axis2P3D XDirection',(0.14735816205,0.988965744895,0.0152422931507)) ;
#418=DIRECTION('Vector Direction',(0.989083197753,-0.147340663384,-0.00227086690913)) ;
#453=DIRECTION('Axis2P3D Direction',(-4.15197390358E-014,0.0154105268246,-0.999881250781)) ;
#454=DIRECTION('Axis2P3D XDirection',(-1.,-2.69364466186E-012,9.25681747861E-018)) ;
#458=DIRECTION('Vector Direction',(-3.97352054173E-014,0.0154105268246,-0.999881250781)) ;
#476=DIRECTION('Vector Direction',(-3.97352054173E-014,0.0154105268246,-0.999881250781)) ;
#483=DIRECTION('Axis2P3D Direction',(-4.15197390358E-014,0.0154105268246,-0.999881250781)) ;
#490=DIRECTION('Vector Direction',(-3.97352054173E-014,0.0154105268246,-0.999881250781)) ;
#497=DIRECTION('Axis2P3D Direction',(-4.15197390358E-014,0.0154105268246,-0.999881250781)) ;
#504=DIRECTION('Vector Direction',(-3.97352054173E-014,0.0154105268246,-0.999881250781)) ;
#521=DIRECTION('Axis2P3D Direction',(-4.15197390358E-014,0.0154105268246,-0.999881250781)) ;
#530=DIRECTION('Axis2P3D Direction',(-4.15197390358E-014,0.0154105268246,-0.999881250781)) ;
#535=DIRECTION('Axis2P3D Direction',(-4.15197390358E-014,0.0154105268246,-0.999881250781)) ;
#540=DIRECTION('Vector Direction',(-3.97352054173E-014,0.0154105268246,-0.999881250781)) ;
#545=DIRECTION('Vector Direction',(-3.97352054173E-014,0.0154105268246,-0.999881250781)) ;
#552=DIRECTION('Axis2P3D Direction',(-4.15197390358E-014,0.0154105268246,-0.999881250781)) ;
#571=DIRECTION('Axis2P3D Direction',(-3.98049106697E-014,0.0154105268246,-0.999881250781)) ;
#572=DIRECTION('Axis2P3D XDirection',(0.147286832089,0.98897636807,0.0152424568789)) ;
#586=DIRECTION('Vector Direction',(-4.09966405099E-014,0.0154105268246,-0.999881250781)) ;
#591=DIRECTION('Axis2P3D Direction',(-3.98049106697E-014,0.0154105268246,-0.999881250781)) ;
#604=DIRECTION('Axis2P3D Direction',(-0.147286832089,-0.98897636807,-0.0152424568789)) ;
#605=DIRECTION('Axis2P3D XDirection',(0.989093822189,-0.147269341893,-0.00226976767686)) ;
#609=DIRECTION('Vector Direction',(4.10916280922E-014,-0.0154105268246,0.999881250781)) ;
#616=DIRECTION('Axis2P3D Direction',(-0.147286832089,-0.98897636807,-0.0152424568789)) ;
#628=DIRECTION('Axis2P3D Direction',(-0.989093822189,0.147269341893,0.00226976767686)) ;
#629=DIRECTION('Axis2P3D XDirection',(-0.147286832089,-0.98897636807,-0.0152424568789)) ;
#633=DIRECTION('Vector Direction',(4.10916280922E-014,-0.0154105268246,0.999881250781)) ;
#640=DIRECTION('Vector Direction',(-0.147286832089,-0.98897636807,-0.0152424568789)) ;
#652=DIRECTION('Axis2P3D Direction',(0.147286832089,0.98897636807,0.0152424568789)) ;
#653=DIRECTION('Axis2P3D XDirection',(-0.989093822189,0.147269341893,0.00226976767686)) ;
#657=DIRECTION('Axis2P3D Direction',(0.147286832089,0.98897636807,0.0152424568789)) ;
#664=DIRECTION('Vector Direction',(4.0809810979E-014,-0.0154105268246,0.999881250781)) ;
#676=DIRECTION('Axis2P3D Direction',(4.13510371777E-014,-0.0154105268246,0.999881250781)) ;
#677=DIRECTION('Axis2P3D XDirection',(-0.147286832089,-0.98897636807,-0.0152424568789)) ;
#689=DIRECTION('Axis2P3D Direction',(4.13510371777E-014,-0.0154105268246,0.999881250781)) ;
#702=DIRECTION('Axis2P3D Direction',(-4.15197390358E-014,0.0154105268246,-0.999881250781)) ;
#703=DIRECTION('Axis2P3D XDirection',(-1.,-2.69424527198E-012,0.)) ;
#778=DIRECTION('Vector Direction',(-0.147286832089,-0.98897636807,-0.0152424568789)) ;
#793=DIRECTION('Axis2P3D Direction',(3.97105849339E-014,-0.0154105268246,0.999881250781)) ;
#794=DIRECTION('Axis2P3D XDirection',(-0.93862455923,-0.344899521584,-0.00531571456607)) ;
#798=DIRECTION('Axis2P3D Direction',(-0.344940482997,0.938513098297,0.0144646989482)) ;
#805=DIRECTION('Axis2P3D Direction',(3.97105849339E-014,-0.0154105268246,0.999881250781)) ;
#812=DIRECTION('Axis2P3D Direction',(0.344940482997,-0.938513098297,-0.0144646989482)) ;
#824=DIRECTION('Axis2P3D Direction',(-0.147286832088,-0.98897636807,-0.0152424568789)) ;
#825=DIRECTION('Axis2P3D XDirection',(-0.989093822189,0.147269341892,0.00226976767673)) ;
#829=DIRECTION('Vector Direction',(-0.147286832088,-0.98897636807,-0.0152424568789)) ;
#838=DIRECTION('Axis2P3D Direction',(-0.147286832088,-0.98897636807,-0.0152424568789)) ;
#845=DIRECTION('Vector Direction',(-0.147286832088,-0.98897636807,-0.0152424568789)) ;
#852=DIRECTION('Axis2P3D Direction',(-0.147286832088,-0.98897636807,-0.0152424568789)) ;
#864=DIRECTION('Axis2P3D Direction',(0.147286832088,0.98897636807,0.0152424568789)) ;
#865=DIRECTION('Axis2P3D XDirection',(0.989093822189,-0.147269341892,-0.00226976767685)) ;
#869=DIRECTION('Vector Direction',(0.147286832088,0.98897636807,0.0152424568789)) ;
#878=DIRECTION('Axis2P3D Direction',(0.147286832088,0.98897636807,0.0152424568789)) ;
#885=DIRECTION('Vector Direction',(0.147286832088,0.98897636807,0.0152424568789)) ;
#892=DIRECTION('Axis2P3D Direction',(0.147286832088,0.98897636807,0.0152424568789)) ;
#904=DIRECTION('Axis2P3D Direction',(0.104147517749,0.710208784315,-0.696244768187)) ;
#905=DIRECTION('Axis2P3D XDirection',(-0.989093822189,0.147269341892,0.00226976767685)) ;
#909=DIRECTION('Vector Direction',(0.104147517749,0.688415008276,0.717800857429)) ;
#918=DIRECTION('Vector Direction',(-0.989093822189,0.147269341892,0.00226976767685)) ;
#925=DIRECTION('Vector Direction',(0.104147517749,0.688415008276,0.717800857429)) ;
#932=DIRECTION('Vector Direction',(-0.989093822189,0.147269341892,0.00226976767685)) ;
#944=DIRECTION('Axis2P3D Direction',(-4.13839969238E-014,0.0154105268246,-0.999881250781)) ;
#945=DIRECTION('Axis2P3D XDirection',(-0.147286832088,-0.98897636807,-0.0152424568789)) ;
#949=DIRECTION('Vector Direction',(-0.147286832088,-0.98897636807,-0.0152424568788)) ;
#956=DIRECTION('Vector Direction',(-0.989093822189,0.147269341892,0.00226976767684)) ;
#963=DIRECTION('Vector Direction',(0.147286832088,0.98897636807,0.0152424568788)) ;
#975=DIRECTION('Axis2P3D Direction',(0.989093822189,-0.147269341892,-0.00226976767685)) ;
#984=DIRECTION('Vector Direction',(-0.147286832088,-0.98897636807,-0.0152424568789)) ;
#994=DIRECTION('Axis2P3D Direction',(0.989093822189,-0.147269341892,-0.00226976767685)) ;
#995=DIRECTION('Axis2P3D XDirection',(0.147269721248,0.989096370028,2.22678444477E-014)) ;
#1017=DIRECTION('Vector Direction',(0.989093822189,-0.147269341892,-0.00226976767685)) ;
#1024=DIRECTION('Axis2P3D Direction',(0.989093822189,-0.147269341892,-0.00226976767685)) ;
#1031=DIRECTION('Vector Direction',(0.989093822189,-0.147269341892,-0.00226976767685)) ;
#1038=DIRECTION('Axis2P3D Direction',(0.989093822189,-0.147269341892,-0.00226976767685)) ;
#1045=DIRECTION('Vector Direction',(0.989093822189,-0.147269341892,-0.00226976767685)) ;
#1052=DIRECTION('Axis2P3D Direction',(0.989093822189,-0.147269341892,-0.00226976767685)) ;
#1059=DIRECTION('Vector Direction',(0.989093822189,-0.147269341892,-0.00226976767685)) ;
#1089=DIRECTION('Axis2P3D Direction',(0.989093822189,-0.147269341892,-0.00226976767685)) ;
#1101=DIRECTION('Vector Direction',(-0.147286832088,-0.98897636807,-0.0152424568789)) ;
#1110=DIRECTION('Vector Direction',(-0.989093822189,0.147269341892,0.00226976767684)) ;
#1117=DIRECTION('Vector Direction',(0.147286832088,0.98897636807,0.0152424568789)) ;
#1124=DIRECTION('Vector Direction',(0.989093822189,-0.147269341892,-0.00226976767684)) ;
#1136=DIRECTION('Axis2P3D Direction',(0.989093822189,-0.147269341892,-0.00226976767685)) ;
#1137=DIRECTION('Axis2P3D XDirection',(0.147269721248,0.989096370028,2.22678444477E-014)) ;
#1159=DIRECTION('Vector Direction',(0.989093822189,-0.147269341892,-0.00226976767685)) ;
#1166=DIRECTION('Axis2P3D Direction',(0.989093822189,-0.147269341892,-0.00226976767685)) ;
#1173=DIRECTION('Vector Direction',(0.989093822189,-0.147269341892,-0.00226976767685)) ;
#1251=DIRECTION('Axis2P3D Direction',(-4.15197390358E-014,0.0154105268246,-0.999881250781)) ;
#1260=DIRECTION('Axis2P3D Direction',(-4.15197390358E-014,0.0154105268246,-0.999881250781)) ;
#1270=DIRECTION('Axis2P3D Direction',(-3.97352054173E-014,0.0154105268246,-0.999881250781)) ;
#1271=DIRECTION('Axis2P3D XDirection',(0.797398421624,-0.603381534275,-0.00929953163155)) ;
#1275=DIRECTION('Vector Direction',(-3.88928655363E-014,0.0154105268246,-0.999881250781)) ;
#1282=DIRECTION('Vector Direction',(-3.88928655363E-014,0.0154105268246,-0.999881250781)) ;
#1289=DIRECTION('Axis2P3D Direction',(-3.97352054173E-014,0.0154105268246,-0.999881250781)) ;
#1301=DIRECTION('Axis2P3D Direction',(-3.97352054173E-014,0.0154105268246,-0.999881250781)) ;
#1313=DIRECTION('Axis2P3D Direction',(-3.97352054173E-014,0.0154105268246,-0.999881250781)) ;
#1314=DIRECTION('Axis2P3D XDirection',(0.797398421624,-0.603381534275,-0.00929953163155)) ;
#1318=DIRECTION('Vector Direction',(0.193397524591,-0.131391110529,-0.972282764198)) ;
#1325=DIRECTION('Vector Direction',(-0.193397524591,0.161291924573,-0.967771828764)) ;
#1340=DIRECTION('Axis2P3D Direction',(-3.97352054173E-014,0.0154105268246,-0.999881250781)) ;
#1355=DIRECTION('Axis2P3D Direction',(-3.97352054173E-014,0.0154105268246,-0.999881250781)) ;
#1370=DIRECTION('Axis2P3D Direction',(-3.97352054173E-014,0.0154105268246,-0.999881250781)) ;
#1404=DIRECTION('Axis2P3D Direction',(-3.97352054173E-014,0.0154105268246,-0.999881250781)) ;
#1419=DIRECTION('Axis2P3D Direction',(-3.97352054173E-014,0.0154105268246,-0.999881250781)) ;
#1434=DIRECTION('Axis2P3D Direction',(-3.97352054173E-014,0.0154105268246,-0.999881250781)) ;
#1460=DIRECTION('Axis2P3D Direction',(3.97352054173E-014,-0.0154105268246,0.999881250781)) ;
#1461=DIRECTION('Axis2P3D XDirection',(1.,2.57844562159E-012,0.)) ;
#1465=DIRECTION('Vector Direction',(-0.782892094685,0.622083629948,0.00958777500728)) ;
#1472=DIRECTION('Axis2P3D Direction',(3.97352054173E-014,-0.0154105268246,0.999881250781)) ;
#1479=DIRECTION('Vector Direction',(0.782892094685,-0.622083629948,-0.0095877750073)) ;
#1492=DIRECTION('Axis2P3D Direction',(-3.97352054173E-014,0.0154105268246,-0.999881250781)) ;
#1493=DIRECTION('Axis2P3D XDirection',(0.797398421624,-0.603381534275,-0.00929953163155)) ;
#1497=DIRECTION('Vector Direction',(-3.61730847296E-014,0.0154105268246,-0.999881250781)) ;
#1504=DIRECTION('Axis2P3D Direction',(-3.97352054173E-014,0.0154105268246,-0.999881250781)) ;
#1511=DIRECTION('Vector Direction',(-3.61730847296E-014,0.0154105268246,-0.999881250781)) ;
#1523=DIRECTION('Vector Direction',(0.14735816205,0.988965744895,0.0152422931507)) ;
#1530=DIRECTION('Axis2P3D Direction',(3.97352054173E-014,-0.0154105268246,0.999881250781)) ;
#1537=DIRECTION('Vector Direction',(-0.14735816205,-0.988965744895,-0.0152422931507)) ;
#1549=DIRECTION('Vector Direction',(-3.61730847296E-014,0.0154105268246,-0.999881250781)) ;
#1556=DIRECTION('Vector Direction',(-3.61730847296E-014,0.0154105268246,-0.999881250781)) ;
#1563=DIRECTION('Axis2P3D Direction',(-3.97352054173E-014,0.0154105268246,-0.999881250781)) ;
#1575=DIRECTION('Vector Direction',(0.930250256736,0.366882114947,0.00565451814343)) ;
#1582=DIRECTION('Axis2P3D Direction',(3.97352054173E-014,-0.0154105268246,0.999881250781)) ;
#1589=DIRECTION('Vector Direction',(-0.930250256736,-0.366882114947,-0.00565451814345)) ;
#1601=DIRECTION('Vector Direction',(-3.61730847296E-014,0.0154105268246,-0.999881250781)) ;
#1608=DIRECTION('Axis2P3D Direction',(-3.97352054173E-014,0.0154105268246,-0.999881250781)) ;
#1615=DIRECTION('Vector Direction',(-3.61730847296E-014,0.0154105268246,-0.999881250781)) ;
#1627=DIRECTION('Vector Direction',(0.782892094685,-0.622083629948,-0.00958777500728)) ;
#1634=DIRECTION('Axis2P3D Direction',(3.97352054173E-014,-0.0154105268246,0.999881250781)) ;
#1641=DIRECTION('Vector Direction',(-0.782892094685,0.622083629948,0.0095877750073)) ;
#1654=DIRECTION('Vector Direction',(-3.61730847296E-014,0.0154105268246,-0.999881250781)) ;
#1661=DIRECTION('Axis2P3D Direction',(-3.97352054173E-014,0.0154105268246,-0.999881250781)) ;
#1668=DIRECTION('Vector Direction',(-3.61730847296E-014,0.0154105268246,-0.999881250781)) ;
#1680=DIRECTION('Vector Direction',(-0.14735816205,-0.988965744895,-0.0152422931507)) ;
#1687=DIRECTION('Axis2P3D Direction',(3.97352054173E-014,-0.0154105268246,0.999881250781)) ;
#1694=DIRECTION('Vector Direction',(0.14735816205,0.988965744895,0.0152422931507)) ;
#1706=DIRECTION('Vector Direction',(-3.61730847296E-014,0.0154105268246,-0.999881250781)) ;
#1713=DIRECTION('Axis2P3D Direction',(-3.97352054173E-014,0.0154105268246,-0.999881250781)) ;
#1720=DIRECTION('Vector Direction',(-3.61730847296E-014,0.0154105268246,-0.999881250781)) ;
#1732=DIRECTION('Vector Direction',(-0.930250256736,-0.366882114947,-0.00565451814345)) ;
#1739=DIRECTION('Axis2P3D Direction',(3.97352054173E-014,-0.0154105268246,0.999881250781)) ;
#1746=DIRECTION('Vector Direction',(0.930250256736,0.366882114947,0.00565451814345)) ;
#1758=DIRECTION('Axis2P3D Direction',(-3.97352054173E-014,0.0154105268246,-0.999881250781)) ;
#1767=DIRECTION('Vector Direction',(-3.61730847296E-014,0.0154105268246,-0.999881250781)) ;
#1772=DIRECTION('Vector Direction',(-3.61730847296E-014,0.0154105268246,-0.999881250781)) ;
#1784=DIRECTION('Axis2P3D Direction',(3.97352054173E-014,-0.0154105268246,0.999881250781)) ;
#1785=DIRECTION('Axis2P3D XDirection',(0.797398421624,-0.603381534275,-0.00929953163155)) ;
#1797=DIRECTION('Axis2P3D Direction',(3.97352054173E-014,-0.0154105268246,0.999881250781)) ;
#1833=DIRECTION('Axis2P3D Direction',(3.97352054173E-014,-0.0154105268246,0.999881250781)) ;
#1853=DIRECTION('Axis2P3D Direction',(3.97352054173E-014,-0.0154105268246,0.999881250781)) ;
#1881=DIRECTION('Axis2P3D Direction',(3.97352054173E-014,-0.0154105268246,0.999881250781)) ;
#1909=DIRECTION('Axis2P3D Direction',(3.97352054173E-014,-0.0154105268246,0.999881250781)) ;
#1929=DIRECTION('Axis2P3D Direction',(3.97352054173E-014,-0.0154105268246,0.999881250781)) ;
#1957=DIRECTION('Vector Direction',(-3.88928655363E-014,0.0154105268246,-0.999881250781)) ;
#1964=DIRECTION('Axis2P3D Direction',(-3.97352054173E-014,0.0154105268246,-0.999881250781)) ;
#1971=DIRECTION('Vector Direction',(-3.88928655363E-014,0.0154105268246,-0.999881250781)) ;
#1983=DIRECTION('Vector Direction',(-3.88928655363E-014,0.0154105268246,-0.999881250781)) ;
#1990=DIRECTION('Vector Direction',(-3.88928655363E-014,0.0154105268246,-0.999881250781)) ;
#1997=DIRECTION('Axis2P3D Direction',(-3.97352054173E-014,0.0154105268246,-0.999881250781)) ;
#2009=DIRECTION('Vector Direction',(-3.88928655363E-014,0.0154105268246,-0.999881250781)) ;
#2016=DIRECTION('Axis2P3D Direction',(-3.97352054173E-014,0.0154105268246,-0.999881250781)) ;
#2023=DIRECTION('Vector Direction',(-3.88928655363E-014,0.0154105268246,-0.999881250781)) ;
#2035=DIRECTION('Vector Direction',(-3.88928655363E-014,0.0154105268246,-0.999881250781)) ;
#2042=DIRECTION('Axis2P3D Direction',(-3.97352054173E-014,0.0154105268246,-0.999881250781)) ;
#2049=DIRECTION('Vector Direction',(-3.88928655363E-014,0.0154105268246,-0.999881250781)) ;
#2061=DIRECTION('Vector Direction',(-3.88928655363E-014,0.0154105268246,-0.999881250781)) ;
#2068=DIRECTION('Axis2P3D Direction',(-3.97352054173E-014,0.0154105268246,-0.999881250781)) ;
#2075=DIRECTION('Vector Direction',(-3.88928655363E-014,0.0154105268246,-0.999881250781)) ;
#2087=DIRECTION('Axis2P3D Direction',(-3.97352054173E-014,0.0154105268246,-0.999881250781)) ;
#2096=DIRECTION('Vector Direction',(-3.88928655363E-014,0.0154105268246,-0.999881250781)) ;
#2101=DIRECTION('Vector Direction',(-3.88928655363E-014,0.0154105268246,-0.999881250781)) ;
#2113=DIRECTION('Axis2P3D Direction',(-3.97352054173E-014,0.0154105268246,-0.999881250781)) ;
#2114=DIRECTION('Axis2P3D XDirection',(1.,6.12340448963E-016,-3.97304868926E-014)) ;
#2118=DIRECTION('Vector Direction',(0.782892094685,-0.622083629948,-0.00958777500728)) ;
#2125=DIRECTION('Axis2P3D Direction',(-3.97352054173E-014,0.0154105268246,-0.999881250781)) ;
#2132=DIRECTION('Vector Direction',(-0.14735816205,-0.988965744895,-0.0152422931507)) ;
#2144=DIRECTION('Vector Direction',(0.930250256736,0.366882114947,0.00565451814345)) ;
#2151=DIRECTION('Vector Direction',(-0.14735816205,-0.988965744895,-0.0152422931507)) ;
#2158=DIRECTION('Axis2P3D Direction',(-3.97352054173E-014,0.0154105268246,-0.999881250781)) ;
#2170=DIRECTION('Vector Direction',(-0.930250256736,-0.366882114947,-0.00565451814345)) ;
#2177=DIRECTION('Axis2P3D Direction',(-3.97352054173E-014,0.0154105268246,-0.999881250781)) ;
#2184=DIRECTION('Axis2P3D Direction',(-3.97352054173E-014,0.0154105268246,-0.999881250781)) ;
#2191=DIRECTION('Vector Direction',(0.782892094685,-0.622083629948,-0.00958777500729)) ;
#2204=DIRECTION('Axis2P3D Direction',(-3.97352054173E-014,0.0154105268246,-0.999881250781)) ;
#2213=DIRECTION('Vector Direction',(-0.14735816205,-0.988965744895,-0.0152422931507)) ;
#2218=DIRECTION('Vector Direction',(-0.782892094685,0.622083629948,0.00958777500727)) ;
#2230=DIRECTION('Vector Direction',(-0.930250256736,-0.366882114947,-0.00565451814343)) ;
#2237=DIRECTION('Vector Direction',(-0.14735816205,-0.988965744895,-0.0152422931507)) ;
#2244=DIRECTION('Axis2P3D Direction',(-3.97352054173E-014,0.0154105268246,-0.999881250781)) ;
#2256=DIRECTION('Vector Direction',(0.930250256736,0.366882114947,0.00565451814343)) ;
#2263=DIRECTION('Axis2P3D Direction',(-3.97352054173E-014,0.0154105268246,-0.999881250781)) ;
#2270=DIRECTION('Axis2P3D Direction',(-3.97352054173E-014,0.0154105268246,-0.999881250781)) ;
#2277=DIRECTION('Vector Direction',(-0.782892094685,0.622083629948,0.00958777500729)) ;
#2290=DIRECTION('Axis2P3D Direction',(3.97352054173E-014,-0.0154105268246,0.999881250781)) ;
#2291=DIRECTION('Axis2P3D XDirection',(0.954658963382,-0.297666283419,-0.00458773903588)) ;
#2295=DIRECTION('Vector Direction',(4.54747350886E-014,-0.0154105268246,0.999881250781)) ;
#2302=DIRECTION('Axis2P3D Direction',(3.97352054173E-014,-0.0154105268246,0.999881250781)) ;
#2309=DIRECTION('Vector Direction',(4.54747350886E-014,-0.0154105268246,0.999881250781)) ;
#2321=DIRECTION('Vector Direction',(4.54747350886E-014,-0.0154105268246,0.999881250781)) ;
#2328=DIRECTION('Axis2P3D Direction',(3.97352054173E-014,-0.0154105268246,0.999881250781)) ;
#2340=DIRECTION('Axis2P3D Direction',(3.97352054173E-014,-0.0154105268246,0.999881250781)) ;
#2349=DIRECTION('Vector Direction',(4.54747350886E-014,-0.0154105268246,0.999881250781)) ;
#2354=DIRECTION('Vector Direction',(4.54747350886E-014,-0.0154105268246,0.999881250781)) ;
#2366=DIRECTION('Vector Direction',(4.54747350886E-014,-0.0154105268246,0.999881250781)) ;
#2373=DIRECTION('Axis2P3D Direction',(3.97352054173E-014,-0.0154105268246,0.999881250781)) ;
#2380=DIRECTION('Vector Direction',(4.54747350886E-014,-0.0154105268246,0.999881250781)) ;
#2392=DIRECTION('Vector Direction',(4.54747350886E-014,-0.0154105268246,0.999881250781)) ;
#2399=DIRECTION('Axis2P3D Direction',(3.97352054173E-014,-0.0154105268246,0.999881250781)) ;
#2414=DIRECTION('Axis2P3D Direction',(3.97352054173E-014,-0.0154105268246,0.999881250781)) ;
#2429=DIRECTION('Vector Direction',(4.54747350886E-014,-0.0154105268246,0.999881250781)) ;
#2444=DIRECTION('Vector Direction',(4.54747350886E-014,-0.0154105268246,0.999881250781)) ;
#2459=DIRECTION('Axis2P3D Direction',(3.97352054173E-014,-0.0154105268246,0.999881250781)) ;
#2472=DIRECTION('Vector Direction',(4.54747350886E-014,-0.0154105268246,0.999881250781)) ;
#2479=DIRECTION('Vector Direction',(4.54747350886E-014,-0.0154105268246,0.999881250781)) ;
#2486=DIRECTION('Axis2P3D Direction',(3.97352054173E-014,-0.0154105268246,0.999881250781)) ;
#2498=DIRECTION('Vector Direction',(4.54747350886E-014,-0.0154105268246,0.999881250781)) ;
#2505=DIRECTION('Axis2P3D Direction',(3.97352054173E-014,-0.0154105268246,0.999881250781)) ;
#2512=DIRECTION('Vector Direction',(4.54747350886E-014,-0.0154105268246,0.999881250781)) ;
#2524=DIRECTION('Axis2P3D Direction',(3.97355759407E-014,-0.0154105268246,0.999881250781)) ;
#2525=DIRECTION('Axis2P3D XDirection',(-0.366925687086,0.930139790244,0.014335646535)) ;
#2529=DIRECTION('Vector Direction',(3.89783443617E-014,-0.0154105268246,0.999881250781)) ;
#2536=DIRECTION('Axis2P3D Direction',(3.97355759407E-014,-0.0154105268246,0.999881250781)) ;
#2543=DIRECTION('Vector Direction',(3.89783443617E-014,-0.0154105268246,0.999881250781)) ;
#2555=DIRECTION('Axis2P3D Direction',(0.366925687086,-0.930139790244,-0.014335646535)) ;
#2556=DIRECTION('Axis2P3D XDirection',(0.930250256736,0.366882114947,0.00565451814343)) ;
#2560=DIRECTION('Vector Direction',(0.930250256736,0.366882114947,0.00565451814343)) ;
#2576=DIRECTION('Axis2P3D Direction',(-0.366925687086,0.930139790244,0.014335646535)) ;
#2577=DIRECTION('Axis2P3D XDirection',(-0.930250256736,-0.366882114947,-0.00565451814343)) ;
#2581=DIRECTION('Vector Direction',(-0.930250256736,-0.366882114947,-0.00565451814343)) ;
#2597=DIRECTION('Axis2P3D Direction',(3.97350791024E-014,-0.0154105268246,0.999881250781)) ;
#2598=DIRECTION('Axis2P3D XDirection',(-0.989083197753,0.147340663384,0.00227086690914)) ;
#2602=DIRECTION('Vector Direction',(3.89783443617E-014,-0.0154105268246,0.999881250781)) ;
#2609=DIRECTION('Axis2P3D Direction',(3.97350791024E-014,-0.0154105268246,0.999881250781)) ;
#2616=DIRECTION('Vector Direction',(3.89783443617E-014,-0.0154105268246,0.999881250781)) ;
#2628=DIRECTION('Axis2P3D Direction',(0.989083197753,-0.147340663384,-0.00227086690914)) ;
#2629=DIRECTION('Axis2P3D XDirection',(0.14735816205,0.988965744895,0.0152422931507)) ;
#2633=DIRECTION('Vector Direction',(0.14735816205,0.988965744895,0.0152422931507)) ;
#2649=DIRECTION('Axis2P3D Direction',(-0.989083197753,0.147340663384,0.00227086690914)) ;
#2650=DIRECTION('Axis2P3D XDirection',(-0.14735816205,-0.988965744895,-0.0152422931507)) ;
#2654=DIRECTION('Vector Direction',(-0.14735816205,-0.988965744895,-0.0152422931507)) ;
#2670=DIRECTION('Axis2P3D Direction',(3.9734708579E-014,-0.0154105268246,0.999881250781)) ;
#2671=DIRECTION('Axis2P3D XDirection',(-0.622157510667,-0.78279912686,-0.0120647796259)) ;
#2675=DIRECTION('Vector Direction',(3.89783443617E-014,-0.0154105268246,0.999881250781)) ;
#2682=DIRECTION('Axis2P3D Direction',(3.9734708579E-014,-0.0154105268246,0.999881250781)) ;
#2689=DIRECTION('Vector Direction',(3.89783443617E-014,-0.0154105268246,0.999881250781)) ;
#2701=DIRECTION('Axis2P3D Direction',(0.622157510667,0.78279912686,0.0120647796259)) ;
#2702=DIRECTION('Axis2P3D XDirection',(-0.782892094685,0.622083629948,0.00958777500729)) ;
#2706=DIRECTION('Vector Direction',(-0.782892094685,0.622083629948,0.00958777500728)) ;
#2722=DIRECTION('Axis2P3D Direction',(-0.622157510667,-0.78279912686,-0.0120647796259)) ;
#2723=DIRECTION('Axis2P3D XDirection',(0.782892094685,-0.622083629948,-0.00958777500729)) ;
#2727=DIRECTION('Vector Direction',(0.782892094685,-0.622083629948,-0.00958777500729)) ;
#2743=DIRECTION('Axis2P3D Direction',(3.97329738555E-014,-0.0154105268246,0.999881250781)) ;
#2744=DIRECTION('Axis2P3D XDirection',(0.366925687086,-0.930139790244,-0.014335646535)) ;
#2748=DIRECTION('Vector Direction',(3.89783443617E-014,-0.0154105268246,0.999881250781)) ;
#2755=DIRECTION('Axis2P3D Direction',(3.97329738555E-014,-0.0154105268246,0.999881250781)) ;
#2762=DIRECTION('Vector Direction',(3.89783443617E-014,-0.0154105268246,0.999881250781)) ;
#2774=DIRECTION('Axis2P3D Direction',(-0.366925687086,0.930139790244,0.014335646535)) ;
#2775=DIRECTION('Axis2P3D XDirection',(-0.930250256736,-0.366882114947,-0.00565451814343)) ;
#2779=DIRECTION('Vector Direction',(-0.930250256736,-0.366882114947,-0.00565451814343)) ;
#2795=DIRECTION('Axis2P3D Direction',(0.366925687086,-0.930139790244,-0.014335646535)) ;
#2796=DIRECTION('Axis2P3D XDirection',(0.930250256736,0.366882114947,0.00565451814343)) ;
#2800=DIRECTION('Vector Direction',(0.930250256736,0.366882114947,0.00565451814342)) ;
#2816=DIRECTION('Axis2P3D Direction',(3.97352054173E-014,-0.0154105268246,0.999881250781)) ;
#2817=DIRECTION('Axis2P3D XDirection',(0.989083197753,-0.147340663384,-0.00227086690914)) ;
#2821=DIRECTION('Vector Direction',(3.89783443617E-014,-0.0154105268246,0.999881250781)) ;
#2828=DIRECTION('Axis2P3D Direction',(3.97352054173E-014,-0.0154105268246,0.999881250781)) ;
#2835=DIRECTION('Vector Direction',(3.89783443617E-014,-0.0154105268246,0.999881250781)) ;
#2847=DIRECTION('Axis2P3D Direction',(-0.989083197753,0.147340663384,0.00227086690914)) ;
#2848=DIRECTION('Axis2P3D XDirection',(-0.14735816205,-0.988965744895,-0.0152422931507)) ;
#2852=DIRECTION('Vector Direction',(-0.14735816205,-0.988965744895,-0.0152422931507)) ;
#2868=DIRECTION('Axis2P3D Direction',(0.989083197753,-0.147340663384,-0.00227086690914)) ;
#2869=DIRECTION('Axis2P3D XDirection',(0.14735816205,0.988965744895,0.0152422931507)) ;
#2873=DIRECTION('Vector Direction',(0.14735816205,0.988965744895,0.0152422931507)) ;
#2889=DIRECTION('Axis2P3D Direction',(0.622157510667,0.78279912686,0.0120647796259)) ;
#2890=DIRECTION('Axis2P3D XDirection',(-0.782892094685,0.622083629948,0.00958777500729)) ;
#2894=DIRECTION('Vector Direction',(-0.782892094685,0.622083629948,0.00958777500729)) ;
#2901=DIRECTION('Vector Direction',(3.89783443617E-014,-0.0154105268246,0.999881250781)) ;
#2917=DIRECTION('Axis2P3D Direction',(3.97355759407E-014,-0.0154105268246,0.999881250781)) ;
#2918=DIRECTION('Axis2P3D XDirection',(0.622157510667,0.78279912686,0.0120647796259)) ;
#2922=DIRECTION('Axis2P3D Direction',(3.97355759407E-014,-0.0154105268246,0.999881250781)) ;
#2929=DIRECTION('Vector Direction',(3.89783443617E-014,-0.0154105268246,0.999881250781)) ;
#2941=DIRECTION('Axis2P3D Direction',(-0.622157510667,-0.78279912686,-0.0120647796259)) ;
#2942=DIRECTION('Axis2P3D XDirection',(0.782892094685,-0.622083629948,-0.00958777500729)) ;
#2946=DIRECTION('Vector Direction',(0.782892094685,-0.622083629948,-0.00958777500729)) ;
#2962=DIRECTION('Axis2P3D Direction',(-0.344940482997,0.938513098297,0.0144646989482)) ;
#2967=DIRECTION('Axis2P3D Direction',(3.97105849339E-014,-0.0154105268246,0.999881250781)) ;
#2972=DIRECTION('Axis2P3D Direction',(0.344940482997,-0.938513098297,-0.0144646989482)) ;
#2984=DIRECTION('Axis2P3D Direction',(0.0845211694561,0.554623883079,0.827797390811)) ;
#2985=DIRECTION('Axis2P3D XDirection',(-0.989083197753,0.147340663384,0.00227086690914)) ;
#2999=DIRECTION('Vector Direction',(-0.989083197753,0.147340663384,0.00227086690914)) ;
#3004=DIRECTION('Vector Direction',(-0.989083197753,0.147340663384,0.00227086690914)) ;
#3011=DIRECTION('Vector Direction',(-0.989083197753,0.147340663384,0.00227086690914)) ;
#3024=DIRECTION('Axis2P3D Direction',(0.084521169456,0.579871012182,-0.810312150436)) ;
#3025=DIRECTION('Axis2P3D XDirection',(-0.989083197753,0.147340663384,0.00227086690914)) ;
#3029=DIRECTION('Vector Direction',(-0.989083197753,0.147340663384,0.00227086690914)) ;
#3044=DIRECTION('Vector Direction',(-0.989083197753,0.147340663384,0.00227086690914)) ;
#3051=DIRECTION('Vector Direction',(-0.989083197753,0.147340663384,0.00227086690914)) ;
#3065=DIRECTION('Axis2P3D Direction',(3.97352054173E-014,-0.0154105268246,0.999881250781)) ;
#3066=DIRECTION('Axis2P3D XDirection',(1.,2.57844562159E-012,0.)) ;
#3070=DIRECTION('Axis2P3D Direction',(3.97352054173E-014,-0.0154105268246,0.999881250781)) ;
#3082=DIRECTION('Axis2P3D Direction',(-3.97352054173E-014,0.0154105268246,-0.999881250781)) ;
#3083=DIRECTION('Axis2P3D XDirection',(1.,6.12340448963E-016,-3.97304868926E-014)) ;
#3087=DIRECTION('Axis2P3D Direction',(-3.97352054173E-014,0.0154105268246,-0.999881250781)) ;
#3094=DIRECTION('Axis2P3D Direction',(-3.97352054173E-014,0.0154105268246,-0.999881250781)) ;
#3101=DIRECTION('Axis2P3D Direction',(-3.97352054173E-014,0.0154105268246,-0.999881250781)) ;
#3142=DIRECTION('Axis2P3D Direction',(0.989093822189,-0.147269341892,-0.00226976767685)) ;
#3151=DIRECTION('Vector Direction',(-0.147286832088,-0.98897636807,-0.0152424568789)) ;
#3161=DIRECTION('Axis2P3D Direction',(0.989093822189,-0.147269341892,-0.00226976767685)) ;
#3162=DIRECTION('Axis2P3D XDirection',(0.147269721248,0.989096370028,0.)) ;
#3166=DIRECTION('Vector Direction',(0.147286832088,0.98897636807,0.0152424568789)) ;
#3175=DIRECTION('Axis2P3D Direction',(0.989093822189,-0.147269341892,-0.00226976767685)) ;
#3180=DIRECTION('Axis2P3D Direction',(0.989093822189,-0.147269341892,-0.00226976767685)) ;
#3206=DIRECTION('Vector Direction',(0.989093822189,-0.147269341892,-0.00226976767685)) ;
#3213=DIRECTION('Axis2P3D Direction',(0.989093822189,-0.147269341892,-0.00226976767685)) ;
#3220=DIRECTION('Vector Direction',(0.989093822189,-0.147269341892,-0.00226976767685)) ;
#3236=DIRECTION('Vector Direction',(0.147286832088,0.98897636807,0.0152424568789)) ;
#3248=DIRECTION('Axis2P3D Direction',(0.989093822189,-0.147269341892,-0.00226976767685)) ;
#3249=DIRECTION('Axis2P3D XDirection',(0.147269721248,0.989096370028,0.)) ;
#3253=DIRECTION('Vector Direction',(-0.147286832088,-0.98897636807,-0.0152424568789)) ;
#3258=DIRECTION('Vector Direction',(-0.147286832088,-0.98897636807,-0.0152424568789)) ;
#3265=DIRECTION('Vector Direction',(-2.84217094304E-014,0.0154105268247,-0.999881250781)) ;
#3272=DIRECTION('Vector Direction',(-0.147286832088,-0.98897636807,-0.0152424568789)) ;
#3279=DIRECTION('Vector Direction',(-5.68434188605E-014,0.0154105268246,-0.999881250781)) ;
#3286=DIRECTION('Vector Direction',(0.147286832088,0.98897636807,0.0152424568788)) ;
#3293=DIRECTION('Vector Direction',(1.89478062868E-014,-0.0154105268246,0.999881250781)) ;
#3300=DIRECTION('Vector Direction',(-0.147286832088,-0.98897636807,-0.0152424568789)) ;
#3307=DIRECTION('Vector Direction',(5.68434188608E-014,-0.0154105268246,0.999881250781)) ;
#3314=DIRECTION('Vector Direction',(-0.147286832088,-0.98897636807,-0.0152424568789)) ;
#3334=DIRECTION('Axis2P3D Direction',(4.85293229213E-014,-0.0154105268245,0.999881250781)) ;
#3335=DIRECTION('Axis2P3D XDirection',(0.147286832088,0.98897636807,0.0152424568788)) ;
#3339=DIRECTION('Vector Direction',(-0.147286832088,-0.98897636807,-0.0152424568788)) ;
#3348=DIRECTION('Vector Direction',(-0.989093822189,0.147269341892,0.00226976767686)) ;
#3353=DIRECTION('Vector Direction',(-0.989093822189,0.147269341892,0.00226976767686)) ;
#3365=DIRECTION('Axis2P3D Direction',(0.6993949489,-0.0932382622935,-0.708627780924)) ;
#3366=DIRECTION('Axis2P3D XDirection',(-0.147286832088,-0.98897636807,-0.0152424568788)) ;
#3370=DIRECTION('Vector Direction',(-0.6993949489,0.115032038332,-0.705417844692)) ;
#3375=DIRECTION('Vector Direction',(-0.6993949489,0.115032038332,-0.705417844692)) ;
#3380=DIRECTION('Vector Direction',(-0.147286832088,-0.98897636807,-0.0152424568788)) ;
#3387=DIRECTION('Vector Direction',(-0.147286832088,-0.98897636807,-0.0152424568788)) ;
#3394=DIRECTION('Vector Direction',(-0.147286832088,-0.98897636807,-0.0152424568788)) ;
#3410=DIRECTION('Axis2P3D Direction',(0.989093822189,-0.147269341892,-0.00226976767687)) ;
#3411=DIRECTION('Axis2P3D XDirection',(6.07539192565E-014,-0.0154105268246,0.999881250781)) ;
#3415=DIRECTION('Vector Direction',(4.68668604523E-014,-0.0154105268246,0.999881250781)) ;
#3420=DIRECTION('Vector Direction',(5.13752850157E-014,-0.0154105268246,0.999881250781)) ;
#3433=DIRECTION('Axis2P3D Direction',(-0.989093822189,0.147269341892,0.00226976767677)) ;
#3434=DIRECTION('Axis2P3D XDirection',(3.19570758744E-014,0.0154105268246,-0.999881250781)) ;
#3438=DIRECTION('Vector Direction',(-0.147286832088,-0.98897636807,-0.0152424568788)) ;
#3447=DIRECTION('Vector Direction',(4.68668604523E-014,0.0154105268246,-0.999881250781)) ;
#3452=DIRECTION('Vector Direction',(-5.13752850157E-014,-0.0154105268246,0.999881250781)) ;
#3459=DIRECTION('Vector Direction',(-0.104147517749,-0.688415008277,-0.717800857429)) ;
#3472=DIRECTION('Axis2P3D Direction',(0.104147517749,0.688415008276,0.717800857429)) ;
#3473=DIRECTION('Axis2P3D XDirection',(0.989093822189,-0.147269341892,-0.00226976767685)) ;
#3477=DIRECTION('Vector Direction',(0.104147517749,0.710208784315,-0.696244768187)) ;
#3484=DIRECTION('Vector Direction',(0.989093822189,-0.147269341892,-0.00226976767685)) ;
#3491=DIRECTION('Vector Direction',(0.104147517749,0.710208784315,-0.696244768187)) ;
#3503=DIRECTION('Vector Direction',(4.82954675456E-014,0.0154105268246,-0.999881250781)) ;
#3510=DIRECTION('Vector Direction',(0.147286832088,0.98897636807,0.0152424568789)) ;
#3517=DIRECTION('Vector Direction',(-0.104147517749,-0.710208784315,0.696244768187)) ;
#3524=DIRECTION('Vector Direction',(-5.22219624842E-014,-0.0154105268245,0.999881250781)) ;
#3537=DIRECTION('Vector Direction',(-4.82954675456E-014,0.0154105268246,-0.999881250781)) ;
#3542=DIRECTION('Vector Direction',(5.22219624842E-014,-0.0154105268246,0.999881250781)) ;
#3569=DIRECTION('Axis2P3D Direction',(-0.147286832089,-0.98897636807,-0.0152424568789)) ;
#3570=DIRECTION('Axis2P3D XDirection',(3.78956125739E-014,-0.0154105268246,0.999881250781)) ;
#3583=DIRECTION('Axis2P3D Direction',(-3.97352054173E-014,0.0154105268246,-0.999881250781)) ;
#3584=DIRECTION('Axis2P3D XDirection',(0.797398421624,-0.603381534275,-0.00929953163155)) ;
#3588=DIRECTION('Vector Direction',(-4.01247662547E-014,0.0154105268246,-0.999881250781)) ;
#3593=DIRECTION('Vector Direction',(-4.01247662547E-014,0.0154105268246,-0.999881250781)) ;
#3624=DIRECTION('Axis2P3D Direction',(-0.989083197753,0.147340663384,0.00227086690913)) ;
#3625=DIRECTION('Axis2P3D XDirection',(-0.14735816205,-0.988965744895,-0.0152422931507)) ;
#3629=DIRECTION('Vector Direction',(-0.989083197753,0.147340663384,0.00227086690913)) ;
#3651=DIRECTION('Vector Direction',(4.13406682624E-014,-0.0154105268246,0.999881250781)) ;
#3656=DIRECTION('Vector Direction',(0.147286832088,0.98897636807,0.0152424568789)) ;
#3661=DIRECTION('Vector Direction',(6.20110023936E-014,-0.0154105268246,0.999881250781)) ;
#3679=DIRECTION('Axis2P3D Direction',(0.104147517749,0.688415008276,0.717800857429)) ;
#3680=DIRECTION('Axis2P3D XDirection',(0.989093822189,-0.147269341892,-0.00226976767685)) ;
#3684=DIRECTION('Vector Direction',(0.989093822189,-0.147269341892,-0.00226976767685)) ;
#3691=DIRECTION('Vector Direction',(0.104147517749,0.710208784315,-0.696244768187)) ;
#3698=DIRECTION('Vector Direction',(0.989093822189,-0.147269341892,-0.00226976767685)) ;
#3710=DIRECTION('Vector Direction',(-0.989093822189,0.147269341892,0.00226976767685)) ;
#3717=DIRECTION('Vector Direction',(-0.147286832088,-0.98897636807,-0.0152424568789)) ;
#3729=DIRECTION('Axis2P3D Direction',(-0.147286832088,-0.98897636807,-0.0152424568789)) ;
#3730=DIRECTION('Axis2P3D XDirection',(4.20631411646E-014,-0.0154105268246,0.999881250781)) ;
#3734=DIRECTION('Vector Direction',(-0.989093822189,0.147269341892,0.00226976767685)) ;
#3741=DIRECTION('Vector Direction',(2.84217094304E-014,-0.0154105268246,0.999881250781)) ;
#3759=DIRECTION('Axis2P3D Direction',(4.32713760656E-014,-0.0154105268246,0.999881250781)) ;
#3760=DIRECTION('Axis2P3D XDirection',(0.147286832088,0.98897636807,0.0152424568789)) ;
#3764=DIRECTION('Vector Direction',(-0.989093822189,0.147269341892,0.00226976767685)) ;
#3771=DIRECTION('Vector Direction',(0.147286832088,0.98897636807,0.0152424568789)) ;
#3776=DIRECTION('Vector Direction',(-0.989093822189,0.147269341892,0.00226976767686)) ;
#3790=DIRECTION('Axis2P3D Direction',(0.989093822189,-0.147269341892,-0.00226976767685)) ;
#3791=DIRECTION('Axis2P3D XDirection',(0.147286832088,0.98897636807,0.0152424568787)) ;
#3795=DIRECTION('Vector Direction',(0.989093822189,-0.147269341892,-0.00226976767685)) ;
#3802=DIRECTION('Axis2P3D Direction',(0.989093822189,-0.147269341892,-0.00226976767685)) ;
#3814=DIRECTION('Axis2P3D Direction',(-0.147286832088,-0.98897636807,-0.0152424568789)) ;
#3815=DIRECTION('Axis2P3D XDirection',(4.20631411646E-014,-0.0154105268246,0.999881250781)) ;
#3819=DIRECTION('Vector Direction',(-0.989093822189,0.147269341892,0.00226976767685)) ;
#3826=DIRECTION('Vector Direction',(5.68434188608E-014,-0.0154105268246,0.999881250781)) ;
#3839=DIRECTION('Axis2P3D Direction',(4.1836759751E-014,-0.0154105268246,0.999881250781)) ;
#3840=DIRECTION('Axis2P3D XDirection',(0.147286832088,0.98897636807,0.0152424568789)) ;
#3844=DIRECTION('Vector Direction',(0.147286832088,0.98897636807,0.0152424568789)) ;
#3851=DIRECTION('Vector Direction',(-0.989093822189,0.147269341892,0.00226976767685)) ;
#3858=DIRECTION('Vector Direction',(-0.147286832088,-0.98897636807,-0.0152424568789)) ;
#3879=DIRECTION('Axis2P3D Direction',(-0.147286832088,-0.98897636807,-0.0152424568789)) ;
#3880=DIRECTION('Axis2P3D XDirection',(4.19135212648E-014,-0.0154105268246,0.999881250781)) ;
#3884=DIRECTION('Vector Direction',(-0.989093822189,0.147269341892,0.00226976767685)) ;
#3891=DIRECTION('Vector Direction',(5.68434188608E-014,-0.0154105268246,0.999881250781)) ;
#3896=DIRECTION('Vector Direction',(-0.989093822189,0.147269341892,0.00226976767686)) ;
#3909=DIRECTION('Axis2P3D Direction',(0.989093822189,-0.147269341892,-0.00226976767685)) ;
#3910=DIRECTION('Axis2P3D XDirection',(0.147286832088,0.98897636807,0.015242456879)) ;
#3914=DIRECTION('Vector Direction',(0.989093822189,-0.147269341892,-0.00226976767685)) ;
#3921=DIRECTION('Axis2P3D Direction',(0.989093822189,-0.147269341892,-0.00226976767685)) ;
#3933=DIRECTION('Vector Direction',(-0.989093822189,0.147269341892,0.00226976767685)) ;
#3940=DIRECTION('Vector Direction',(-0.147286832088,-0.98897636807,-0.0152424568789)) ;
#3954=DIRECTION('Axis2P3D Direction',(-0.147286832088,-0.98897636807,-0.0152424568789)) ;
#3955=DIRECTION('Axis2P3D XDirection',(4.00022896752E-014,-0.0154105268246,0.999881250781)) ;
#3959=DIRECTION('Vector Direction',(-0.989093822189,0.147269341892,0.00226976767685)) ;
#3966=DIRECTION('Vector Direction',(2.84217094304E-014,-0.0154105268246,0.999881250781)) ;
#3984=DIRECTION('Vector Direction',(0.147286832088,0.98897636807,0.0152424568788)) ;
#3991=DIRECTION('Vector Direction',(-0.989093822189,0.147269341892,0.00226976767685)) ;
#4003=DIRECTION('Axis2P3D Direction',(0.104147517749,0.710208784315,-0.696244768187)) ;
#4004=DIRECTION('Axis2P3D XDirection',(-0.989093822189,0.147269341892,0.00226976767685)) ;
#4008=DIRECTION('Vector Direction',(-0.989093822189,0.147269341892,0.00226976767685)) ;
#4015=DIRECTION('Vector Direction',(0.104147517749,0.688415008276,0.717800857429)) ;
#4027=DIRECTION('Vector Direction',(4.13406682624E-014,-0.0154105268246,0.999881250781)) ;
#4043=DIRECTION('Axis2P3D Direction',(4.14343039046E-014,-0.0154105268246,0.999881250781)) ;
#4044=DIRECTION('Axis2P3D XDirection',(0.147286832088,0.98897636807,0.0152424568789)) ;
#4048=DIRECTION('Vector Direction',(0.147286832088,0.98897636807,0.0152424568789)) ;
#4060=DIRECTION('Vector Direction',(4.13406682624E-014,-0.0154105268246,0.999881250781)) ;
#4076=DIRECTION('Axis2P3D Direction',(-0.989093822189,0.147269341892,0.00226976767685)) ;
#4077=DIRECTION('Axis2P3D XDirection',(0.129256355437,0.875296614863,-0.465992092838)) ;
#4081=DIRECTION('Axis2P3D Direction',(-0.989093822189,0.147269341892,0.00226976767685)) ;
#4090=DIRECTION('Vector Direction',(-0.989093822189,0.147269341892,0.00226976767685)) ;
#4095=DIRECTION('Vector Direction',(-0.989093822189,0.147269341892,0.00226976767685)) ;
#4107=DIRECTION('Axis2P3D Direction',(-0.989093822189,0.147269341892,0.00226976767685)) ;
#4119=DIRECTION('Axis2P3D Direction',(0.989093822189,-0.147269341892,-0.00226976767685)) ;
#4128=DIRECTION('Axis2P3D Direction',(0.989093822189,-0.147269341892,-0.00226976767685)) ;
#4138=DIRECTION('Axis2P3D Direction',(-0.989093822189,0.147269341892,0.00226976767685)) ;
#4139=DIRECTION('Axis2P3D XDirection',(0.129256355437,0.875296614866,-0.465992092834)) ;
#4143=DIRECTION('Axis2P3D Direction',(-0.989093822189,0.147269341892,0.00226976767685)) ;
#4152=DIRECTION('Vector Direction',(-0.989093822189,0.147269341892,0.00226976767685)) ;
#4157=DIRECTION('Vector Direction',(-0.989093822189,0.147269341892,0.00226976767685)) ;
#4169=DIRECTION('Axis2P3D Direction',(-0.989093822189,0.147269341892,0.00226976767685)) ;
#4181=DIRECTION('Axis2P3D Direction',(0.147286832088,0.98897636807,0.0152424568789)) ;
#4182=DIRECTION('Axis2P3D XDirection',(-4.17361457894E-014,0.0154105268246,-0.999881250781)) ;
#4186=DIRECTION('Vector Direction',(-0.989093822189,0.147269341892,0.00226976767685)) ;
#4195=DIRECTION('Vector Direction',(-4.04819600196E-014,0.0154105268246,-0.999881250781)) ;
#4200=DIRECTION('Vector Direction',(-4.04819600196E-014,0.0154105268246,-0.999881250781)) ;
#4212=DIRECTION('Axis2P3D Direction',(-0.989093822189,0.147269341892,0.00226976767684)) ;
#4213=DIRECTION('Axis2P3D XDirection',(-3.97458872745E-014,0.0154105268245,-0.999881250781)) ;
#4217=DIRECTION('Axis2P3D Direction',(-0.989093822189,0.147269341892,0.00226976767684)) ;
#4224=DIRECTION('Vector Direction',(-0.989093822189,0.147269341892,0.00226976767684)) ;
#4231=DIRECTION('Axis2P3D Direction',(-0.989093822189,0.147269341892,0.00226976767684)) ;
#4243=DIRECTION('Axis2P3D Direction',(0.989093822189,-0.147269341892,-0.00226976767685)) ;
#4244=DIRECTION('Axis2P3D XDirection',(0.147269721248,0.989096370028,0.)) ;
#4248=DIRECTION('Vector Direction',(-3.83521862193E-014,0.0154105268246,-0.999881250781)) ;
#4253=DIRECTION('Vector Direction',(-4.3831069965E-014,0.0154105268246,-0.999881250781)) ;
#4266=DIRECTION('Axis2P3D Direction',(0.989093822189,-0.147269341892,-0.00226976767685)) ;
#4275=DIRECTION('Vector Direction',(0.147286832088,0.98897636807,0.0152424568789)) ;
#4280=DIRECTION('Vector Direction',(4.04819600196E-014,-0.0154105268246,0.999881250781)) ;
#4296=DIRECTION('Axis2P3D Direction',(-0.147286832088,-0.98897636807,-0.0152424568789)) ;
#4297=DIRECTION('Axis2P3D XDirection',(4.26707280621E-014,-0.0154105268246,0.999881250781)) ;
#4301=DIRECTION('Vector Direction',(-0.989093822189,0.147269341892,0.00226976767685)) ;
#4308=DIRECTION('Vector Direction',(4.72289533562E-014,-0.0154105268246,0.999881250781)) ;
#4320=DIRECTION('Axis2P3D Direction',(4.16567821904E-014,-0.0154105268246,0.999881250781)) ;
#4321=DIRECTION('Axis2P3D XDirection',(0.147286832088,0.98897636807,0.0152424568789)) ;
#4325=DIRECTION('Vector Direction',(-0.989093822189,0.147269341892,0.00226976767685)) ;
#4332=DIRECTION('Vector Direction',(0.147286832088,0.98897636807,0.0152424568789)) ;
#4344=DIRECTION('Axis2P3D Direction',(-0.989093822189,0.147269341892,0.0022697676768)) ;
#4345=DIRECTION('Axis2P3D XDirection',(0.147286832088,0.98897636807,0.0152424568789)) ;
#4349=DIRECTION('Axis2P3D Direction',(-0.989093822189,0.147269341892,0.0022697676768)) ;
#4361=DIRECTION('Axis2P3D Direction',(-0.989093822189,0.147269341892,0.00226976767685)) ;
#4362=DIRECTION('Axis2P3D XDirection',(4.54076880263E-014,-0.0154105268246,0.999881250781)) ;
#4366=DIRECTION('Axis2P3D Direction',(-0.989093822189,0.147269341892,0.00226976767685)) ;
#4375=DIRECTION('Vector Direction',(-0.989093822189,0.147269341892,0.00226976767686)) ;
#4382=DIRECTION('Axis2P3D Direction',(-0.989093822189,0.147269341892,0.00226976767685)) ;
#4389=DIRECTION('Vector Direction',(-0.989093822189,0.147269341892,0.00226976767686)) ;
#4401=DIRECTION('Axis2P3D Direction',(-4.16225214017E-014,0.0154105268246,-0.999881250781)) ;
#4402=DIRECTION('Axis2P3D XDirection',(-0.147286832088,-0.98897636807,-0.0152424568789)) ;
#4406=DIRECTION('Vector Direction',(0.147286832088,0.98897636807,0.0152424568789)) ;
#4413=DIRECTION('Vector Direction',(0.147286832088,0.98897636807,0.0152424568789)) ;
#4420=DIRECTION('Vector Direction',(0.989083197753,-0.147340663384,-0.00227086690911)) ;
#4432=DIRECTION('Axis2P3D Direction',(-0.989093822189,0.147269341892,0.00226976767685)) ;
#4433=DIRECTION('Axis2P3D XDirection',(-0.147269721248,-0.989096370028,0.)) ;
#4437=DIRECTION('Vector Direction',(-4.54747350886E-014,0.0154105268246,-0.999881250781)) ;
#4444=DIRECTION('Axis2P3D Direction',(-0.989093822189,0.147269341892,0.00226976767685)) ;
#4451=DIRECTION('Vector Direction',(-0.147286832088,-0.98897636807,-0.0152424568789)) ;
#4458=DIRECTION('Vector Direction',(-4.1631799729E-014,0.0154105268246,-0.999881250781)) ;
#4472=DIRECTION('Axis2P3D Direction',(0.147286832088,0.98897636807,0.0152424568789)) ;
#4473=DIRECTION('Axis2P3D XDirection',(-4.11021043589E-014,0.0154105268246,-0.999881250781)) ;
#4477=DIRECTION('Vector Direction',(-4.13406682624E-014,0.0154105268246,-0.999881250781)) ;
#4484=DIRECTION('Vector Direction',(-0.989093822189,0.147269341892,0.00226976767684)) ;
#4496=DIRECTION('Axis2P3D Direction',(-0.989093822189,0.147269341892,0.00226976767685)) ;
#4497=DIRECTION('Axis2P3D XDirection',(-0.147269721248,-0.989096370028,0.)) ;
#4501=DIRECTION('Vector Direction',(-3.8429353596E-014,0.0154105268246,-0.999881250781)) ;
#4508=DIRECTION('Vector Direction',(-0.147286832088,-0.98897636807,-0.0152424568789)) ;
#4515=DIRECTION('Axis2P3D Direction',(-0.989093822189,0.147269341892,0.00226976767685)) ;
#4529=DIRECTION('Axis2P3D Direction',(-0.989093822189,0.147269341892,0.00226976767685)) ;
#4530=DIRECTION('Axis2P3D XDirection',(0.147286832088,0.98897636807,0.0152424568789)) ;
#4534=DIRECTION('Vector Direction',(-0.989093822189,0.147269341892,0.00226976767686)) ;
#4546=DIRECTION('Axis2P3D Direction',(4.00083612073E-014,-0.0154105268246,0.999881250781)) ;
#4547=DIRECTION('Axis2P3D XDirection',(0.147286832088,0.98897636807,0.0152424568789)) ;
#4551=DIRECTION('Vector Direction',(0.989083197753,-0.147340663384,-0.00227086690914)) ;
#4563=DIRECTION('Axis2P3D Direction',(-0.989093822189,0.147269341892,0.00226976767685)) ;
#4564=DIRECTION('Axis2P3D XDirection',(-3.58072946294E-014,0.0154105268246,-0.999881250781)) ;
#4568=DIRECTION('Axis2P3D Direction',(-0.989093822189,0.147269341892,0.00226976767685)) ;
#4577=DIRECTION('Vector Direction',(-0.989093822189,0.147269341892,0.00226976767686)) ;
#4584=DIRECTION('Axis2P3D Direction',(-0.989093822189,0.147269341892,0.00226976767685)) ;
#4591=DIRECTION('Vector Direction',(-0.989093822189,0.147269341892,0.00226976767686)) ;
#4603=DIRECTION('Vector Direction',(0.147286832088,0.98897636807,0.0152424568789)) ;
#4610=DIRECTION('Vector Direction',(0.147286832088,0.98897636807,0.0152424568789)) ;
#4617=DIRECTION('Vector Direction',(0.989083197753,-0.147340663384,-0.00227086690911)) ;
#4629=DIRECTION('Vector Direction',(-4.13406682624E-014,0.0154105268246,-0.999881250781)) ;
#4636=DIRECTION('Axis2P3D Direction',(-0.989093822189,0.147269341892,0.00226976767685)) ;
#4643=DIRECTION('Vector Direction',(-0.147286832088,-0.98897636807,-0.0152424568789)) ;
#4650=DIRECTION('Vector Direction',(-3.8429353596E-014,0.0154105268246,-0.999881250781)) ;
#4664=DIRECTION('Axis2P3D Direction',(0.147286832088,0.98897636807,0.0152424568789)) ;
#4665=DIRECTION('Axis2P3D XDirection',(-4.11021043589E-014,0.0154105268246,-0.999881250781)) ;
#4669=DIRECTION('Vector Direction',(-4.13406682624E-014,0.0154105268246,-0.999881250781)) ;
#4676=DIRECTION('Vector Direction',(-0.989093822189,0.147269341892,0.00226976767684)) ;
#4688=DIRECTION('Vector Direction',(-3.8429353596E-014,0.0154105268246,-0.999881250781)) ;
#4695=DIRECTION('Vector Direction',(-0.147286832088,-0.98897636807,-0.0152424568789)) ;
#4702=DIRECTION('Axis2P3D Direction',(-0.989093822189,0.147269341892,0.00226976767685)) ;
#4716=DIRECTION('Axis2P3D Direction',(-0.989093822189,0.147269341892,0.00226976767685)) ;
#4717=DIRECTION('Axis2P3D XDirection',(-0.147286832088,-0.98897636807,-0.0152424568789)) ;
#4721=DIRECTION('Vector Direction',(-0.989093822189,0.147269341892,0.00226976767686)) ;
#4733=DIRECTION('Vector Direction',(0.989083197753,-0.147340663384,-0.00227086690911)) ;
#4745=DIRECTION('Axis2P3D Direction',(0.14735816205,0.988965744895,0.0152422931507)) ;
#4746=DIRECTION('Axis2P3D XDirection',(-0.989083197753,0.147340663384,0.00227086690914)) ;
#4762=DIRECTION('Vector Direction',(-3.8429353596E-014,0.0154105268246,-0.999881250781)) ;
#4771=DIRECTION('Vector Direction',(0.989083197753,-0.147340663384,-0.00227086690914)) ;
#4778=DIRECTION('Vector Direction',(-4.1631799729E-014,0.0154105268246,-0.999881250781)) ;
#4785=DIRECTION('Vector Direction',(0.989083197753,-0.147340663384,-0.00227086690914)) ;
#4796=DIRECTION('Vector Direction',(-3.8429353596E-014,0.0154105268246,-0.999881250781)) ;
#4805=DIRECTION('Vector Direction',(0.989083197753,-0.147340663384,-0.00227086690914)) ;
#4812=DIRECTION('Vector Direction',(-4.1631799729E-014,0.0154105268246,-0.999881250781)) ;
#4819=DIRECTION('Vector Direction',(0.989083197753,-0.147340663384,-0.00227086690914)) ;
#4830=DIRECTION('Vector Direction',(-3.5226907463E-014,0.0154105268246,-0.999881250781)) ;
#4839=DIRECTION('Vector Direction',(0.989083197753,-0.147340663384,-0.00227086690914)) ;
#4846=DIRECTION('Vector Direction',(-4.1631799729E-014,0.0154105268246,-0.999881250781)) ;
#4853=DIRECTION('Vector Direction',(0.989083197753,-0.147340663384,-0.00227086690914)) ;
#4865=DIRECTION('Axis2P3D Direction',(-0.14735816205,-0.988965744895,-0.0152422931507)) ;
#4866=DIRECTION('Axis2P3D XDirection',(0.989083197753,-0.147340663384,-0.00227086690914)) ;
#4882=DIRECTION('Vector Direction',(-4.4834245862E-014,0.0154105268246,-0.999881250781)) ;
#4891=DIRECTION('Vector Direction',(0.989083197753,-0.147340663384,-0.00227086690914)) ;
#4898=DIRECTION('Vector Direction',(-4.4834245862E-014,0.0154105268246,-0.999881250781)) ;
#4905=DIRECTION('Vector Direction',(0.989083197753,-0.147340663384,-0.00227086690914)) ;
#4916=DIRECTION('Vector Direction',(-4.4834245862E-014,0.0154105268246,-0.999881250781)) ;
#4925=DIRECTION('Vector Direction',(0.989083197753,-0.147340663384,-0.00227086690914)) ;
#4932=DIRECTION('Vector Direction',(-4.1631799729E-014,0.0154105268246,-0.999881250781)) ;
#4939=DIRECTION('Vector Direction',(0.989083197753,-0.147340663384,-0.00227086690914)) ;
#4950=DIRECTION('Vector Direction',(-4.4834245862E-014,0.0154105268246,-0.999881250781)) ;
#4959=DIRECTION('Vector Direction',(0.989083197753,-0.147340663384,-0.00227086690914)) ;
#4966=DIRECTION('Vector Direction',(-4.1631799729E-014,0.0154105268246,-0.999881250781)) ;
#4973=DIRECTION('Vector Direction',(0.989083197753,-0.147340663384,-0.00227086690914)) ;
#4985=DIRECTION('Axis2P3D Direction',(-0.989093822189,0.147269341892,0.00226976767685)) ;
#4986=DIRECTION('Axis2P3D XDirection',(-3.58072946294E-014,0.0154105268246,-0.999881250781)) ;
#4990=DIRECTION('Axis2P3D Direction',(-0.989093822189,0.147269341892,0.00226976767685)) ;
#4999=DIRECTION('Vector Direction',(-0.989093822189,0.147269341892,0.00226976767686)) ;
#5006=DIRECTION('Axis2P3D Direction',(-0.989093822189,0.147269341892,0.00226976767685)) ;
#5013=DIRECTION('Vector Direction',(-0.989093822189,0.147269341892,0.00226976767686)) ;
#5025=DIRECTION('Axis2P3D Direction',(4.00083612073E-014,-0.0154105268246,0.999881250781)) ;
#5026=DIRECTION('Axis2P3D XDirection',(0.147286832088,0.98897636807,0.0152424568789)) ;
#5030=DIRECTION('Vector Direction',(0.147286832088,0.98897636807,0.0152424568789)) ;
#5035=DIRECTION('Vector Direction',(0.147286832088,0.98897636807,0.0152424568789)) ;
#5047=DIRECTION('Axis2P3D Direction',(-0.989093822189,0.147269341892,0.00226976767685)) ;
#5048=DIRECTION('Axis2P3D XDirection',(-0.147269721248,-0.989096370028,0.)) ;
#5052=DIRECTION('Vector Direction',(-4.54747350886E-014,0.0154105268246,-0.999881250781)) ;
#5059=DIRECTION('Axis2P3D Direction',(-0.989093822189,0.147269341892,0.00226976767685)) ;
#5066=DIRECTION('Vector Direction',(-0.147286832088,-0.98897636807,-0.0152424568789)) ;
#5080=DIRECTION('Axis2P3D Direction',(0.147286832088,0.98897636807,0.0152424568789)) ;
#5081=DIRECTION('Axis2P3D XDirection',(-4.11021043589E-014,0.0154105268246,-0.999881250781)) ;
#5085=DIRECTION('Vector Direction',(-4.13406682624E-014,0.0154105268246,-0.999881250781)) ;
#5092=DIRECTION('Vector Direction',(-0.989093822189,0.147269341892,0.00226976767684)) ;
#5104=DIRECTION('Axis2P3D Direction',(-0.989093822189,0.147269341892,0.00226976767685)) ;
#5105=DIRECTION('Axis2P3D XDirection',(-0.147269721248,-0.989096370028,0.)) ;
#5109=DIRECTION('Vector Direction',(-0.147286832088,-0.98897636807,-0.0152424568789)) ;
#5116=DIRECTION('Axis2P3D Direction',(-0.989093822189,0.147269341892,0.00226976767685)) ;
#5130=DIRECTION('Axis2P3D Direction',(-0.989093822189,0.147269341892,0.00226976767685)) ;
#5131=DIRECTION('Axis2P3D XDirection',(-0.147286832088,-0.98897636807,-0.0152424568789)) ;
#5135=DIRECTION('Vector Direction',(-0.989093822189,0.147269341892,0.00226976767686)) ;
#5147=DIRECTION('Axis2P3D Direction',(-4.16225214017E-014,0.0154105268246,-0.999881250781)) ;
#5148=DIRECTION('Axis2P3D XDirection',(-0.147286832088,-0.98897636807,-0.0152424568789)) ;
#5159=DIRECTION('Axis2P3D Direction',(-0.989093822189,0.147269341892,0.00226976767685)) ;
#5160=DIRECTION('Axis2P3D XDirection',(4.54076880263E-014,-0.0154105268246,0.999881250781)) ;
#5164=DIRECTION('Axis2P3D Direction',(-0.989093822189,0.147269341892,0.00226976767685)) ;
#5173=DIRECTION('Vector Direction',(-0.989093822189,0.147269341892,0.00226976767686)) ;
#5180=DIRECTION('Axis2P3D Direction',(-0.989093822189,0.147269341892,0.00226976767685)) ;
#5187=DIRECTION('Vector Direction',(-0.989093822189,0.147269341892,0.00226976767686)) ;
#5199=DIRECTION('Axis2P3D Direction',(-4.16225214017E-014,0.0154105268246,-0.999881250781)) ;
#5200=DIRECTION('Axis2P3D XDirection',(-0.147286832088,-0.98897636807,-0.0152424568789)) ;
#5204=DIRECTION('Vector Direction',(0.147286832088,0.98897636807,0.0152424568789)) ;
#5209=DIRECTION('Vector Direction',(0.147286832088,0.98897636807,0.0152424568789)) ;
#5221=DIRECTION('Axis2P3D Direction',(-0.989093822189,0.147269341892,0.00226976767685)) ;
#5222=DIRECTION('Axis2P3D XDirection',(-0.147269721248,-0.989096370028,0.)) ;
#5226=DIRECTION('Vector Direction',(-4.54747350886E-014,0.0154105268246,-0.999881250781)) ;
#5233=DIRECTION('Axis2P3D Direction',(-0.989093822189,0.147269341892,0.00226976767685)) ;
#5240=DIRECTION('Vector Direction',(-0.147286832089,-0.98897636807,-0.0152424568789)) ;
#5254=DIRECTION('Axis2P3D Direction',(0.147286832088,0.98897636807,0.0152424568789)) ;
#5255=DIRECTION('Axis2P3D XDirection',(-4.11021043589E-014,0.0154105268246,-0.999881250781)) ;
#5259=DIRECTION('Vector Direction',(-4.13406682624E-014,0.0154105268246,-0.999881250781)) ;
#5266=DIRECTION('Vector Direction',(-0.989093822189,0.147269341892,0.00226976767684)) ;
#5278=DIRECTION('Axis2P3D Direction',(-0.989093822189,0.147269341892,0.00226976767685)) ;
#5279=DIRECTION('Axis2P3D XDirection',(-0.147269721248,-0.989096370028,0.)) ;
#5283=DIRECTION('Vector Direction',(-0.147286832088,-0.98897636807,-0.0152424568789)) ;
#5290=DIRECTION('Axis2P3D Direction',(-0.989093822189,0.147269341892,0.00226976767685)) ;
#5304=DIRECTION('Axis2P3D Direction',(-0.989093822189,0.147269341892,0.00226976767685)) ;
#5305=DIRECTION('Axis2P3D XDirection',(0.147286832088,0.98897636807,0.0152424568789)) ;
#5309=DIRECTION('Vector Direction',(-0.989093822189,0.147269341892,0.00226976767686)) ;
#5321=DIRECTION('Axis2P3D Direction',(4.00083612073E-014,-0.0154105268246,0.999881250781)) ;
#5322=DIRECTION('Axis2P3D XDirection',(0.147286832088,0.98897636807,0.0152424568789)) ;
#5333=DIRECTION('Axis2P3D Direction',(-0.989093822189,0.147269341892,0.00226976767685)) ;
#5334=DIRECTION('Axis2P3D XDirection',(-3.58072946294E-014,0.0154105268246,-0.999881250781)) ;
#5338=DIRECTION('Axis2P3D Direction',(-0.989093822189,0.147269341892,0.00226976767685)) ;
#5347=DIRECTION('Vector Direction',(-0.989093822189,0.147269341892,0.00226976767686)) ;
#5354=DIRECTION('Axis2P3D Direction',(-0.989093822189,0.147269341892,0.00226976767685)) ;
#5361=DIRECTION('Vector Direction',(-0.989093822189,0.147269341892,0.00226976767686)) ;
#5373=DIRECTION('Axis2P3D Direction',(4.00083612073E-014,-0.0154105268246,0.999881250781)) ;
#5374=DIRECTION('Axis2P3D XDirection',(0.147286832088,0.98897636807,0.0152424568789)) ;
#5378=DIRECTION('Vector Direction',(0.147286832088,0.98897636807,0.0152424568789)) ;
#5383=DIRECTION('Vector Direction',(0.147286832088,0.98897636807,0.0152424568789)) ;
#5395=DIRECTION('Axis2P3D Direction',(-0.989093822189,0.147269341892,0.00226976767685)) ;
#5396=DIRECTION('Axis2P3D XDirection',(-0.147269721248,-0.989096370028,0.)) ;
#5400=DIRECTION('Vector Direction',(-4.54747350886E-014,0.0154105268246,-0.999881250781)) ;
#5407=DIRECTION('Axis2P3D Direction',(-0.989093822189,0.147269341892,0.00226976767685)) ;
#5414=DIRECTION('Vector Direction',(-0.147286832088,-0.98897636807,-0.0152424568789)) ;
#5428=DIRECTION('Axis2P3D Direction',(0.147286832088,0.98897636807,0.0152424568789)) ;
#5429=DIRECTION('Axis2P3D XDirection',(-4.11021043589E-014,0.0154105268246,-0.999881250781)) ;
#5433=DIRECTION('Vector Direction',(-4.13406682624E-014,0.0154105268246,-0.999881250781)) ;
#5440=DIRECTION('Vector Direction',(-0.989093822189,0.147269341892,0.00226976767684)) ;
#5452=DIRECTION('Axis2P3D Direction',(-0.989093822189,0.147269341892,0.00226976767685)) ;
#5453=DIRECTION('Axis2P3D XDirection',(-0.147269721248,-0.989096370028,0.)) ;
#5457=DIRECTION('Vector Direction',(-0.147286832088,-0.98897636807,-0.0152424568789)) ;
#5464=DIRECTION('Axis2P3D Direction',(-0.989093822189,0.147269341892,0.00226976767685)) ;
#5478=DIRECTION('Axis2P3D Direction',(-0.989093822189,0.147269341892,0.00226976767685)) ;
#5479=DIRECTION('Axis2P3D XDirection',(-0.147286832088,-0.98897636807,-0.0152424568789)) ;
#5483=DIRECTION('Vector Direction',(-0.989093822189,0.147269341892,0.00226976767686)) ;
#5495=DIRECTION('Axis2P3D Direction',(-4.16225214017E-014,0.0154105268246,-0.999881250781)) ;
#5496=DIRECTION('Axis2P3D XDirection',(-0.147286832088,-0.98897636807,-0.0152424568789)) ;
#5507=DIRECTION('Axis2P3D Direction',(-0.989093822189,0.147269341892,0.00226976767685)) ;
#5508=DIRECTION('Axis2P3D XDirection',(4.54076880263E-014,-0.0154105268246,0.999881250781)) ;
#5512=DIRECTION('Axis2P3D Direction',(-0.989093822189,0.147269341892,0.00226976767685)) ;
#5521=DIRECTION('Vector Direction',(-0.989093822189,0.147269341892,0.00226976767686)) ;
#5528=DIRECTION('Axis2P3D Direction',(-0.989093822189,0.147269341892,0.00226976767685)) ;
#5535=DIRECTION('Vector Direction',(-0.989093822189,0.147269341892,0.00226976767686)) ;
#5547=DIRECTION('Vector Direction',(0.147286832088,0.98897636807,0.0152424568789)) ;
#5552=DIRECTION('Vector Direction',(0.147286832088,0.98897636807,0.0152424568789)) ;
#5564=DIRECTION('Vector Direction',(-4.54747350886E-014,0.0154105268246,-0.999881250781)) ;
#5571=DIRECTION('Axis2P3D Direction',(-0.989093822189,0.147269341892,0.00226976767685)) ;
#5578=DIRECTION('Vector Direction',(-0.147286832089,-0.98897636807,-0.0152424568789)) ;
#5592=DIRECTION('Axis2P3D Direction',(0.147286832088,0.98897636807,0.0152424568789)) ;
#5593=DIRECTION('Axis2P3D XDirection',(-4.11021043589E-014,0.0154105268246,-0.999881250781)) ;
#5597=DIRECTION('Vector Direction',(-4.13406682624E-014,0.0154105268246,-0.999881250781)) ;
#5604=DIRECTION('Vector Direction',(-0.989093822189,0.147269341892,0.00226976767684)) ;
#5616=DIRECTION('Vector Direction',(-0.147286832088,-0.98897636807,-0.0152424568788)) ;
#5623=DIRECTION('Axis2P3D Direction',(-0.989093822189,0.147269341892,0.00226976767685)) ;
#5637=DIRECTION('Axis2P3D Direction',(-0.989093822189,0.147269341892,0.00226976767685)) ;
#5638=DIRECTION('Axis2P3D XDirection',(0.147286832088,0.98897636807,0.0152424568789)) ;
#5642=DIRECTION('Vector Direction',(-0.989093822189,0.147269341892,0.00226976767686)) ;
#5661=DIRECTION('Axis2P3D Direction',(-0.989093822189,0.147269341892,0.00226976767685)) ;
#5662=DIRECTION('Axis2P3D XDirection',(-3.58072946294E-014,0.0154105268246,-0.999881250781)) ;
#5666=DIRECTION('Axis2P3D Direction',(-0.989093822189,0.147269341892,0.00226976767685)) ;
#5675=DIRECTION('Vector Direction',(-0.989093822189,0.147269341892,0.00226976767686)) ;
#5682=DIRECTION('Axis2P3D Direction',(-0.989093822189,0.147269341892,0.00226976767685)) ;
#5689=DIRECTION('Vector Direction',(-0.989093822189,0.147269341892,0.00226976767686)) ;
#5701=DIRECTION('Vector Direction',(0.147286832088,0.98897636807,0.0152424568789)) ;
#5706=DIRECTION('Vector Direction',(0.147286832088,0.98897636807,0.0152424568789)) ;
#5718=DIRECTION('Vector Direction',(-4.54747350886E-014,0.0154105268246,-0.999881250781)) ;
#5725=DIRECTION('Axis2P3D Direction',(-0.989093822189,0.147269341892,0.00226976767685)) ;
#5732=DIRECTION('Vector Direction',(-0.147286832088,-0.98897636807,-0.0152424568789)) ;
#5746=DIRECTION('Axis2P3D Direction',(0.147286832088,0.98897636807,0.0152424568789)) ;
#5747=DIRECTION('Axis2P3D XDirection',(-4.11021043589E-014,0.0154105268246,-0.999881250781)) ;
#5751=DIRECTION('Vector Direction',(-4.13406682624E-014,0.0154105268246,-0.999881250781)) ;
#5758=DIRECTION('Vector Direction',(-0.989093822189,0.147269341892,0.00226976767684)) ;
#5770=DIRECTION('Vector Direction',(-0.147286832088,-0.98897636807,-0.0152424568789)) ;
#5777=DIRECTION('Axis2P3D Direction',(-0.989093822189,0.147269341892,0.00226976767685)) ;
#5791=DIRECTION('Axis2P3D Direction',(-0.989093822189,0.147269341892,0.00226976767685)) ;
#5792=DIRECTION('Axis2P3D XDirection',(-0.147286832088,-0.98897636807,-0.0152424568789)) ;
#5796=DIRECTION('Vector Direction',(-0.989093822189,0.147269341892,0.00226976767686)) ;
#5815=DIRECTION('Axis2P3D Direction',(-0.989093822189,0.147269341892,0.00226976767685)) ;
#5816=DIRECTION('Axis2P3D XDirection',(4.54076880263E-014,-0.0154105268246,0.999881250781)) ;
#5820=DIRECTION('Axis2P3D Direction',(-0.989093822189,0.147269341892,0.00226976767685)) ;
#5829=DIRECTION('Vector Direction',(-0.989093822189,0.147269341892,0.00226976767686)) ;
#5836=DIRECTION('Axis2P3D Direction',(-0.989093822189,0.147269341892,0.00226976767685)) ;
#5843=DIRECTION('Vector Direction',(-0.989093822189,0.147269341892,0.00226976767686)) ;
#5855=DIRECTION('Vector Direction',(0.147286832088,0.98897636807,0.0152424568789)) ;
#5860=DIRECTION('Vector Direction',(0.147286832088,0.98897636807,0.0152424568789)) ;
#5872=DIRECTION('Vector Direction',(-4.54747350886E-014,0.0154105268246,-0.999881250781)) ;
#5879=DIRECTION('Axis2P3D Direction',(-0.989093822189,0.147269341892,0.00226976767685)) ;
#5886=DIRECTION('Vector Direction',(-0.147286832088,-0.98897636807,-0.0152424568789)) ;
#5900=DIRECTION('Axis2P3D Direction',(0.147286832088,0.98897636807,0.0152424568789)) ;
#5901=DIRECTION('Axis2P3D XDirection',(-4.11021043589E-014,0.0154105268246,-0.999881250781)) ;
#5905=DIRECTION('Vector Direction',(-4.13406682624E-014,0.0154105268246,-0.999881250781)) ;
#5912=DIRECTION('Vector Direction',(-0.989093822189,0.147269341892,0.00226976767684)) ;
#5924=DIRECTION('Vector Direction',(-0.147286832088,-0.98897636807,-0.0152424568788)) ;
#5931=DIRECTION('Axis2P3D Direction',(-0.989093822189,0.147269341892,0.00226976767685)) ;
#5945=DIRECTION('Axis2P3D Direction',(-0.989093822189,0.147269341892,0.00226976767685)) ;
#5946=DIRECTION('Axis2P3D XDirection',(0.147286832088,0.98897636807,0.0152424568789)) ;
#5950=DIRECTION('Vector Direction',(-0.989093822189,0.147269341892,0.00226976767686)) ;
#5969=DIRECTION('Axis2P3D Direction',(-0.989093822189,0.147269341892,0.00226976767685)) ;
#5970=DIRECTION('Axis2P3D XDirection',(-0.147286832088,-0.98897636807,-0.0152424568789)) ;
#6013=DIRECTION('Vector Direction',(0.147286832088,0.98897636807,0.0152424568789)) ;
#6022=DIRECTION('Axis2P3D Direction',(-0.989093822189,0.147269341892,0.00226976767685)) ;
#6029=DIRECTION('Vector Direction',(-0.0774270128551,-0.506784249515,-0.858588831819)) ;
#6036=DIRECTION('Axis2P3D Direction',(-0.989093822189,0.147269341892,0.00226976767685)) ;
#6043=DIRECTION('Vector Direction',(-0.0740902233373,-0.510807136725,0.856496764662)) ;
#6050=DIRECTION('Axis2P3D Direction',(-0.989093822189,0.147269341892,0.00226976767685)) ;
#6063=DIRECTION('Axis2P3D Direction',(-0.989093822189,0.147269341892,0.00226976767685)) ;
#6072=DIRECTION('Vector Direction',(0.077427012855,0.533003012905,-0.842563259295)) ;
#6079=DIRECTION('Axis2P3D Direction',(-0.989093822189,0.147269341892,0.00226976767685)) ;
#6086=DIRECTION('Vector Direction',(-0.147286832088,-0.98897636807,-0.0152424568789)) ;
#6093=DIRECTION('Axis2P3D Direction',(-0.989093822189,0.147269341892,0.00226976767685)) ;
#6100=DIRECTION('Vector Direction',(0.0740902233373,0.48416952136,0.871831700153)) ;
#6114=DIRECTION('Axis2P3D Direction',(0.989093822189,-0.147269341892,-0.00226976767685)) ;
#6115=DIRECTION('Axis2P3D XDirection',(-0.127295128393,-0.862491516205,0.489800300901)) ;
#6119=DIRECTION('Vector Direction',(0.989093822189,-0.147269341892,-0.00226976767685)) ;
#6126=DIRECTION('Vector Direction',(0.989093822189,-0.147269341892,-0.00226976767685)) ;
#6133=DIRECTION('Axis2P3D Direction',(0.989093822189,-0.147269341892,-0.00226976767685)) ;
#6145=DIRECTION('Axis2P3D Direction',(-0.127295128393,-0.862491516204,0.489800300901)) ;
#6146=DIRECTION('Axis2P3D XDirection',(0.0740902233373,0.48416952136,0.871831700153)) ;
#6150=DIRECTION('Vector Direction',(-0.989093822189,0.147269341892,0.00226976767685)) ;
#6157=DIRECTION('Vector Direction',(0.0740902233373,0.48416952136,0.871831700153)) ;
#6169=DIRECTION('Vector Direction',(-0.989093822189,0.147269341892,0.00226976767685)) ;
#6176=DIRECTION('Vector Direction',(-0.147286832088,-0.98897636807,-0.0152424568789)) ;
#6188=DIRECTION('Axis2P3D Direction',(-0.989093822189,0.147269341892,0.00226976767685)) ;
#6195=DIRECTION('Vector Direction',(0.077427012855,0.533003012905,-0.842563259295)) ;
#6202=DIRECTION('Axis2P3D Direction',(-0.989093822189,0.147269341892,0.00226976767685)) ;
#6216=DIRECTION('Axis2P3D Direction',(0.989093822189,-0.147269341892,-0.00226976767685)) ;
#6217=DIRECTION('Axis2P3D XDirection',(0.125293529709,0.833198373242,0.538592612501)) ;
#6221=DIRECTION('Vector Direction',(0.989093822189,-0.147269341892,-0.00226976767685)) ;
#6233=DIRECTION('Axis2P3D Direction',(0.989093822189,-0.147269341892,-0.00226976767685)) ;
#6234=DIRECTION('Axis2P3D XDirection',(-1.10055194125E-014,0.0154105268248,-0.999881250781)) ;
#6238=DIRECTION('Vector Direction',(0.989093822189,-0.147269341892,-0.00226976767685)) ;
#6250=DIRECTION('Axis2P3D Direction',(0.125293529709,0.833198373242,0.538592612501)) ;
#6251=DIRECTION('Axis2P3D XDirection',(0.077427012855,0.533003012905,-0.842563259295)) ;
#6262=DIRECTION('Axis2P3D Direction',(-0.127295128393,-0.846987491058,-0.516147401696)) ;
#6263=DIRECTION('Axis2P3D XDirection',(-0.0740902233373,-0.510807136725,0.856496764662)) ;
#6267=DIRECTION('Vector Direction',(-0.989093822189,0.147269341892,0.00226976767685)) ;
#6274=DIRECTION('Vector Direction',(-0.989093822189,0.147269341892,0.00226976767685)) ;
#6281=DIRECTION('Vector Direction',(-0.0740902233373,-0.510807136725,0.856496764662)) ;
#6293=DIRECTION('Axis2P3D Direction',(0.989093822189,-0.147269341892,-0.00226976767685)) ;
#6294=DIRECTION('Axis2P3D XDirection',(-6.58175770829E-014,0.0154105268244,-0.999881250781)) ;
#6298=DIRECTION('Vector Direction',(0.989093822189,-0.147269341892,-0.00226976767685)) ;
#6305=DIRECTION('Axis2P3D Direction',(0.989093822189,-0.147269341892,-0.00226976767685)) ;
#6317=DIRECTION('Axis2P3D Direction',(0.989093822189,-0.147269341892,-0.00226976767685)) ;
#6318=DIRECTION('Axis2P3D XDirection',(0.127295128393,0.846987491058,0.516147401697)) ;
#6322=DIRECTION('Vector Direction',(0.989093822189,-0.147269341892,-0.00226976767685)) ;
#6329=DIRECTION('Axis2P3D Direction',(0.989093822189,-0.147269341892,-0.00226976767685)) ;
#6341=DIRECTION('Vector Direction',(-0.0774270128551,-0.506784249515,-0.858588831819)) ;
#6348=DIRECTION('Axis2P3D Direction',(-0.989093822189,0.147269341892,0.00226976767685)) ;
#6355=DIRECTION('Vector Direction',(0.147286832088,0.98897636807,0.0152424568789)) ;
#6369=DIRECTION('Vector Direction',(-0.989093822189,0.147269341892,0.00226976767685)) ;
#6381=DIRECTION('Axis2P3D Direction',(0.125293529709,0.849400650684,-0.512659795606)) ;
#6382=DIRECTION('Axis2P3D XDirection',(-0.0774270128551,-0.506784249515,-0.858588831819)) ;
#6386=DIRECTION('Vector Direction',(-0.989093822189,0.147269341892,0.00226976767685)) ;
#6398=DIRECTION('Axis2P3D Direction',(0.989093822189,-0.147269341892,-0.00226976767685)) ;
#6399=DIRECTION('Axis2P3D XDirection',(-0.125293529709,-0.849400650684,0.512659795606)) ;
#48=AXIS2_PLACEMENT_3D(' ',#47,$,$) ;
#55=AXIS2_PLACEMENT_3D('Plane Axis2P3D',#52,#53,#54) ;
#59=AXIS2_PLACEMENT_3D('Circle Axis2P3D',#57,#58,$) ;
#68=AXIS2_PLACEMENT_3D('Circle Axis2P3D',#66,#67,$) ;
#79=AXIS2_PLACEMENT_3D('Cylinder Axis2P3D',#76,#77,#78) ;
#83=AXIS2_PLACEMENT_3D('Circle Axis2P3D',#81,#82,$) ;
#99=AXIS2_PLACEMENT_3D('Circle Axis2P3D',#97,#98,$) ;
#119=AXIS2_PLACEMENT_3D('Plane Axis2P3D',#116,#117,#118) ;
#150=AXIS2_PLACEMENT_3D('Cylinder Axis2P3D',#147,#148,#149) ;
#154=AXIS2_PLACEMENT_3D('Circle Axis2P3D',#152,#153,$) ;
#161=AXIS2_PLACEMENT_3D('Circle Axis2P3D',#159,#160,$) ;
#181=AXIS2_PLACEMENT_3D('Cylinder Axis2P3D',#178,#179,#180) ;
#194=AXIS2_PLACEMENT_3D('Circle Axis2P3D',#192,#193,$) ;
#208=AXIS2_PLACEMENT_3D('Circle Axis2P3D',#206,#207,$) ;
#221=AXIS2_PLACEMENT_3D('Cylinder Axis2P3D',#218,#219,#220) ;
#234=AXIS2_PLACEMENT_3D('Circle Axis2P3D',#232,#233,$) ;
#248=AXIS2_PLACEMENT_3D('Circle Axis2P3D',#246,#247,$) ;
#261=AXIS2_PLACEMENT_3D('Plane Axis2P3D',#258,#259,#260) ;
#281=AXIS2_PLACEMENT_3D('Circle Axis2P3D',#279,#280,$) ;
#288=AXIS2_PLACEMENT_3D('Circle Axis2P3D',#286,#287,$) ;
#309=AXIS2_PLACEMENT_3D('Plane Axis2P3D',#306,#307,#308) ;
#322=AXIS2_PLACEMENT_3D('Circle Axis2P3D',#320,#321,$) ;
#329=AXIS2_PLACEMENT_3D('Circle Axis2P3D',#327,#328,$) ;
#357=AXIS2_PLACEMENT_3D('Circle Axis2P3D',#355,#356,$) ;
#364=AXIS2_PLACEMENT_3D('Circle Axis2P3D',#362,#363,$) ;
#395=AXIS2_PLACEMENT_3D('Circle Axis2P3D',#393,#394,$) ;
#404=AXIS2_PLACEMENT_3D('Circle Axis2P3D',#402,#403,$) ;
#415=AXIS2_PLACEMENT_3D('Cylinder Axis2P3D',#412,#413,#414) ;
#455=AXIS2_PLACEMENT_3D('Cylinder Axis2P3D',#452,#453,#454) ;
#484=AXIS2_PLACEMENT_3D('Circle Axis2P3D',#482,#483,$) ;
#498=AXIS2_PLACEMENT_3D('Circle Axis2P3D',#496,#497,$) ;
#522=AXIS2_PLACEMENT_3D('Circle Axis2P3D',#520,#521,$) ;
#531=AXIS2_PLACEMENT_3D('Circle Axis2P3D',#529,#530,$) ;
#536=AXIS2_PLACEMENT_3D('Circle Axis2P3D',#534,#535,$) ;
#553=AXIS2_PLACEMENT_3D('Circle Axis2P3D',#551,#552,$) ;
#573=AXIS2_PLACEMENT_3D('Cylinder Axis2P3D',#570,#571,#572) ;
#592=AXIS2_PLACEMENT_3D('Circle Axis2P3D',#590,#591,$) ;
#606=AXIS2_PLACEMENT_3D('Plane Axis2P3D',#603,#604,#605) ;
#617=AXIS2_PLACEMENT_3D('Circle Axis2P3D',#615,#616,$) ;
#630=AXIS2_PLACEMENT_3D('Plane Axis2P3D',#627,#628,#629) ;
#654=AXIS2_PLACEMENT_3D('Plane Axis2P3D',#651,#652,#653) ;
#658=AXIS2_PLACEMENT_3D('Circle Axis2P3D',#656,#657,$) ;
#678=AXIS2_PLACEMENT_3D('Cylinder Axis2P3D',#675,#676,#677) ;
#690=AXIS2_PLACEMENT_3D('Circle Axis2P3D',#688,#689,$) ;
#704=AXIS2_PLACEMENT_3D('Plane Axis2P3D',#701,#702,#703) ;
#795=AXIS2_PLACEMENT_3D('Torus Axis2P3D',#792,#793,#794) ;
#799=AXIS2_PLACEMENT_3D('Circle Axis2P3D',#797,#798,$) ;
#806=AXIS2_PLACEMENT_3D('Circle Axis2P3D',#804,#805,$) ;
#813=AXIS2_PLACEMENT_3D('Circle Axis2P3D',#811,#812,$) ;
#826=AXIS2_PLACEMENT_3D('Cylinder Axis2P3D',#823,#824,#825) ;
#839=AXIS2_PLACEMENT_3D('Circle Axis2P3D',#837,#838,$) ;
#853=AXIS2_PLACEMENT_3D('Circle Axis2P3D',#851,#852,$) ;
#866=AXIS2_PLACEMENT_3D('Cylinder Axis2P3D',#863,#864,#865) ;
#879=AXIS2_PLACEMENT_3D('Circle Axis2P3D',#877,#878,$) ;
#893=AXIS2_PLACEMENT_3D('Circle Axis2P3D',#891,#892,$) ;
#906=AXIS2_PLACEMENT_3D('Plane Axis2P3D',#903,#904,#905) ;
#946=AXIS2_PLACEMENT_3D('Plane Axis2P3D',#943,#944,#945) ;
#976=AXIS2_PLACEMENT_3D('Circle Axis2P3D',#974,#975,$) ;
#996=AXIS2_PLACEMENT_3D('Cylinder Axis2P3D',#993,#994,#995) ;
#1025=AXIS2_PLACEMENT_3D('Circle Axis2P3D',#1023,#1024,$) ;
#1039=AXIS2_PLACEMENT_3D('Circle Axis2P3D',#1037,#1038,$) ;
#1053=AXIS2_PLACEMENT_3D('Circle Axis2P3D',#1051,#1052,$) ;
#1090=AXIS2_PLACEMENT_3D('Circle Axis2P3D',#1088,#1089,$) ;
#1138=AXIS2_PLACEMENT_3D('Cylinder Axis2P3D',#1135,#1136,#1137) ;
#1167=AXIS2_PLACEMENT_3D('Circle Axis2P3D',#1165,#1166,$) ;
#1252=AXIS2_PLACEMENT_3D('Circle Axis2P3D',#1250,#1251,$) ;
#1261=AXIS2_PLACEMENT_3D('Circle Axis2P3D',#1259,#1260,$) ;
#1272=AXIS2_PLACEMENT_3D('Cylinder Axis2P3D',#1269,#1270,#1271) ;
#1290=AXIS2_PLACEMENT_3D('Circle Axis2P3D',#1288,#1289,$) ;
#1302=AXIS2_PLACEMENT_3D('Circle Axis2P3D',#1300,#1301,$) ;
#1315=AXIS2_PLACEMENT_3D('Cone Axis2P3D',#1312,#1313,#1314) ;
#1341=AXIS2_PLACEMENT_3D('Circle Axis2P3D',#1339,#1340,$) ;
#1356=AXIS2_PLACEMENT_3D('Circle Axis2P3D',#1354,#1355,$) ;
#1371=AXIS2_PLACEMENT_3D('Circle Axis2P3D',#1369,#1370,$) ;
#1405=AXIS2_PLACEMENT_3D('Circle Axis2P3D',#1403,#1404,$) ;
#1420=AXIS2_PLACEMENT_3D('Circle Axis2P3D',#1418,#1419,$) ;
#1435=AXIS2_PLACEMENT_3D('Circle Axis2P3D',#1433,#1434,$) ;
#1462=AXIS2_PLACEMENT_3D('Plane Axis2P3D',#1459,#1460,#1461) ;
#1473=AXIS2_PLACEMENT_3D('Circle Axis2P3D',#1471,#1472,$) ;
#1494=AXIS2_PLACEMENT_3D('Cylinder Axis2P3D',#1491,#1492,#1493) ;
#1505=AXIS2_PLACEMENT_3D('Circle Axis2P3D',#1503,#1504,$) ;
#1531=AXIS2_PLACEMENT_3D('Circle Axis2P3D',#1529,#1530,$) ;
#1564=AXIS2_PLACEMENT_3D('Circle Axis2P3D',#1562,#1563,$) ;
#1583=AXIS2_PLACEMENT_3D('Circle Axis2P3D',#1581,#1582,$) ;
#1609=AXIS2_PLACEMENT_3D('Circle Axis2P3D',#1607,#1608,$) ;
#1635=AXIS2_PLACEMENT_3D('Circle Axis2P3D',#1633,#1634,$) ;
#1662=AXIS2_PLACEMENT_3D('Circle Axis2P3D',#1660,#1661,$) ;
#1688=AXIS2_PLACEMENT_3D('Circle Axis2P3D',#1686,#1687,$) ;
#1714=AXIS2_PLACEMENT_3D('Circle Axis2P3D',#1712,#1713,$) ;
#1740=AXIS2_PLACEMENT_3D('Circle Axis2P3D',#1738,#1739,$) ;
#1759=AXIS2_PLACEMENT_3D('Circle Axis2P3D',#1757,#1758,$) ;
#1786=AXIS2_PLACEMENT_3D('Cone Axis2P3D',#1783,#1784,#1785) ;
#1798=AXIS2_PLACEMENT_3D('Circle Axis2P3D',#1796,#1797,$) ;
#1834=AXIS2_PLACEMENT_3D('Circle Axis2P3D',#1832,#1833,$) ;
#1854=AXIS2_PLACEMENT_3D('Circle Axis2P3D',#1852,#1853,$) ;
#1882=AXIS2_PLACEMENT_3D('Circle Axis2P3D',#1880,#1881,$) ;
#1910=AXIS2_PLACEMENT_3D('Circle Axis2P3D',#1908,#1909,$) ;
#1930=AXIS2_PLACEMENT_3D('Circle Axis2P3D',#1928,#1929,$) ;
#1965=AXIS2_PLACEMENT_3D('Circle Axis2P3D',#1963,#1964,$) ;
#1998=AXIS2_PLACEMENT_3D('Circle Axis2P3D',#1996,#1997,$) ;
#2017=AXIS2_PLACEMENT_3D('Circle Axis2P3D',#2015,#2016,$) ;
#2043=AXIS2_PLACEMENT_3D('Circle Axis2P3D',#2041,#2042,$) ;
#2069=AXIS2_PLACEMENT_3D('Circle Axis2P3D',#2067,#2068,$) ;
#2088=AXIS2_PLACEMENT_3D('Circle Axis2P3D',#2086,#2087,$) ;
#2115=AXIS2_PLACEMENT_3D('Plane Axis2P3D',#2112,#2113,#2114) ;
#2126=AXIS2_PLACEMENT_3D('Circle Axis2P3D',#2124,#2125,$) ;
#2159=AXIS2_PLACEMENT_3D('Circle Axis2P3D',#2157,#2158,$) ;
#2178=AXIS2_PLACEMENT_3D('Circle Axis2P3D',#2176,#2177,$) ;
#2185=AXIS2_PLACEMENT_3D('Circle Axis2P3D',#2183,#2184,$) ;
#2205=AXIS2_PLACEMENT_3D('Circle Axis2P3D',#2203,#2204,$) ;
#2245=AXIS2_PLACEMENT_3D('Circle Axis2P3D',#2243,#2244,$) ;
#2264=AXIS2_PLACEMENT_3D('Circle Axis2P3D',#2262,#2263,$) ;
#2271=AXIS2_PLACEMENT_3D('Circle Axis2P3D',#2269,#2270,$) ;
#2292=AXIS2_PLACEMENT_3D('Cylinder Axis2P3D',#2289,#2290,#2291) ;
#2303=AXIS2_PLACEMENT_3D('Circle Axis2P3D',#2301,#2302,$) ;
#2329=AXIS2_PLACEMENT_3D('Circle Axis2P3D',#2327,#2328,$) ;
#2341=AXIS2_PLACEMENT_3D('Circle Axis2P3D',#2339,#2340,$) ;
#2374=AXIS2_PLACEMENT_3D('Circle Axis2P3D',#2372,#2373,$) ;
#2400=AXIS2_PLACEMENT_3D('Circle Axis2P3D',#2398,#2399,$) ;
#2415=AXIS2_PLACEMENT_3D('Circle Axis2P3D',#2413,#2414,$) ;
#2460=AXIS2_PLACEMENT_3D('Circle Axis2P3D',#2458,#2459,$) ;
#2487=AXIS2_PLACEMENT_3D('Circle Axis2P3D',#2485,#2486,$) ;
#2506=AXIS2_PLACEMENT_3D('Circle Axis2P3D',#2504,#2505,$) ;
#2526=AXIS2_PLACEMENT_3D('Cylinder Axis2P3D',#2523,#2524,#2525) ;
#2537=AXIS2_PLACEMENT_3D('Circle Axis2P3D',#2535,#2536,$) ;
#2557=AXIS2_PLACEMENT_3D('Plane Axis2P3D',#2554,#2555,#2556) ;
#2578=AXIS2_PLACEMENT_3D('Plane Axis2P3D',#2575,#2576,#2577) ;
#2599=AXIS2_PLACEMENT_3D('Cylinder Axis2P3D',#2596,#2597,#2598) ;
#2610=AXIS2_PLACEMENT_3D('Circle Axis2P3D',#2608,#2609,$) ;
#2630=AXIS2_PLACEMENT_3D('Plane Axis2P3D',#2627,#2628,#2629) ;
#2651=AXIS2_PLACEMENT_3D('Plane Axis2P3D',#2648,#2649,#2650) ;
#2672=AXIS2_PLACEMENT_3D('Cylinder Axis2P3D',#2669,#2670,#2671) ;
#2683=AXIS2_PLACEMENT_3D('Circle Axis2P3D',#2681,#2682,$) ;
#2703=AXIS2_PLACEMENT_3D('Plane Axis2P3D',#2700,#2701,#2702) ;
#2724=AXIS2_PLACEMENT_3D('Plane Axis2P3D',#2721,#2722,#2723) ;
#2745=AXIS2_PLACEMENT_3D('Cylinder Axis2P3D',#2742,#2743,#2744) ;
#2756=AXIS2_PLACEMENT_3D('Circle Axis2P3D',#2754,#2755,$) ;
#2776=AXIS2_PLACEMENT_3D('Plane Axis2P3D',#2773,#2774,#2775) ;
#2797=AXIS2_PLACEMENT_3D('Plane Axis2P3D',#2794,#2795,#2796) ;
#2818=AXIS2_PLACEMENT_3D('Cylinder Axis2P3D',#2815,#2816,#2817) ;
#2829=AXIS2_PLACEMENT_3D('Circle Axis2P3D',#2827,#2828,$) ;
#2849=AXIS2_PLACEMENT_3D('Plane Axis2P3D',#2846,#2847,#2848) ;
#2870=AXIS2_PLACEMENT_3D('Plane Axis2P3D',#2867,#2868,#2869) ;
#2891=AXIS2_PLACEMENT_3D('Plane Axis2P3D',#2888,#2889,#2890) ;
#2919=AXIS2_PLACEMENT_3D('Cylinder Axis2P3D',#2916,#2917,#2918) ;
#2923=AXIS2_PLACEMENT_3D('Circle Axis2P3D',#2921,#2922,$) ;
#2943=AXIS2_PLACEMENT_3D('Plane Axis2P3D',#2940,#2941,#2942) ;
#2963=AXIS2_PLACEMENT_3D('Circle Axis2P3D',#2961,#2962,$) ;
#2968=AXIS2_PLACEMENT_3D('Circle Axis2P3D',#2966,#2967,$) ;
#2973=AXIS2_PLACEMENT_3D('Circle Axis2P3D',#2971,#2972,$) ;
#2986=AXIS2_PLACEMENT_3D('Plane Axis2P3D',#2983,#2984,#2985) ;
#3026=AXIS2_PLACEMENT_3D('Plane Axis2P3D',#3023,#3024,#3025) ;
#3067=AXIS2_PLACEMENT_3D('Plane Axis2P3D',#3064,#3065,#3066) ;
#3071=AXIS2_PLACEMENT_3D('Circle Axis2P3D',#3069,#3070,$) ;
#3084=AXIS2_PLACEMENT_3D('Plane Axis2P3D',#3081,#3082,#3083) ;
#3088=AXIS2_PLACEMENT_3D('Circle Axis2P3D',#3086,#3087,$) ;
#3095=AXIS2_PLACEMENT_3D('Circle Axis2P3D',#3093,#3094,$) ;
#3102=AXIS2_PLACEMENT_3D('Circle Axis2P3D',#3100,#3101,$) ;
#3143=AXIS2_PLACEMENT_3D('Circle Axis2P3D',#3141,#3142,$) ;
#3163=AXIS2_PLACEMENT_3D('Plane Axis2P3D',#3160,#3161,#3162) ;
#3176=AXIS2_PLACEMENT_3D('Circle Axis2P3D',#3174,#3175,$) ;
#3181=AXIS2_PLACEMENT_3D('Circle Axis2P3D',#3179,#3180,$) ;
#3214=AXIS2_PLACEMENT_3D('Circle Axis2P3D',#3212,#3213,$) ;
#3250=AXIS2_PLACEMENT_3D('Plane Axis2P3D',#3247,#3248,#3249) ;
#3336=AXIS2_PLACEMENT_3D('Plane Axis2P3D',#3333,#3334,#3335) ;
#3367=AXIS2_PLACEMENT_3D('Plane Axis2P3D',#3364,#3365,#3366) ;
#3412=AXIS2_PLACEMENT_3D('Plane Axis2P3D',#3409,#3410,#3411) ;
#3435=AXIS2_PLACEMENT_3D('Plane Axis2P3D',#3432,#3433,#3434) ;
#3474=AXIS2_PLACEMENT_3D('Plane Axis2P3D',#3471,#3472,#3473) ;
#3571=AXIS2_PLACEMENT_3D('Cylinder Axis2P3D',#3568,#3569,#3570) ;
#3585=AXIS2_PLACEMENT_3D('Cylinder Axis2P3D',#3582,#3583,#3584) ;
#3626=AXIS2_PLACEMENT_3D('Cylinder Axis2P3D',#3623,#3624,#3625) ;
#3681=AXIS2_PLACEMENT_3D('Plane Axis2P3D',#3678,#3679,#3680) ;
#3731=AXIS2_PLACEMENT_3D('Plane Axis2P3D',#3728,#3729,#3730) ;
#3761=AXIS2_PLACEMENT_3D('Plane Axis2P3D',#3758,#3759,#3760) ;
#3792=AXIS2_PLACEMENT_3D('Cylinder Axis2P3D',#3789,#3790,#3791) ;
#3803=AXIS2_PLACEMENT_3D('Circle Axis2P3D',#3801,#3802,$) ;
#3816=AXIS2_PLACEMENT_3D('Plane Axis2P3D',#3813,#3814,#3815) ;
#3841=AXIS2_PLACEMENT_3D('Plane Axis2P3D',#3838,#3839,#3840) ;
#3881=AXIS2_PLACEMENT_3D('Plane Axis2P3D',#3878,#3879,#3880) ;
#3911=AXIS2_PLACEMENT_3D('Cylinder Axis2P3D',#3908,#3909,#3910) ;
#3922=AXIS2_PLACEMENT_3D('Circle Axis2P3D',#3920,#3921,$) ;
#3956=AXIS2_PLACEMENT_3D('Plane Axis2P3D',#3953,#3954,#3955) ;
#4005=AXIS2_PLACEMENT_3D('Plane Axis2P3D',#4002,#4003,#4004) ;
#4045=AXIS2_PLACEMENT_3D('Plane Axis2P3D',#4042,#4043,#4044) ;
#4078=AXIS2_PLACEMENT_3D('Cylinder Axis2P3D',#4075,#4076,#4077) ;
#4082=AXIS2_PLACEMENT_3D('Circle Axis2P3D',#4080,#4081,$) ;
#4108=AXIS2_PLACEMENT_3D('Circle Axis2P3D',#4106,#4107,$) ;
#4120=AXIS2_PLACEMENT_3D('Circle Axis2P3D',#4118,#4119,$) ;
#4129=AXIS2_PLACEMENT_3D('Circle Axis2P3D',#4127,#4128,$) ;
#4140=AXIS2_PLACEMENT_3D('Cylinder Axis2P3D',#4137,#4138,#4139) ;
#4144=AXIS2_PLACEMENT_3D('Circle Axis2P3D',#4142,#4143,$) ;
#4170=AXIS2_PLACEMENT_3D('Circle Axis2P3D',#4168,#4169,$) ;
#4183=AXIS2_PLACEMENT_3D('Plane Axis2P3D',#4180,#4181,#4182) ;
#4214=AXIS2_PLACEMENT_3D('Cylinder Axis2P3D',#4211,#4212,#4213) ;
#4218=AXIS2_PLACEMENT_3D('Circle Axis2P3D',#4216,#4217,$) ;
#4232=AXIS2_PLACEMENT_3D('Circle Axis2P3D',#4230,#4231,$) ;
#4245=AXIS2_PLACEMENT_3D('Plane Axis2P3D',#4242,#4243,#4244) ;
#4267=AXIS2_PLACEMENT_3D('Circle Axis2P3D',#4265,#4266,$) ;
#4298=AXIS2_PLACEMENT_3D('Plane Axis2P3D',#4295,#4296,#4297) ;
#4322=AXIS2_PLACEMENT_3D('Plane Axis2P3D',#4319,#4320,#4321) ;
#4346=AXIS2_PLACEMENT_3D('Cylinder Axis2P3D',#4343,#4344,#4345) ;
#4350=AXIS2_PLACEMENT_3D('Circle Axis2P3D',#4348,#4349,$) ;
#4363=AXIS2_PLACEMENT_3D('Cylinder Axis2P3D',#4360,#4361,#4362) ;
#4367=AXIS2_PLACEMENT_3D('Circle Axis2P3D',#4365,#4366,$) ;
#4383=AXIS2_PLACEMENT_3D('Circle Axis2P3D',#4381,#4382,$) ;
#4403=AXIS2_PLACEMENT_3D('Plane Axis2P3D',#4400,#4401,#4402) ;
#4434=AXIS2_PLACEMENT_3D('Plane Axis2P3D',#4431,#4432,#4433) ;
#4445=AXIS2_PLACEMENT_3D('Circle Axis2P3D',#4443,#4444,$) ;
#4474=AXIS2_PLACEMENT_3D('Plane Axis2P3D',#4471,#4472,#4473) ;
#4498=AXIS2_PLACEMENT_3D('Plane Axis2P3D',#4495,#4496,#4497) ;
#4516=AXIS2_PLACEMENT_3D('Circle Axis2P3D',#4514,#4515,$) ;
#4531=AXIS2_PLACEMENT_3D('Cylinder Axis2P3D',#4528,#4529,#4530) ;
#4548=AXIS2_PLACEMENT_3D('Plane Axis2P3D',#4545,#4546,#4547) ;
#4565=AXIS2_PLACEMENT_3D('Cylinder Axis2P3D',#4562,#4563,#4564) ;
#4569=AXIS2_PLACEMENT_3D('Circle Axis2P3D',#4567,#4568,$) ;
#4585=AXIS2_PLACEMENT_3D('Circle Axis2P3D',#4583,#4584,$) ;
#4637=AXIS2_PLACEMENT_3D('Circle Axis2P3D',#4635,#4636,$) ;
#4666=AXIS2_PLACEMENT_3D('Plane Axis2P3D',#4663,#4664,#4665) ;
#4703=AXIS2_PLACEMENT_3D('Circle Axis2P3D',#4701,#4702,$) ;
#4718=AXIS2_PLACEMENT_3D('Cylinder Axis2P3D',#4715,#4716,#4717) ;
#4747=AXIS2_PLACEMENT_3D('Plane Axis2P3D',#4744,#4745,#4746) ;
#4867=AXIS2_PLACEMENT_3D('Plane Axis2P3D',#4864,#4865,#4866) ;
#4987=AXIS2_PLACEMENT_3D('Cylinder Axis2P3D',#4984,#4985,#4986) ;
#4991=AXIS2_PLACEMENT_3D('Circle Axis2P3D',#4989,#4990,$) ;
#5007=AXIS2_PLACEMENT_3D('Circle Axis2P3D',#5005,#5006,$) ;
#5027=AXIS2_PLACEMENT_3D('Plane Axis2P3D',#5024,#5025,#5026) ;
#5049=AXIS2_PLACEMENT_3D('Plane Axis2P3D',#5046,#5047,#5048) ;
#5060=AXIS2_PLACEMENT_3D('Circle Axis2P3D',#5058,#5059,$) ;
#5082=AXIS2_PLACEMENT_3D('Plane Axis2P3D',#5079,#5080,#5081) ;
#5106=AXIS2_PLACEMENT_3D('Plane Axis2P3D',#5103,#5104,#5105) ;
#5117=AXIS2_PLACEMENT_3D('Circle Axis2P3D',#5115,#5116,$) ;
#5132=AXIS2_PLACEMENT_3D('Cylinder Axis2P3D',#5129,#5130,#5131) ;
#5149=AXIS2_PLACEMENT_3D('Plane Axis2P3D',#5146,#5147,#5148) ;
#5161=AXIS2_PLACEMENT_3D('Cylinder Axis2P3D',#5158,#5159,#5160) ;
#5165=AXIS2_PLACEMENT_3D('Circle Axis2P3D',#5163,#5164,$) ;
#5181=AXIS2_PLACEMENT_3D('Circle Axis2P3D',#5179,#5180,$) ;
#5201=AXIS2_PLACEMENT_3D('Plane Axis2P3D',#5198,#5199,#5200) ;
#5223=AXIS2_PLACEMENT_3D('Plane Axis2P3D',#5220,#5221,#5222) ;
#5234=AXIS2_PLACEMENT_3D('Circle Axis2P3D',#5232,#5233,$) ;
#5256=AXIS2_PLACEMENT_3D('Plane Axis2P3D',#5253,#5254,#5255) ;
#5280=AXIS2_PLACEMENT_3D('Plane Axis2P3D',#5277,#5278,#5279) ;
#5291=AXIS2_PLACEMENT_3D('Circle Axis2P3D',#5289,#5290,$) ;
#5306=AXIS2_PLACEMENT_3D('Cylinder Axis2P3D',#5303,#5304,#5305) ;
#5323=AXIS2_PLACEMENT_3D('Plane Axis2P3D',#5320,#5321,#5322) ;
#5335=AXIS2_PLACEMENT_3D('Cylinder Axis2P3D',#5332,#5333,#5334) ;
#5339=AXIS2_PLACEMENT_3D('Circle Axis2P3D',#5337,#5338,$) ;
#5355=AXIS2_PLACEMENT_3D('Circle Axis2P3D',#5353,#5354,$) ;
#5375=AXIS2_PLACEMENT_3D('Plane Axis2P3D',#5372,#5373,#5374) ;
#5397=AXIS2_PLACEMENT_3D('Plane Axis2P3D',#5394,#5395,#5396) ;
#5408=AXIS2_PLACEMENT_3D('Circle Axis2P3D',#5406,#5407,$) ;
#5430=AXIS2_PLACEMENT_3D('Plane Axis2P3D',#5427,#5428,#5429) ;
#5454=AXIS2_PLACEMENT_3D('Plane Axis2P3D',#5451,#5452,#5453) ;
#5465=AXIS2_PLACEMENT_3D('Circle Axis2P3D',#5463,#5464,$) ;
#5480=AXIS2_PLACEMENT_3D('Cylinder Axis2P3D',#5477,#5478,#5479) ;
#5497=AXIS2_PLACEMENT_3D('Plane Axis2P3D',#5494,#5495,#5496) ;
#5509=AXIS2_PLACEMENT_3D('Cylinder Axis2P3D',#5506,#5507,#5508) ;
#5513=AXIS2_PLACEMENT_3D('Circle Axis2P3D',#5511,#5512,$) ;
#5529=AXIS2_PLACEMENT_3D('Circle Axis2P3D',#5527,#5528,$) ;
#5572=AXIS2_PLACEMENT_3D('Circle Axis2P3D',#5570,#5571,$) ;
#5594=AXIS2_PLACEMENT_3D('Plane Axis2P3D',#5591,#5592,#5593) ;
#5624=AXIS2_PLACEMENT_3D('Circle Axis2P3D',#5622,#5623,$) ;
#5639=AXIS2_PLACEMENT_3D('Cylinder Axis2P3D',#5636,#5637,#5638) ;
#5663=AXIS2_PLACEMENT_3D('Cylinder Axis2P3D',#5660,#5661,#5662) ;
#5667=AXIS2_PLACEMENT_3D('Circle Axis2P3D',#5665,#5666,$) ;
#5683=AXIS2_PLACEMENT_3D('Circle Axis2P3D',#5681,#5682,$) ;
#5726=AXIS2_PLACEMENT_3D('Circle Axis2P3D',#5724,#5725,$) ;
#5748=AXIS2_PLACEMENT_3D('Plane Axis2P3D',#5745,#5746,#5747) ;
#5778=AXIS2_PLACEMENT_3D('Circle Axis2P3D',#5776,#5777,$) ;
#5793=AXIS2_PLACEMENT_3D('Cylinder Axis2P3D',#5790,#5791,#5792) ;
#5817=AXIS2_PLACEMENT_3D('Cylinder Axis2P3D',#5814,#5815,#5816) ;
#5821=AXIS2_PLACEMENT_3D('Circle Axis2P3D',#5819,#5820,$) ;
#5837=AXIS2_PLACEMENT_3D('Circle Axis2P3D',#5835,#5836,$) ;
#5880=AXIS2_PLACEMENT_3D('Circle Axis2P3D',#5878,#5879,$) ;
#5902=AXIS2_PLACEMENT_3D('Plane Axis2P3D',#5899,#5900,#5901) ;
#5932=AXIS2_PLACEMENT_3D('Circle Axis2P3D',#5930,#5931,$) ;
#5947=AXIS2_PLACEMENT_3D('Cylinder Axis2P3D',#5944,#5945,#5946) ;
#5971=AXIS2_PLACEMENT_3D('Plane Axis2P3D',#5968,#5969,#5970) ;
#6023=AXIS2_PLACEMENT_3D('Circle Axis2P3D',#6021,#6022,$) ;
#6037=AXIS2_PLACEMENT_3D('Circle Axis2P3D',#6035,#6036,$) ;
#6051=AXIS2_PLACEMENT_3D('Circle Axis2P3D',#6049,#6050,$) ;
#6064=AXIS2_PLACEMENT_3D('Circle Axis2P3D',#6062,#6063,$) ;
#6080=AXIS2_PLACEMENT_3D('Circle Axis2P3D',#6078,#6079,$) ;
#6094=AXIS2_PLACEMENT_3D('Circle Axis2P3D',#6092,#6093,$) ;
#6116=AXIS2_PLACEMENT_3D('Cylinder Axis2P3D',#6113,#6114,#6115) ;
#6134=AXIS2_PLACEMENT_3D('Circle Axis2P3D',#6132,#6133,$) ;
#6147=AXIS2_PLACEMENT_3D('Plane Axis2P3D',#6144,#6145,#6146) ;
#6189=AXIS2_PLACEMENT_3D('Circle Axis2P3D',#6187,#6188,$) ;
#6203=AXIS2_PLACEMENT_3D('Circle Axis2P3D',#6201,#6202,$) ;
#6218=AXIS2_PLACEMENT_3D('Cylinder Axis2P3D',#6215,#6216,#6217) ;
#6235=AXIS2_PLACEMENT_3D('Cylinder Axis2P3D',#6232,#6233,#6234) ;
#6252=AXIS2_PLACEMENT_3D('Plane Axis2P3D',#6249,#6250,#6251) ;
#6264=AXIS2_PLACEMENT_3D('Plane Axis2P3D',#6261,#6262,#6263) ;
#6295=AXIS2_PLACEMENT_3D('Cylinder Axis2P3D',#6292,#6293,#6294) ;
#6306=AXIS2_PLACEMENT_3D('Circle Axis2P3D',#6304,#6305,$) ;
#6319=AXIS2_PLACEMENT_3D('Cylinder Axis2P3D',#6316,#6317,#6318) ;
#6330=AXIS2_PLACEMENT_3D('Circle Axis2P3D',#6328,#6329,$) ;
#6349=AXIS2_PLACEMENT_3D('Circle Axis2P3D',#6347,#6348,$) ;
#6383=AXIS2_PLACEMENT_3D('Plane Axis2P3D',#6380,#6381,#6382) ;
#6400=AXIS2_PLACEMENT_3D('Cylinder Axis2P3D',#6397,#6398,#6399) ;
#40=PRODUCT_DEFINITION_SHAPE(' ',' ',#14) ;
#31=APPROVAL_PERSON_ORGANIZATION(#25,#21,#19) ;
#25=PERSON_AND_ORGANIZATION(#22,#23) ;
#22=PERSON(' ',' ',' ',$,$,$) ;
#23=ORGANIZATION(' ',' ',' ') ;
#21=APPROVAL(#20,' ') ;
#20=APPROVAL_STATUS('not_yet_approved') ;
#19=APPROVAL_ROLE('APPROVER') ;
#13=DATE_AND_TIME(#11,#12) ;
#12=LOCAL_TIME(11,40,28.,#10) ;
#10=COORDINATED_UNIVERSAL_TIME_OFFSET(0,0,.AHEAD.) ;
#72=ORIENTED_EDGE('',*,*,#65,.F.) ;
#73=ORIENTED_EDGE('',*,*,#70,.F.) ;
#110=ORIENTED_EDGE('',*,*,#89,.T.) ;
#111=ORIENTED_EDGE('',*,*,#96,.F.) ;
#112=ORIENTED_EDGE('',*,*,#103,.F.) ;
#113=ORIENTED_EDGE('',*,*,#108,.T.) ;
#141=ORIENTED_EDGE('',*,*,#127,.T.) ;
#142=ORIENTED_EDGE('',*,*,#108,.F.) ;
#143=ORIENTED_EDGE('',*,*,#134,.F.) ;
#144=ORIENTED_EDGE('',*,*,#139,.T.) ;
#172=ORIENTED_EDGE('',*,*,#158,.T.) ;
#173=ORIENTED_EDGE('',*,*,#139,.F.) ;
#174=ORIENTED_EDGE('',*,*,#165,.F.) ;
#175=ORIENTED_EDGE('',*,*,#170,.T.) ;
#212=ORIENTED_EDGE('',*,*,#191,.F.) ;
#213=ORIENTED_EDGE('',*,*,#198,.F.) ;
#214=ORIENTED_EDGE('',*,*,#205,.T.) ;
#215=ORIENTED_EDGE('',*,*,#210,.F.) ;
#252=ORIENTED_EDGE('',*,*,#231,.F.) ;
#253=ORIENTED_EDGE('',*,*,#238,.F.) ;
#254=ORIENTED_EDGE('',*,*,#245,.T.) ;
#255=ORIENTED_EDGE('',*,*,#250,.F.) ;
#299=ORIENTED_EDGE('',*,*,#271,.F.) ;
#300=ORIENTED_EDGE('',*,*,#278,.F.) ;
#301=ORIENTED_EDGE('',*,*,#285,.T.) ;
#302=ORIENTED_EDGE('',*,*,#292,.T.) ;
#303=ORIENTED_EDGE('',*,*,#297,.F.) ;
#382=ORIENTED_EDGE('',*,*,#319,.T.) ;
#383=ORIENTED_EDGE('',*,*,#326,.T.) ;
#384=ORIENTED_EDGE('',*,*,#333,.T.) ;
#385=ORIENTED_EDGE('',*,*,#340,.T.) ;
#386=ORIENTED_EDGE('',*,*,#347,.T.) ;
#387=ORIENTED_EDGE('',*,*,#354,.T.) ;
#388=ORIENTED_EDGE('',*,*,#361,.T.) ;
#389=ORIENTED_EDGE('',*,*,#368,.T.) ;
#390=ORIENTED_EDGE('',*,*,#375,.T.) ;
#391=ORIENTED_EDGE('',*,*,#380,.F.) ;
#408=ORIENTED_EDGE('',*,*,#401,.F.) ;
#409=ORIENTED_EDGE('',*,*,#406,.F.) ;
#446=ORIENTED_EDGE('',*,*,#425,.F.) ;
#447=ORIENTED_EDGE('',*,*,#436,.T.) ;
#448=ORIENTED_EDGE('',*,*,#278,.T.) ;
#449=ORIENTED_EDGE('',*,*,#444,.F.) ;
#509=ORIENTED_EDGE('',*,*,#326,.F.) ;
#510=ORIENTED_EDGE('',*,*,#463,.T.) ;
#511=ORIENTED_EDGE('',*,*,#474,.F.) ;
#512=ORIENTED_EDGE('',*,*,#292,.F.) ;
#513=ORIENTED_EDGE('',*,*,#481,.T.) ;
#514=ORIENTED_EDGE('',*,*,#488,.T.) ;
#515=ORIENTED_EDGE('',*,*,#495,.F.) ;
#516=ORIENTED_EDGE('',*,*,#502,.T.) ;
#517=ORIENTED_EDGE('',*,*,#507,.T.) ;
#557=ORIENTED_EDGE('',*,*,#528,.F.) ;
#558=ORIENTED_EDGE('',*,*,#533,.T.) ;
#559=ORIENTED_EDGE('',*,*,#495,.T.) ;
#560=ORIENTED_EDGE('',*,*,#538,.T.) ;
#561=ORIENTED_EDGE('',*,*,#481,.F.) ;
#562=ORIENTED_EDGE('',*,*,#285,.F.) ;
#563=ORIENTED_EDGE('',*,*,#436,.F.) ;
#564=ORIENTED_EDGE('',*,*,#543,.F.) ;
#565=ORIENTED_EDGE('',*,*,#368,.F.) ;
#566=ORIENTED_EDGE('',*,*,#550,.F.) ;
#567=ORIENTED_EDGE('',*,*,#555,.T.) ;
#596=ORIENTED_EDGE('',*,*,#584,.F.) ;
#597=ORIENTED_EDGE('',*,*,#589,.T.) ;
#598=ORIENTED_EDGE('',*,*,#333,.F.) ;
#599=ORIENTED_EDGE('',*,*,#507,.F.) ;
#600=ORIENTED_EDGE('',*,*,#594,.F.) ;
#621=ORIENTED_EDGE('',*,*,#614,.F.) ;
#622=ORIENTED_EDGE('',*,*,#340,.F.) ;
#623=ORIENTED_EDGE('',*,*,#589,.F.) ;
#624=ORIENTED_EDGE('',*,*,#619,.F.) ;
#645=ORIENTED_EDGE('',*,*,#638,.F.) ;
#646=ORIENTED_EDGE('',*,*,#347,.F.) ;
#647=ORIENTED_EDGE('',*,*,#614,.T.) ;
#648=ORIENTED_EDGE('',*,*,#643,.T.) ;
#669=ORIENTED_EDGE('',*,*,#354,.F.) ;
#670=ORIENTED_EDGE('',*,*,#638,.T.) ;
#671=ORIENTED_EDGE('',*,*,#662,.F.) ;
#672=ORIENTED_EDGE('',*,*,#667,.T.) ;
#694=ORIENTED_EDGE('',*,*,#667,.F.) ;
#695=ORIENTED_EDGE('',*,*,#687,.F.) ;
#696=ORIENTED_EDGE('',*,*,#692,.F.) ;
#697=ORIENTED_EDGE('',*,*,#550,.T.) ;
#698=ORIENTED_EDGE('',*,*,#361,.F.) ;
#707=ORIENTED_EDGE('',*,*,#488,.F.) ;
#708=ORIENTED_EDGE('',*,*,#538,.F.) ;
#773=ORIENTED_EDGE('',*,*,#742,.F.) ;
#774=ORIENTED_EDGE('',*,*,#771,.T.) ;
#783=ORIENTED_EDGE('',*,*,#555,.F.) ;
#784=ORIENTED_EDGE('',*,*,#692,.T.) ;
#785=ORIENTED_EDGE('',*,*,#781,.F.) ;
#786=ORIENTED_EDGE('',*,*,#594,.T.) ;
#787=ORIENTED_EDGE('',*,*,#502,.F.) ;
#788=ORIENTED_EDGE('',*,*,#533,.F.) ;
#789=ORIENTED_EDGE('',*,*,#528,.T.) ;
#817=ORIENTED_EDGE('',*,*,#771,.F.) ;
#818=ORIENTED_EDGE('',*,*,#803,.T.) ;
#819=ORIENTED_EDGE('',*,*,#810,.F.) ;
#820=ORIENTED_EDGE('',*,*,#815,.F.) ;
#857=ORIENTED_EDGE('',*,*,#836,.F.) ;
#858=ORIENTED_EDGE('',*,*,#843,.F.) ;
#859=ORIENTED_EDGE('',*,*,#850,.T.) ;
#860=ORIENTED_EDGE('',*,*,#855,.T.) ;
#897=ORIENTED_EDGE('',*,*,#876,.F.) ;
#898=ORIENTED_EDGE('',*,*,#883,.F.) ;
#899=ORIENTED_EDGE('',*,*,#890,.T.) ;
#900=ORIENTED_EDGE('',*,*,#895,.F.) ;
#937=ORIENTED_EDGE('',*,*,#916,.T.) ;
#938=ORIENTED_EDGE('',*,*,#923,.F.) ;
#939=ORIENTED_EDGE('',*,*,#930,.T.) ;
#940=ORIENTED_EDGE('',*,*,#935,.T.) ;
#968=ORIENTED_EDGE('',*,*,#954,.T.) ;
#969=ORIENTED_EDGE('',*,*,#961,.T.) ;
#970=ORIENTED_EDGE('',*,*,#966,.F.) ;
#971=ORIENTED_EDGE('',*,*,#935,.F.) ;
#989=ORIENTED_EDGE('',*,*,#982,.T.) ;
#990=ORIENTED_EDGE('',*,*,#987,.F.) ;
#1064=ORIENTED_EDGE('',*,*,#1015,.F.) ;
#1065=ORIENTED_EDGE('',*,*,#1022,.F.) ;
#1066=ORIENTED_EDGE('',*,*,#1029,.T.) ;
#1067=ORIENTED_EDGE('',*,*,#1036,.F.) ;
#1068=ORIENTED_EDGE('',*,*,#1043,.T.) ;
#1069=ORIENTED_EDGE('',*,*,#1050,.T.) ;
#1070=ORIENTED_EDGE('',*,*,#1057,.T.) ;
#1071=ORIENTED_EDGE('',*,*,#1062,.T.) ;
#1094=ORIENTED_EDGE('',*,*,#1087,.T.) ;
#1095=ORIENTED_EDGE('',*,*,#1062,.F.) ;
#1096=ORIENTED_EDGE('',*,*,#1092,.T.) ;
#1097=ORIENTED_EDGE('',*,*,#1022,.T.) ;
#1129=ORIENTED_EDGE('',*,*,#1108,.F.) ;
#1130=ORIENTED_EDGE('',*,*,#1115,.F.) ;
#1131=ORIENTED_EDGE('',*,*,#1122,.F.) ;
#1132=ORIENTED_EDGE('',*,*,#1127,.T.) ;
#1178=ORIENTED_EDGE('',*,*,#1157,.F.) ;
#1179=ORIENTED_EDGE('',*,*,#1164,.F.) ;
#1180=ORIENTED_EDGE('',*,*,#1171,.T.) ;
#1181=ORIENTED_EDGE('',*,*,#1176,.T.) ;
#1247=ORIENTED_EDGE('',*,*,#1216,.F.) ;
#1248=ORIENTED_EDGE('',*,*,#1245,.T.) ;
#1265=ORIENTED_EDGE('',*,*,#1258,.T.) ;
#1266=ORIENTED_EDGE('',*,*,#1263,.T.) ;
#1294=ORIENTED_EDGE('',*,*,#1280,.T.) ;
#1295=ORIENTED_EDGE('',*,*,#1263,.F.) ;
#1296=ORIENTED_EDGE('',*,*,#1287,.F.) ;
#1297=ORIENTED_EDGE('',*,*,#1292,.T.) ;
#1306=ORIENTED_EDGE('',*,*,#1287,.T.) ;
#1307=ORIENTED_EDGE('',*,*,#1258,.F.) ;
#1308=ORIENTED_EDGE('',*,*,#1280,.F.) ;
#1309=ORIENTED_EDGE('',*,*,#1304,.T.) ;
#1383=ORIENTED_EDGE('',*,*,#1323,.T.) ;
#1384=ORIENTED_EDGE('',*,*,#1292,.F.) ;
#1385=ORIENTED_EDGE('',*,*,#1330,.F.) ;
#1386=ORIENTED_EDGE('',*,*,#1338,.T.) ;
#1387=ORIENTED_EDGE('',*,*,#1345,.T.) ;
#1388=ORIENTED_EDGE('',*,*,#1353,.T.) ;
#1389=ORIENTED_EDGE('',*,*,#1360,.T.) ;
#1390=ORIENTED_EDGE('',*,*,#1368,.T.) ;
#1391=ORIENTED_EDGE('',*,*,#1375,.T.) ;
#1392=ORIENTED_EDGE('',*,*,#1381,.T.) ;
#1447=ORIENTED_EDGE('',*,*,#1330,.T.) ;
#1448=ORIENTED_EDGE('',*,*,#1304,.F.) ;
#1449=ORIENTED_EDGE('',*,*,#1323,.F.) ;
#1450=ORIENTED_EDGE('',*,*,#1402,.T.) ;
#1451=ORIENTED_EDGE('',*,*,#1409,.T.) ;
#1452=ORIENTED_EDGE('',*,*,#1417,.T.) ;
#1453=ORIENTED_EDGE('',*,*,#1424,.T.) ;
#1454=ORIENTED_EDGE('',*,*,#1432,.T.) ;
#1455=ORIENTED_EDGE('',*,*,#1439,.T.) ;
#1456=ORIENTED_EDGE('',*,*,#1445,.T.) ;
#1484=ORIENTED_EDGE('',*,*,#1338,.F.) ;
#1485=ORIENTED_EDGE('',*,*,#1445,.F.) ;
#1486=ORIENTED_EDGE('',*,*,#1470,.F.) ;
#1487=ORIENTED_EDGE('',*,*,#1477,.F.) ;
#1488=ORIENTED_EDGE('',*,*,#1482,.F.) ;
#1516=ORIENTED_EDGE('',*,*,#1502,.T.) ;
#1517=ORIENTED_EDGE('',*,*,#1509,.T.) ;
#1518=ORIENTED_EDGE('',*,*,#1514,.F.) ;
#1519=ORIENTED_EDGE('',*,*,#1345,.F.) ;
#1542=ORIENTED_EDGE('',*,*,#1353,.F.) ;
#1543=ORIENTED_EDGE('',*,*,#1528,.F.) ;
#1544=ORIENTED_EDGE('',*,*,#1535,.F.) ;
#1545=ORIENTED_EDGE('',*,*,#1540,.F.) ;
#1568=ORIENTED_EDGE('',*,*,#1554,.F.) ;
#1569=ORIENTED_EDGE('',*,*,#1360,.F.) ;
#1570=ORIENTED_EDGE('',*,*,#1561,.T.) ;
#1571=ORIENTED_EDGE('',*,*,#1566,.T.) ;
#1594=ORIENTED_EDGE('',*,*,#1368,.F.) ;
#1595=ORIENTED_EDGE('',*,*,#1580,.F.) ;
#1596=ORIENTED_EDGE('',*,*,#1587,.F.) ;
#1597=ORIENTED_EDGE('',*,*,#1592,.F.) ;
#1620=ORIENTED_EDGE('',*,*,#1606,.T.) ;
#1621=ORIENTED_EDGE('',*,*,#1613,.T.) ;
#1622=ORIENTED_EDGE('',*,*,#1618,.F.) ;
#1623=ORIENTED_EDGE('',*,*,#1375,.F.) ;
#1646=ORIENTED_EDGE('',*,*,#1402,.F.) ;
#1647=ORIENTED_EDGE('',*,*,#1381,.F.) ;
#1648=ORIENTED_EDGE('',*,*,#1632,.F.) ;
#1649=ORIENTED_EDGE('',*,*,#1639,.F.) ;
#1650=ORIENTED_EDGE('',*,*,#1644,.F.) ;
#1673=ORIENTED_EDGE('',*,*,#1659,.T.) ;
#1674=ORIENTED_EDGE('',*,*,#1666,.T.) ;
#1675=ORIENTED_EDGE('',*,*,#1671,.F.) ;
#1676=ORIENTED_EDGE('',*,*,#1409,.F.) ;
#1699=ORIENTED_EDGE('',*,*,#1417,.F.) ;
#1700=ORIENTED_EDGE('',*,*,#1685,.F.) ;
#1701=ORIENTED_EDGE('',*,*,#1692,.F.) ;
#1702=ORIENTED_EDGE('',*,*,#1697,.F.) ;
#1725=ORIENTED_EDGE('',*,*,#1424,.F.) ;
#1726=ORIENTED_EDGE('',*,*,#1711,.T.) ;
#1727=ORIENTED_EDGE('',*,*,#1718,.T.) ;
#1728=ORIENTED_EDGE('',*,*,#1723,.F.) ;
#1751=ORIENTED_EDGE('',*,*,#1432,.F.) ;
#1752=ORIENTED_EDGE('',*,*,#1737,.F.) ;
#1753=ORIENTED_EDGE('',*,*,#1744,.F.) ;
#1754=ORIENTED_EDGE('',*,*,#1749,.F.) ;
#1777=ORIENTED_EDGE('',*,*,#1765,.T.) ;
#1778=ORIENTED_EDGE('',*,*,#1770,.F.) ;
#1779=ORIENTED_EDGE('',*,*,#1439,.F.) ;
#1780=ORIENTED_EDGE('',*,*,#1775,.T.) ;
#1810=ORIENTED_EDGE('',*,*,#1795,.F.) ;
#1811=ORIENTED_EDGE('',*,*,#1802,.T.) ;
#1812=ORIENTED_EDGE('',*,*,#1808,.T.) ;
#1813=ORIENTED_EDGE('',*,*,#1509,.F.) ;
#1838=ORIENTED_EDGE('',*,*,#1823,.T.) ;
#1839=ORIENTED_EDGE('',*,*,#1566,.F.) ;
#1840=ORIENTED_EDGE('',*,*,#1831,.F.) ;
#1841=ORIENTED_EDGE('',*,*,#1836,.T.) ;
#1866=ORIENTED_EDGE('',*,*,#1851,.F.) ;
#1867=ORIENTED_EDGE('',*,*,#1858,.T.) ;
#1868=ORIENTED_EDGE('',*,*,#1864,.T.) ;
#1869=ORIENTED_EDGE('',*,*,#1613,.F.) ;
#1894=ORIENTED_EDGE('',*,*,#1879,.F.) ;
#1895=ORIENTED_EDGE('',*,*,#1886,.T.) ;
#1896=ORIENTED_EDGE('',*,*,#1892,.T.) ;
#1897=ORIENTED_EDGE('',*,*,#1666,.F.) ;
#1922=ORIENTED_EDGE('',*,*,#1718,.F.) ;
#1923=ORIENTED_EDGE('',*,*,#1907,.F.) ;
#1924=ORIENTED_EDGE('',*,*,#1914,.T.) ;
#1925=ORIENTED_EDGE('',*,*,#1920,.T.) ;
#1950=ORIENTED_EDGE('',*,*,#1936,.T.) ;
#1951=ORIENTED_EDGE('',*,*,#1942,.T.) ;
#1952=ORIENTED_EDGE('',*,*,#1765,.F.) ;
#1953=ORIENTED_EDGE('',*,*,#1948,.F.) ;
#1976=ORIENTED_EDGE('',*,*,#1962,.T.) ;
#1977=ORIENTED_EDGE('',*,*,#1969,.T.) ;
#1978=ORIENTED_EDGE('',*,*,#1974,.F.) ;
#1979=ORIENTED_EDGE('',*,*,#1802,.F.) ;
#2002=ORIENTED_EDGE('',*,*,#1988,.F.) ;
#2003=ORIENTED_EDGE('',*,*,#1836,.F.) ;
#2004=ORIENTED_EDGE('',*,*,#1995,.T.) ;
#2005=ORIENTED_EDGE('',*,*,#2000,.T.) ;
#2028=ORIENTED_EDGE('',*,*,#2014,.T.) ;
#2029=ORIENTED_EDGE('',*,*,#2021,.T.) ;
#2030=ORIENTED_EDGE('',*,*,#2026,.F.) ;
#2031=ORIENTED_EDGE('',*,*,#1858,.F.) ;
#2054=ORIENTED_EDGE('',*,*,#2040,.T.) ;
#2055=ORIENTED_EDGE('',*,*,#2047,.T.) ;
#2056=ORIENTED_EDGE('',*,*,#2052,.F.) ;
#2057=ORIENTED_EDGE('',*,*,#1886,.F.) ;
#2080=ORIENTED_EDGE('',*,*,#1914,.F.) ;
#2081=ORIENTED_EDGE('',*,*,#2066,.T.) ;
#2082=ORIENTED_EDGE('',*,*,#2073,.T.) ;
#2083=ORIENTED_EDGE('',*,*,#2078,.F.) ;
#2106=ORIENTED_EDGE('',*,*,#2094,.T.) ;
#2107=ORIENTED_EDGE('',*,*,#2099,.F.) ;
#2108=ORIENTED_EDGE('',*,*,#1936,.F.) ;
#2109=ORIENTED_EDGE('',*,*,#2104,.T.) ;
#2137=ORIENTED_EDGE('',*,*,#2123,.T.) ;
#2138=ORIENTED_EDGE('',*,*,#2130,.F.) ;
#2139=ORIENTED_EDGE('',*,*,#2135,.F.) ;
#2140=ORIENTED_EDGE('',*,*,#1969,.F.) ;
#2163=ORIENTED_EDGE('',*,*,#2149,.T.) ;
#2164=ORIENTED_EDGE('',*,*,#2000,.F.) ;
#2165=ORIENTED_EDGE('',*,*,#2156,.T.) ;
#2166=ORIENTED_EDGE('',*,*,#2161,.F.) ;
#2196=ORIENTED_EDGE('',*,*,#2175,.T.) ;
#2197=ORIENTED_EDGE('',*,*,#2182,.F.) ;
#2198=ORIENTED_EDGE('',*,*,#2189,.F.) ;
#2199=ORIENTED_EDGE('',*,*,#2194,.T.) ;
#2200=ORIENTED_EDGE('',*,*,#2021,.F.) ;
#2223=ORIENTED_EDGE('',*,*,#2211,.F.) ;
#2224=ORIENTED_EDGE('',*,*,#2216,.T.) ;
#2225=ORIENTED_EDGE('',*,*,#2047,.F.) ;
#2226=ORIENTED_EDGE('',*,*,#2221,.T.) ;
#2249=ORIENTED_EDGE('',*,*,#2235,.T.) ;
#2250=ORIENTED_EDGE('',*,*,#2073,.F.) ;
#2251=ORIENTED_EDGE('',*,*,#2242,.F.) ;
#2252=ORIENTED_EDGE('',*,*,#2247,.F.) ;
#2282=ORIENTED_EDGE('',*,*,#2261,.T.) ;
#2283=ORIENTED_EDGE('',*,*,#2268,.F.) ;
#2284=ORIENTED_EDGE('',*,*,#2275,.F.) ;
#2285=ORIENTED_EDGE('',*,*,#2280,.T.) ;
#2286=ORIENTED_EDGE('',*,*,#2094,.F.) ;
#2314=ORIENTED_EDGE('',*,*,#2300,.F.) ;
#2315=ORIENTED_EDGE('',*,*,#2307,.F.) ;
#2316=ORIENTED_EDGE('',*,*,#2312,.F.) ;
#2317=ORIENTED_EDGE('',*,*,#2268,.T.) ;
#2333=ORIENTED_EDGE('',*,*,#2326,.T.) ;
#2334=ORIENTED_EDGE('',*,*,#2275,.T.) ;
#2335=ORIENTED_EDGE('',*,*,#2312,.T.) ;
#2336=ORIENTED_EDGE('',*,*,#2331,.F.) ;
#2359=ORIENTED_EDGE('',*,*,#2347,.F.) ;
#2360=ORIENTED_EDGE('',*,*,#2352,.T.) ;
#2361=ORIENTED_EDGE('',*,*,#2247,.T.) ;
#2362=ORIENTED_EDGE('',*,*,#2357,.F.) ;
#2385=ORIENTED_EDGE('',*,*,#2371,.F.) ;
#2386=ORIENTED_EDGE('',*,*,#2378,.F.) ;
#2387=ORIENTED_EDGE('',*,*,#2383,.T.) ;
#2388=ORIENTED_EDGE('',*,*,#2211,.T.) ;
#2434=ORIENTED_EDGE('',*,*,#2397,.F.) ;
#2435=ORIENTED_EDGE('',*,*,#2404,.F.) ;
#2436=ORIENTED_EDGE('',*,*,#2412,.F.) ;
#2437=ORIENTED_EDGE('',*,*,#2419,.F.) ;
#2438=ORIENTED_EDGE('',*,*,#2427,.F.) ;
#2439=ORIENTED_EDGE('',*,*,#2432,.F.) ;
#2440=ORIENTED_EDGE('',*,*,#2182,.T.) ;
#2464=ORIENTED_EDGE('',*,*,#2449,.T.) ;
#2465=ORIENTED_EDGE('',*,*,#2189,.T.) ;
#2466=ORIENTED_EDGE('',*,*,#2432,.T.) ;
#2467=ORIENTED_EDGE('',*,*,#2457,.F.) ;
#2468=ORIENTED_EDGE('',*,*,#2462,.F.) ;
#2491=ORIENTED_EDGE('',*,*,#2477,.T.) ;
#2492=ORIENTED_EDGE('',*,*,#2161,.T.) ;
#2493=ORIENTED_EDGE('',*,*,#2484,.F.) ;
#2494=ORIENTED_EDGE('',*,*,#2489,.F.) ;
#2517=ORIENTED_EDGE('',*,*,#2503,.F.) ;
#2518=ORIENTED_EDGE('',*,*,#2510,.F.) ;
#2519=ORIENTED_EDGE('',*,*,#2515,.T.) ;
#2520=ORIENTED_EDGE('',*,*,#2130,.T.) ;
#2548=ORIENTED_EDGE('',*,*,#1744,.T.) ;
#2549=ORIENTED_EDGE('',*,*,#2534,.F.) ;
#2550=ORIENTED_EDGE('',*,*,#2541,.F.) ;
#2551=ORIENTED_EDGE('',*,*,#2546,.T.) ;
#2565=ORIENTED_EDGE('',*,*,#1749,.T.) ;
#2566=ORIENTED_EDGE('',*,*,#2546,.F.) ;
#2567=ORIENTED_EDGE('',*,*,#2563,.F.) ;
#2568=ORIENTED_EDGE('',*,*,#2300,.T.) ;
#2569=ORIENTED_EDGE('',*,*,#2261,.F.) ;
#2570=ORIENTED_EDGE('',*,*,#2104,.F.) ;
#2571=ORIENTED_EDGE('',*,*,#1948,.T.) ;
#2572=ORIENTED_EDGE('',*,*,#1775,.F.) ;
#2586=ORIENTED_EDGE('',*,*,#2584,.F.) ;
#2587=ORIENTED_EDGE('',*,*,#2534,.T.) ;
#2588=ORIENTED_EDGE('',*,*,#1737,.T.) ;
#2589=ORIENTED_EDGE('',*,*,#1723,.T.) ;
#2590=ORIENTED_EDGE('',*,*,#1920,.F.) ;
#2591=ORIENTED_EDGE('',*,*,#2078,.T.) ;
#2592=ORIENTED_EDGE('',*,*,#2235,.F.) ;
#2593=ORIENTED_EDGE('',*,*,#2352,.F.) ;
#2621=ORIENTED_EDGE('',*,*,#1692,.T.) ;
#2622=ORIENTED_EDGE('',*,*,#2607,.F.) ;
#2623=ORIENTED_EDGE('',*,*,#2614,.F.) ;
#2624=ORIENTED_EDGE('',*,*,#2619,.T.) ;
#2638=ORIENTED_EDGE('',*,*,#1697,.T.) ;
#2639=ORIENTED_EDGE('',*,*,#2619,.F.) ;
#2640=ORIENTED_EDGE('',*,*,#2636,.F.) ;
#2641=ORIENTED_EDGE('',*,*,#2357,.T.) ;
#2642=ORIENTED_EDGE('',*,*,#2242,.T.) ;
#2643=ORIENTED_EDGE('',*,*,#2066,.F.) ;
#2644=ORIENTED_EDGE('',*,*,#1907,.T.) ;
#2645=ORIENTED_EDGE('',*,*,#1711,.F.) ;
#2659=ORIENTED_EDGE('',*,*,#2657,.F.) ;
#2660=ORIENTED_EDGE('',*,*,#2607,.T.) ;
#2661=ORIENTED_EDGE('',*,*,#1685,.T.) ;
#2662=ORIENTED_EDGE('',*,*,#1671,.T.) ;
#2663=ORIENTED_EDGE('',*,*,#1892,.F.) ;
#2664=ORIENTED_EDGE('',*,*,#2052,.T.) ;
#2665=ORIENTED_EDGE('',*,*,#2216,.F.) ;
#2666=ORIENTED_EDGE('',*,*,#2383,.F.) ;
#2694=ORIENTED_EDGE('',*,*,#1639,.T.) ;
#2695=ORIENTED_EDGE('',*,*,#2680,.F.) ;
#2696=ORIENTED_EDGE('',*,*,#2687,.F.) ;
#2697=ORIENTED_EDGE('',*,*,#2692,.T.) ;
#2711=ORIENTED_EDGE('',*,*,#1644,.T.) ;
#2712=ORIENTED_EDGE('',*,*,#2692,.F.) ;
#2713=ORIENTED_EDGE('',*,*,#2709,.F.) ;
#2714=ORIENTED_EDGE('',*,*,#2371,.T.) ;
#2715=ORIENTED_EDGE('',*,*,#2221,.F.) ;
#2716=ORIENTED_EDGE('',*,*,#2040,.F.) ;
#2717=ORIENTED_EDGE('',*,*,#1879,.T.) ;
#2718=ORIENTED_EDGE('',*,*,#1659,.F.) ;
#2732=ORIENTED_EDGE('',*,*,#2730,.F.) ;
#2733=ORIENTED_EDGE('',*,*,#2680,.T.) ;
#2734=ORIENTED_EDGE('',*,*,#1632,.T.) ;
#2735=ORIENTED_EDGE('',*,*,#1618,.T.) ;
#2736=ORIENTED_EDGE('',*,*,#1864,.F.) ;
#2737=ORIENTED_EDGE('',*,*,#2026,.T.) ;
#2738=ORIENTED_EDGE('',*,*,#2194,.F.) ;
#2739=ORIENTED_EDGE('',*,*,#2449,.F.) ;
#2767=ORIENTED_EDGE('',*,*,#1587,.T.) ;
#2768=ORIENTED_EDGE('',*,*,#2753,.F.) ;
#2769=ORIENTED_EDGE('',*,*,#2760,.F.) ;
#2770=ORIENTED_EDGE('',*,*,#2765,.T.) ;
#2784=ORIENTED_EDGE('',*,*,#1592,.T.) ;
#2785=ORIENTED_EDGE('',*,*,#2765,.F.) ;
#2786=ORIENTED_EDGE('',*,*,#2782,.F.) ;
#2787=ORIENTED_EDGE('',*,*,#2397,.T.) ;
#2788=ORIENTED_EDGE('',*,*,#2175,.F.) ;
#2789=ORIENTED_EDGE('',*,*,#2014,.F.) ;
#2790=ORIENTED_EDGE('',*,*,#1851,.T.) ;
#2791=ORIENTED_EDGE('',*,*,#1606,.F.) ;
#2805=ORIENTED_EDGE('',*,*,#2803,.F.) ;
#2806=ORIENTED_EDGE('',*,*,#2753,.T.) ;
#2807=ORIENTED_EDGE('',*,*,#1580,.T.) ;
#2808=ORIENTED_EDGE('',*,*,#1554,.T.) ;
#2809=ORIENTED_EDGE('',*,*,#1823,.F.) ;
#2810=ORIENTED_EDGE('',*,*,#1988,.T.) ;
#2811=ORIENTED_EDGE('',*,*,#2149,.F.) ;
#2812=ORIENTED_EDGE('',*,*,#2477,.F.) ;
#2840=ORIENTED_EDGE('',*,*,#1535,.T.) ;
#2841=ORIENTED_EDGE('',*,*,#2826,.F.) ;
#2842=ORIENTED_EDGE('',*,*,#2833,.F.) ;
#2843=ORIENTED_EDGE('',*,*,#2838,.T.) ;
#2857=ORIENTED_EDGE('',*,*,#1540,.T.) ;
#2858=ORIENTED_EDGE('',*,*,#2838,.F.) ;
#2859=ORIENTED_EDGE('',*,*,#2855,.F.) ;
#2860=ORIENTED_EDGE('',*,*,#2484,.T.) ;
#2861=ORIENTED_EDGE('',*,*,#2156,.F.) ;
#2862=ORIENTED_EDGE('',*,*,#1995,.F.) ;
#2863=ORIENTED_EDGE('',*,*,#1831,.T.) ;
#2864=ORIENTED_EDGE('',*,*,#1561,.F.) ;
#2878=ORIENTED_EDGE('',*,*,#2876,.F.) ;
#2879=ORIENTED_EDGE('',*,*,#2826,.T.) ;
#2880=ORIENTED_EDGE('',*,*,#1528,.T.) ;
#2881=ORIENTED_EDGE('',*,*,#1514,.T.) ;
#2882=ORIENTED_EDGE('',*,*,#1808,.F.) ;
#2883=ORIENTED_EDGE('',*,*,#1974,.T.) ;
#2884=ORIENTED_EDGE('',*,*,#2135,.T.) ;
#2885=ORIENTED_EDGE('',*,*,#2515,.F.) ;
#2906=ORIENTED_EDGE('',*,*,#2899,.F.) ;
#2907=ORIENTED_EDGE('',*,*,#2904,.T.) ;
#2908=ORIENTED_EDGE('',*,*,#1470,.T.) ;
#2909=ORIENTED_EDGE('',*,*,#1770,.T.) ;
#2910=ORIENTED_EDGE('',*,*,#1942,.F.) ;
#2911=ORIENTED_EDGE('',*,*,#2099,.T.) ;
#2912=ORIENTED_EDGE('',*,*,#2280,.F.) ;
#2913=ORIENTED_EDGE('',*,*,#2326,.F.) ;
#2934=ORIENTED_EDGE('',*,*,#1477,.T.) ;
#2935=ORIENTED_EDGE('',*,*,#2904,.F.) ;
#2936=ORIENTED_EDGE('',*,*,#2927,.F.) ;
#2937=ORIENTED_EDGE('',*,*,#2932,.T.) ;
#2951=ORIENTED_EDGE('',*,*,#1482,.T.) ;
#2952=ORIENTED_EDGE('',*,*,#2932,.F.) ;
#2953=ORIENTED_EDGE('',*,*,#2949,.F.) ;
#2954=ORIENTED_EDGE('',*,*,#2503,.T.) ;
#2955=ORIENTED_EDGE('',*,*,#2123,.F.) ;
#2956=ORIENTED_EDGE('',*,*,#1962,.F.) ;
#2957=ORIENTED_EDGE('',*,*,#1795,.T.) ;
#2958=ORIENTED_EDGE('',*,*,#1502,.F.) ;
#2977=ORIENTED_EDGE('',*,*,#1245,.F.) ;
#2978=ORIENTED_EDGE('',*,*,#2965,.F.) ;
#2979=ORIENTED_EDGE('',*,*,#2970,.T.) ;
#2980=ORIENTED_EDGE('',*,*,#2975,.T.) ;
#3016=ORIENTED_EDGE('',*,*,#2997,.T.) ;
#3017=ORIENTED_EDGE('',*,*,#3002,.F.) ;
#3018=ORIENTED_EDGE('',*,*,#2412,.T.) ;
#3019=ORIENTED_EDGE('',*,*,#3009,.T.) ;
#3020=ORIENTED_EDGE('',*,*,#3014,.T.) ;
#3056=ORIENTED_EDGE('',*,*,#3034,.F.) ;
#3057=ORIENTED_EDGE('',*,*,#3042,.T.) ;
#3058=ORIENTED_EDGE('',*,*,#3049,.T.) ;
#3059=ORIENTED_EDGE('',*,*,#3054,.T.) ;
#3060=ORIENTED_EDGE('',*,*,#2457,.T.) ;
#3061=ORIENTED_EDGE('',*,*,#2427,.T.) ;
#3075=ORIENTED_EDGE('',*,*,#3073,.T.) ;
#3076=ORIENTED_EDGE('',*,*,#3034,.T.) ;
#3077=ORIENTED_EDGE('',*,*,#2419,.T.) ;
#3078=ORIENTED_EDGE('',*,*,#3002,.T.) ;
#3106=ORIENTED_EDGE('',*,*,#2636,.T.) ;
#3107=ORIENTED_EDGE('',*,*,#2614,.T.) ;
#3108=ORIENTED_EDGE('',*,*,#2657,.T.) ;
#3109=ORIENTED_EDGE('',*,*,#2378,.T.) ;
#3110=ORIENTED_EDGE('',*,*,#2709,.T.) ;
#3111=ORIENTED_EDGE('',*,*,#2687,.T.) ;
#3112=ORIENTED_EDGE('',*,*,#2730,.T.) ;
#3113=ORIENTED_EDGE('',*,*,#2462,.T.) ;
#3114=ORIENTED_EDGE('',*,*,#3054,.F.) ;
#3115=ORIENTED_EDGE('',*,*,#3049,.F.) ;
#3116=ORIENTED_EDGE('',*,*,#3092,.T.) ;
#3117=ORIENTED_EDGE('',*,*,#3099,.T.) ;
#3118=ORIENTED_EDGE('',*,*,#3104,.T.) ;
#3119=ORIENTED_EDGE('',*,*,#3014,.F.) ;
#3120=ORIENTED_EDGE('',*,*,#3009,.F.) ;
#3121=ORIENTED_EDGE('',*,*,#2404,.T.) ;
#3122=ORIENTED_EDGE('',*,*,#2782,.T.) ;
#3123=ORIENTED_EDGE('',*,*,#2760,.T.) ;
#3124=ORIENTED_EDGE('',*,*,#2803,.T.) ;
#3125=ORIENTED_EDGE('',*,*,#2489,.T.) ;
#3126=ORIENTED_EDGE('',*,*,#2855,.T.) ;
#3127=ORIENTED_EDGE('',*,*,#2833,.T.) ;
#3128=ORIENTED_EDGE('',*,*,#2876,.T.) ;
#3129=ORIENTED_EDGE('',*,*,#2510,.T.) ;
#3130=ORIENTED_EDGE('',*,*,#2949,.T.) ;
#3131=ORIENTED_EDGE('',*,*,#2927,.T.) ;
#3132=ORIENTED_EDGE('',*,*,#2899,.T.) ;
#3133=ORIENTED_EDGE('',*,*,#2331,.T.) ;
#3134=ORIENTED_EDGE('',*,*,#2307,.T.) ;
#3135=ORIENTED_EDGE('',*,*,#2563,.T.) ;
#3136=ORIENTED_EDGE('',*,*,#2541,.T.) ;
#3137=ORIENTED_EDGE('',*,*,#2584,.T.) ;
#3138=ORIENTED_EDGE('',*,*,#2347,.T.) ;
#3156=ORIENTED_EDGE('',*,*,#3149,.T.) ;
#3157=ORIENTED_EDGE('',*,*,#3154,.F.) ;
#3185=ORIENTED_EDGE('',*,*,#3173,.T.) ;
#3186=ORIENTED_EDGE('',*,*,#3178,.F.) ;
#3187=ORIENTED_EDGE('',*,*,#1171,.F.) ;
#3188=ORIENTED_EDGE('',*,*,#3183,.F.) ;
#3225=ORIENTED_EDGE('',*,*,#3204,.T.) ;
#3226=ORIENTED_EDGE('',*,*,#1176,.F.) ;
#3227=ORIENTED_EDGE('',*,*,#3178,.T.) ;
#3228=ORIENTED_EDGE('',*,*,#3211,.T.) ;
#3229=ORIENTED_EDGE('',*,*,#3218,.T.) ;
#3230=ORIENTED_EDGE('',*,*,#3223,.T.) ;
#3231=ORIENTED_EDGE('',*,*,#3183,.T.) ;
#3232=ORIENTED_EDGE('',*,*,#1164,.T.) ;
#3241=ORIENTED_EDGE('',*,*,#3239,.T.) ;
#3242=ORIENTED_EDGE('',*,*,#1029,.F.) ;
#3243=ORIENTED_EDGE('',*,*,#1092,.F.) ;
#3244=ORIENTED_EDGE('',*,*,#1057,.F.) ;
#3319=ORIENTED_EDGE('',*,*,#3256,.T.) ;
#3320=ORIENTED_EDGE('',*,*,#1043,.F.) ;
#3321=ORIENTED_EDGE('',*,*,#3263,.T.) ;
#3322=ORIENTED_EDGE('',*,*,#3270,.T.) ;
#3323=ORIENTED_EDGE('',*,*,#3277,.T.) ;
#3324=ORIENTED_EDGE('',*,*,#3284,.T.) ;
#3325=ORIENTED_EDGE('',*,*,#3291,.T.) ;
#3326=ORIENTED_EDGE('',*,*,#3298,.T.) ;
#3327=ORIENTED_EDGE('',*,*,#3305,.T.) ;
#3328=ORIENTED_EDGE('',*,*,#3312,.T.) ;
#3329=ORIENTED_EDGE('',*,*,#3317,.T.) ;
#3330=ORIENTED_EDGE('',*,*,#3218,.F.) ;
#3358=ORIENTED_EDGE('',*,*,#3346,.T.) ;
#3359=ORIENTED_EDGE('',*,*,#3351,.T.) ;
#3360=ORIENTED_EDGE('',*,*,#3291,.F.) ;
#3361=ORIENTED_EDGE('',*,*,#3356,.F.) ;
#3399=ORIENTED_EDGE('',*,*,#3373,.T.) ;
#3400=ORIENTED_EDGE('',*,*,#3346,.F.) ;
#3401=ORIENTED_EDGE('',*,*,#3378,.T.) ;
#3402=ORIENTED_EDGE('',*,*,#1108,.T.) ;
#3403=ORIENTED_EDGE('',*,*,#3385,.F.) ;
#3404=ORIENTED_EDGE('',*,*,#3392,.T.) ;
#3405=ORIENTED_EDGE('',*,*,#3397,.F.) ;
#3406=ORIENTED_EDGE('',*,*,#966,.T.) ;
#3425=ORIENTED_EDGE('',*,*,#876,.T.) ;
#3426=ORIENTED_EDGE('',*,*,#3418,.T.) ;
#3427=ORIENTED_EDGE('',*,*,#954,.F.) ;
#3428=ORIENTED_EDGE('',*,*,#930,.F.) ;
#3429=ORIENTED_EDGE('',*,*,#3423,.T.) ;
#3464=ORIENTED_EDGE('',*,*,#3445,.T.) ;
#3465=ORIENTED_EDGE('',*,*,#3450,.T.) ;
#3466=ORIENTED_EDGE('',*,*,#890,.F.) ;
#3467=ORIENTED_EDGE('',*,*,#3457,.T.) ;
#3468=ORIENTED_EDGE('',*,*,#3462,.F.) ;
#3496=ORIENTED_EDGE('',*,*,#1127,.F.) ;
#3497=ORIENTED_EDGE('',*,*,#3482,.T.) ;
#3498=ORIENTED_EDGE('',*,*,#3489,.T.) ;
#3499=ORIENTED_EDGE('',*,*,#3494,.T.) ;
#3529=ORIENTED_EDGE('',*,*,#836,.T.) ;
#3530=ORIENTED_EDGE('',*,*,#3508,.F.) ;
#3531=ORIENTED_EDGE('',*,*,#3515,.F.) ;
#3532=ORIENTED_EDGE('',*,*,#3522,.F.) ;
#3533=ORIENTED_EDGE('',*,*,#3527,.T.) ;
#3547=ORIENTED_EDGE('',*,*,#1122,.T.) ;
#3548=ORIENTED_EDGE('',*,*,#3540,.T.) ;
#3549=ORIENTED_EDGE('',*,*,#850,.F.) ;
#3550=ORIENTED_EDGE('',*,*,#3545,.T.) ;
#3551=ORIENTED_EDGE('',*,*,#3482,.F.) ;
#3555=ORIENTED_EDGE('',*,*,#1216,.T.) ;
#3556=ORIENTED_EDGE('',*,*,#2975,.F.) ;
#3557=ORIENTED_EDGE('',*,*,#810,.T.) ;
#3558=ORIENTED_EDGE('',*,*,#2965,.T.) ;
#3562=ORIENTED_EDGE('',*,*,#742,.T.) ;
#3563=ORIENTED_EDGE('',*,*,#815,.T.) ;
#3564=ORIENTED_EDGE('',*,*,#2970,.F.) ;
#3565=ORIENTED_EDGE('',*,*,#803,.F.) ;
#3574=ORIENTED_EDGE('',*,*,#662,.T.) ;
#3575=ORIENTED_EDGE('',*,*,#643,.F.) ;
#3576=ORIENTED_EDGE('',*,*,#619,.T.) ;
#3577=ORIENTED_EDGE('',*,*,#584,.T.) ;
#3578=ORIENTED_EDGE('',*,*,#781,.T.) ;
#3579=ORIENTED_EDGE('',*,*,#687,.T.) ;
#3598=ORIENTED_EDGE('',*,*,#2997,.F.) ;
#3599=ORIENTED_EDGE('',*,*,#3104,.F.) ;
#3600=ORIENTED_EDGE('',*,*,#3591,.F.) ;
#3601=ORIENTED_EDGE('',*,*,#406,.T.) ;
#3602=ORIENTED_EDGE('',*,*,#3596,.T.) ;
#3603=ORIENTED_EDGE('',*,*,#3092,.F.) ;
#3604=ORIENTED_EDGE('',*,*,#3042,.F.) ;
#3605=ORIENTED_EDGE('',*,*,#3073,.F.) ;
#3608=ORIENTED_EDGE('',*,*,#3204,.F.) ;
#3609=ORIENTED_EDGE('',*,*,#1157,.T.) ;
#3612=ORIENTED_EDGE('',*,*,#1015,.T.) ;
#3613=ORIENTED_EDGE('',*,*,#1087,.F.) ;
#3617=ORIENTED_EDGE('',*,*,#3591,.T.) ;
#3618=ORIENTED_EDGE('',*,*,#3099,.F.) ;
#3619=ORIENTED_EDGE('',*,*,#3596,.F.) ;
#3620=ORIENTED_EDGE('',*,*,#401,.T.) ;
#3644=ORIENTED_EDGE('',*,*,#297,.T.) ;
#3645=ORIENTED_EDGE('',*,*,#474,.T.) ;
#3646=ORIENTED_EDGE('',*,*,#3634,.F.) ;
#3647=ORIENTED_EDGE('',*,*,#3642,.T.) ;
#3666=ORIENTED_EDGE('',*,*,#3385,.T.) ;
#3667=ORIENTED_EDGE('',*,*,#3494,.F.) ;
#3668=ORIENTED_EDGE('',*,*,#3654,.T.) ;
#3669=ORIENTED_EDGE('',*,*,#198,.T.) ;
#3670=ORIENTED_EDGE('',*,*,#3659,.T.) ;
#3671=ORIENTED_EDGE('',*,*,#238,.T.) ;
#3672=ORIENTED_EDGE('',*,*,#3664,.T.) ;
#3673=ORIENTED_EDGE('',*,*,#916,.F.) ;
#3674=ORIENTED_EDGE('',*,*,#3397,.T.) ;
#3675=ORIENTED_EDGE('',*,*,#3392,.F.) ;
#3703=ORIENTED_EDGE('',*,*,#3689,.F.) ;
#3704=ORIENTED_EDGE('',*,*,#3696,.T.) ;
#3705=ORIENTED_EDGE('',*,*,#3701,.T.) ;
#3706=ORIENTED_EDGE('',*,*,#3522,.T.) ;
#3722=ORIENTED_EDGE('',*,*,#3515,.T.) ;
#3723=ORIENTED_EDGE('',*,*,#3715,.F.) ;
#3724=ORIENTED_EDGE('',*,*,#3720,.T.) ;
#3725=ORIENTED_EDGE('',*,*,#3689,.T.) ;
#3746=ORIENTED_EDGE('',*,*,#3378,.F.) ;
#3747=ORIENTED_EDGE('',*,*,#3356,.T.) ;
#3748=ORIENTED_EDGE('',*,*,#3284,.F.) ;
#3749=ORIENTED_EDGE('',*,*,#3739,.F.) ;
#3750=ORIENTED_EDGE('',*,*,#3744,.T.) ;
#3751=ORIENTED_EDGE('',*,*,#3715,.T.) ;
#3752=ORIENTED_EDGE('',*,*,#3508,.T.) ;
#3753=ORIENTED_EDGE('',*,*,#855,.F.) ;
#3754=ORIENTED_EDGE('',*,*,#3540,.F.) ;
#3755=ORIENTED_EDGE('',*,*,#1115,.T.) ;
#3781=ORIENTED_EDGE('',*,*,#3769,.F.) ;
#3782=ORIENTED_EDGE('',*,*,#3774,.T.) ;
#3783=ORIENTED_EDGE('',*,*,#3739,.T.) ;
#3784=ORIENTED_EDGE('',*,*,#3277,.F.) ;
#3785=ORIENTED_EDGE('',*,*,#3779,.F.) ;
#3786=ORIENTED_EDGE('',*,*,#3154,.T.) ;
#3807=ORIENTED_EDGE('',*,*,#3800,.F.) ;
#3808=ORIENTED_EDGE('',*,*,#3805,.T.) ;
#3809=ORIENTED_EDGE('',*,*,#3769,.T.) ;
#3810=ORIENTED_EDGE('',*,*,#3149,.F.) ;
#3831=ORIENTED_EDGE('',*,*,#3824,.F.) ;
#3832=ORIENTED_EDGE('',*,*,#3829,.T.) ;
#3833=ORIENTED_EDGE('',*,*,#3800,.T.) ;
#3834=ORIENTED_EDGE('',*,*,#3779,.T.) ;
#3835=ORIENTED_EDGE('',*,*,#3270,.F.) ;
#3863=ORIENTED_EDGE('',*,*,#3849,.T.) ;
#3864=ORIENTED_EDGE('',*,*,#3824,.T.) ;
#3865=ORIENTED_EDGE('',*,*,#3263,.F.) ;
#3866=ORIENTED_EDGE('',*,*,#1036,.T.) ;
#3867=ORIENTED_EDGE('',*,*,#3239,.F.) ;
#3868=ORIENTED_EDGE('',*,*,#1050,.F.) ;
#3869=ORIENTED_EDGE('',*,*,#3256,.F.) ;
#3870=ORIENTED_EDGE('',*,*,#3211,.F.) ;
#3871=ORIENTED_EDGE('',*,*,#3173,.F.) ;
#3872=ORIENTED_EDGE('',*,*,#3223,.F.) ;
#3873=ORIENTED_EDGE('',*,*,#3317,.F.) ;
#3874=ORIENTED_EDGE('',*,*,#3856,.F.) ;
#3875=ORIENTED_EDGE('',*,*,#3861,.T.) ;
#3901=ORIENTED_EDGE('',*,*,#3889,.F.) ;
#3902=ORIENTED_EDGE('',*,*,#3894,.T.) ;
#3903=ORIENTED_EDGE('',*,*,#3856,.T.) ;
#3904=ORIENTED_EDGE('',*,*,#3312,.F.) ;
#3905=ORIENTED_EDGE('',*,*,#3899,.F.) ;
#3926=ORIENTED_EDGE('',*,*,#3919,.F.) ;
#3927=ORIENTED_EDGE('',*,*,#3924,.T.) ;
#3928=ORIENTED_EDGE('',*,*,#3889,.T.) ;
#3929=ORIENTED_EDGE('',*,*,#982,.F.) ;
#3945=ORIENTED_EDGE('',*,*,#3938,.F.) ;
#3946=ORIENTED_EDGE('',*,*,#3943,.T.) ;
#3947=ORIENTED_EDGE('',*,*,#3919,.T.) ;
#3948=ORIENTED_EDGE('',*,*,#987,.T.) ;
#3949=ORIENTED_EDGE('',*,*,#3899,.T.) ;
#3950=ORIENTED_EDGE('',*,*,#3305,.F.) ;
#3971=ORIENTED_EDGE('',*,*,#961,.F.) ;
#3972=ORIENTED_EDGE('',*,*,#3418,.F.) ;
#3973=ORIENTED_EDGE('',*,*,#895,.T.) ;
#3974=ORIENTED_EDGE('',*,*,#3450,.F.) ;
#3975=ORIENTED_EDGE('',*,*,#3964,.F.) ;
#3976=ORIENTED_EDGE('',*,*,#3969,.T.) ;
#3977=ORIENTED_EDGE('',*,*,#3938,.T.) ;
#3978=ORIENTED_EDGE('',*,*,#3298,.F.) ;
#3979=ORIENTED_EDGE('',*,*,#3351,.F.) ;
#3980=ORIENTED_EDGE('',*,*,#3373,.F.) ;
#3996=ORIENTED_EDGE('',*,*,#3989,.T.) ;
#3997=ORIENTED_EDGE('',*,*,#3964,.T.) ;
#3998=ORIENTED_EDGE('',*,*,#3445,.F.) ;
#3999=ORIENTED_EDGE('',*,*,#3994,.F.) ;
#4020=ORIENTED_EDGE('',*,*,#3462,.T.) ;
#4021=ORIENTED_EDGE('',*,*,#4013,.F.) ;
#4022=ORIENTED_EDGE('',*,*,#4018,.T.) ;
#4023=ORIENTED_EDGE('',*,*,#3994,.T.) ;
#4032=ORIENTED_EDGE('',*,*,#3423,.F.) ;
#4033=ORIENTED_EDGE('',*,*,#923,.T.) ;
#4034=ORIENTED_EDGE('',*,*,#3664,.F.) ;
#4035=ORIENTED_EDGE('',*,*,#231,.T.) ;
#4036=ORIENTED_EDGE('',*,*,#4030,.T.) ;
#4037=ORIENTED_EDGE('',*,*,#4013,.T.) ;
#4038=ORIENTED_EDGE('',*,*,#3457,.F.) ;
#4039=ORIENTED_EDGE('',*,*,#883,.T.) ;
#4053=ORIENTED_EDGE('',*,*,#191,.T.) ;
#4054=ORIENTED_EDGE('',*,*,#4051,.T.) ;
#4055=ORIENTED_EDGE('',*,*,#245,.F.) ;
#4056=ORIENTED_EDGE('',*,*,#3659,.F.) ;
#4065=ORIENTED_EDGE('',*,*,#3545,.F.) ;
#4066=ORIENTED_EDGE('',*,*,#843,.T.) ;
#4067=ORIENTED_EDGE('',*,*,#3527,.F.) ;
#4068=ORIENTED_EDGE('',*,*,#3701,.F.) ;
#4069=ORIENTED_EDGE('',*,*,#4063,.T.) ;
#4070=ORIENTED_EDGE('',*,*,#205,.F.) ;
#4071=ORIENTED_EDGE('',*,*,#3654,.F.) ;
#4072=ORIENTED_EDGE('',*,*,#3489,.F.) ;
#4100=ORIENTED_EDGE('',*,*,#4088,.F.) ;
#4101=ORIENTED_EDGE('',*,*,#4093,.F.) ;
#4102=ORIENTED_EDGE('',*,*,#70,.T.) ;
#4103=ORIENTED_EDGE('',*,*,#4098,.T.) ;
#4112=ORIENTED_EDGE('',*,*,#4110,.F.) ;
#4113=ORIENTED_EDGE('',*,*,#4098,.F.) ;
#4114=ORIENTED_EDGE('',*,*,#65,.T.) ;
#4115=ORIENTED_EDGE('',*,*,#4093,.T.) ;
#4133=ORIENTED_EDGE('',*,*,#4126,.F.) ;
#4134=ORIENTED_EDGE('',*,*,#4131,.F.) ;
#4162=ORIENTED_EDGE('',*,*,#4150,.F.) ;
#4163=ORIENTED_EDGE('',*,*,#4155,.F.) ;
#4164=ORIENTED_EDGE('',*,*,#4126,.T.) ;
#4165=ORIENTED_EDGE('',*,*,#4160,.T.) ;
#4174=ORIENTED_EDGE('',*,*,#4172,.F.) ;
#4175=ORIENTED_EDGE('',*,*,#4160,.F.) ;
#4176=ORIENTED_EDGE('',*,*,#4131,.T.) ;
#4177=ORIENTED_EDGE('',*,*,#4155,.T.) ;
#4205=ORIENTED_EDGE('',*,*,#4193,.F.) ;
#4206=ORIENTED_EDGE('',*,*,#4198,.F.) ;
#4207=ORIENTED_EDGE('',*,*,#96,.T.) ;
#4208=ORIENTED_EDGE('',*,*,#4203,.T.) ;
#4236=ORIENTED_EDGE('',*,*,#4222,.T.) ;
#4237=ORIENTED_EDGE('',*,*,#4229,.F.) ;
#4238=ORIENTED_EDGE('',*,*,#4234,.T.) ;
#4239=ORIENTED_EDGE('',*,*,#4193,.T.) ;
#4258=ORIENTED_EDGE('',*,*,#271,.T.) ;
#4259=ORIENTED_EDGE('',*,*,#3642,.F.) ;
#4260=ORIENTED_EDGE('',*,*,#4251,.T.) ;
#4261=ORIENTED_EDGE('',*,*,#380,.T.) ;
#4262=ORIENTED_EDGE('',*,*,#4256,.F.) ;
#4263=ORIENTED_EDGE('',*,*,#444,.T.) ;
#4285=ORIENTED_EDGE('',*,*,#4273,.F.) ;
#4286=ORIENTED_EDGE('',*,*,#4278,.F.) ;
#4287=ORIENTED_EDGE('',*,*,#4222,.F.) ;
#4288=ORIENTED_EDGE('',*,*,#4203,.F.) ;
#4289=ORIENTED_EDGE('',*,*,#89,.F.) ;
#4290=ORIENTED_EDGE('',*,*,#127,.F.) ;
#4291=ORIENTED_EDGE('',*,*,#158,.F.) ;
#4292=ORIENTED_EDGE('',*,*,#4283,.F.) ;
#4313=ORIENTED_EDGE('',*,*,#4306,.T.) ;
#4314=ORIENTED_EDGE('',*,*,#4283,.T.) ;
#4315=ORIENTED_EDGE('',*,*,#170,.F.) ;
#4316=ORIENTED_EDGE('',*,*,#4311,.F.) ;
#4337=ORIENTED_EDGE('',*,*,#4330,.F.) ;
#4338=ORIENTED_EDGE('',*,*,#4335,.F.) ;
#4339=ORIENTED_EDGE('',*,*,#4229,.T.) ;
#4340=ORIENTED_EDGE('',*,*,#4278,.T.) ;
#4354=ORIENTED_EDGE('',*,*,#4273,.T.) ;
#4355=ORIENTED_EDGE('',*,*,#4306,.F.) ;
#4356=ORIENTED_EDGE('',*,*,#4352,.T.) ;
#4357=ORIENTED_EDGE('',*,*,#4330,.T.) ;
#4394=ORIENTED_EDGE('',*,*,#4373,.T.) ;
#4395=ORIENTED_EDGE('',*,*,#4380,.F.) ;
#4396=ORIENTED_EDGE('',*,*,#4387,.F.) ;
#4397=ORIENTED_EDGE('',*,*,#4392,.T.) ;
#4425=ORIENTED_EDGE('',*,*,#4411,.T.) ;
#4426=ORIENTED_EDGE('',*,*,#4392,.F.) ;
#4427=ORIENTED_EDGE('',*,*,#4418,.F.) ;
#4428=ORIENTED_EDGE('',*,*,#4423,.F.) ;
#4463=ORIENTED_EDGE('',*,*,#4418,.T.) ;
#4464=ORIENTED_EDGE('',*,*,#4387,.T.) ;
#4465=ORIENTED_EDGE('',*,*,#4442,.T.) ;
#4466=ORIENTED_EDGE('',*,*,#4449,.T.) ;
#4467=ORIENTED_EDGE('',*,*,#4456,.T.) ;
#4468=ORIENTED_EDGE('',*,*,#4461,.F.) ;
#4489=ORIENTED_EDGE('',*,*,#4482,.T.) ;
#4490=ORIENTED_EDGE('',*,*,#4487,.F.) ;
#4491=ORIENTED_EDGE('',*,*,#4442,.F.) ;
#4492=ORIENTED_EDGE('',*,*,#4380,.T.) ;
#4520=ORIENTED_EDGE('',*,*,#4506,.T.) ;
#4521=ORIENTED_EDGE('',*,*,#4513,.F.) ;
#4522=ORIENTED_EDGE('',*,*,#4518,.F.) ;
#4523=ORIENTED_EDGE('',*,*,#4482,.F.) ;
#4524=ORIENTED_EDGE('',*,*,#4373,.F.) ;
#4525=ORIENTED_EDGE('',*,*,#4411,.F.) ;
#4539=ORIENTED_EDGE('',*,*,#4518,.T.) ;
#4540=ORIENTED_EDGE('',*,*,#4537,.F.) ;
#4541=ORIENTED_EDGE('',*,*,#4449,.F.) ;
#4542=ORIENTED_EDGE('',*,*,#4487,.T.) ;
#4556=ORIENTED_EDGE('',*,*,#4456,.F.) ;
#4557=ORIENTED_EDGE('',*,*,#4537,.T.) ;
#4558=ORIENTED_EDGE('',*,*,#4513,.T.) ;
#4559=ORIENTED_EDGE('',*,*,#4554,.T.) ;
#4596=ORIENTED_EDGE('',*,*,#4575,.T.) ;
#4597=ORIENTED_EDGE('',*,*,#4582,.F.) ;
#4598=ORIENTED_EDGE('',*,*,#4589,.F.) ;
#4599=ORIENTED_EDGE('',*,*,#4594,.T.) ;
#4622=ORIENTED_EDGE('',*,*,#4608,.T.) ;
#4623=ORIENTED_EDGE('',*,*,#4594,.F.) ;
#4624=ORIENTED_EDGE('',*,*,#4615,.F.) ;
#4625=ORIENTED_EDGE('',*,*,#4620,.F.) ;
#4655=ORIENTED_EDGE('',*,*,#4615,.T.) ;
#4656=ORIENTED_EDGE('',*,*,#4589,.T.) ;
#4657=ORIENTED_EDGE('',*,*,#4634,.T.) ;
#4658=ORIENTED_EDGE('',*,*,#4641,.T.) ;
#4659=ORIENTED_EDGE('',*,*,#4648,.T.) ;
#4660=ORIENTED_EDGE('',*,*,#4653,.T.) ;
#4681=ORIENTED_EDGE('',*,*,#4674,.T.) ;
#4682=ORIENTED_EDGE('',*,*,#4679,.F.) ;
#4683=ORIENTED_EDGE('',*,*,#4634,.F.) ;
#4684=ORIENTED_EDGE('',*,*,#4582,.T.) ;
#4707=ORIENTED_EDGE('',*,*,#4693,.F.) ;
#4708=ORIENTED_EDGE('',*,*,#4700,.F.) ;
#4709=ORIENTED_EDGE('',*,*,#4705,.F.) ;
#4710=ORIENTED_EDGE('',*,*,#4674,.F.) ;
#4711=ORIENTED_EDGE('',*,*,#4575,.F.) ;
#4712=ORIENTED_EDGE('',*,*,#4608,.F.) ;
#4726=ORIENTED_EDGE('',*,*,#4705,.T.) ;
#4727=ORIENTED_EDGE('',*,*,#4724,.F.) ;
#4728=ORIENTED_EDGE('',*,*,#4641,.F.) ;
#4729=ORIENTED_EDGE('',*,*,#4679,.T.) ;
#4738=ORIENTED_EDGE('',*,*,#4648,.F.) ;
#4739=ORIENTED_EDGE('',*,*,#4724,.T.) ;
#4740=ORIENTED_EDGE('',*,*,#4700,.T.) ;
#4741=ORIENTED_EDGE('',*,*,#4736,.T.) ;
#4750=ORIENTED_EDGE('',*,*,#4251,.F.) ;
#4751=ORIENTED_EDGE('',*,*,#3634,.T.) ;
#4752=ORIENTED_EDGE('',*,*,#463,.F.) ;
#4753=ORIENTED_EDGE('',*,*,#319,.F.) ;
#4756=ORIENTED_EDGE('',*,*,#4461,.T.) ;
#4757=ORIENTED_EDGE('',*,*,#4554,.F.) ;
#4758=ORIENTED_EDGE('',*,*,#4506,.F.) ;
#4759=ORIENTED_EDGE('',*,*,#4423,.T.) ;
#4790=ORIENTED_EDGE('',*,*,#4769,.T.) ;
#4791=ORIENTED_EDGE('',*,*,#4776,.F.) ;
#4792=ORIENTED_EDGE('',*,*,#4783,.F.) ;
#4793=ORIENTED_EDGE('',*,*,#4788,.T.) ;
#4824=ORIENTED_EDGE('',*,*,#4803,.T.) ;
#4825=ORIENTED_EDGE('',*,*,#4810,.F.) ;
#4826=ORIENTED_EDGE('',*,*,#4817,.F.) ;
#4827=ORIENTED_EDGE('',*,*,#4822,.T.) ;
#4858=ORIENTED_EDGE('',*,*,#4837,.T.) ;
#4859=ORIENTED_EDGE('',*,*,#4844,.F.) ;
#4860=ORIENTED_EDGE('',*,*,#4851,.F.) ;
#4861=ORIENTED_EDGE('',*,*,#4856,.T.) ;
#4870=ORIENTED_EDGE('',*,*,#4256,.T.) ;
#4871=ORIENTED_EDGE('',*,*,#375,.F.) ;
#4872=ORIENTED_EDGE('',*,*,#543,.T.) ;
#4873=ORIENTED_EDGE('',*,*,#425,.T.) ;
#4876=ORIENTED_EDGE('',*,*,#4653,.F.) ;
#4877=ORIENTED_EDGE('',*,*,#4736,.F.) ;
#4878=ORIENTED_EDGE('',*,*,#4693,.T.) ;
#4879=ORIENTED_EDGE('',*,*,#4620,.T.) ;
#4910=ORIENTED_EDGE('',*,*,#4889,.F.) ;
#4911=ORIENTED_EDGE('',*,*,#4896,.F.) ;
#4912=ORIENTED_EDGE('',*,*,#4903,.T.) ;
#4913=ORIENTED_EDGE('',*,*,#4908,.T.) ;
#4944=ORIENTED_EDGE('',*,*,#4923,.F.) ;
#4945=ORIENTED_EDGE('',*,*,#4930,.F.) ;
#4946=ORIENTED_EDGE('',*,*,#4937,.T.) ;
#4947=ORIENTED_EDGE('',*,*,#4942,.T.) ;
#4978=ORIENTED_EDGE('',*,*,#4957,.F.) ;
#4979=ORIENTED_EDGE('',*,*,#4964,.F.) ;
#4980=ORIENTED_EDGE('',*,*,#4971,.T.) ;
#4981=ORIENTED_EDGE('',*,*,#4976,.T.) ;
#5018=ORIENTED_EDGE('',*,*,#4997,.T.) ;
#5019=ORIENTED_EDGE('',*,*,#5004,.F.) ;
#5020=ORIENTED_EDGE('',*,*,#5011,.F.) ;
#5021=ORIENTED_EDGE('',*,*,#5016,.T.) ;
#5040=ORIENTED_EDGE('',*,*,#5033,.T.) ;
#5041=ORIENTED_EDGE('',*,*,#5016,.F.) ;
#5042=ORIENTED_EDGE('',*,*,#5038,.F.) ;
#5043=ORIENTED_EDGE('',*,*,#4908,.F.) ;
#5071=ORIENTED_EDGE('',*,*,#5038,.T.) ;
#5072=ORIENTED_EDGE('',*,*,#5011,.T.) ;
#5073=ORIENTED_EDGE('',*,*,#5057,.T.) ;
#5074=ORIENTED_EDGE('',*,*,#5064,.T.) ;
#5075=ORIENTED_EDGE('',*,*,#5069,.T.) ;
#5076=ORIENTED_EDGE('',*,*,#4889,.T.) ;
#5097=ORIENTED_EDGE('',*,*,#5090,.T.) ;
#5098=ORIENTED_EDGE('',*,*,#5095,.F.) ;
#5099=ORIENTED_EDGE('',*,*,#5057,.F.) ;
#5100=ORIENTED_EDGE('',*,*,#5004,.T.) ;
#5121=ORIENTED_EDGE('',*,*,#4903,.F.) ;
#5122=ORIENTED_EDGE('',*,*,#5114,.F.) ;
#5123=ORIENTED_EDGE('',*,*,#5119,.F.) ;
#5124=ORIENTED_EDGE('',*,*,#5090,.F.) ;
#5125=ORIENTED_EDGE('',*,*,#4997,.F.) ;
#5126=ORIENTED_EDGE('',*,*,#5033,.F.) ;
#5140=ORIENTED_EDGE('',*,*,#5119,.T.) ;
#5141=ORIENTED_EDGE('',*,*,#5138,.F.) ;
#5142=ORIENTED_EDGE('',*,*,#5064,.F.) ;
#5143=ORIENTED_EDGE('',*,*,#5095,.T.) ;
#5152=ORIENTED_EDGE('',*,*,#5069,.F.) ;
#5153=ORIENTED_EDGE('',*,*,#5138,.T.) ;
#5154=ORIENTED_EDGE('',*,*,#5114,.T.) ;
#5155=ORIENTED_EDGE('',*,*,#4896,.T.) ;
#5192=ORIENTED_EDGE('',*,*,#5171,.T.) ;
#5193=ORIENTED_EDGE('',*,*,#5178,.F.) ;
#5194=ORIENTED_EDGE('',*,*,#5185,.F.) ;
#5195=ORIENTED_EDGE('',*,*,#5190,.T.) ;
#5214=ORIENTED_EDGE('',*,*,#5207,.T.) ;
#5215=ORIENTED_EDGE('',*,*,#5190,.F.) ;
#5216=ORIENTED_EDGE('',*,*,#5212,.F.) ;
#5217=ORIENTED_EDGE('',*,*,#4822,.F.) ;
#5245=ORIENTED_EDGE('',*,*,#5212,.T.) ;
#5246=ORIENTED_EDGE('',*,*,#5185,.T.) ;
#5247=ORIENTED_EDGE('',*,*,#5231,.T.) ;
#5248=ORIENTED_EDGE('',*,*,#5238,.T.) ;
#5249=ORIENTED_EDGE('',*,*,#5243,.T.) ;
#5250=ORIENTED_EDGE('',*,*,#4803,.F.) ;
#5271=ORIENTED_EDGE('',*,*,#5264,.T.) ;
#5272=ORIENTED_EDGE('',*,*,#5269,.F.) ;
#5273=ORIENTED_EDGE('',*,*,#5231,.F.) ;
#5274=ORIENTED_EDGE('',*,*,#5178,.T.) ;
#5295=ORIENTED_EDGE('',*,*,#4817,.T.) ;
#5296=ORIENTED_EDGE('',*,*,#5288,.F.) ;
#5297=ORIENTED_EDGE('',*,*,#5293,.F.) ;
#5298=ORIENTED_EDGE('',*,*,#5264,.F.) ;
#5299=ORIENTED_EDGE('',*,*,#5171,.F.) ;
#5300=ORIENTED_EDGE('',*,*,#5207,.F.) ;
#5314=ORIENTED_EDGE('',*,*,#5293,.T.) ;
#5315=ORIENTED_EDGE('',*,*,#5312,.F.) ;
#5316=ORIENTED_EDGE('',*,*,#5238,.F.) ;
#5317=ORIENTED_EDGE('',*,*,#5269,.T.) ;
#5326=ORIENTED_EDGE('',*,*,#5243,.F.) ;
#5327=ORIENTED_EDGE('',*,*,#5312,.T.) ;
#5328=ORIENTED_EDGE('',*,*,#5288,.T.) ;
#5329=ORIENTED_EDGE('',*,*,#4810,.T.) ;
#5366=ORIENTED_EDGE('',*,*,#5345,.T.) ;
#5367=ORIENTED_EDGE('',*,*,#5352,.F.) ;
#5368=ORIENTED_EDGE('',*,*,#5359,.F.) ;
#5369=ORIENTED_EDGE('',*,*,#5364,.T.) ;
#5388=ORIENTED_EDGE('',*,*,#5381,.T.) ;
#5389=ORIENTED_EDGE('',*,*,#5364,.F.) ;
#5390=ORIENTED_EDGE('',*,*,#5386,.F.) ;
#5391=ORIENTED_EDGE('',*,*,#4976,.F.) ;
#5419=ORIENTED_EDGE('',*,*,#5386,.T.) ;
#5420=ORIENTED_EDGE('',*,*,#5359,.T.) ;
#5421=ORIENTED_EDGE('',*,*,#5405,.T.) ;
#5422=ORIENTED_EDGE('',*,*,#5412,.T.) ;
#5423=ORIENTED_EDGE('',*,*,#5417,.T.) ;
#5424=ORIENTED_EDGE('',*,*,#4957,.T.) ;
#5445=ORIENTED_EDGE('',*,*,#5438,.T.) ;
#5446=ORIENTED_EDGE('',*,*,#5443,.F.) ;
#5447=ORIENTED_EDGE('',*,*,#5405,.F.) ;
#5448=ORIENTED_EDGE('',*,*,#5352,.T.) ;
#5469=ORIENTED_EDGE('',*,*,#4971,.F.) ;
#5470=ORIENTED_EDGE('',*,*,#5462,.F.) ;
#5471=ORIENTED_EDGE('',*,*,#5467,.F.) ;
#5472=ORIENTED_EDGE('',*,*,#5438,.F.) ;
#5473=ORIENTED_EDGE('',*,*,#5345,.F.) ;
#5474=ORIENTED_EDGE('',*,*,#5381,.F.) ;
#5488=ORIENTED_EDGE('',*,*,#5467,.T.) ;
#5489=ORIENTED_EDGE('',*,*,#5486,.F.) ;
#5490=ORIENTED_EDGE('',*,*,#5412,.F.) ;
#5491=ORIENTED_EDGE('',*,*,#5443,.T.) ;
#5500=ORIENTED_EDGE('',*,*,#5417,.F.) ;
#5501=ORIENTED_EDGE('',*,*,#5486,.T.) ;
#5502=ORIENTED_EDGE('',*,*,#5462,.T.) ;
#5503=ORIENTED_EDGE('',*,*,#4964,.T.) ;
#5540=ORIENTED_EDGE('',*,*,#5519,.T.) ;
#5541=ORIENTED_EDGE('',*,*,#5526,.F.) ;
#5542=ORIENTED_EDGE('',*,*,#5533,.F.) ;
#5543=ORIENTED_EDGE('',*,*,#5538,.T.) ;
#5557=ORIENTED_EDGE('',*,*,#5550,.T.) ;
#5558=ORIENTED_EDGE('',*,*,#5538,.F.) ;
#5559=ORIENTED_EDGE('',*,*,#5555,.F.) ;
#5560=ORIENTED_EDGE('',*,*,#4856,.F.) ;
#5583=ORIENTED_EDGE('',*,*,#5555,.T.) ;
#5584=ORIENTED_EDGE('',*,*,#5533,.T.) ;
#5585=ORIENTED_EDGE('',*,*,#5569,.T.) ;
#5586=ORIENTED_EDGE('',*,*,#5576,.T.) ;
#5587=ORIENTED_EDGE('',*,*,#5581,.T.) ;
#5588=ORIENTED_EDGE('',*,*,#4837,.F.) ;
#5609=ORIENTED_EDGE('',*,*,#5602,.T.) ;
#5610=ORIENTED_EDGE('',*,*,#5607,.F.) ;
#5611=ORIENTED_EDGE('',*,*,#5569,.F.) ;
#5612=ORIENTED_EDGE('',*,*,#5526,.T.) ;
#5628=ORIENTED_EDGE('',*,*,#4851,.T.) ;
#5629=ORIENTED_EDGE('',*,*,#5621,.F.) ;
#5630=ORIENTED_EDGE('',*,*,#5626,.F.) ;
#5631=ORIENTED_EDGE('',*,*,#5602,.F.) ;
#5632=ORIENTED_EDGE('',*,*,#5519,.F.) ;
#5633=ORIENTED_EDGE('',*,*,#5550,.F.) ;
#5647=ORIENTED_EDGE('',*,*,#5626,.T.) ;
#5648=ORIENTED_EDGE('',*,*,#5645,.F.) ;
#5649=ORIENTED_EDGE('',*,*,#5576,.F.) ;
#5650=ORIENTED_EDGE('',*,*,#5607,.T.) ;
#5654=ORIENTED_EDGE('',*,*,#5581,.F.) ;
#5655=ORIENTED_EDGE('',*,*,#5645,.T.) ;
#5656=ORIENTED_EDGE('',*,*,#5621,.T.) ;
#5657=ORIENTED_EDGE('',*,*,#4844,.T.) ;
#5694=ORIENTED_EDGE('',*,*,#5673,.T.) ;
#5695=ORIENTED_EDGE('',*,*,#5680,.F.) ;
#5696=ORIENTED_EDGE('',*,*,#5687,.F.) ;
#5697=ORIENTED_EDGE('',*,*,#5692,.T.) ;
#5711=ORIENTED_EDGE('',*,*,#5704,.T.) ;
#5712=ORIENTED_EDGE('',*,*,#5692,.F.) ;
#5713=ORIENTED_EDGE('',*,*,#5709,.F.) ;
#5714=ORIENTED_EDGE('',*,*,#4942,.F.) ;
#5737=ORIENTED_EDGE('',*,*,#5709,.T.) ;
#5738=ORIENTED_EDGE('',*,*,#5687,.T.) ;
#5739=ORIENTED_EDGE('',*,*,#5723,.T.) ;
#5740=ORIENTED_EDGE('',*,*,#5730,.T.) ;
#5741=ORIENTED_EDGE('',*,*,#5735,.T.) ;
#5742=ORIENTED_EDGE('',*,*,#4923,.T.) ;
#5763=ORIENTED_EDGE('',*,*,#5756,.T.) ;
#5764=ORIENTED_EDGE('',*,*,#5761,.F.) ;
#5765=ORIENTED_EDGE('',*,*,#5723,.F.) ;
#5766=ORIENTED_EDGE('',*,*,#5680,.T.) ;
#5782=ORIENTED_EDGE('',*,*,#4937,.F.) ;
#5783=ORIENTED_EDGE('',*,*,#5775,.F.) ;
#5784=ORIENTED_EDGE('',*,*,#5780,.F.) ;
#5785=ORIENTED_EDGE('',*,*,#5756,.F.) ;
#5786=ORIENTED_EDGE('',*,*,#5673,.F.) ;
#5787=ORIENTED_EDGE('',*,*,#5704,.F.) ;
#5801=ORIENTED_EDGE('',*,*,#5780,.T.) ;
#5802=ORIENTED_EDGE('',*,*,#5799,.F.) ;
#5803=ORIENTED_EDGE('',*,*,#5730,.F.) ;
#5804=ORIENTED_EDGE('',*,*,#5761,.T.) ;
#5808=ORIENTED_EDGE('',*,*,#5735,.F.) ;
#5809=ORIENTED_EDGE('',*,*,#5799,.T.) ;
#5810=ORIENTED_EDGE('',*,*,#5775,.T.) ;
#5811=ORIENTED_EDGE('',*,*,#4930,.T.) ;
#5848=ORIENTED_EDGE('',*,*,#5827,.T.) ;
#5849=ORIENTED_EDGE('',*,*,#5834,.F.) ;
#5850=ORIENTED_EDGE('',*,*,#5841,.F.) ;
#5851=ORIENTED_EDGE('',*,*,#5846,.T.) ;
#5865=ORIENTED_EDGE('',*,*,#5858,.T.) ;
#5866=ORIENTED_EDGE('',*,*,#5846,.F.) ;
#5867=ORIENTED_EDGE('',*,*,#5863,.F.) ;
#5868=ORIENTED_EDGE('',*,*,#4788,.F.) ;
#5891=ORIENTED_EDGE('',*,*,#5863,.T.) ;
#5892=ORIENTED_EDGE('',*,*,#5841,.T.) ;
#5893=ORIENTED_EDGE('',*,*,#5877,.T.) ;
#5894=ORIENTED_EDGE('',*,*,#5884,.T.) ;
#5895=ORIENTED_EDGE('',*,*,#5889,.T.) ;
#5896=ORIENTED_EDGE('',*,*,#4769,.F.) ;
#5917=ORIENTED_EDGE('',*,*,#5910,.T.) ;
#5918=ORIENTED_EDGE('',*,*,#5915,.F.) ;
#5919=ORIENTED_EDGE('',*,*,#5877,.F.) ;
#5920=ORIENTED_EDGE('',*,*,#5834,.T.) ;
#5936=ORIENTED_EDGE('',*,*,#4783,.T.) ;
#5937=ORIENTED_EDGE('',*,*,#5929,.F.) ;
#5938=ORIENTED_EDGE('',*,*,#5934,.F.) ;
#5939=ORIENTED_EDGE('',*,*,#5910,.F.) ;
#5940=ORIENTED_EDGE('',*,*,#5827,.F.) ;
#5941=ORIENTED_EDGE('',*,*,#5858,.F.) ;
#5955=ORIENTED_EDGE('',*,*,#5934,.T.) ;
#5956=ORIENTED_EDGE('',*,*,#5953,.F.) ;
#5957=ORIENTED_EDGE('',*,*,#5884,.F.) ;
#5958=ORIENTED_EDGE('',*,*,#5915,.T.) ;
#5962=ORIENTED_EDGE('',*,*,#5889,.F.) ;
#5963=ORIENTED_EDGE('',*,*,#5953,.T.) ;
#5964=ORIENTED_EDGE('',*,*,#5929,.T.) ;
#5965=ORIENTED_EDGE('',*,*,#4776,.T.) ;
#5974=ORIENTED_EDGE('',*,*,#4352,.F.) ;
#5975=ORIENTED_EDGE('',*,*,#4311,.T.) ;
#5976=ORIENTED_EDGE('',*,*,#165,.T.) ;
#5977=ORIENTED_EDGE('',*,*,#134,.T.) ;
#5978=ORIENTED_EDGE('',*,*,#103,.T.) ;
#5979=ORIENTED_EDGE('',*,*,#4198,.T.) ;
#5980=ORIENTED_EDGE('',*,*,#4234,.F.) ;
#5981=ORIENTED_EDGE('',*,*,#4335,.T.) ;
#5984=ORIENTED_EDGE('',*,*,#4172,.T.) ;
#5985=ORIENTED_EDGE('',*,*,#4150,.T.) ;
#5988=ORIENTED_EDGE('',*,*,#4110,.T.) ;
#5989=ORIENTED_EDGE('',*,*,#4088,.T.) ;
#5992=ORIENTED_EDGE('',*,*,#3696,.F.) ;
#5993=ORIENTED_EDGE('',*,*,#3720,.F.) ;
#5994=ORIENTED_EDGE('',*,*,#3744,.F.) ;
#5995=ORIENTED_EDGE('',*,*,#3774,.F.) ;
#5996=ORIENTED_EDGE('',*,*,#3805,.F.) ;
#5997=ORIENTED_EDGE('',*,*,#3829,.F.) ;
#5998=ORIENTED_EDGE('',*,*,#3849,.F.) ;
#5999=ORIENTED_EDGE('',*,*,#3861,.F.) ;
#6000=ORIENTED_EDGE('',*,*,#3894,.F.) ;
#6001=ORIENTED_EDGE('',*,*,#3924,.F.) ;
#6002=ORIENTED_EDGE('',*,*,#3943,.F.) ;
#6003=ORIENTED_EDGE('',*,*,#3969,.F.) ;
#6004=ORIENTED_EDGE('',*,*,#3989,.F.) ;
#6005=ORIENTED_EDGE('',*,*,#4018,.F.) ;
#6006=ORIENTED_EDGE('',*,*,#4030,.F.) ;
#6007=ORIENTED_EDGE('',*,*,#250,.T.) ;
#6008=ORIENTED_EDGE('',*,*,#4051,.F.) ;
#6009=ORIENTED_EDGE('',*,*,#210,.T.) ;
#6010=ORIENTED_EDGE('',*,*,#4063,.F.) ;
#6055=ORIENTED_EDGE('',*,*,#6020,.F.) ;
#6056=ORIENTED_EDGE('',*,*,#6027,.F.) ;
#6057=ORIENTED_EDGE('',*,*,#6034,.F.) ;
#6058=ORIENTED_EDGE('',*,*,#6041,.F.) ;
#6059=ORIENTED_EDGE('',*,*,#6048,.F.) ;
#6060=ORIENTED_EDGE('',*,*,#6053,.F.) ;
#6105=ORIENTED_EDGE('',*,*,#6070,.F.) ;
#6106=ORIENTED_EDGE('',*,*,#6077,.F.) ;
#6107=ORIENTED_EDGE('',*,*,#6084,.F.) ;
#6108=ORIENTED_EDGE('',*,*,#6091,.F.) ;
#6109=ORIENTED_EDGE('',*,*,#6098,.F.) ;
#6110=ORIENTED_EDGE('',*,*,#6103,.F.) ;
#6138=ORIENTED_EDGE('',*,*,#6124,.F.) ;
#6139=ORIENTED_EDGE('',*,*,#6098,.T.) ;
#6140=ORIENTED_EDGE('',*,*,#6131,.T.) ;
#6141=ORIENTED_EDGE('',*,*,#6136,.F.) ;
#6162=ORIENTED_EDGE('',*,*,#6155,.F.) ;
#6163=ORIENTED_EDGE('',*,*,#6103,.T.) ;
#6164=ORIENTED_EDGE('',*,*,#6124,.T.) ;
#6165=ORIENTED_EDGE('',*,*,#6160,.F.) ;
#6181=ORIENTED_EDGE('',*,*,#6131,.F.) ;
#6182=ORIENTED_EDGE('',*,*,#6091,.T.) ;
#6183=ORIENTED_EDGE('',*,*,#6174,.T.) ;
#6184=ORIENTED_EDGE('',*,*,#6179,.F.) ;
#6207=ORIENTED_EDGE('',*,*,#6136,.T.) ;
#6208=ORIENTED_EDGE('',*,*,#6179,.T.) ;
#6209=ORIENTED_EDGE('',*,*,#6193,.T.) ;
#6210=ORIENTED_EDGE('',*,*,#6200,.T.) ;
#6211=ORIENTED_EDGE('',*,*,#6205,.T.) ;
#6212=ORIENTED_EDGE('',*,*,#6160,.T.) ;
#6226=ORIENTED_EDGE('',*,*,#6224,.F.) ;
#6227=ORIENTED_EDGE('',*,*,#6070,.T.) ;
#6228=ORIENTED_EDGE('',*,*,#6155,.T.) ;
#6229=ORIENTED_EDGE('',*,*,#6205,.F.) ;
#6243=ORIENTED_EDGE('',*,*,#6174,.F.) ;
#6244=ORIENTED_EDGE('',*,*,#6084,.T.) ;
#6245=ORIENTED_EDGE('',*,*,#6241,.T.) ;
#6246=ORIENTED_EDGE('',*,*,#6193,.F.) ;
#6255=ORIENTED_EDGE('',*,*,#6241,.F.) ;
#6256=ORIENTED_EDGE('',*,*,#6077,.T.) ;
#6257=ORIENTED_EDGE('',*,*,#6224,.T.) ;
#6258=ORIENTED_EDGE('',*,*,#6200,.F.) ;
#6286=ORIENTED_EDGE('',*,*,#6272,.F.) ;
#6287=ORIENTED_EDGE('',*,*,#6048,.T.) ;
#6288=ORIENTED_EDGE('',*,*,#6279,.T.) ;
#6289=ORIENTED_EDGE('',*,*,#6284,.F.) ;
#6310=ORIENTED_EDGE('',*,*,#6303,.F.) ;
#6311=ORIENTED_EDGE('',*,*,#6053,.T.) ;
#6312=ORIENTED_EDGE('',*,*,#6272,.T.) ;
#6313=ORIENTED_EDGE('',*,*,#6308,.F.) ;
#6334=ORIENTED_EDGE('',*,*,#6279,.F.) ;
#6335=ORIENTED_EDGE('',*,*,#6041,.T.) ;
#6336=ORIENTED_EDGE('',*,*,#6327,.T.) ;
#6337=ORIENTED_EDGE('',*,*,#6332,.F.) ;
#6360=ORIENTED_EDGE('',*,*,#6284,.T.) ;
#6361=ORIENTED_EDGE('',*,*,#6332,.T.) ;
#6362=ORIENTED_EDGE('',*,*,#6346,.T.) ;
#6363=ORIENTED_EDGE('',*,*,#6353,.T.) ;
#6364=ORIENTED_EDGE('',*,*,#6358,.T.) ;
#6365=ORIENTED_EDGE('',*,*,#6308,.T.) ;
#6374=ORIENTED_EDGE('',*,*,#6372,.F.) ;
#6375=ORIENTED_EDGE('',*,*,#6020,.T.) ;
#6376=ORIENTED_EDGE('',*,*,#6303,.T.) ;
#6377=ORIENTED_EDGE('',*,*,#6358,.F.) ;
#6391=ORIENTED_EDGE('',*,*,#6327,.F.) ;
#6392=ORIENTED_EDGE('',*,*,#6034,.T.) ;
#6393=ORIENTED_EDGE('',*,*,#6389,.T.) ;
#6394=ORIENTED_EDGE('',*,*,#6346,.F.) ;
#6403=ORIENTED_EDGE('',*,*,#6389,.F.) ;
#6404=ORIENTED_EDGE('',*,*,#6027,.T.) ;
#6405=ORIENTED_EDGE('',*,*,#6372,.T.) ;
#6406=ORIENTED_EDGE('',*,*,#6353,.F.) ;
#410=FACE_BOUND('',#407,.T.) ;
#775=FACE_BOUND('',#772,.T.) ;
#1267=FACE_BOUND('',#1264,.T.) ;
#3610=FACE_BOUND('',#3607,.T.) ;
#3614=FACE_BOUND('',#3611,.T.) ;
#4293=FACE_BOUND('',#4284,.T.) ;
#4760=FACE_BOUND('',#4755,.T.) ;
#4794=FACE_BOUND('',#4789,.T.) ;
#4828=FACE_BOUND('',#4823,.T.) ;
#4862=FACE_BOUND('',#4857,.T.) ;
#4880=FACE_BOUND('',#4875,.T.) ;
#4914=FACE_BOUND('',#4909,.T.) ;
#4948=FACE_BOUND('',#4943,.T.) ;
#4982=FACE_BOUND('',#4977,.T.) ;
#5986=FACE_BOUND('',#5983,.T.) ;
#5990=FACE_BOUND('',#5987,.T.) ;
#6011=FACE_BOUND('',#5991,.T.) ;
#6061=FACE_BOUND('',#6054,.T.) ;
#6111=FACE_BOUND('',#6104,.T.) ;
#51=CLOSED_SHELL('Closed Shell',(#75,#115,#146,#177,#217,#257,#305,#411,#451,#519,#569,#602,#626,#650,#674,#700,#776,#791,#822,#862,#902,#942,#973,#992,#1073,#1099,#1134,#1183,#1268,#1299,#1311,#1394,#1458,#1490,#1521,#1547,#1573,#1599,#1625,#1652,#1678,#1704,#1730,#1756,#1782,#1815,#1843,#1871,#1899,#1927,#1955,#1981,#2007,#2033,#2059,#2085,#2111,#2142,#2168,#2202,#2228,#2254,#2288,#2319,#2338,#2364,#2390,#2442,#2470,#2496,#2522,#2553,#2574,#2595,#2626,#2647,#2668,#2699,#2720,#2741,#2772,#2793,#2814,#2845,#2866,#2887,#2915,#2939,#2960,#2982,#3022,#3063,#3080,#3140,#3159,#3190,#3234,#3246,#3332,#3363,#3408,#3431,#3470,#3501,#3535,#3553,#3560,#3567,#3581,#3615,#3622,#3649,#3677,#3708,#3727,#3757,#3788,#3812,#3837,#3877,#3907,#3931,#3952,#3982,#4001,#4025,#4041,#4058,#4074,#4105,#4117,#4136,#4167,#4179,#4210,#4241,#4294,#4318,#4342,#4359,#4399,#4430,#4470,#4494,#4527,#4544,#4561,#4601,#4627,#4662,#4686,#4714,#4731,#4743,#4863,#4983,#5023,#5045,#5078,#5102,#5128,#5145,#5157,#5197,#5219,#5252,#5276,#5302,#5319,#5331,#5371,#5393,#5426,#5450,#5476,#5493,#5505,#5545,#5562,#5590,#5614,#5635,#5652,#5659,#5699,#5716,#5744,#5768,#5789,#5806,#5813,#5853,#5870,#5898,#5922,#5943,#5960,#5967,#6112,#6143,#6167,#6186,#6214,#6231,#6248,#6260,#6291,#6315,#6339,#6367,#6379,#6396,#6408)) ;
#92=VECTOR('Line Direction',#91,1.) ;
#106=VECTOR('Line Direction',#105,1.) ;
#123=VECTOR('Line Direction',#122,1.) ;
#130=VECTOR('Line Direction',#129,1.) ;
#137=VECTOR('Line Direction',#136,1.) ;
#168=VECTOR('Line Direction',#167,1.) ;
#185=VECTOR('Line Direction',#184,1.) ;
#201=VECTOR('Line Direction',#200,1.) ;
#225=VECTOR('Line Direction',#224,1.) ;
#241=VECTOR('Line Direction',#240,1.) ;
#265=VECTOR('Line Direction',#264,1.) ;
#274=VECTOR('Line Direction',#273,1.) ;
#295=VECTOR('Line Direction',#294,1.) ;
#313=VECTOR('Line Direction',#312,1.) ;
#336=VECTOR('Line Direction',#335,1.) ;
#343=VECTOR('Line Direction',#342,1.) ;
#350=VECTOR('Line Direction',#349,1.) ;
#371=VECTOR('Line Direction',#370,1.) ;
#378=VECTOR('Line Direction',#377,1.) ;
#419=VECTOR('Line Direction',#418,1.) ;
#459=VECTOR('Line Direction',#458,1.) ;
#477=VECTOR('Line Direction',#476,1.) ;
#491=VECTOR('Line Direction',#490,1.) ;
#505=VECTOR('Line Direction',#504,1.) ;
#541=VECTOR('Line Direction',#540,1.) ;
#546=VECTOR('Line Direction',#545,1.) ;
#587=VECTOR('Line Direction',#586,1.) ;
#610=VECTOR('Line Direction',#609,1.) ;
#634=VECTOR('Line Direction',#633,1.) ;
#641=VECTOR('Line Direction',#640,1.) ;
#665=VECTOR('Line Direction',#664,1.) ;
#779=VECTOR('Line Direction',#778,1.) ;
#830=VECTOR('Line Direction',#829,1.) ;
#846=VECTOR('Line Direction',#845,1.) ;
#870=VECTOR('Line Direction',#869,1.) ;
#886=VECTOR('Line Direction',#885,1.) ;
#910=VECTOR('Line Direction',#909,1.) ;
#919=VECTOR('Line Direction',#918,1.) ;
#926=VECTOR('Line Direction',#925,1.) ;
#933=VECTOR('Line Direction',#932,1.) ;
#950=VECTOR('Line Direction',#949,1.) ;
#957=VECTOR('Line Direction',#956,1.) ;
#964=VECTOR('Line Direction',#963,1.) ;
#985=VECTOR('Line Direction',#984,1.) ;
#1018=VECTOR('Line Direction',#1017,1.) ;
#1032=VECTOR('Line Direction',#1031,1.) ;
#1046=VECTOR('Line Direction',#1045,1.) ;
#1060=VECTOR('Line Direction',#1059,1.) ;
#1102=VECTOR('Line Direction',#1101,1.) ;
#1111=VECTOR('Line Direction',#1110,1.) ;
#1118=VECTOR('Line Direction',#1117,1.) ;
#1125=VECTOR('Line Direction',#1124,1.) ;
#1160=VECTOR('Line Direction',#1159,1.) ;
#1174=VECTOR('Line Direction',#1173,1.) ;
#1276=VECTOR('Line Direction',#1275,1.) ;
#1283=VECTOR('Line Direction',#1282,1.) ;
#1319=VECTOR('Line Direction',#1318,1.) ;
#1326=VECTOR('Line Direction',#1325,1.) ;
#1466=VECTOR('Line Direction',#1465,1.) ;
#1480=VECTOR('Line Direction',#1479,1.) ;
#1498=VECTOR('Line Direction',#1497,1.) ;
#1512=VECTOR('Line Direction',#1511,1.) ;
#1524=VECTOR('Line Direction',#1523,1.) ;
#1538=VECTOR('Line Direction',#1537,1.) ;
#1550=VECTOR('Line Direction',#1549,1.) ;
#1557=VECTOR('Line Direction',#1556,1.) ;
#1576=VECTOR('Line Direction',#1575,1.) ;
#1590=VECTOR('Line Direction',#1589,1.) ;
#1602=VECTOR('Line Direction',#1601,1.) ;
#1616=VECTOR('Line Direction',#1615,1.) ;
#1628=VECTOR('Line Direction',#1627,1.) ;
#1642=VECTOR('Line Direction',#1641,1.) ;
#1655=VECTOR('Line Direction',#1654,1.) ;
#1669=VECTOR('Line Direction',#1668,1.) ;
#1681=VECTOR('Line Direction',#1680,1.) ;
#1695=VECTOR('Line Direction',#1694,1.) ;
#1707=VECTOR('Line Direction',#1706,1.) ;
#1721=VECTOR('Line Direction',#1720,1.) ;
#1733=VECTOR('Line Direction',#1732,1.) ;
#1747=VECTOR('Line Direction',#1746,1.) ;
#1768=VECTOR('Line Direction',#1767,1.) ;
#1773=VECTOR('Line Direction',#1772,1.) ;
#1958=VECTOR('Line Direction',#1957,1.) ;
#1972=VECTOR('Line Direction',#1971,1.) ;
#1984=VECTOR('Line Direction',#1983,1.) ;
#1991=VECTOR('Line Direction',#1990,1.) ;
#2010=VECTOR('Line Direction',#2009,1.) ;
#2024=VECTOR('Line Direction',#2023,1.) ;
#2036=VECTOR('Line Direction',#2035,1.) ;
#2050=VECTOR('Line Direction',#2049,1.) ;
#2062=VECTOR('Line Direction',#2061,1.) ;
#2076=VECTOR('Line Direction',#2075,1.) ;
#2097=VECTOR('Line Direction',#2096,1.) ;
#2102=VECTOR('Line Direction',#2101,1.) ;
#2119=VECTOR('Line Direction',#2118,1.) ;
#2133=VECTOR('Line Direction',#2132,1.) ;
#2145=VECTOR('Line Direction',#2144,1.) ;
#2152=VECTOR('Line Direction',#2151,1.) ;
#2171=VECTOR('Line Direction',#2170,1.) ;
#2192=VECTOR('Line Direction',#2191,1.) ;
#2214=VECTOR('Line Direction',#2213,1.) ;
#2219=VECTOR('Line Direction',#2218,1.) ;
#2231=VECTOR('Line Direction',#2230,1.) ;
#2238=VECTOR('Line Direction',#2237,1.) ;
#2257=VECTOR('Line Direction',#2256,1.) ;
#2278=VECTOR('Line Direction',#2277,1.) ;
#2296=VECTOR('Line Direction',#2295,1.) ;
#2310=VECTOR('Line Direction',#2309,1.) ;
#2322=VECTOR('Line Direction',#2321,1.) ;
#2350=VECTOR('Line Direction',#2349,1.) ;
#2355=VECTOR('Line Direction',#2354,1.) ;
#2367=VECTOR('Line Direction',#2366,1.) ;
#2381=VECTOR('Line Direction',#2380,1.) ;
#2393=VECTOR('Line Direction',#2392,1.) ;
#2430=VECTOR('Line Direction',#2429,1.) ;
#2445=VECTOR('Line Direction',#2444,1.) ;
#2473=VECTOR('Line Direction',#2472,1.) ;
#2480=VECTOR('Line Direction',#2479,1.) ;
#2499=VECTOR('Line Direction',#2498,1.) ;
#2513=VECTOR('Line Direction',#2512,1.) ;
#2530=VECTOR('Line Direction',#2529,1.) ;
#2544=VECTOR('Line Direction',#2543,1.) ;
#2561=VECTOR('Line Direction',#2560,1.) ;
#2582=VECTOR('Line Direction',#2581,1.) ;
#2603=VECTOR('Line Direction',#2602,1.) ;
#2617=VECTOR('Line Direction',#2616,1.) ;
#2634=VECTOR('Line Direction',#2633,1.) ;
#2655=VECTOR('Line Direction',#2654,1.) ;
#2676=VECTOR('Line Direction',#2675,1.) ;
#2690=VECTOR('Line Direction',#2689,1.) ;
#2707=VECTOR('Line Direction',#2706,1.) ;
#2728=VECTOR('Line Direction',#2727,1.) ;
#2749=VECTOR('Line Direction',#2748,1.) ;
#2763=VECTOR('Line Direction',#2762,1.) ;
#2780=VECTOR('Line Direction',#2779,1.) ;
#2801=VECTOR('Line Direction',#2800,1.) ;
#2822=VECTOR('Line Direction',#2821,1.) ;
#2836=VECTOR('Line Direction',#2835,1.) ;
#2853=VECTOR('Line Direction',#2852,1.) ;
#2874=VECTOR('Line Direction',#2873,1.) ;
#2895=VECTOR('Line Direction',#2894,1.) ;
#2902=VECTOR('Line Direction',#2901,1.) ;
#2930=VECTOR('Line Direction',#2929,1.) ;
#2947=VECTOR('Line Direction',#2946,1.) ;
#3000=VECTOR('Line Direction',#2999,1.) ;
#3005=VECTOR('Line Direction',#3004,1.) ;
#3012=VECTOR('Line Direction',#3011,1.) ;
#3030=VECTOR('Line Direction',#3029,1.) ;
#3045=VECTOR('Line Direction',#3044,1.) ;
#3052=VECTOR('Line Direction',#3051,1.) ;
#3152=VECTOR('Line Direction',#3151,1.) ;
#3167=VECTOR('Line Direction',#3166,1.) ;
#3207=VECTOR('Line Direction',#3206,1.) ;
#3221=VECTOR('Line Direction',#3220,1.) ;
#3237=VECTOR('Line Direction',#3236,1.) ;
#3254=VECTOR('Line Direction',#3253,1.) ;
#3259=VECTOR('Line Direction',#3258,1.) ;
#3266=VECTOR('Line Direction',#3265,1.) ;
#3273=VECTOR('Line Direction',#3272,1.) ;
#3280=VECTOR('Line Direction',#3279,1.) ;
#3287=VECTOR('Line Direction',#3286,1.) ;
#3294=VECTOR('Line Direction',#3293,1.) ;
#3301=VECTOR('Line Direction',#3300,1.) ;
#3308=VECTOR('Line Direction',#3307,1.) ;
#3315=VECTOR('Line Direction',#3314,1.) ;
#3340=VECTOR('Line Direction',#3339,1.) ;
#3349=VECTOR('Line Direction',#3348,1.) ;
#3354=VECTOR('Line Direction',#3353,1.) ;
#3371=VECTOR('Line Direction',#3370,1.) ;
#3376=VECTOR('Line Direction',#3375,1.) ;
#3381=VECTOR('Line Direction',#3380,1.) ;
#3388=VECTOR('Line Direction',#3387,1.) ;
#3395=VECTOR('Line Direction',#3394,1.) ;
#3416=VECTOR('Line Direction',#3415,1.) ;
#3421=VECTOR('Line Direction',#3420,1.) ;
#3439=VECTOR('Line Direction',#3438,1.) ;
#3448=VECTOR('Line Direction',#3447,1.) ;
#3453=VECTOR('Line Direction',#3452,1.) ;
#3460=VECTOR('Line Direction',#3459,1.) ;
#3478=VECTOR('Line Direction',#3477,1.) ;
#3485=VECTOR('Line Direction',#3484,1.) ;
#3492=VECTOR('Line Direction',#3491,1.) ;
#3504=VECTOR('Line Direction',#3503,1.) ;
#3511=VECTOR('Line Direction',#3510,1.) ;
#3518=VECTOR('Line Direction',#3517,1.) ;
#3525=VECTOR('Line Direction',#3524,1.) ;
#3538=VECTOR('Line Direction',#3537,1.) ;
#3543=VECTOR('Line Direction',#3542,1.) ;
#3589=VECTOR('Line Direction',#3588,1.) ;
#3594=VECTOR('Line Direction',#3593,1.) ;
#3630=VECTOR('Line Direction',#3629,1.) ;
#3652=VECTOR('Line Direction',#3651,1.) ;
#3657=VECTOR('Line Direction',#3656,1.) ;
#3662=VECTOR('Line Direction',#3661,1.) ;
#3685=VECTOR('Line Direction',#3684,1.) ;
#3692=VECTOR('Line Direction',#3691,1.) ;
#3699=VECTOR('Line Direction',#3698,1.) ;
#3711=VECTOR('Line Direction',#3710,1.) ;
#3718=VECTOR('Line Direction',#3717,1.) ;
#3735=VECTOR('Line Direction',#3734,1.) ;
#3742=VECTOR('Line Direction',#3741,1.) ;
#3765=VECTOR('Line Direction',#3764,1.) ;
#3772=VECTOR('Line Direction',#3771,1.) ;
#3777=VECTOR('Line Direction',#3776,1.) ;
#3796=VECTOR('Line Direction',#3795,1.) ;
#3820=VECTOR('Line Direction',#3819,1.) ;
#3827=VECTOR('Line Direction',#3826,1.) ;
#3845=VECTOR('Line Direction',#3844,1.) ;
#3852=VECTOR('Line Direction',#3851,1.) ;
#3859=VECTOR('Line Direction',#3858,1.) ;
#3885=VECTOR('Line Direction',#3884,1.) ;
#3892=VECTOR('Line Direction',#3891,1.) ;
#3897=VECTOR('Line Direction',#3896,1.) ;
#3915=VECTOR('Line Direction',#3914,1.) ;
#3934=VECTOR('Line Direction',#3933,1.) ;
#3941=VECTOR('Line Direction',#3940,1.) ;
#3960=VECTOR('Line Direction',#3959,1.) ;
#3967=VECTOR('Line Direction',#3966,1.) ;
#3985=VECTOR('Line Direction',#3984,1.) ;
#3992=VECTOR('Line Direction',#3991,1.) ;
#4009=VECTOR('Line Direction',#4008,1.) ;
#4016=VECTOR('Line Direction',#4015,1.) ;
#4028=VECTOR('Line Direction',#4027,1.) ;
#4049=VECTOR('Line Direction',#4048,1.) ;
#4061=VECTOR('Line Direction',#4060,1.) ;
#4091=VECTOR('Line Direction',#4090,1.) ;
#4096=VECTOR('Line Direction',#4095,1.) ;
#4153=VECTOR('Line Direction',#4152,1.) ;
#4158=VECTOR('Line Direction',#4157,1.) ;
#4187=VECTOR('Line Direction',#4186,1.) ;
#4196=VECTOR('Line Direction',#4195,1.) ;
#4201=VECTOR('Line Direction',#4200,1.) ;
#4225=VECTOR('Line Direction',#4224,1.) ;
#4249=VECTOR('Line Direction',#4248,1.) ;
#4254=VECTOR('Line Direction',#4253,1.) ;
#4276=VECTOR('Line Direction',#4275,1.) ;
#4281=VECTOR('Line Direction',#4280,1.) ;
#4302=VECTOR('Line Direction',#4301,1.) ;
#4309=VECTOR('Line Direction',#4308,1.) ;
#4326=VECTOR('Line Direction',#4325,1.) ;
#4333=VECTOR('Line Direction',#4332,1.) ;
#4376=VECTOR('Line Direction',#4375,1.) ;
#4390=VECTOR('Line Direction',#4389,1.) ;
#4407=VECTOR('Line Direction',#4406,1.) ;
#4414=VECTOR('Line Direction',#4413,1.) ;
#4421=VECTOR('Line Direction',#4420,1.) ;
#4438=VECTOR('Line Direction',#4437,1.) ;
#4452=VECTOR('Line Direction',#4451,1.) ;
#4459=VECTOR('Line Direction',#4458,1.) ;
#4478=VECTOR('Line Direction',#4477,1.) ;
#4485=VECTOR('Line Direction',#4484,1.) ;
#4502=VECTOR('Line Direction',#4501,1.) ;
#4509=VECTOR('Line Direction',#4508,1.) ;
#4535=VECTOR('Line Direction',#4534,1.) ;
#4552=VECTOR('Line Direction',#4551,1.) ;
#4578=VECTOR('Line Direction',#4577,1.) ;
#4592=VECTOR('Line Direction',#4591,1.) ;
#4604=VECTOR('Line Direction',#4603,1.) ;
#4611=VECTOR('Line Direction',#4610,1.) ;
#4618=VECTOR('Line Direction',#4617,1.) ;
#4630=VECTOR('Line Direction',#4629,1.) ;
#4644=VECTOR('Line Direction',#4643,1.) ;
#4651=VECTOR('Line Direction',#4650,1.) ;
#4670=VECTOR('Line Direction',#4669,1.) ;
#4677=VECTOR('Line Direction',#4676,1.) ;
#4689=VECTOR('Line Direction',#4688,1.) ;
#4696=VECTOR('Line Direction',#4695,1.) ;
#4722=VECTOR('Line Direction',#4721,1.) ;
#4734=VECTOR('Line Direction',#4733,1.) ;
#4763=VECTOR('Line Direction',#4762,1.) ;
#4772=VECTOR('Line Direction',#4771,1.) ;
#4779=VECTOR('Line Direction',#4778,1.) ;
#4786=VECTOR('Line Direction',#4785,1.) ;
#4797=VECTOR('Line Direction',#4796,1.) ;
#4806=VECTOR('Line Direction',#4805,1.) ;
#4813=VECTOR('Line Direction',#4812,1.) ;
#4820=VECTOR('Line Direction',#4819,1.) ;
#4831=VECTOR('Line Direction',#4830,1.) ;
#4840=VECTOR('Line Direction',#4839,1.) ;
#4847=VECTOR('Line Direction',#4846,1.) ;
#4854=VECTOR('Line Direction',#4853,1.) ;
#4883=VECTOR('Line Direction',#4882,1.) ;
#4892=VECTOR('Line Direction',#4891,1.) ;
#4899=VECTOR('Line Direction',#4898,1.) ;
#4906=VECTOR('Line Direction',#4905,1.) ;
#4917=VECTOR('Line Direction',#4916,1.) ;
#4926=VECTOR('Line Direction',#4925,1.) ;
#4933=VECTOR('Line Direction',#4932,1.) ;
#4940=VECTOR('Line Direction',#4939,1.) ;
#4951=VECTOR('Line Direction',#4950,1.) ;
#4960=VECTOR('Line Direction',#4959,1.) ;
#4967=VECTOR('Line Direction',#4966,1.) ;
#4974=VECTOR('Line Direction',#4973,1.) ;
#5000=VECTOR('Line Direction',#4999,1.) ;
#5014=VECTOR('Line Direction',#5013,1.) ;
#5031=VECTOR('Line Direction',#5030,1.) ;
#5036=VECTOR('Line Direction',#5035,1.) ;
#5053=VECTOR('Line Direction',#5052,1.) ;
#5067=VECTOR('Line Direction',#5066,1.) ;
#5086=VECTOR('Line Direction',#5085,1.) ;
#5093=VECTOR('Line Direction',#5092,1.) ;
#5110=VECTOR('Line Direction',#5109,1.) ;
#5136=VECTOR('Line Direction',#5135,1.) ;
#5174=VECTOR('Line Direction',#5173,1.) ;
#5188=VECTOR('Line Direction',#5187,1.) ;
#5205=VECTOR('Line Direction',#5204,1.) ;
#5210=VECTOR('Line Direction',#5209,1.) ;
#5227=VECTOR('Line Direction',#5226,1.) ;
#5241=VECTOR('Line Direction',#5240,1.) ;
#5260=VECTOR('Line Direction',#5259,1.) ;
#5267=VECTOR('Line Direction',#5266,1.) ;
#5284=VECTOR('Line Direction',#5283,1.) ;
#5310=VECTOR('Line Direction',#5309,1.) ;
#5348=VECTOR('Line Direction',#5347,1.) ;
#5362=VECTOR('Line Direction',#5361,1.) ;
#5379=VECTOR('Line Direction',#5378,1.) ;
#5384=VECTOR('Line Direction',#5383,1.) ;
#5401=VECTOR('Line Direction',#5400,1.) ;
#5415=VECTOR('Line Direction',#5414,1.) ;
#5434=VECTOR('Line Direction',#5433,1.) ;
#5441=VECTOR('Line Direction',#5440,1.) ;
#5458=VECTOR('Line Direction',#5457,1.) ;
#5484=VECTOR('Line Direction',#5483,1.) ;
#5522=VECTOR('Line Direction',#5521,1.) ;
#5536=VECTOR('Line Direction',#5535,1.) ;
#5548=VECTOR('Line Direction',#5547,1.) ;
#5553=VECTOR('Line Direction',#5552,1.) ;
#5565=VECTOR('Line Direction',#5564,1.) ;
#5579=VECTOR('Line Direction',#5578,1.) ;
#5598=VECTOR('Line Direction',#5597,1.) ;
#5605=VECTOR('Line Direction',#5604,1.) ;
#5617=VECTOR('Line Direction',#5616,1.) ;
#5643=VECTOR('Line Direction',#5642,1.) ;
#5676=VECTOR('Line Direction',#5675,1.) ;
#5690=VECTOR('Line Direction',#5689,1.) ;
#5702=VECTOR('Line Direction',#5701,1.) ;
#5707=VECTOR('Line Direction',#5706,1.) ;
#5719=VECTOR('Line Direction',#5718,1.) ;
#5733=VECTOR('Line Direction',#5732,1.) ;
#5752=VECTOR('Line Direction',#5751,1.) ;
#5759=VECTOR('Line Direction',#5758,1.) ;
#5771=VECTOR('Line Direction',#5770,1.) ;
#5797=VECTOR('Line Direction',#5796,1.) ;
#5830=VECTOR('Line Direction',#5829,1.) ;
#5844=VECTOR('Line Direction',#5843,1.) ;
#5856=VECTOR('Line Direction',#5855,1.) ;
#5861=VECTOR('Line Direction',#5860,1.) ;
#5873=VECTOR('Line Direction',#5872,1.) ;
#5887=VECTOR('Line Direction',#5886,1.) ;
#5906=VECTOR('Line Direction',#5905,1.) ;
#5913=VECTOR('Line Direction',#5912,1.) ;
#5925=VECTOR('Line Direction',#5924,1.) ;
#5951=VECTOR('Line Direction',#5950,1.) ;
#6014=VECTOR('Line Direction',#6013,1.) ;
#6030=VECTOR('Line Direction',#6029,1.) ;
#6044=VECTOR('Line Direction',#6043,1.) ;
#6073=VECTOR('Line Direction',#6072,1.) ;
#6087=VECTOR('Line Direction',#6086,1.) ;
#6101=VECTOR('Line Direction',#6100,1.) ;
#6120=VECTOR('Line Direction',#6119,1.) ;
#6127=VECTOR('Line Direction',#6126,1.) ;
#6151=VECTOR('Line Direction',#6150,1.) ;
#6158=VECTOR('Line Direction',#6157,1.) ;
#6170=VECTOR('Line Direction',#6169,1.) ;
#6177=VECTOR('Line Direction',#6176,1.) ;
#6196=VECTOR('Line Direction',#6195,1.) ;
#6222=VECTOR('Line Direction',#6221,1.) ;
#6239=VECTOR('Line Direction',#6238,1.) ;
#6268=VECTOR('Line Direction',#6267,1.) ;
#6275=VECTOR('Line Direction',#6274,1.) ;
#6282=VECTOR('Line Direction',#6281,1.) ;
#6299=VECTOR('Line Direction',#6298,1.) ;
#6323=VECTOR('Line Direction',#6322,1.) ;
#6342=VECTOR('Line Direction',#6341,1.) ;
#6356=VECTOR('Line Direction',#6355,1.) ;
#6370=VECTOR('Line Direction',#6369,1.) ;
#6387=VECTOR('Line Direction',#6386,1.) ;
#6410=ADVANCED_BREP_SHAPE_REPRESENTATION('NONE',(#6409),#46) ;
#49=SHAPE_REPRESENTATION(' ',(#48),#46) ;
#75=ADVANCED_FACE('PartBody',(#74),#56,.T.) ;
#115=ADVANCED_FACE('PartBody',(#114),#80,.T.) ;
#146=ADVANCED_FACE('PartBody',(#145),#120,.F.) ;
#177=ADVANCED_FACE('PartBody',(#176),#151,.T.) ;
#217=ADVANCED_FACE('PartBody',(#216),#182,.F.) ;
#257=ADVANCED_FACE('PartBody',(#256),#222,.F.) ;
#305=ADVANCED_FACE('PartBody',(#304),#262,.F.) ;
#411=ADVANCED_FACE('PartBody',(#392,#410),#310,.T.) ;
#451=ADVANCED_FACE('PartBody',(#450),#416,.T.) ;
#519=ADVANCED_FACE('PartBody',(#518),#456,.T.) ;
#569=ADVANCED_FACE('PartBody',(#568),#456,.T.) ;
#602=ADVANCED_FACE('PartBody',(#601),#574,.F.) ;
#626=ADVANCED_FACE('PartBody',(#625),#607,.T.) ;
#650=ADVANCED_FACE('PartBody',(#649),#631,.T.) ;
#674=ADVANCED_FACE('PartBody',(#673),#655,.T.) ;
#700=ADVANCED_FACE('PartBody',(#699),#679,.F.) ;
#776=ADVANCED_FACE('PartBody',(#709,#775),#705,.F.) ;
#791=ADVANCED_FACE('PartBody',(#790),#262,.F.) ;
#822=ADVANCED_FACE('PartBody',(#821),#796,.F.) ;
#862=ADVANCED_FACE('PartBody',(#861),#827,.T.) ;
#902=ADVANCED_FACE('PartBody',(#901),#867,.T.) ;
#942=ADVANCED_FACE('PartBody',(#941),#907,.T.) ;
#973=ADVANCED_FACE('PartBody',(#972),#947,.T.) ;
#992=ADVANCED_FACE('PartBody',(#991),#56,.F.) ;
#1073=ADVANCED_FACE('PartBody',(#1072),#997,.F.) ;
#1099=ADVANCED_FACE('PartBody',(#1098),#997,.F.) ;
#1134=ADVANCED_FACE('PartBody',(#1133),#947,.T.) ;
#1183=ADVANCED_FACE('PartBody',(#1182),#1139,.F.) ;
#1268=ADVANCED_FACE('PartBody',(#1249,#1267),#705,.F.) ;
#1299=ADVANCED_FACE('PartBody',(#1298),#1273,.F.) ;
#1311=ADVANCED_FACE('PartBody',(#1310),#1273,.F.) ;
#1394=ADVANCED_FACE('PartBody',(#1393),#1316,.F.) ;
#1458=ADVANCED_FACE('PartBody',(#1457),#1316,.F.) ;
#1490=ADVANCED_FACE('PartBody',(#1489),#1463,.F.) ;
#1521=ADVANCED_FACE('PartBody',(#1520),#1495,.F.) ;
#1547=ADVANCED_FACE('PartBody',(#1546),#1463,.F.) ;
#1573=ADVANCED_FACE('PartBody',(#1572),#1495,.F.) ;
#1599=ADVANCED_FACE('PartBody',(#1598),#1463,.F.) ;
#1625=ADVANCED_FACE('PartBody',(#1624),#1495,.F.) ;
#1652=ADVANCED_FACE('PartBody',(#1651),#1463,.F.) ;
#1678=ADVANCED_FACE('PartBody',(#1677),#1495,.F.) ;
#1704=ADVANCED_FACE('PartBody',(#1703),#1463,.F.) ;
#1730=ADVANCED_FACE('PartBody',(#1729),#1495,.F.) ;
#1756=ADVANCED_FACE('PartBody',(#1755),#1463,.F.) ;
#1782=ADVANCED_FACE('PartBody',(#1781),#1495,.F.) ;
#1815=ADVANCED_FACE('PartBody',(#1814),#1787,.F.) ;
#1843=ADVANCED_FACE('PartBody',(#1842),#1787,.F.) ;
#1871=ADVANCED_FACE('PartBody',(#1870),#1787,.F.) ;
#1899=ADVANCED_FACE('PartBody',(#1898),#1787,.F.) ;
#1927=ADVANCED_FACE('PartBody',(#1926),#1787,.F.) ;
#1955=ADVANCED_FACE('PartBody',(#1954),#1787,.F.) ;
#1981=ADVANCED_FACE('PartBody',(#1980),#1273,.F.) ;
#2007=ADVANCED_FACE('PartBody',(#2006),#1273,.F.) ;
#2033=ADVANCED_FACE('PartBody',(#2032),#1273,.F.) ;
#2059=ADVANCED_FACE('PartBody',(#2058),#1273,.F.) ;
#2085=ADVANCED_FACE('PartBody',(#2084),#1273,.F.) ;
#2111=ADVANCED_FACE('PartBody',(#2110),#1273,.F.) ;
#2142=ADVANCED_FACE('PartBody',(#2141),#2116,.F.) ;
#2168=ADVANCED_FACE('PartBody',(#2167),#2116,.F.) ;
#2202=ADVANCED_FACE('PartBody',(#2201),#2116,.F.) ;
#2228=ADVANCED_FACE('PartBody',(#2227),#2116,.F.) ;
#2254=ADVANCED_FACE('PartBody',(#2253),#2116,.F.) ;
#2288=ADVANCED_FACE('PartBody',(#2287),#2116,.F.) ;
#2319=ADVANCED_FACE('PartBody',(#2318),#2293,.F.) ;
#2338=ADVANCED_FACE('PartBody',(#2337),#2293,.F.) ;
#2364=ADVANCED_FACE('PartBody',(#2363),#2293,.F.) ;
#2390=ADVANCED_FACE('PartBody',(#2389),#2293,.F.) ;
#2442=ADVANCED_FACE('PartBody',(#2441),#2293,.F.) ;
#2470=ADVANCED_FACE('PartBody',(#2469),#2293,.F.) ;
#2496=ADVANCED_FACE('PartBody',(#2495),#2293,.F.) ;
#2522=ADVANCED_FACE('PartBody',(#2521),#2293,.F.) ;
#2553=ADVANCED_FACE('PartBody',(#2552),#2527,.F.) ;
#2574=ADVANCED_FACE('PartBody',(#2573),#2558,.T.) ;
#2595=ADVANCED_FACE('PartBody',(#2594),#2579,.T.) ;
#2626=ADVANCED_FACE('PartBody',(#2625),#2600,.F.) ;
#2647=ADVANCED_FACE('PartBody',(#2646),#2631,.T.) ;
#2668=ADVANCED_FACE('PartBody',(#2667),#2652,.T.) ;
#2699=ADVANCED_FACE('PartBody',(#2698),#2673,.F.) ;
#2720=ADVANCED_FACE('PartBody',(#2719),#2704,.T.) ;
#2741=ADVANCED_FACE('PartBody',(#2740),#2725,.T.) ;
#2772=ADVANCED_FACE('PartBody',(#2771),#2746,.F.) ;
#2793=ADVANCED_FACE('PartBody',(#2792),#2777,.T.) ;
#2814=ADVANCED_FACE('PartBody',(#2813),#2798,.T.) ;
#2845=ADVANCED_FACE('PartBody',(#2844),#2819,.F.) ;
#2866=ADVANCED_FACE('PartBody',(#2865),#2850,.T.) ;
#2887=ADVANCED_FACE('PartBody',(#2886),#2871,.T.) ;
#2915=ADVANCED_FACE('PartBody',(#2914),#2892,.T.) ;
#2939=ADVANCED_FACE('PartBody',(#2938),#2920,.F.) ;
#2960=ADVANCED_FACE('PartBody',(#2959),#2944,.T.) ;
#2982=ADVANCED_FACE('PartBody',(#2981),#796,.F.) ;
#3022=ADVANCED_FACE('PartBody',(#3021),#2987,.T.) ;
#3063=ADVANCED_FACE('PartBody',(#3062),#3027,.F.) ;
#3080=ADVANCED_FACE('PartBody',(#3079),#3068,.T.) ;
#3140=ADVANCED_FACE('PartBody',(#3139),#3085,.F.) ;
#3159=ADVANCED_FACE('PartBody',(#3158),#56,.F.) ;
#3190=ADVANCED_FACE('PartBody',(#3189),#3164,.F.) ;
#3234=ADVANCED_FACE('PartBody',(#3233),#1139,.F.) ;
#3246=ADVANCED_FACE('PartBody',(#3245),#3164,.F.) ;
#3332=ADVANCED_FACE('PartBody',(#3331),#3251,.T.) ;
#3363=ADVANCED_FACE('PartBody',(#3362),#3337,.F.) ;
#3408=ADVANCED_FACE('PartBody',(#3407),#3368,.T.) ;
#3431=ADVANCED_FACE('PartBody',(#3430),#3413,.F.) ;
#3470=ADVANCED_FACE('PartBody',(#3469),#3436,.F.) ;
#3501=ADVANCED_FACE('PartBody',(#3500),#3475,.F.) ;
#3535=ADVANCED_FACE('PartBody',(#3534),#3436,.F.) ;
#3553=ADVANCED_FACE('PartBody',(#3552),#3413,.F.) ;
#3560=ADVANCED_FACE('PartBody',(#3559),#796,.F.) ;
#3567=ADVANCED_FACE('PartBody',(#3566),#796,.F.) ;
#3581=ADVANCED_FACE('PartBody',(#3580),#3572,.T.) ;
#3615=ADVANCED_FACE('PartBody',(#3606,#3610,#3614),#3586,.F.) ;
#3622=ADVANCED_FACE('PartBody',(#3621),#3586,.F.) ;
#3649=ADVANCED_FACE('PartBody',(#3648),#3627,.T.) ;
#3677=ADVANCED_FACE('PartBody',(#3676),#56,.T.) ;
#3708=ADVANCED_FACE('PartBody',(#3707),#3682,.F.) ;
#3727=ADVANCED_FACE('PartBody',(#3726),#947,.T.) ;
#3757=ADVANCED_FACE('PartBody',(#3756),#3732,.T.) ;
#3788=ADVANCED_FACE('PartBody',(#3787),#3762,.T.) ;
#3812=ADVANCED_FACE('PartBody',(#3811),#3793,.T.) ;
#3837=ADVANCED_FACE('PartBody',(#3836),#3817,.T.) ;
#3877=ADVANCED_FACE('PartBody',(#3876),#3842,.T.) ;
#3907=ADVANCED_FACE('PartBody',(#3906),#3882,.F.) ;
#3931=ADVANCED_FACE('PartBody',(#3930),#3912,.T.) ;
#3952=ADVANCED_FACE('PartBody',(#3951),#3762,.T.) ;
#3982=ADVANCED_FACE('PartBody',(#3981),#3957,.F.) ;
#4001=ADVANCED_FACE('PartBody',(#4000),#947,.T.) ;
#4025=ADVANCED_FACE('PartBody',(#4024),#4006,.T.) ;
#4041=ADVANCED_FACE('PartBody',(#4040),#3882,.F.) ;
#4058=ADVANCED_FACE('PartBody',(#4057),#4046,.F.) ;
#4074=ADVANCED_FACE('PartBody',(#4073),#3817,.T.) ;
#4105=ADVANCED_FACE('PartBody',(#4104),#4079,.F.) ;
#4117=ADVANCED_FACE('PartBody',(#4116),#4079,.F.) ;
#4136=ADVANCED_FACE('PartBody',(#4135),#56,.T.) ;
#4167=ADVANCED_FACE('PartBody',(#4166),#4141,.F.) ;
#4179=ADVANCED_FACE('PartBody',(#4178),#4141,.F.) ;
#4210=ADVANCED_FACE('PartBody',(#4209),#4184,.F.) ;
#4241=ADVANCED_FACE('PartBody',(#4240),#4215,.T.) ;
#4294=ADVANCED_FACE('PartBody',(#4264,#4293),#4246,.T.) ;
#4318=ADVANCED_FACE('PartBody',(#4317),#4299,.F.) ;
#4342=ADVANCED_FACE('PartBody',(#4341),#4323,.F.) ;
#4359=ADVANCED_FACE('PartBody',(#4358),#4347,.T.) ;
#4399=ADVANCED_FACE('PartBody',(#4398),#4364,.F.) ;
#4430=ADVANCED_FACE('PartBody',(#4429),#4404,.T.) ;
#4470=ADVANCED_FACE('PartBody',(#4469),#4435,.T.) ;
#4494=ADVANCED_FACE('PartBody',(#4493),#4475,.F.) ;
#4527=ADVANCED_FACE('PartBody',(#4526),#4499,.F.) ;
#4544=ADVANCED_FACE('PartBody',(#4543),#4532,.F.) ;
#4561=ADVANCED_FACE('PartBody',(#4560),#4549,.T.) ;
#4601=ADVANCED_FACE('PartBody',(#4600),#4566,.F.) ;
#4627=ADVANCED_FACE('PartBody',(#4626),#4549,.T.) ;
#4662=ADVANCED_FACE('PartBody',(#4661),#4435,.T.) ;
#4686=ADVANCED_FACE('PartBody',(#4685),#4667,.T.) ;
#4714=ADVANCED_FACE('PartBody',(#4713),#4499,.F.) ;
#4731=ADVANCED_FACE('PartBody',(#4730),#4719,.F.) ;
#4743=ADVANCED_FACE('PartBody',(#4742),#4404,.T.) ;
#4863=ADVANCED_FACE('PartBody',(#4754,#4760,#4794,#4828,#4862),#4748,.F.) ;
#4983=ADVANCED_FACE('PartBody',(#4874,#4880,#4914,#4948,#4982),#4868,.F.) ;
#5023=ADVANCED_FACE('PartBody',(#5022),#4988,.F.) ;
#5045=ADVANCED_FACE('PartBody',(#5044),#5028,.T.) ;
#5078=ADVANCED_FACE('PartBody',(#5077),#5050,.T.) ;
#5102=ADVANCED_FACE('PartBody',(#5101),#5083,.T.) ;
#5128=ADVANCED_FACE('PartBody',(#5127),#5107,.F.) ;
#5145=ADVANCED_FACE('PartBody',(#5144),#5133,.F.) ;
#5157=ADVANCED_FACE('PartBody',(#5156),#5150,.T.) ;
#5197=ADVANCED_FACE('PartBody',(#5196),#5162,.F.) ;
#5219=ADVANCED_FACE('PartBody',(#5218),#5202,.T.) ;
#5252=ADVANCED_FACE('PartBody',(#5251),#5224,.T.) ;
#5276=ADVANCED_FACE('PartBody',(#5275),#5257,.F.) ;
#5302=ADVANCED_FACE('PartBody',(#5301),#5281,.F.) ;
#5319=ADVANCED_FACE('PartBody',(#5318),#5307,.F.) ;
#5331=ADVANCED_FACE('PartBody',(#5330),#5324,.T.) ;
#5371=ADVANCED_FACE('PartBody',(#5370),#5336,.F.) ;
#5393=ADVANCED_FACE('PartBody',(#5392),#5376,.T.) ;
#5426=ADVANCED_FACE('PartBody',(#5425),#5398,.T.) ;
#5450=ADVANCED_FACE('PartBody',(#5449),#5431,.T.) ;
#5476=ADVANCED_FACE('PartBody',(#5475),#5455,.F.) ;
#5493=ADVANCED_FACE('PartBody',(#5492),#5481,.F.) ;
#5505=ADVANCED_FACE('PartBody',(#5504),#5498,.T.) ;
#5545=ADVANCED_FACE('PartBody',(#5544),#5510,.F.) ;
#5562=ADVANCED_FACE('PartBody',(#5561),#5498,.T.) ;
#5590=ADVANCED_FACE('PartBody',(#5589),#5398,.T.) ;
#5614=ADVANCED_FACE('PartBody',(#5613),#5595,.F.) ;
#5635=ADVANCED_FACE('PartBody',(#5634),#5455,.F.) ;
#5652=ADVANCED_FACE('PartBody',(#5651),#5640,.F.) ;
#5659=ADVANCED_FACE('PartBody',(#5658),#5376,.T.) ;
#5699=ADVANCED_FACE('PartBody',(#5698),#5664,.F.) ;
#5716=ADVANCED_FACE('PartBody',(#5715),#5324,.T.) ;
#5744=ADVANCED_FACE('PartBody',(#5743),#5224,.T.) ;
#5768=ADVANCED_FACE('PartBody',(#5767),#5749,.T.) ;
#5789=ADVANCED_FACE('PartBody',(#5788),#5281,.F.) ;
#5806=ADVANCED_FACE('PartBody',(#5805),#5794,.F.) ;
#5813=ADVANCED_FACE('PartBody',(#5812),#5202,.T.) ;
#5853=ADVANCED_FACE('PartBody',(#5852),#5818,.F.) ;
#5870=ADVANCED_FACE('PartBody',(#5869),#5150,.T.) ;
#5898=ADVANCED_FACE('PartBody',(#5897),#5050,.T.) ;
#5922=ADVANCED_FACE('PartBody',(#5921),#5903,.F.) ;
#5943=ADVANCED_FACE('PartBody',(#5942),#5107,.F.) ;
#5960=ADVANCED_FACE('PartBody',(#5959),#5948,.F.) ;
#5967=ADVANCED_FACE('PartBody',(#5966),#5028,.T.) ;
#6112=ADVANCED_FACE('PartBody',(#5982,#5986,#5990,#6011,#6061,#6111),#5972,.F.) ;
#6143=ADVANCED_FACE('PartBody',(#6142),#6117,.F.) ;
#6167=ADVANCED_FACE('PartBody',(#6166),#6148,.F.) ;
#6186=ADVANCED_FACE('PartBody',(#6185),#3842,.T.) ;
#6214=ADVANCED_FACE('PartBody',(#6213),#5455,.F.) ;
#6231=ADVANCED_FACE('PartBody',(#6230),#6219,.F.) ;
#6248=ADVANCED_FACE('PartBody',(#6247),#6236,.F.) ;
#6260=ADVANCED_FACE('PartBody',(#6259),#6253,.F.) ;
#6291=ADVANCED_FACE('PartBody',(#6290),#6265,.T.) ;
#6315=ADVANCED_FACE('PartBody',(#6314),#6296,.F.) ;
#6339=ADVANCED_FACE('PartBody',(#6338),#6320,.F.) ;
#6367=ADVANCED_FACE('PartBody',(#6366),#5455,.F.) ;
#6379=ADVANCED_FACE('PartBody',(#6378),#3842,.T.) ;
#6396=ADVANCED_FACE('PartBody',(#6395),#6384,.T.) ;
#6408=ADVANCED_FACE('PartBody',(#6407),#6401,.F.) ;
#4=APPLICATION_PROTOCOL_DEFINITION('international standard','config_control_design',1994,#1) ;
#32=APPROVAL_DATE_TIME(#13,#21) ;
#426=B_SPLINE_CURVE_WITH_KNOTS('',5,(#427,#428,#429,#430,#431,#432,#433,#434,#435),.UNSPECIFIED.,.F.,.U.,(6,3,6),(0.,4.76039288932,7.48864336709),.UNSPECIFIED.) ;
#437=B_SPLINE_CURVE_WITH_KNOTS('',5,(#438,#439,#440,#441,#442,#443),.UNSPECIFIED.,.F.,.U.,(6,6),(0.,6.66396896876),.UNSPECIFIED.) ;
#464=B_SPLINE_CURVE_WITH_KNOTS('',5,(#465,#466,#467,#468,#469,#470,#471,#472,#473),.UNSPECIFIED.,.F.,.U.,(6,3,6),(0.,4.76039288947,7.48864336625),.UNSPECIFIED.) ;
#575=B_SPLINE_CURVE_WITH_KNOTS('',3,(#576,#577,#578,#579),.UNSPECIFIED.,.F.,.U.,(4,4),(0.,0.81885007137),.UNSPECIFIED.) ;
#680=B_SPLINE_CURVE_WITH_KNOTS('',3,(#681,#682,#683,#684),.UNSPECIFIED.,.F.,.U.,(4,4),(0.,0.932357749751),.UNSPECIFIED.) ;
#710=B_SPLINE_CURVE_WITH_KNOTS('',5,(#711,#712,#713,#714,#715,#716,#717,#718,#719,#720,#721,#722,#723,#724,#725,#726,#727,#728,#729,#730,#731,#732,#733,#734,#735,#736,#737),.UNSPECIFIED.,.F.,.U.,(6,3,3,3,3,3,3,3,6),(0.,17.4297326054,34.8603201517,52.2909076972,69.7214952431,87.1520827888,104.582670334,122.01325788,130.780450168),.UNSPECIFIED.) ;
#743=B_SPLINE_CURVE_WITH_KNOTS('',5,(#744,#745,#746,#747,#748,#749,#750,#751,#752,#753,#754,#755,#756,#757,#758,#759,#760,#761,#762,#763,#764,#765,#766,#767,#768,#769,#770),.UNSPECIFIED.,.F.,.U.,(6,3,3,3,3,3,3,3,6),(0.,17.429732607,34.8603201551,52.2909077008,69.7214952437,87.152082788,104.582670333,122.013257879,130.780450168),.UNSPECIFIED.) ;
#998=B_SPLINE_CURVE_WITH_KNOTS('',5,(#999,#1000,#1001,#1002,#1003,#1004,#1005,#1006,#1007,#1008,#1009,#1010),.UNSPECIFIED.,.F.,.U.,(6,3,3,6),(0.,2.7367564469,4.35956023445,7.85038932604),.UNSPECIFIED.) ;
#1074=B_SPLINE_CURVE_WITH_KNOTS('',5,(#1075,#1076,#1077,#1078,#1079,#1080,#1081,#1082,#1083,#1084,#1085,#1086),.UNSPECIFIED.,.F.,.U.,(6,3,3,6),(0.,2.75610554769,4.37828264572,7.85038632035),.UNSPECIFIED.) ;
#1140=B_SPLINE_CURVE_WITH_KNOTS('',5,(#1141,#1142,#1143,#1144,#1145,#1146,#1147,#1148,#1149,#1150,#1151,#1152),.UNSPECIFIED.,.F.,.U.,(6,3,3,6),(0.,2.73687308705,4.35985387221,7.85080810021),.UNSPECIFIED.) ;
#1184=B_SPLINE_CURVE_WITH_KNOTS('',5,(#1185,#1186,#1187,#1188,#1189,#1190,#1191,#1192,#1193,#1194,#1195,#1196,#1197,#1198,#1199,#1200,#1201,#1202,#1203,#1204,#1205,#1206,#1207,#1208,#1209,#1210,#1211),.UNSPECIFIED.,.F.,.U.,(6,3,3,3,3,3,3,3,6),(0.,17.4300488221,34.8609640133,52.2918792061,69.722794398,87.1537095895,104.584624783,122.015539975,126.933988046),.UNSPECIFIED.) ;
#1217=B_SPLINE_CURVE_WITH_KNOTS('',5,(#1218,#1219,#1220,#1221,#1222,#1223,#1224,#1225,#1226,#1227,#1228,#1229,#1230,#1231,#1232,#1233,#1234,#1235,#1236,#1237,#1238,#1239,#1240,#1241,#1242,#1243,#1244),.UNSPECIFIED.,.F.,.U.,(6,3,3,3,3,3,3,3,6),(0.,17.4300488191,34.8609640112,52.291879205,69.7227943983,87.1537095912,104.584624785,122.015539978,126.933988053),.UNSPECIFIED.) ;
#1331=B_SPLINE_CURVE_WITH_KNOTS('',3,(#1332,#1333,#1334,#1335),.UNSPECIFIED.,.F.,.U.,(4,4),(0.,2.33454163438),.UNSPECIFIED.) ;
#1346=B_SPLINE_CURVE_WITH_KNOTS('',3,(#1347,#1348,#1349,#1350),.UNSPECIFIED.,.F.,.U.,(4,4),(0.848328333322,3.67662220165),.UNSPECIFIED.) ;
#1361=B_SPLINE_CURVE_WITH_KNOTS('',3,(#1362,#1363,#1364,#1365),.UNSPECIFIED.,.F.,.U.,(4,4),(0.686919273039,3.51416808882),.UNSPECIFIED.) ;
#1376=B_SPLINE_CURVE_WITH_KNOTS('',3,(#1377,#1378,#1379,#1380),.UNSPECIFIED.,.F.,.U.,(4,4),(2.95547344288,3.44940398125),.UNSPECIFIED.) ;
#1395=B_SPLINE_CURVE_WITH_KNOTS('',3,(#1396,#1397,#1398,#1399),.UNSPECIFIED.,.F.,.U.,(4,4),(0.,2.33454163438),.UNSPECIFIED.) ;
#1410=B_SPLINE_CURVE_WITH_KNOTS('',3,(#1411,#1412,#1413,#1414),.UNSPECIFIED.,.F.,.U.,(4,4),(0.84832833349,3.67662220173),.UNSPECIFIED.) ;
#1425=B_SPLINE_CURVE_WITH_KNOTS('',3,(#1426,#1427,#1428,#1429),.UNSPECIFIED.,.F.,.U.,(4,4),(0.686919273562,3.51416808915),.UNSPECIFIED.) ;
#1440=B_SPLINE_CURVE_WITH_KNOTS('',3,(#1441,#1442,#1443,#1444),.UNSPECIFIED.,.F.,.U.,(4,4),(2.95547344159,3.44940397999),.UNSPECIFIED.) ;
#1788=B_SPLINE_CURVE_WITH_KNOTS('',3,(#1789,#1790,#1791,#1792),.UNSPECIFIED.,.F.,.U.,(4,4),(0.,2.91631238988),.UNSPECIFIED.) ;
#1803=B_SPLINE_CURVE_WITH_KNOTS('',3,(#1804,#1805,#1806,#1807),.UNSPECIFIED.,.F.,.U.,(4,4),(0.,2.91631238988),.UNSPECIFIED.) ;
#1816=B_SPLINE_CURVE_WITH_KNOTS('',3,(#1817,#1818,#1819,#1820),.UNSPECIFIED.,.F.,.U.,(4,4),(0.,2.91631238988),.UNSPECIFIED.) ;
#1824=B_SPLINE_CURVE_WITH_KNOTS('',3,(#1825,#1826,#1827,#1828),.UNSPECIFIED.,.F.,.U.,(4,4),(0.,2.91631238988),.UNSPECIFIED.) ;
#1844=B_SPLINE_CURVE_WITH_KNOTS('',3,(#1845,#1846,#1847,#1848),.UNSPECIFIED.,.F.,.U.,(4,4),(0.,2.91631238988),.UNSPECIFIED.) ;
#1859=B_SPLINE_CURVE_WITH_KNOTS('',3,(#1860,#1861,#1862,#1863),.UNSPECIFIED.,.F.,.U.,(4,4),(0.,2.91631238988),.UNSPECIFIED.) ;
#1872=B_SPLINE_CURVE_WITH_KNOTS('',3,(#1873,#1874,#1875,#1876),.UNSPECIFIED.,.F.,.U.,(4,4),(0.,2.91631238988),.UNSPECIFIED.) ;
#1887=B_SPLINE_CURVE_WITH_KNOTS('',3,(#1888,#1889,#1890,#1891),.UNSPECIFIED.,.F.,.U.,(4,4),(0.,2.91631238988),.UNSPECIFIED.) ;
#1900=B_SPLINE_CURVE_WITH_KNOTS('',3,(#1901,#1902,#1903,#1904),.UNSPECIFIED.,.F.,.U.,(4,4),(0.,2.91631238988),.UNSPECIFIED.) ;
#1915=B_SPLINE_CURVE_WITH_KNOTS('',3,(#1916,#1917,#1918,#1919),.UNSPECIFIED.,.F.,.U.,(4,4),(0.,2.91631238988),.UNSPECIFIED.) ;
#1937=B_SPLINE_CURVE_WITH_KNOTS('',3,(#1938,#1939,#1940,#1941),.UNSPECIFIED.,.F.,.U.,(4,4),(0.,2.91631238988),.UNSPECIFIED.) ;
#1943=B_SPLINE_CURVE_WITH_KNOTS('',3,(#1944,#1945,#1946,#1947),.UNSPECIFIED.,.F.,.U.,(4,4),(0.,2.91631238988),.UNSPECIFIED.) ;
#2405=B_SPLINE_CURVE_WITH_KNOTS('',3,(#2406,#2407,#2408,#2409),.UNSPECIFIED.,.F.,.U.,(4,4),(0.,1.86804195562),.UNSPECIFIED.) ;
#2420=B_SPLINE_CURVE_WITH_KNOTS('',3,(#2421,#2422,#2423,#2424),.UNSPECIFIED.,.F.,.U.,(4,4),(0.,0.126524672956),.UNSPECIFIED.) ;
#2450=B_SPLINE_CURVE_WITH_KNOTS('',3,(#2451,#2452,#2453,#2454),.UNSPECIFIED.,.F.,.U.,(4,4),(0.,1.74146668894),.UNSPECIFIED.) ;
#2988=B_SPLINE_CURVE_WITH_KNOTS('',3,(#2989,#2990,#2991,#2992),.UNSPECIFIED.,.F.,.U.,(4,4),(0.,1.93824192087),.UNSPECIFIED.) ;
#3035=B_SPLINE_CURVE_WITH_KNOTS('',3,(#3036,#3037,#3038,#3039),.UNSPECIFIED.,.F.,.U.,(4,4),(0.,1.93824192087),.UNSPECIFIED.) ;
#3191=B_SPLINE_CURVE_WITH_KNOTS('',5,(#3192,#3193,#3194,#3195,#3196,#3197,#3198,#3199,#3200,#3201,#3202,#3203),.UNSPECIFIED.,.F.,.U.,(6,3,3,6),(0.,2.7562304451,4.37858419135,7.85080504863),.UNSPECIFIED.) ;
#3635=B_SPLINE_CURVE_WITH_KNOTS('',5,(#3636,#3637,#3638,#3639,#3640,#3641),.UNSPECIFIED.,.F.,.U.,(6,6),(0.,6.6639689698),.UNSPECIFIED.) ;
#6409=MANIFOLD_SOLID_BREP('PartBody',#51) ;
#11=CALENDAR_DATE(2025,3,12) ;
#30=CC_DESIGN_APPROVAL(#21,(#16,#6,#14)) ;
#18=CC_DESIGN_DATE_AND_TIME_ASSIGNMENT(#13,#17,(#16)) ;
#29=CC_DESIGN_DATE_AND_TIME_ASSIGNMENT(#13,#28,(#14)) ;
#17=DATE_TIME_ROLE('classification_date') ;
#28=DATE_TIME_ROLE('creation_date') ;
#27=CC_DESIGN_PERSON_AND_ORGANIZATION_ASSIGNMENT(#25,#26,(#16)) ;
#33=CC_DESIGN_PERSON_AND_ORGANIZATION_ASSIGNMENT(#25,#34,(#6)) ;
#35=CC_DESIGN_PERSON_AND_ORGANIZATION_ASSIGNMENT(#25,#36,(#6,#14)) ;
#37=CC_DESIGN_PERSON_AND_ORGANIZATION_ASSIGNMENT(#25,#38,(#5)) ;
#26=PERSON_AND_ORGANIZATION_ROLE('classification_officer') ;
#34=PERSON_AND_ORGANIZATION_ROLE('design_supplier') ;
#36=PERSON_AND_ORGANIZATION_ROLE('creator') ;
#38=PERSON_AND_ORGANIZATION_ROLE('design_owner') ;
#39=CC_DESIGN_SECURITY_CLASSIFICATION(#16,(#6)) ;
#60=CIRCLE('generated circle',#59,1.65) ;
#69=CIRCLE('generated circle',#68,1.65) ;
#84=CIRCLE('generated circle',#83,3.) ;
#100=CIRCLE('generated circle',#99,3.) ;
#155=CIRCLE('generated circle',#154,3.) ;
#162=CIRCLE('generated circle',#161,3.) ;
#195=CIRCLE('generated circle',#194,3.) ;
#209=CIRCLE('generated circle',#208,3.) ;
#235=CIRCLE('generated circle',#234,3.) ;
#249=CIRCLE('generated circle',#248,3.) ;
#282=CIRCLE('generated circle',#281,31.) ;
#289=CIRCLE('generated circle',#288,31.) ;
#323=CIRCLE('generated circle',#322,31.) ;
#330=CIRCLE('generated circle',#329,3.) ;
#358=CIRCLE('generated circle',#357,3.) ;
#365=CIRCLE('generated circle',#364,31.) ;
#396=CIRCLE('generated circle',#395,12.5) ;
#405=CIRCLE('generated circle',#404,12.5) ;
#485=CIRCLE('generated circle',#484,31.) ;
#499=CIRCLE('generated circle',#498,31.) ;
#523=CIRCLE('generated circle',#522,31.) ;
#532=CIRCLE('generated circle',#531,31.) ;
#537=CIRCLE('generated circle',#536,31.) ;
#554=CIRCLE('generated circle',#553,31.) ;
#593=CIRCLE('generated circle',#592,3.) ;
#618=CIRCLE('generated circle',#617,3.) ;
#659=CIRCLE('generated circle',#658,3.) ;
#691=CIRCLE('generated circle',#690,3.) ;
#800=CIRCLE('generated circle',#799,1.) ;
#807=CIRCLE('generated circle',#806,29.) ;
#814=CIRCLE('generated circle',#813,1.) ;
#840=CIRCLE('generated circle',#839,0.975) ;
#854=CIRCLE('generated circle',#853,0.975) ;
#880=CIRCLE('generated circle',#879,0.975) ;
#894=CIRCLE('generated circle',#893,0.975) ;
#977=CIRCLE('generated circle',#976,0.25) ;
#1026=CIRCLE('generated circle',#1025,1.75) ;
#1040=CIRCLE('generated circle',#1039,1.75) ;
#1054=CIRCLE('generated circle',#1053,1.75) ;
#1091=CIRCLE('generated circle',#1090,1.75) ;
#1168=CIRCLE('generated circle',#1167,1.75) ;
#1253=CIRCLE('generated circle',#1252,27.) ;
#1262=CIRCLE('generated circle',#1261,27.) ;
#1291=CIRCLE('generated circle',#1290,27.) ;
#1303=CIRCLE('generated circle',#1302,27.) ;
#1342=CIRCLE('generated circle',#1341,27.5) ;
#1357=CIRCLE('generated circle',#1356,27.5) ;
#1372=CIRCLE('generated circle',#1371,27.5) ;
#1406=CIRCLE('generated circle',#1405,27.5) ;
#1421=CIRCLE('generated circle',#1420,27.5) ;
#1436=CIRCLE('generated circle',#1435,27.5) ;
#1474=CIRCLE('generated circle',#1473,1.) ;
#1506=CIRCLE('generated circle',#1505,27.5) ;
#1532=CIRCLE('generated circle',#1531,1.) ;
#1565=CIRCLE('generated circle',#1564,27.5) ;
#1584=CIRCLE('generated circle',#1583,1.) ;
#1610=CIRCLE('generated circle',#1609,27.5) ;
#1636=CIRCLE('generated circle',#1635,1.) ;
#1663=CIRCLE('generated circle',#1662,27.5) ;
#1689=CIRCLE('generated circle',#1688,1.) ;
#1715=CIRCLE('generated circle',#1714,27.5) ;
#1741=CIRCLE('generated circle',#1740,1.) ;
#1760=CIRCLE('generated circle',#1759,27.5) ;
#1799=CIRCLE('generated circle',#1798,27.) ;
#1835=CIRCLE('generated circle',#1834,27.) ;
#1855=CIRCLE('generated circle',#1854,27.) ;
#1883=CIRCLE('generated circle',#1882,27.) ;
#1911=CIRCLE('generated circle',#1910,27.) ;
#1931=CIRCLE('generated circle',#1930,27.) ;
#1966=CIRCLE('generated circle',#1965,27.) ;
#1999=CIRCLE('generated circle',#1998,27.) ;
#2018=CIRCLE('generated circle',#2017,27.) ;
#2044=CIRCLE('generated circle',#2043,27.) ;
#2070=CIRCLE('generated circle',#2069,27.) ;
#2089=CIRCLE('generated circle',#2088,27.) ;
#2127=CIRCLE('generated circle',#2126,26.) ;
#2160=CIRCLE('generated circle',#2159,26.) ;
#2179=CIRCLE('generated circle',#2178,26.) ;
#2186=CIRCLE('generated circle',#2185,26.) ;
#2206=CIRCLE('generated circle',#2205,26.) ;
#2246=CIRCLE('generated circle',#2245,26.) ;
#2265=CIRCLE('generated circle',#2264,26.) ;
#2272=CIRCLE('generated circle',#2271,26.) ;
#2304=CIRCLE('generated circle',#2303,26.) ;
#2330=CIRCLE('generated circle',#2329,26.) ;
#2342=CIRCLE('generated circle',#2341,26.) ;
#2375=CIRCLE('generated circle',#2374,26.) ;
#2401=CIRCLE('generated circle',#2400,26.) ;
#2416=CIRCLE('generated circle',#2415,26.) ;
#2461=CIRCLE('generated circle',#2460,26.) ;
#2488=CIRCLE('generated circle',#2487,26.) ;
#2507=CIRCLE('generated circle',#2506,26.) ;
#2538=CIRCLE('generated circle',#2537,1.) ;
#2611=CIRCLE('generated circle',#2610,1.) ;
#2684=CIRCLE('generated circle',#2683,1.) ;
#2757=CIRCLE('generated circle',#2756,1.) ;
#2830=CIRCLE('generated circle',#2829,1.) ;
#2924=CIRCLE('generated circle',#2923,1.) ;
#2964=CIRCLE('generated circle',#2963,1.) ;
#2969=CIRCLE('generated circle',#2968,29.) ;
#2974=CIRCLE('generated circle',#2973,1.) ;
#3072=CIRCLE('generated circle',#3071,12.5) ;
#3089=CIRCLE('generated circle',#3088,12.5) ;
#3096=CIRCLE('generated circle',#3095,12.5) ;
#3103=CIRCLE('generated circle',#3102,12.5) ;
#3144=CIRCLE('generated circle',#3143,0.25) ;
#3177=CIRCLE('generated circle',#3176,1.75) ;
#3182=CIRCLE('generated circle',#3181,1.75) ;
#3215=CIRCLE('generated circle',#3214,1.75) ;
#3804=CIRCLE('generated circle',#3803,0.25) ;
#3923=CIRCLE('generated circle',#3922,0.25) ;
#4083=CIRCLE('generated circle',#4082,1.65) ;
#4109=CIRCLE('generated circle',#4108,1.65) ;
#4121=CIRCLE('generated circle',#4120,1.65) ;
#4130=CIRCLE('generated circle',#4129,1.65) ;
#4145=CIRCLE('generated circle',#4144,1.65) ;
#4171=CIRCLE('generated circle',#4170,1.65) ;
#4219=CIRCLE('generated circle',#4218,1.) ;
#4233=CIRCLE('generated circle',#4232,1.) ;
#4268=CIRCLE('generated circle',#4267,1.) ;
#4351=CIRCLE('generated circle',#4350,1.) ;
#4368=CIRCLE('generated circle',#4367,2.) ;
#4384=CIRCLE('generated circle',#4383,2.) ;
#4446=CIRCLE('generated circle',#4445,2.) ;
#4517=CIRCLE('generated circle',#4516,2.) ;
#4570=CIRCLE('generated circle',#4569,2.) ;
#4586=CIRCLE('generated circle',#4585,2.) ;
#4638=CIRCLE('generated circle',#4637,2.) ;
#4704=CIRCLE('generated circle',#4703,2.) ;
#4992=CIRCLE('generated circle',#4991,2.) ;
#5008=CIRCLE('generated circle',#5007,2.) ;
#5061=CIRCLE('generated circle',#5060,2.) ;
#5118=CIRCLE('generated circle',#5117,2.) ;
#5166=CIRCLE('generated circle',#5165,2.) ;
#5182=CIRCLE('generated circle',#5181,2.) ;
#5235=CIRCLE('generated circle',#5234,2.) ;
#5292=CIRCLE('generated circle',#5291,2.) ;
#5340=CIRCLE('generated circle',#5339,2.) ;
#5356=CIRCLE('generated circle',#5355,2.) ;
#5409=CIRCLE('generated circle',#5408,2.) ;
#5466=CIRCLE('generated circle',#5465,2.) ;
#5514=CIRCLE('generated circle',#5513,2.) ;
#5530=CIRCLE('generated circle',#5529,2.) ;
#5573=CIRCLE('generated circle',#5572,2.) ;
#5625=CIRCLE('generated circle',#5624,2.) ;
#5668=CIRCLE('generated circle',#5667,2.) ;
#5684=CIRCLE('generated circle',#5683,2.) ;
#5727=CIRCLE('generated circle',#5726,2.) ;
#5779=CIRCLE('generated circle',#5778,2.) ;
#5822=CIRCLE('generated circle',#5821,2.) ;
#5838=CIRCLE('generated circle',#5837,2.) ;
#5881=CIRCLE('generated circle',#5880,2.) ;
#5933=CIRCLE('generated circle',#5932,2.) ;
#6024=CIRCLE('generated circle',#6023,0.5) ;
#6038=CIRCLE('generated circle',#6037,0.5) ;
#6052=CIRCLE('generated circle',#6051,0.5) ;
#6065=CIRCLE('generated circle',#6064,0.5) ;
#6081=CIRCLE('generated circle',#6080,0.5) ;
#6095=CIRCLE('generated circle',#6094,0.5) ;
#6135=CIRCLE('generated circle',#6134,0.5) ;
#6190=CIRCLE('generated circle',#6189,0.5) ;
#6204=CIRCLE('generated circle',#6203,0.5) ;
#6307=CIRCLE('generated circle',#6306,0.5) ;
#6331=CIRCLE('generated circle',#6330,0.5) ;
#6350=CIRCLE('generated circle',#6349,0.5) ;
#1316=CONICAL_SURFACE('Cone',#1315,27.,0.244978663127) ;
#1787=CONICAL_SURFACE('Cone',#1786,27.,0.244978663127) ;
#6411=SHAPE_REPRESENTATION_RELATIONSHIP(' ',' ',#49,#6410) ;
#6415=SHAPE_REPRESENTATION_RELATIONSHIP(' ',' ',#49,#6413) ;
#80=CYLINDRICAL_SURFACE('generated cylinder',#79,3.) ;
#151=CYLINDRICAL_SURFACE('generated cylinder',#150,3.) ;
#182=CYLINDRICAL_SURFACE('generated cylinder',#181,3.) ;
#222=CYLINDRICAL_SURFACE('generated cylinder',#221,3.) ;
#416=CYLINDRICAL_SURFACE('generated cylinder',#415,3.) ;
#456=CYLINDRICAL_SURFACE('generated cylinder',#455,31.) ;
#574=CYLINDRICAL_SURFACE('generated cylinder',#573,3.) ;
#679=CYLINDRICAL_SURFACE('generated cylinder',#678,3.) ;
#827=CYLINDRICAL_SURFACE('generated cylinder',#826,0.975) ;
#867=CYLINDRICAL_SURFACE('generated cylinder',#866,0.975) ;
#997=CYLINDRICAL_SURFACE('generated cylinder',#996,1.75) ;
#1139=CYLINDRICAL_SURFACE('generated cylinder',#1138,1.75) ;
#1273=CYLINDRICAL_SURFACE('generated cylinder',#1272,27.) ;
#1495=CYLINDRICAL_SURFACE('generated cylinder',#1494,27.5) ;
#2293=CYLINDRICAL_SURFACE('generated cylinder',#2292,26.) ;
#2527=CYLINDRICAL_SURFACE('generated cylinder',#2526,1.) ;
#2600=CYLINDRICAL_SURFACE('generated cylinder',#2599,1.) ;
#2673=CYLINDRICAL_SURFACE('generated cylinder',#2672,1.) ;
#2746=CYLINDRICAL_SURFACE('generated cylinder',#2745,1.) ;
#2819=CYLINDRICAL_SURFACE('generated cylinder',#2818,1.) ;
#2920=CYLINDRICAL_SURFACE('generated cylinder',#2919,1.) ;
#3572=CYLINDRICAL_SURFACE('generated cylinder',#3571,3.) ;
#3586=CYLINDRICAL_SURFACE('generated cylinder',#3585,12.5) ;
#3627=CYLINDRICAL_SURFACE('generated cylinder',#3626,3.) ;
#3793=CYLINDRICAL_SURFACE('generated cylinder',#3792,0.25) ;
#3912=CYLINDRICAL_SURFACE('generated cylinder',#3911,0.25) ;
#4079=CYLINDRICAL_SURFACE('generated cylinder',#4078,1.65) ;
#4141=CYLINDRICAL_SURFACE('generated cylinder',#4140,1.65) ;
#4215=CYLINDRICAL_SURFACE('generated cylinder',#4214,1.) ;
#4347=CYLINDRICAL_SURFACE('generated cylinder',#4346,1.) ;
#4364=CYLINDRICAL_SURFACE('generated cylinder',#4363,2.) ;
#4532=CYLINDRICAL_SURFACE('generated cylinder',#4531,2.) ;
#4566=CYLINDRICAL_SURFACE('generated cylinder',#4565,2.) ;
#4719=CYLINDRICAL_SURFACE('generated cylinder',#4718,2.) ;
#4988=CYLINDRICAL_SURFACE('generated cylinder',#4987,2.) ;
#5133=CYLINDRICAL_SURFACE('generated cylinder',#5132,2.) ;
#5162=CYLINDRICAL_SURFACE('generated cylinder',#5161,2.) ;
#5307=CYLINDRICAL_SURFACE('generated cylinder',#5306,2.) ;
#5336=CYLINDRICAL_SURFACE('generated cylinder',#5335,2.) ;
#5481=CYLINDRICAL_SURFACE('generated cylinder',#5480,2.) ;
#5510=CYLINDRICAL_SURFACE('generated cylinder',#5509,2.) ;
#5640=CYLINDRICAL_SURFACE('generated cylinder',#5639,2.) ;
#5664=CYLINDRICAL_SURFACE('generated cylinder',#5663,2.) ;
#5794=CYLINDRICAL_SURFACE('generated cylinder',#5793,2.) ;
#5818=CYLINDRICAL_SURFACE('generated cylinder',#5817,2.) ;
#5948=CYLINDRICAL_SURFACE('generated cylinder',#5947,2.) ;
#6117=CYLINDRICAL_SURFACE('generated cylinder',#6116,0.5) ;
#6219=CYLINDRICAL_SURFACE('generated cylinder',#6218,0.5) ;
#6236=CYLINDRICAL_SURFACE('generated cylinder',#6235,0.5) ;
#6296=CYLINDRICAL_SURFACE('generated cylinder',#6295,0.5) ;
#6320=CYLINDRICAL_SURFACE('generated cylinder',#6319,0.5) ;
#6401=CYLINDRICAL_SURFACE('generated cylinder',#6400,0.5) ;
#796=TOROIDAL_SURFACE('homeo Torus',#795,29.,1.) ;
#3=DESIGN_CONTEXT(' ',#1,'design') ;
#65=EDGE_CURVE('',#62,#64,#60,.F.) ;
#70=EDGE_CURVE('',#64,#62,#69,.F.) ;
#89=EDGE_CURVE('',#86,#88,#84,.T.) ;
#96=EDGE_CURVE('',#95,#88,#93,.F.) ;
#103=EDGE_CURVE('',#102,#95,#100,.T.) ;
#108=EDGE_CURVE('',#102,#86,#107,.F.) ;
#127=EDGE_CURVE('',#126,#86,#124,.T.) ;
#134=EDGE_CURVE('',#133,#102,#131,.T.) ;
#139=EDGE_CURVE('',#133,#126,#138,.T.) ;
#158=EDGE_CURVE('',#157,#126,#155,.T.) ;
#165=EDGE_CURVE('',#164,#133,#162,.T.) ;
#170=EDGE_CURVE('',#164,#157,#169,.F.) ;
#191=EDGE_CURVE('',#188,#190,#186,.F.) ;
#198=EDGE_CURVE('',#197,#188,#195,.F.) ;
#205=EDGE_CURVE('',#197,#204,#202,.F.) ;
#210=EDGE_CURVE('',#190,#204,#209,.T.) ;
#231=EDGE_CURVE('',#228,#230,#226,.F.) ;
#238=EDGE_CURVE('',#237,#228,#235,.F.) ;
#245=EDGE_CURVE('',#237,#244,#242,.F.) ;
#250=EDGE_CURVE('',#230,#244,#249,.T.) ;
#271=EDGE_CURVE('',#268,#270,#266,.T.) ;
#278=EDGE_CURVE('',#277,#268,#275,.T.) ;
#285=EDGE_CURVE('',#277,#284,#282,.T.) ;
#292=EDGE_CURVE('',#284,#291,#289,.T.) ;
#297=EDGE_CURVE('',#270,#291,#296,.T.) ;
#319=EDGE_CURVE('',#316,#318,#314,.T.) ;
#326=EDGE_CURVE('',#318,#325,#323,.T.) ;
#333=EDGE_CURVE('',#325,#332,#330,.F.) ;
#340=EDGE_CURVE('',#332,#339,#337,.F.) ;
#347=EDGE_CURVE('',#339,#346,#344,.F.) ;
#354=EDGE_CURVE('',#346,#353,#351,.F.) ;
#361=EDGE_CURVE('',#353,#360,#358,.F.) ;
#368=EDGE_CURVE('',#360,#367,#365,.T.) ;
#375=EDGE_CURVE('',#367,#374,#372,.T.) ;
#380=EDGE_CURVE('',#316,#374,#379,.T.) ;
#401=EDGE_CURVE('',#398,#400,#396,.T.) ;
#406=EDGE_CURVE('',#400,#398,#405,.T.) ;
#425=EDGE_CURVE('',#422,#424,#420,.T.) ;
#436=EDGE_CURVE('',#422,#277,#426,.F.) ;
#444=EDGE_CURVE('',#424,#268,#437,.T.) ;
#463=EDGE_CURVE('',#318,#462,#460,.F.) ;
#474=EDGE_CURVE('',#291,#462,#464,.T.) ;
#481=EDGE_CURVE('',#284,#480,#478,.F.) ;
#488=EDGE_CURVE('',#480,#487,#485,.T.) ;
#495=EDGE_CURVE('',#494,#487,#492,.F.) ;
#502=EDGE_CURVE('',#494,#501,#499,.F.) ;
#507=EDGE_CURVE('',#501,#325,#506,.T.) ;
#528=EDGE_CURVE('',#525,#527,#523,.T.) ;
#533=EDGE_CURVE('',#525,#494,#532,.F.) ;
#538=EDGE_CURVE('',#487,#480,#537,.T.) ;
#543=EDGE_CURVE('',#367,#422,#542,.F.) ;
#550=EDGE_CURVE('',#549,#360,#547,.T.) ;
#555=EDGE_CURVE('',#549,#527,#554,.F.) ;
#584=EDGE_CURVE('',#581,#583,#575,.T.) ;
#589=EDGE_CURVE('',#581,#332,#588,.T.) ;
#594=EDGE_CURVE('',#583,#501,#593,.T.) ;
#614=EDGE_CURVE('',#339,#613,#611,.T.) ;
#619=EDGE_CURVE('',#613,#581,#618,.F.) ;
#638=EDGE_CURVE('',#346,#637,#635,.T.) ;
#643=EDGE_CURVE('',#613,#637,#642,.F.) ;
#662=EDGE_CURVE('',#661,#637,#659,.F.) ;
#667=EDGE_CURVE('',#661,#353,#666,.F.) ;
#687=EDGE_CURVE('',#686,#661,#680,.F.) ;
#692=EDGE_CURVE('',#549,#686,#691,.F.) ;
#742=EDGE_CURVE('',#739,#741,#710,.T.) ;
#771=EDGE_CURVE('',#739,#741,#743,.T.) ;
#781=EDGE_CURVE('',#583,#686,#780,.F.) ;
#803=EDGE_CURVE('',#739,#802,#800,.F.) ;
#810=EDGE_CURVE('',#809,#802,#807,.T.) ;
#815=EDGE_CURVE('',#741,#809,#814,.F.) ;
#836=EDGE_CURVE('',#833,#835,#831,.F.) ;
#843=EDGE_CURVE('',#842,#833,#840,.T.) ;
#850=EDGE_CURVE('',#842,#849,#847,.F.) ;
#855=EDGE_CURVE('',#849,#835,#854,.T.) ;
#876=EDGE_CURVE('',#873,#875,#871,.F.) ;
#883=EDGE_CURVE('',#882,#873,#880,.T.) ;
#890=EDGE_CURVE('',#882,#889,#887,.F.) ;
#895=EDGE_CURVE('',#875,#889,#894,.F.) ;
#916=EDGE_CURVE('',#913,#915,#911,.T.) ;
#923=EDGE_CURVE('',#922,#915,#920,.T.) ;
#930=EDGE_CURVE('',#922,#929,#927,.F.) ;
#935=EDGE_CURVE('',#929,#913,#934,.T.) ;
#954=EDGE_CURVE('',#929,#953,#951,.T.) ;
#961=EDGE_CURVE('',#953,#960,#958,.T.) ;
#966=EDGE_CURVE('',#913,#960,#965,.F.) ;
#982=EDGE_CURVE('',#979,#981,#977,.F.) ;
#987=EDGE_CURVE('',#979,#981,#986,.F.) ;
#1015=EDGE_CURVE('',#1012,#1014,#998,.T.) ;
#1022=EDGE_CURVE('',#1021,#1012,#1019,.F.) ;
#1029=EDGE_CURVE('',#1021,#1028,#1026,.T.) ;
#1036=EDGE_CURVE('',#1035,#1028,#1033,.T.) ;
#1043=EDGE_CURVE('',#1035,#1042,#1040,.T.) ;
#1050=EDGE_CURVE('',#1042,#1049,#1047,.T.) ;
#1057=EDGE_CURVE('',#1049,#1056,#1054,.T.) ;
#1062=EDGE_CURVE('',#1056,#1014,#1061,.F.) ;
#1087=EDGE_CURVE('',#1012,#1014,#1074,.T.) ;
#1092=EDGE_CURVE('',#1056,#1021,#1091,.T.) ;
#1108=EDGE_CURVE('',#1105,#1107,#1103,.T.) ;
#1115=EDGE_CURVE('',#1114,#1105,#1112,.T.) ;
#1122=EDGE_CURVE('',#1121,#1114,#1119,.T.) ;
#1127=EDGE_CURVE('',#1121,#1107,#1126,.F.) ;
#1157=EDGE_CURVE('',#1154,#1156,#1140,.T.) ;
#1164=EDGE_CURVE('',#1163,#1154,#1161,.F.) ;
#1171=EDGE_CURVE('',#1163,#1170,#1168,.T.) ;
#1176=EDGE_CURVE('',#1170,#1156,#1175,.F.) ;
#1216=EDGE_CURVE('',#1213,#1215,#1184,.T.) ;
#1245=EDGE_CURVE('',#1213,#1215,#1217,.T.) ;
#1258=EDGE_CURVE('',#1255,#1257,#1253,.T.) ;
#1263=EDGE_CURVE('',#1257,#1255,#1262,.T.) ;
#1280=EDGE_CURVE('',#1279,#1255,#1277,.F.) ;
#1287=EDGE_CURVE('',#1286,#1257,#1284,.F.) ;
#1292=EDGE_CURVE('',#1286,#1279,#1291,.T.) ;
#1304=EDGE_CURVE('',#1279,#1286,#1303,.T.) ;
#1323=EDGE_CURVE('',#1322,#1279,#1320,.F.) ;
#1330=EDGE_CURVE('',#1329,#1286,#1327,.F.) ;
#1338=EDGE_CURVE('',#1329,#1337,#1331,.T.) ;
#1345=EDGE_CURVE('',#1337,#1344,#1342,.T.) ;
#1353=EDGE_CURVE('',#1344,#1352,#1346,.T.) ;
#1360=EDGE_CURVE('',#1352,#1359,#1357,.T.) ;
#1368=EDGE_CURVE('',#1359,#1367,#1361,.T.) ;
#1375=EDGE_CURVE('',#1367,#1374,#1372,.T.) ;
#1381=EDGE_CURVE('',#1374,#1322,#1376,.T.) ;
#1402=EDGE_CURVE('',#1322,#1401,#1395,.T.) ;
#1409=EDGE_CURVE('',#1401,#1408,#1406,.T.) ;
#1417=EDGE_CURVE('',#1408,#1416,#1410,.T.) ;
#1424=EDGE_CURVE('',#1416,#1423,#1421,.T.) ;
#1432=EDGE_CURVE('',#1423,#1431,#1425,.T.) ;
#1439=EDGE_CURVE('',#1431,#1438,#1436,.T.) ;
#1445=EDGE_CURVE('',#1438,#1329,#1440,.T.) ;
#1470=EDGE_CURVE('',#1469,#1438,#1467,.F.) ;
#1477=EDGE_CURVE('',#1476,#1469,#1474,.T.) ;
#1482=EDGE_CURVE('',#1337,#1476,#1481,.F.) ;
#1502=EDGE_CURVE('',#1337,#1501,#1499,.T.) ;
#1509=EDGE_CURVE('',#1501,#1508,#1506,.T.) ;
#1514=EDGE_CURVE('',#1344,#1508,#1513,.T.) ;
#1528=EDGE_CURVE('',#1527,#1344,#1525,.F.) ;
#1535=EDGE_CURVE('',#1534,#1527,#1532,.T.) ;
#1540=EDGE_CURVE('',#1352,#1534,#1539,.F.) ;
#1554=EDGE_CURVE('',#1359,#1553,#1551,.T.) ;
#1561=EDGE_CURVE('',#1352,#1560,#1558,.T.) ;
#1566=EDGE_CURVE('',#1560,#1553,#1565,.T.) ;
#1580=EDGE_CURVE('',#1579,#1359,#1577,.F.) ;
#1587=EDGE_CURVE('',#1586,#1579,#1584,.T.) ;
#1592=EDGE_CURVE('',#1367,#1586,#1591,.F.) ;
#1606=EDGE_CURVE('',#1367,#1605,#1603,.T.) ;
#1613=EDGE_CURVE('',#1605,#1612,#1610,.T.) ;
#1618=EDGE_CURVE('',#1374,#1612,#1617,.T.) ;
#1632=EDGE_CURVE('',#1631,#1374,#1629,.F.) ;
#1639=EDGE_CURVE('',#1638,#1631,#1636,.T.) ;
#1644=EDGE_CURVE('',#1401,#1638,#1643,.F.) ;
#1659=EDGE_CURVE('',#1401,#1658,#1656,.T.) ;
#1666=EDGE_CURVE('',#1658,#1665,#1663,.T.) ;
#1671=EDGE_CURVE('',#1408,#1665,#1670,.T.) ;
#1685=EDGE_CURVE('',#1684,#1408,#1682,.F.) ;
#1692=EDGE_CURVE('',#1691,#1684,#1689,.T.) ;
#1697=EDGE_CURVE('',#1416,#1691,#1696,.F.) ;
#1711=EDGE_CURVE('',#1416,#1710,#1708,.T.) ;
#1718=EDGE_CURVE('',#1710,#1717,#1715,.T.) ;
#1723=EDGE_CURVE('',#1423,#1717,#1722,.T.) ;
#1737=EDGE_CURVE('',#1736,#1423,#1734,.F.) ;
#1744=EDGE_CURVE('',#1743,#1736,#1741,.T.) ;
#1749=EDGE_CURVE('',#1431,#1743,#1748,.F.) ;
#1765=EDGE_CURVE('',#1762,#1764,#1760,.T.) ;
#1770=EDGE_CURVE('',#1438,#1764,#1769,.T.) ;
#1775=EDGE_CURVE('',#1431,#1762,#1774,.T.) ;
#1795=EDGE_CURVE('',#1794,#1501,#1788,.T.) ;
#1802=EDGE_CURVE('',#1794,#1801,#1799,.F.) ;
#1808=EDGE_CURVE('',#1801,#1508,#1803,.T.) ;
#1823=EDGE_CURVE('',#1822,#1553,#1816,.T.) ;
#1831=EDGE_CURVE('',#1830,#1560,#1824,.T.) ;
#1836=EDGE_CURVE('',#1830,#1822,#1835,.F.) ;
#1851=EDGE_CURVE('',#1850,#1605,#1844,.T.) ;
#1858=EDGE_CURVE('',#1850,#1857,#1855,.F.) ;
#1864=EDGE_CURVE('',#1857,#1612,#1859,.T.) ;
#1879=EDGE_CURVE('',#1878,#1658,#1872,.T.) ;
#1886=EDGE_CURVE('',#1878,#1885,#1883,.F.) ;
#1892=EDGE_CURVE('',#1885,#1665,#1887,.T.) ;
#1907=EDGE_CURVE('',#1906,#1710,#1900,.T.) ;
#1914=EDGE_CURVE('',#1906,#1913,#1911,.F.) ;
#1920=EDGE_CURVE('',#1913,#1717,#1915,.T.) ;
#1936=EDGE_CURVE('',#1933,#1935,#1931,.F.) ;
#1942=EDGE_CURVE('',#1935,#1764,#1937,.T.) ;
#1948=EDGE_CURVE('',#1933,#1762,#1943,.T.) ;
#1962=EDGE_CURVE('',#1794,#1961,#1959,.T.) ;
#1969=EDGE_CURVE('',#1961,#1968,#1966,.T.) ;
#1974=EDGE_CURVE('',#1801,#1968,#1973,.T.) ;
#1988=EDGE_CURVE('',#1822,#1987,#1985,.T.) ;
#1995=EDGE_CURVE('',#1830,#1994,#1992,.T.) ;
#2000=EDGE_CURVE('',#1994,#1987,#1999,.T.) ;
#2014=EDGE_CURVE('',#1850,#2013,#2011,.T.) ;
#2021=EDGE_CURVE('',#2013,#2020,#2018,.T.) ;
#2026=EDGE_CURVE('',#1857,#2020,#2025,.T.) ;
#2040=EDGE_CURVE('',#1878,#2039,#2037,.T.) ;
#2047=EDGE_CURVE('',#2039,#2046,#2044,.T.) ;
#2052=EDGE_CURVE('',#1885,#2046,#2051,.T.) ;
#2066=EDGE_CURVE('',#1906,#2065,#2063,.T.) ;
#2073=EDGE_CURVE('',#2065,#2072,#2070,.T.) ;
#2078=EDGE_CURVE('',#1913,#2072,#2077,.T.) ;
#2094=EDGE_CURVE('',#2091,#2093,#2089,.T.) ;
#2099=EDGE_CURVE('',#1935,#2093,#2098,.T.) ;
#2104=EDGE_CURVE('',#1933,#2091,#2103,.T.) ;
#2123=EDGE_CURVE('',#1961,#2122,#2120,.T.) ;
#2130=EDGE_CURVE('',#2129,#2122,#2127,.F.) ;
#2135=EDGE_CURVE('',#1968,#2129,#2134,.T.) ;
#2149=EDGE_CURVE('',#2148,#1987,#2146,.T.) ;
#2156=EDGE_CURVE('',#1994,#2155,#2153,.T.) ;
#2161=EDGE_CURVE('',#2148,#2155,#2160,.F.) ;
#2175=EDGE_CURVE('',#2013,#2174,#2172,.T.) ;
#2182=EDGE_CURVE('',#2181,#2174,#2179,.F.) ;
#2189=EDGE_CURVE('',#2188,#2181,#2186,.F.) ;
#2194=EDGE_CURVE('',#2188,#2020,#2193,.T.) ;
#2211=EDGE_CURVE('',#2208,#2210,#2206,.F.) ;
#2216=EDGE_CURVE('',#2208,#2046,#2215,.T.) ;
#2221=EDGE_CURVE('',#2039,#2210,#2220,.T.) ;
#2235=EDGE_CURVE('',#2234,#2072,#2232,.T.) ;
#2242=EDGE_CURVE('',#2241,#2065,#2239,.T.) ;
#2247=EDGE_CURVE('',#2234,#2241,#2246,.F.) ;
#2261=EDGE_CURVE('',#2091,#2260,#2258,.T.) ;
#2268=EDGE_CURVE('',#2267,#2260,#2265,.F.) ;
#2275=EDGE_CURVE('',#2274,#2267,#2272,.F.) ;
#2280=EDGE_CURVE('',#2274,#2093,#2279,.T.) ;
#2300=EDGE_CURVE('',#2299,#2260,#2297,.T.) ;
#2307=EDGE_CURVE('',#2306,#2299,#2304,.T.) ;
#2312=EDGE_CURVE('',#2267,#2306,#2311,.F.) ;
#2326=EDGE_CURVE('',#2325,#2274,#2323,.T.) ;
#2331=EDGE_CURVE('',#2325,#2306,#2330,.T.) ;
#2347=EDGE_CURVE('',#2344,#2346,#2342,.T.) ;
#2352=EDGE_CURVE('',#2344,#2234,#2351,.T.) ;
#2357=EDGE_CURVE('',#2346,#2241,#2356,.T.) ;
#2371=EDGE_CURVE('',#2370,#2210,#2368,.T.) ;
#2378=EDGE_CURVE('',#2377,#2370,#2375,.T.) ;
#2383=EDGE_CURVE('',#2377,#2208,#2382,.T.) ;
#2397=EDGE_CURVE('',#2396,#2174,#2394,.T.) ;
#2404=EDGE_CURVE('',#2403,#2396,#2401,.T.) ;
#2412=EDGE_CURVE('',#2411,#2403,#2405,.F.) ;
#2419=EDGE_CURVE('',#2418,#2411,#2416,.T.) ;
#2427=EDGE_CURVE('',#2426,#2418,#2420,.T.) ;
#2432=EDGE_CURVE('',#2181,#2426,#2431,.F.) ;
#2449=EDGE_CURVE('',#2448,#2188,#2446,.T.) ;
#2457=EDGE_CURVE('',#2456,#2426,#2450,.T.) ;
#2462=EDGE_CURVE('',#2448,#2456,#2461,.T.) ;
#2477=EDGE_CURVE('',#2476,#2148,#2474,.T.) ;
#2484=EDGE_CURVE('',#2483,#2155,#2481,.T.) ;
#2489=EDGE_CURVE('',#2476,#2483,#2488,.T.) ;
#2503=EDGE_CURVE('',#2502,#2122,#2500,.T.) ;
#2510=EDGE_CURVE('',#2509,#2502,#2507,.T.) ;
#2515=EDGE_CURVE('',#2509,#2129,#2514,.T.) ;
#2534=EDGE_CURVE('',#2533,#1736,#2531,.T.) ;
#2541=EDGE_CURVE('',#2540,#2533,#2538,.T.) ;
#2546=EDGE_CURVE('',#2540,#1743,#2545,.T.) ;
#2563=EDGE_CURVE('',#2299,#2540,#2562,.F.) ;
#2584=EDGE_CURVE('',#2533,#2344,#2583,.F.) ;
#2607=EDGE_CURVE('',#2606,#1684,#2604,.T.) ;
#2614=EDGE_CURVE('',#2613,#2606,#2611,.T.) ;
#2619=EDGE_CURVE('',#2613,#1691,#2618,.T.) ;
#2636=EDGE_CURVE('',#2346,#2613,#2635,.F.) ;
#2657=EDGE_CURVE('',#2606,#2377,#2656,.F.) ;
#2680=EDGE_CURVE('',#2679,#1631,#2677,.T.) ;
#2687=EDGE_CURVE('',#2686,#2679,#2684,.T.) ;
#2692=EDGE_CURVE('',#2686,#1638,#2691,.T.) ;
#2709=EDGE_CURVE('',#2370,#2686,#2708,.F.) ;
#2730=EDGE_CURVE('',#2679,#2448,#2729,.F.) ;
#2753=EDGE_CURVE('',#2752,#1579,#2750,.T.) ;
#2760=EDGE_CURVE('',#2759,#2752,#2757,.T.) ;
#2765=EDGE_CURVE('',#2759,#1586,#2764,.T.) ;
#2782=EDGE_CURVE('',#2396,#2759,#2781,.F.) ;
#2803=EDGE_CURVE('',#2752,#2476,#2802,.F.) ;
#2826=EDGE_CURVE('',#2825,#1527,#2823,.T.) ;
#2833=EDGE_CURVE('',#2832,#2825,#2830,.T.) ;
#2838=EDGE_CURVE('',#2832,#1534,#2837,.T.) ;
#2855=EDGE_CURVE('',#2483,#2832,#2854,.F.) ;
#2876=EDGE_CURVE('',#2825,#2509,#2875,.F.) ;
#2899=EDGE_CURVE('',#2898,#2325,#2896,.F.) ;
#2904=EDGE_CURVE('',#2898,#1469,#2903,.T.) ;
#2927=EDGE_CURVE('',#2926,#2898,#2924,.T.) ;
#2932=EDGE_CURVE('',#2926,#1476,#2931,.T.) ;
#2949=EDGE_CURVE('',#2502,#2926,#2948,.F.) ;
#2965=EDGE_CURVE('',#802,#1213,#2964,.F.) ;
#2970=EDGE_CURVE('',#802,#809,#2969,.T.) ;
#2975=EDGE_CURVE('',#809,#1215,#2974,.F.) ;
#2997=EDGE_CURVE('',#2994,#2996,#2988,.F.) ;
#3002=EDGE_CURVE('',#2411,#2996,#3001,.T.) ;
#3009=EDGE_CURVE('',#2403,#3008,#3006,.T.) ;
#3014=EDGE_CURVE('',#3008,#2994,#3013,.T.) ;
#3034=EDGE_CURVE('',#3033,#2418,#3031,.F.) ;
#3042=EDGE_CURVE('',#3033,#3041,#3035,.T.) ;
#3049=EDGE_CURVE('',#3041,#3048,#3046,.F.) ;
#3054=EDGE_CURVE('',#3048,#2456,#3053,.F.) ;
#3073=EDGE_CURVE('',#2996,#3033,#3072,.F.) ;
#3092=EDGE_CURVE('',#3041,#3091,#3089,.T.) ;
#3099=EDGE_CURVE('',#3091,#3098,#3096,.T.) ;
#3104=EDGE_CURVE('',#3098,#2994,#3103,.T.) ;
#3149=EDGE_CURVE('',#3146,#3148,#3144,.F.) ;
#3154=EDGE_CURVE('',#3146,#3148,#3153,.F.) ;
#3173=EDGE_CURVE('',#3170,#3172,#3168,.T.) ;
#3178=EDGE_CURVE('',#1170,#3172,#3177,.T.) ;
#3183=EDGE_CURVE('',#3170,#1163,#3182,.T.) ;
#3204=EDGE_CURVE('',#1154,#1156,#3191,.T.) ;
#3211=EDGE_CURVE('',#3172,#3210,#3208,.F.) ;
#3218=EDGE_CURVE('',#3210,#3217,#3215,.T.) ;
#3223=EDGE_CURVE('',#3217,#3170,#3222,.T.) ;
#3239=EDGE_CURVE('',#1049,#1028,#3238,.T.) ;
#3256=EDGE_CURVE('',#3210,#1042,#3255,.F.) ;
#3263=EDGE_CURVE('',#1035,#3262,#3260,.F.) ;
#3270=EDGE_CURVE('',#3262,#3269,#3267,.F.) ;
#3277=EDGE_CURVE('',#3269,#3276,#3274,.F.) ;
#3284=EDGE_CURVE('',#3276,#3283,#3281,.F.) ;
#3291=EDGE_CURVE('',#3283,#3290,#3288,.F.) ;
#3298=EDGE_CURVE('',#3290,#3297,#3295,.F.) ;
#3305=EDGE_CURVE('',#3297,#3304,#3302,.F.) ;
#3312=EDGE_CURVE('',#3304,#3311,#3309,.F.) ;
#3317=EDGE_CURVE('',#3311,#3217,#3316,.F.) ;
#3346=EDGE_CURVE('',#3343,#3345,#3341,.T.) ;
#3351=EDGE_CURVE('',#3345,#3290,#3350,.T.) ;
#3356=EDGE_CURVE('',#3343,#3283,#3355,.T.) ;
#3373=EDGE_CURVE('',#960,#3345,#3372,.T.) ;
#3378=EDGE_CURVE('',#3343,#1105,#3377,.F.) ;
#3385=EDGE_CURVE('',#3384,#1107,#3382,.F.) ;
#3392=EDGE_CURVE('',#3384,#3391,#3389,.T.) ;
#3397=EDGE_CURVE('',#913,#3391,#3396,.F.) ;
#3418=EDGE_CURVE('',#875,#953,#3417,.T.) ;
#3423=EDGE_CURVE('',#922,#873,#3422,.F.) ;
#3445=EDGE_CURVE('',#3442,#3444,#3440,.T.) ;
#3450=EDGE_CURVE('',#3444,#889,#3449,.T.) ;
#3457=EDGE_CURVE('',#882,#3456,#3454,.T.) ;
#3462=EDGE_CURVE('',#3442,#3456,#3461,.F.) ;
#3482=EDGE_CURVE('',#1121,#3481,#3479,.F.) ;
#3489=EDGE_CURVE('',#3481,#3488,#3486,.F.) ;
#3494=EDGE_CURVE('',#3488,#1107,#3493,.T.) ;
#3508=EDGE_CURVE('',#3507,#835,#3505,.T.) ;
#3515=EDGE_CURVE('',#3514,#3507,#3512,.T.) ;
#3522=EDGE_CURVE('',#3521,#3514,#3519,.F.) ;
#3527=EDGE_CURVE('',#3521,#833,#3526,.F.) ;
#3540=EDGE_CURVE('',#1114,#849,#3539,.T.) ;
#3545=EDGE_CURVE('',#842,#3481,#3544,.T.) ;
#3591=EDGE_CURVE('',#400,#3098,#3590,.F.) ;
#3596=EDGE_CURVE('',#398,#3091,#3595,.F.) ;
#3634=EDGE_CURVE('',#3633,#462,#3631,.T.) ;
#3642=EDGE_CURVE('',#3633,#270,#3635,.T.) ;
#3654=EDGE_CURVE('',#3488,#197,#3653,.T.) ;
#3659=EDGE_CURVE('',#188,#237,#3658,.F.) ;
#3664=EDGE_CURVE('',#228,#915,#3663,.F.) ;
#3689=EDGE_CURVE('',#3688,#3514,#3686,.F.) ;
#3696=EDGE_CURVE('',#3688,#3695,#3693,.F.) ;
#3701=EDGE_CURVE('',#3695,#3521,#3700,.F.) ;
#3715=EDGE_CURVE('',#3714,#3507,#3712,.T.) ;
#3720=EDGE_CURVE('',#3714,#3688,#3719,.T.) ;
#3739=EDGE_CURVE('',#3738,#3276,#3736,.T.) ;
#3744=EDGE_CURVE('',#3738,#3714,#3743,.T.) ;
#3769=EDGE_CURVE('',#3768,#3148,#3766,.T.) ;
#3774=EDGE_CURVE('',#3768,#3738,#3773,.T.) ;
#3779=EDGE_CURVE('',#3146,#3269,#3778,.T.) ;
#3800=EDGE_CURVE('',#3799,#3146,#3797,.F.) ;
#3805=EDGE_CURVE('',#3799,#3768,#3804,.F.) ;
#3824=EDGE_CURVE('',#3823,#3262,#3821,.T.) ;
#3829=EDGE_CURVE('',#3823,#3799,#3828,.T.) ;
#3849=EDGE_CURVE('',#3848,#3823,#3846,.T.) ;
#3856=EDGE_CURVE('',#3855,#3311,#3853,.T.) ;
#3861=EDGE_CURVE('',#3855,#3848,#3860,.F.) ;
#3889=EDGE_CURVE('',#3888,#981,#3886,.T.) ;
#3894=EDGE_CURVE('',#3888,#3855,#3893,.F.) ;
#3899=EDGE_CURVE('',#981,#3304,#3898,.T.) ;
#3919=EDGE_CURVE('',#3918,#979,#3916,.F.) ;
#3924=EDGE_CURVE('',#3918,#3888,#3923,.F.) ;
#3938=EDGE_CURVE('',#3937,#3297,#3935,.T.) ;
#3943=EDGE_CURVE('',#3937,#3918,#3942,.F.) ;
#3964=EDGE_CURVE('',#3963,#3444,#3961,.T.) ;
#3969=EDGE_CURVE('',#3963,#3937,#3968,.F.) ;
#3989=EDGE_CURVE('',#3988,#3963,#3986,.F.) ;
#3994=EDGE_CURVE('',#3988,#3442,#3993,.T.) ;
#4013=EDGE_CURVE('',#4012,#3456,#4010,.T.) ;
#4018=EDGE_CURVE('',#4012,#3988,#4017,.F.) ;
#4030=EDGE_CURVE('',#230,#4012,#4029,.F.) ;
#4051=EDGE_CURVE('',#190,#244,#4050,.F.) ;
#4063=EDGE_CURVE('',#3695,#204,#4062,.T.) ;
#4088=EDGE_CURVE('',#4085,#4087,#4083,.T.) ;
#4093=EDGE_CURVE('',#64,#4085,#4092,.F.) ;
#4098=EDGE_CURVE('',#62,#4087,#4097,.F.) ;
#4110=EDGE_CURVE('',#4087,#4085,#4109,.T.) ;
#4126=EDGE_CURVE('',#4123,#4125,#4121,.F.) ;
#4131=EDGE_CURVE('',#4125,#4123,#4130,.F.) ;
#4150=EDGE_CURVE('',#4147,#4149,#4145,.T.) ;
#4155=EDGE_CURVE('',#4123,#4147,#4154,.F.) ;
#4160=EDGE_CURVE('',#4125,#4149,#4159,.F.) ;
#4172=EDGE_CURVE('',#4149,#4147,#4171,.T.) ;
#4193=EDGE_CURVE('',#4190,#4192,#4188,.T.) ;
#4198=EDGE_CURVE('',#95,#4190,#4197,.T.) ;
#4203=EDGE_CURVE('',#88,#4192,#4202,.T.) ;
#4222=EDGE_CURVE('',#4192,#4221,#4219,.F.) ;
#4229=EDGE_CURVE('',#4228,#4221,#4226,.T.) ;
#4234=EDGE_CURVE('',#4228,#4190,#4233,.T.) ;
#4251=EDGE_CURVE('',#3633,#316,#4250,.T.) ;
#4256=EDGE_CURVE('',#424,#374,#4255,.T.) ;
#4273=EDGE_CURVE('',#4270,#4272,#4268,.T.) ;
#4278=EDGE_CURVE('',#4221,#4270,#4277,.T.) ;
#4283=EDGE_CURVE('',#4272,#157,#4282,.T.) ;
#4306=EDGE_CURVE('',#4305,#4272,#4303,.T.) ;
#4311=EDGE_CURVE('',#4305,#164,#4310,.T.) ;
#4330=EDGE_CURVE('',#4329,#4270,#4327,.T.) ;
#4335=EDGE_CURVE('',#4228,#4329,#4334,.T.) ;
#4352=EDGE_CURVE('',#4305,#4329,#4351,.T.) ;
#4373=EDGE_CURVE('',#4370,#4372,#4368,.T.) ;
#4380=EDGE_CURVE('',#4379,#4372,#4377,.T.) ;
#4387=EDGE_CURVE('',#4386,#4379,#4384,.T.) ;
#4392=EDGE_CURVE('',#4386,#4370,#4391,.T.) ;
#4411=EDGE_CURVE('',#4410,#4370,#4408,.T.) ;
#4418=EDGE_CURVE('',#4417,#4386,#4415,.T.) ;
#4423=EDGE_CURVE('',#4410,#4417,#4422,.T.) ;
#4442=EDGE_CURVE('',#4379,#4441,#4439,.T.) ;
#4449=EDGE_CURVE('',#4441,#4448,#4446,.T.) ;
#4456=EDGE_CURVE('',#4448,#4455,#4453,.T.) ;
#4461=EDGE_CURVE('',#4417,#4455,#4460,.T.) ;
#4482=EDGE_CURVE('',#4372,#4481,#4479,.T.) ;
#4487=EDGE_CURVE('',#4441,#4481,#4486,.T.) ;
#4506=EDGE_CURVE('',#4410,#4505,#4503,.T.) ;
#4513=EDGE_CURVE('',#4512,#4505,#4510,.T.) ;
#4518=EDGE_CURVE('',#4481,#4512,#4517,.T.) ;
#4537=EDGE_CURVE('',#4448,#4512,#4536,.T.) ;
#4554=EDGE_CURVE('',#4505,#4455,#4553,.T.) ;
#4575=EDGE_CURVE('',#4572,#4574,#4570,.T.) ;
#4582=EDGE_CURVE('',#4581,#4574,#4579,.T.) ;
#4589=EDGE_CURVE('',#4588,#4581,#4586,.T.) ;
#4594=EDGE_CURVE('',#4588,#4572,#4593,.T.) ;
#4608=EDGE_CURVE('',#4607,#4572,#4605,.F.) ;
#4615=EDGE_CURVE('',#4614,#4588,#4612,.F.) ;
#4620=EDGE_CURVE('',#4607,#4614,#4619,.T.) ;
#4634=EDGE_CURVE('',#4581,#4633,#4631,.F.) ;
#4641=EDGE_CURVE('',#4633,#4640,#4638,.T.) ;
#4648=EDGE_CURVE('',#4640,#4647,#4645,.F.) ;
#4653=EDGE_CURVE('',#4647,#4614,#4652,.T.) ;
#4674=EDGE_CURVE('',#4574,#4673,#4671,.F.) ;
#4679=EDGE_CURVE('',#4633,#4673,#4678,.T.) ;
#4693=EDGE_CURVE('',#4692,#4607,#4690,.T.) ;
#4700=EDGE_CURVE('',#4699,#4692,#4697,.F.) ;
#4705=EDGE_CURVE('',#4673,#4699,#4704,.T.) ;
#4724=EDGE_CURVE('',#4640,#4699,#4723,.T.) ;
#4736=EDGE_CURVE('',#4692,#4647,#4735,.T.) ;
#4769=EDGE_CURVE('',#4766,#4768,#4764,.T.) ;
#4776=EDGE_CURVE('',#4775,#4768,#4773,.T.) ;
#4783=EDGE_CURVE('',#4782,#4775,#4780,.T.) ;
#4788=EDGE_CURVE('',#4782,#4766,#4787,.T.) ;
#4803=EDGE_CURVE('',#4800,#4802,#4798,.T.) ;
#4810=EDGE_CURVE('',#4809,#4802,#4807,.T.) ;
#4817=EDGE_CURVE('',#4816,#4809,#4814,.T.) ;
#4822=EDGE_CURVE('',#4816,#4800,#4821,.T.) ;
#4837=EDGE_CURVE('',#4834,#4836,#4832,.T.) ;
#4844=EDGE_CURVE('',#4843,#4836,#4841,.T.) ;
#4851=EDGE_CURVE('',#4850,#4843,#4848,.T.) ;
#4856=EDGE_CURVE('',#4850,#4834,#4855,.T.) ;
#4889=EDGE_CURVE('',#4886,#4888,#4884,.T.) ;
#4896=EDGE_CURVE('',#4895,#4886,#4893,.T.) ;
#4903=EDGE_CURVE('',#4895,#4902,#4900,.T.) ;
#4908=EDGE_CURVE('',#4902,#4888,#4907,.T.) ;
#4923=EDGE_CURVE('',#4920,#4922,#4918,.T.) ;
#4930=EDGE_CURVE('',#4929,#4920,#4927,.T.) ;
#4937=EDGE_CURVE('',#4929,#4936,#4934,.T.) ;
#4942=EDGE_CURVE('',#4936,#4922,#4941,.T.) ;
#4957=EDGE_CURVE('',#4954,#4956,#4952,.T.) ;
#4964=EDGE_CURVE('',#4963,#4954,#4961,.T.) ;
#4971=EDGE_CURVE('',#4963,#4970,#4968,.T.) ;
#4976=EDGE_CURVE('',#4970,#4956,#4975,.T.) ;
#4997=EDGE_CURVE('',#4994,#4996,#4992,.T.) ;
#5004=EDGE_CURVE('',#5003,#4996,#5001,.T.) ;
#5011=EDGE_CURVE('',#5010,#5003,#5008,.T.) ;
#5016=EDGE_CURVE('',#5010,#4994,#5015,.T.) ;
#5033=EDGE_CURVE('',#4902,#4994,#5032,.F.) ;
#5038=EDGE_CURVE('',#4888,#5010,#5037,.F.) ;
#5057=EDGE_CURVE('',#5003,#5056,#5054,.F.) ;
#5064=EDGE_CURVE('',#5056,#5063,#5061,.T.) ;
#5069=EDGE_CURVE('',#5063,#4886,#5068,.F.) ;
#5090=EDGE_CURVE('',#4996,#5089,#5087,.F.) ;
#5095=EDGE_CURVE('',#5056,#5089,#5094,.T.) ;
#5114=EDGE_CURVE('',#5113,#4895,#5111,.F.) ;
#5119=EDGE_CURVE('',#5089,#5113,#5118,.T.) ;
#5138=EDGE_CURVE('',#5063,#5113,#5137,.T.) ;
#5171=EDGE_CURVE('',#5168,#5170,#5166,.T.) ;
#5178=EDGE_CURVE('',#5177,#5170,#5175,.T.) ;
#5185=EDGE_CURVE('',#5184,#5177,#5182,.T.) ;
#5190=EDGE_CURVE('',#5184,#5168,#5189,.T.) ;
#5207=EDGE_CURVE('',#4816,#5168,#5206,.T.) ;
#5212=EDGE_CURVE('',#4800,#5184,#5211,.T.) ;
#5231=EDGE_CURVE('',#5177,#5230,#5228,.T.) ;
#5238=EDGE_CURVE('',#5230,#5237,#5235,.T.) ;
#5243=EDGE_CURVE('',#5237,#4802,#5242,.T.) ;
#5264=EDGE_CURVE('',#5170,#5263,#5261,.T.) ;
#5269=EDGE_CURVE('',#5230,#5263,#5268,.T.) ;
#5288=EDGE_CURVE('',#5287,#4809,#5285,.T.) ;
#5293=EDGE_CURVE('',#5263,#5287,#5292,.T.) ;
#5312=EDGE_CURVE('',#5237,#5287,#5311,.T.) ;
#5345=EDGE_CURVE('',#5342,#5344,#5340,.T.) ;
#5352=EDGE_CURVE('',#5351,#5344,#5349,.T.) ;
#5359=EDGE_CURVE('',#5358,#5351,#5356,.T.) ;
#5364=EDGE_CURVE('',#5358,#5342,#5363,.T.) ;
#5381=EDGE_CURVE('',#4970,#5342,#5380,.F.) ;
#5386=EDGE_CURVE('',#4956,#5358,#5385,.F.) ;
#5405=EDGE_CURVE('',#5351,#5404,#5402,.F.) ;
#5412=EDGE_CURVE('',#5404,#5411,#5409,.T.) ;
#5417=EDGE_CURVE('',#5411,#4954,#5416,.F.) ;
#5438=EDGE_CURVE('',#5344,#5437,#5435,.F.) ;
#5443=EDGE_CURVE('',#5404,#5437,#5442,.T.) ;
#5462=EDGE_CURVE('',#5461,#4963,#5459,.F.) ;
#5467=EDGE_CURVE('',#5437,#5461,#5466,.T.) ;
#5486=EDGE_CURVE('',#5411,#5461,#5485,.T.) ;
#5519=EDGE_CURVE('',#5516,#5518,#5514,.T.) ;
#5526=EDGE_CURVE('',#5525,#5518,#5523,.T.) ;
#5533=EDGE_CURVE('',#5532,#5525,#5530,.T.) ;
#5538=EDGE_CURVE('',#5532,#5516,#5537,.T.) ;
#5550=EDGE_CURVE('',#4850,#5516,#5549,.T.) ;
#5555=EDGE_CURVE('',#4834,#5532,#5554,.T.) ;
#5569=EDGE_CURVE('',#5525,#5568,#5566,.T.) ;
#5576=EDGE_CURVE('',#5568,#5575,#5573,.T.) ;
#5581=EDGE_CURVE('',#5575,#4836,#5580,.T.) ;
#5602=EDGE_CURVE('',#5518,#5601,#5599,.T.) ;
#5607=EDGE_CURVE('',#5568,#5601,#5606,.T.) ;
#5621=EDGE_CURVE('',#5620,#4843,#5618,.T.) ;
#5626=EDGE_CURVE('',#5601,#5620,#5625,.T.) ;
#5645=EDGE_CURVE('',#5575,#5620,#5644,.T.) ;
#5673=EDGE_CURVE('',#5670,#5672,#5668,.T.) ;
#5680=EDGE_CURVE('',#5679,#5672,#5677,.T.) ;
#5687=EDGE_CURVE('',#5686,#5679,#5684,.T.) ;
#5692=EDGE_CURVE('',#5686,#5670,#5691,.T.) ;
#5704=EDGE_CURVE('',#4936,#5670,#5703,.F.) ;
#5709=EDGE_CURVE('',#4922,#5686,#5708,.F.) ;
#5723=EDGE_CURVE('',#5679,#5722,#5720,.F.) ;
#5730=EDGE_CURVE('',#5722,#5729,#5727,.T.) ;
#5735=EDGE_CURVE('',#5729,#4920,#5734,.F.) ;
#5756=EDGE_CURVE('',#5672,#5755,#5753,.F.) ;
#5761=EDGE_CURVE('',#5722,#5755,#5760,.T.) ;
#5775=EDGE_CURVE('',#5774,#4929,#5772,.F.) ;
#5780=EDGE_CURVE('',#5755,#5774,#5779,.T.) ;
#5799=EDGE_CURVE('',#5729,#5774,#5798,.T.) ;
#5827=EDGE_CURVE('',#5824,#5826,#5822,.T.) ;
#5834=EDGE_CURVE('',#5833,#5826,#5831,.T.) ;
#5841=EDGE_CURVE('',#5840,#5833,#5838,.T.) ;
#5846=EDGE_CURVE('',#5840,#5824,#5845,.T.) ;
#5858=EDGE_CURVE('',#4782,#5824,#5857,.T.) ;
#5863=EDGE_CURVE('',#4766,#5840,#5862,.T.) ;
#5877=EDGE_CURVE('',#5833,#5876,#5874,.T.) ;
#5884=EDGE_CURVE('',#5876,#5883,#5881,.T.) ;
#5889=EDGE_CURVE('',#5883,#4768,#5888,.T.) ;
#5910=EDGE_CURVE('',#5826,#5909,#5907,.T.) ;
#5915=EDGE_CURVE('',#5876,#5909,#5914,.T.) ;
#5929=EDGE_CURVE('',#5928,#4775,#5926,.T.) ;
#5934=EDGE_CURVE('',#5909,#5928,#5933,.T.) ;
#5953=EDGE_CURVE('',#5883,#5928,#5952,.T.) ;
#6020=EDGE_CURVE('',#6017,#6019,#6015,.T.) ;
#6027=EDGE_CURVE('',#6026,#6017,#6024,.F.) ;
#6034=EDGE_CURVE('',#6033,#6026,#6031,.T.) ;
#6041=EDGE_CURVE('',#6040,#6033,#6038,.F.) ;
#6048=EDGE_CURVE('',#6047,#6040,#6045,.T.) ;
#6053=EDGE_CURVE('',#6019,#6047,#6052,.F.) ;
#6070=EDGE_CURVE('',#6067,#6069,#6065,.F.) ;
#6077=EDGE_CURVE('',#6076,#6067,#6074,.F.) ;
#6084=EDGE_CURVE('',#6083,#6076,#6081,.F.) ;
#6091=EDGE_CURVE('',#6090,#6083,#6088,.F.) ;
#6098=EDGE_CURVE('',#6097,#6090,#6095,.F.) ;
#6103=EDGE_CURVE('',#6069,#6097,#6102,.F.) ;
#6124=EDGE_CURVE('',#6097,#6123,#6121,.F.) ;
#6131=EDGE_CURVE('',#6090,#6130,#6128,.F.) ;
#6136=EDGE_CURVE('',#6123,#6130,#6135,.T.) ;
#6155=EDGE_CURVE('',#6069,#6154,#6152,.T.) ;
#6160=EDGE_CURVE('',#6154,#6123,#6159,.F.) ;
#6174=EDGE_CURVE('',#6083,#6173,#6171,.T.) ;
#6179=EDGE_CURVE('',#6130,#6173,#6178,.F.) ;
#6193=EDGE_CURVE('',#6173,#6192,#6190,.F.) ;
#6200=EDGE_CURVE('',#6192,#6199,#6197,.F.) ;
#6205=EDGE_CURVE('',#6199,#6154,#6204,.F.) ;
#6224=EDGE_CURVE('',#6067,#6199,#6223,.F.) ;
#6241=EDGE_CURVE('',#6076,#6192,#6240,.F.) ;
#6272=EDGE_CURVE('',#6047,#6271,#6269,.T.) ;
#6279=EDGE_CURVE('',#6040,#6278,#6276,.T.) ;
#6284=EDGE_CURVE('',#6271,#6278,#6283,.T.) ;
#6303=EDGE_CURVE('',#6019,#6302,#6300,.F.) ;
#6308=EDGE_CURVE('',#6302,#6271,#6307,.T.) ;
#6327=EDGE_CURVE('',#6033,#6326,#6324,.F.) ;
#6332=EDGE_CURVE('',#6278,#6326,#6331,.T.) ;
#6346=EDGE_CURVE('',#6326,#6345,#6343,.T.) ;
#6353=EDGE_CURVE('',#6345,#6352,#6350,.F.) ;
#6358=EDGE_CURVE('',#6352,#6302,#6357,.T.) ;
#6372=EDGE_CURVE('',#6017,#6352,#6371,.T.) ;
#6389=EDGE_CURVE('',#6026,#6345,#6388,.T.) ;
#71=EDGE_LOOP('',(#72,#73)) ;
#109=EDGE_LOOP('',(#110,#111,#112,#113)) ;
#140=EDGE_LOOP('',(#141,#142,#143,#144)) ;
#171=EDGE_LOOP('',(#172,#173,#174,#175)) ;
#211=EDGE_LOOP('',(#212,#213,#214,#215)) ;
#251=EDGE_LOOP('',(#252,#253,#254,#255)) ;
#298=EDGE_LOOP('',(#299,#300,#301,#302,#303)) ;
#381=EDGE_LOOP('',(#382,#383,#384,#385,#386,#387,#388,#389,#390,#391)) ;
#407=EDGE_LOOP('',(#408,#409)) ;
#445=EDGE_LOOP('',(#446,#447,#448,#449)) ;
#508=EDGE_LOOP('',(#509,#510,#511,#512,#513,#514,#515,#516,#517)) ;
#556=EDGE_LOOP('',(#557,#558,#559,#560,#561,#562,#563,#564,#565,#566,#567)) ;
#595=EDGE_LOOP('',(#596,#597,#598,#599,#600)) ;
#620=EDGE_LOOP('',(#621,#622,#623,#624)) ;
#644=EDGE_LOOP('',(#645,#646,#647,#648)) ;
#668=EDGE_LOOP('',(#669,#670,#671,#672)) ;
#693=EDGE_LOOP('',(#694,#695,#696,#697,#698)) ;
#706=EDGE_LOOP('',(#707,#708)) ;
#772=EDGE_LOOP('',(#773,#774)) ;
#782=EDGE_LOOP('',(#783,#784,#785,#786,#787,#788,#789)) ;
#816=EDGE_LOOP('',(#817,#818,#819,#820)) ;
#856=EDGE_LOOP('',(#857,#858,#859,#860)) ;
#896=EDGE_LOOP('',(#897,#898,#899,#900)) ;
#936=EDGE_LOOP('',(#937,#938,#939,#940)) ;
#967=EDGE_LOOP('',(#968,#969,#970,#971)) ;
#988=EDGE_LOOP('',(#989,#990)) ;
#1063=EDGE_LOOP('',(#1064,#1065,#1066,#1067,#1068,#1069,#1070,#1071)) ;
#1093=EDGE_LOOP('',(#1094,#1095,#1096,#1097)) ;
#1128=EDGE_LOOP('',(#1129,#1130,#1131,#1132)) ;
#1177=EDGE_LOOP('',(#1178,#1179,#1180,#1181)) ;
#1246=EDGE_LOOP('',(#1247,#1248)) ;
#1264=EDGE_LOOP('',(#1265,#1266)) ;
#1293=EDGE_LOOP('',(#1294,#1295,#1296,#1297)) ;
#1305=EDGE_LOOP('',(#1306,#1307,#1308,#1309)) ;
#1382=EDGE_LOOP('',(#1383,#1384,#1385,#1386,#1387,#1388,#1389,#1390,#1391,#1392)) ;
#1446=EDGE_LOOP('',(#1447,#1448,#1449,#1450,#1451,#1452,#1453,#1454,#1455,#1456)) ;
#1483=EDGE_LOOP('',(#1484,#1485,#1486,#1487,#1488)) ;
#1515=EDGE_LOOP('',(#1516,#1517,#1518,#1519)) ;
#1541=EDGE_LOOP('',(#1542,#1543,#1544,#1545)) ;
#1567=EDGE_LOOP('',(#1568,#1569,#1570,#1571)) ;
#1593=EDGE_LOOP('',(#1594,#1595,#1596,#1597)) ;
#1619=EDGE_LOOP('',(#1620,#1621,#1622,#1623)) ;
#1645=EDGE_LOOP('',(#1646,#1647,#1648,#1649,#1650)) ;
#1672=EDGE_LOOP('',(#1673,#1674,#1675,#1676)) ;
#1698=EDGE_LOOP('',(#1699,#1700,#1701,#1702)) ;
#1724=EDGE_LOOP('',(#1725,#1726,#1727,#1728)) ;
#1750=EDGE_LOOP('',(#1751,#1752,#1753,#1754)) ;
#1776=EDGE_LOOP('',(#1777,#1778,#1779,#1780)) ;
#1809=EDGE_LOOP('',(#1810,#1811,#1812,#1813)) ;
#1837=EDGE_LOOP('',(#1838,#1839,#1840,#1841)) ;
#1865=EDGE_LOOP('',(#1866,#1867,#1868,#1869)) ;
#1893=EDGE_LOOP('',(#1894,#1895,#1896,#1897)) ;
#1921=EDGE_LOOP('',(#1922,#1923,#1924,#1925)) ;
#1949=EDGE_LOOP('',(#1950,#1951,#1952,#1953)) ;
#1975=EDGE_LOOP('',(#1976,#1977,#1978,#1979)) ;
#2001=EDGE_LOOP('',(#2002,#2003,#2004,#2005)) ;
#2027=EDGE_LOOP('',(#2028,#2029,#2030,#2031)) ;
#2053=EDGE_LOOP('',(#2054,#2055,#2056,#2057)) ;
#2079=EDGE_LOOP('',(#2080,#2081,#2082,#2083)) ;
#2105=EDGE_LOOP('',(#2106,#2107,#2108,#2109)) ;
#2136=EDGE_LOOP('',(#2137,#2138,#2139,#2140)) ;
#2162=EDGE_LOOP('',(#2163,#2164,#2165,#2166)) ;
#2195=EDGE_LOOP('',(#2196,#2197,#2198,#2199,#2200)) ;
#2222=EDGE_LOOP('',(#2223,#2224,#2225,#2226)) ;
#2248=EDGE_LOOP('',(#2249,#2250,#2251,#2252)) ;
#2281=EDGE_LOOP('',(#2282,#2283,#2284,#2285,#2286)) ;
#2313=EDGE_LOOP('',(#2314,#2315,#2316,#2317)) ;
#2332=EDGE_LOOP('',(#2333,#2334,#2335,#2336)) ;
#2358=EDGE_LOOP('',(#2359,#2360,#2361,#2362)) ;
#2384=EDGE_LOOP('',(#2385,#2386,#2387,#2388)) ;
#2433=EDGE_LOOP('',(#2434,#2435,#2436,#2437,#2438,#2439,#2440)) ;
#2463=EDGE_LOOP('',(#2464,#2465,#2466,#2467,#2468)) ;
#2490=EDGE_LOOP('',(#2491,#2492,#2493,#2494)) ;
#2516=EDGE_LOOP('',(#2517,#2518,#2519,#2520)) ;
#2547=EDGE_LOOP('',(#2548,#2549,#2550,#2551)) ;
#2564=EDGE_LOOP('',(#2565,#2566,#2567,#2568,#2569,#2570,#2571,#2572)) ;
#2585=EDGE_LOOP('',(#2586,#2587,#2588,#2589,#2590,#2591,#2592,#2593)) ;
#2620=EDGE_LOOP('',(#2621,#2622,#2623,#2624)) ;
#2637=EDGE_LOOP('',(#2638,#2639,#2640,#2641,#2642,#2643,#2644,#2645)) ;
#2658=EDGE_LOOP('',(#2659,#2660,#2661,#2662,#2663,#2664,#2665,#2666)) ;
#2693=EDGE_LOOP('',(#2694,#2695,#2696,#2697)) ;
#2710=EDGE_LOOP('',(#2711,#2712,#2713,#2714,#2715,#2716,#2717,#2718)) ;
#2731=EDGE_LOOP('',(#2732,#2733,#2734,#2735,#2736,#2737,#2738,#2739)) ;
#2766=EDGE_LOOP('',(#2767,#2768,#2769,#2770)) ;
#2783=EDGE_LOOP('',(#2784,#2785,#2786,#2787,#2788,#2789,#2790,#2791)) ;
#2804=EDGE_LOOP('',(#2805,#2806,#2807,#2808,#2809,#2810,#2811,#2812)) ;
#2839=EDGE_LOOP('',(#2840,#2841,#2842,#2843)) ;
#2856=EDGE_LOOP('',(#2857,#2858,#2859,#2860,#2861,#2862,#2863,#2864)) ;
#2877=EDGE_LOOP('',(#2878,#2879,#2880,#2881,#2882,#2883,#2884,#2885)) ;
#2905=EDGE_LOOP('',(#2906,#2907,#2908,#2909,#2910,#2911,#2912,#2913)) ;
#2933=EDGE_LOOP('',(#2934,#2935,#2936,#2937)) ;
#2950=EDGE_LOOP('',(#2951,#2952,#2953,#2954,#2955,#2956,#2957,#2958)) ;
#2976=EDGE_LOOP('',(#2977,#2978,#2979,#2980)) ;
#3015=EDGE_LOOP('',(#3016,#3017,#3018,#3019,#3020)) ;
#3055=EDGE_LOOP('',(#3056,#3057,#3058,#3059,#3060,#3061)) ;
#3074=EDGE_LOOP('',(#3075,#3076,#3077,#3078)) ;
#3105=EDGE_LOOP('',(#3106,#3107,#3108,#3109,#3110,#3111,#3112,#3113,#3114,#3115,#3116,#3117,#3118,#3119,#3120,#3121,#3122,#3123,#3124,#3125,#3126,#3127,#3128,#3129,#3130,#3131,#3132,#3133,#3134,#3135,#3136,#3137,#3138)) ;
#3155=EDGE_LOOP('',(#3156,#3157)) ;
#3184=EDGE_LOOP('',(#3185,#3186,#3187,#3188)) ;
#3224=EDGE_LOOP('',(#3225,#3226,#3227,#3228,#3229,#3230,#3231,#3232)) ;
#3240=EDGE_LOOP('',(#3241,#3242,#3243,#3244)) ;
#3318=EDGE_LOOP('',(#3319,#3320,#3321,#3322,#3323,#3324,#3325,#3326,#3327,#3328,#3329,#3330)) ;
#3357=EDGE_LOOP('',(#3358,#3359,#3360,#3361)) ;
#3398=EDGE_LOOP('',(#3399,#3400,#3401,#3402,#3403,#3404,#3405,#3406)) ;
#3424=EDGE_LOOP('',(#3425,#3426,#3427,#3428,#3429)) ;
#3463=EDGE_LOOP('',(#3464,#3465,#3466,#3467,#3468)) ;
#3495=EDGE_LOOP('',(#3496,#3497,#3498,#3499)) ;
#3528=EDGE_LOOP('',(#3529,#3530,#3531,#3532,#3533)) ;
#3546=EDGE_LOOP('',(#3547,#3548,#3549,#3550,#3551)) ;
#3554=EDGE_LOOP('',(#3555,#3556,#3557,#3558)) ;
#3561=EDGE_LOOP('',(#3562,#3563,#3564,#3565)) ;
#3573=EDGE_LOOP('',(#3574,#3575,#3576,#3577,#3578,#3579)) ;
#3597=EDGE_LOOP('',(#3598,#3599,#3600,#3601,#3602,#3603,#3604,#3605)) ;
#3607=EDGE_LOOP('',(#3608,#3609)) ;
#3611=EDGE_LOOP('',(#3612,#3613)) ;
#3616=EDGE_LOOP('',(#3617,#3618,#3619,#3620)) ;
#3643=EDGE_LOOP('',(#3644,#3645,#3646,#3647)) ;
#3665=EDGE_LOOP('',(#3666,#3667,#3668,#3669,#3670,#3671,#3672,#3673,#3674,#3675)) ;
#3702=EDGE_LOOP('',(#3703,#3704,#3705,#3706)) ;
#3721=EDGE_LOOP('',(#3722,#3723,#3724,#3725)) ;
#3745=EDGE_LOOP('',(#3746,#3747,#3748,#3749,#3750,#3751,#3752,#3753,#3754,#3755)) ;
#3780=EDGE_LOOP('',(#3781,#3782,#3783,#3784,#3785,#3786)) ;
#3806=EDGE_LOOP('',(#3807,#3808,#3809,#3810)) ;
#3830=EDGE_LOOP('',(#3831,#3832,#3833,#3834,#3835)) ;
#3862=EDGE_LOOP('',(#3863,#3864,#3865,#3866,#3867,#3868,#3869,#3870,#3871,#3872,#3873,#3874,#3875)) ;
#3900=EDGE_LOOP('',(#3901,#3902,#3903,#3904,#3905)) ;
#3925=EDGE_LOOP('',(#3926,#3927,#3928,#3929)) ;
#3944=EDGE_LOOP('',(#3945,#3946,#3947,#3948,#3949,#3950)) ;
#3970=EDGE_LOOP('',(#3971,#3972,#3973,#3974,#3975,#3976,#3977,#3978,#3979,#3980)) ;
#3995=EDGE_LOOP('',(#3996,#3997,#3998,#3999)) ;
#4019=EDGE_LOOP('',(#4020,#4021,#4022,#4023)) ;
#4031=EDGE_LOOP('',(#4032,#4033,#4034,#4035,#4036,#4037,#4038,#4039)) ;
#4052=EDGE_LOOP('',(#4053,#4054,#4055,#4056)) ;
#4064=EDGE_LOOP('',(#4065,#4066,#4067,#4068,#4069,#4070,#4071,#4072)) ;
#4099=EDGE_LOOP('',(#4100,#4101,#4102,#4103)) ;
#4111=EDGE_LOOP('',(#4112,#4113,#4114,#4115)) ;
#4132=EDGE_LOOP('',(#4133,#4134)) ;
#4161=EDGE_LOOP('',(#4162,#4163,#4164,#4165)) ;
#4173=EDGE_LOOP('',(#4174,#4175,#4176,#4177)) ;
#4204=EDGE_LOOP('',(#4205,#4206,#4207,#4208)) ;
#4235=EDGE_LOOP('',(#4236,#4237,#4238,#4239)) ;
#4257=EDGE_LOOP('',(#4258,#4259,#4260,#4261,#4262,#4263)) ;
#4284=EDGE_LOOP('',(#4285,#4286,#4287,#4288,#4289,#4290,#4291,#4292)) ;
#4312=EDGE_LOOP('',(#4313,#4314,#4315,#4316)) ;
#4336=EDGE_LOOP('',(#4337,#4338,#4339,#4340)) ;
#4353=EDGE_LOOP('',(#4354,#4355,#4356,#4357)) ;
#4393=EDGE_LOOP('',(#4394,#4395,#4396,#4397)) ;
#4424=EDGE_LOOP('',(#4425,#4426,#4427,#4428)) ;
#4462=EDGE_LOOP('',(#4463,#4464,#4465,#4466,#4467,#4468)) ;
#4488=EDGE_LOOP('',(#4489,#4490,#4491,#4492)) ;
#4519=EDGE_LOOP('',(#4520,#4521,#4522,#4523,#4524,#4525)) ;
#4538=EDGE_LOOP('',(#4539,#4540,#4541,#4542)) ;
#4555=EDGE_LOOP('',(#4556,#4557,#4558,#4559)) ;
#4595=EDGE_LOOP('',(#4596,#4597,#4598,#4599)) ;
#4621=EDGE_LOOP('',(#4622,#4623,#4624,#4625)) ;
#4654=EDGE_LOOP('',(#4655,#4656,#4657,#4658,#4659,#4660)) ;
#4680=EDGE_LOOP('',(#4681,#4682,#4683,#4684)) ;
#4706=EDGE_LOOP('',(#4707,#4708,#4709,#4710,#4711,#4712)) ;
#4725=EDGE_LOOP('',(#4726,#4727,#4728,#4729)) ;
#4737=EDGE_LOOP('',(#4738,#4739,#4740,#4741)) ;
#4749=EDGE_LOOP('',(#4750,#4751,#4752,#4753)) ;
#4755=EDGE_LOOP('',(#4756,#4757,#4758,#4759)) ;
#4789=EDGE_LOOP('',(#4790,#4791,#4792,#4793)) ;
#4823=EDGE_LOOP('',(#4824,#4825,#4826,#4827)) ;
#4857=EDGE_LOOP('',(#4858,#4859,#4860,#4861)) ;
#4869=EDGE_LOOP('',(#4870,#4871,#4872,#4873)) ;
#4875=EDGE_LOOP('',(#4876,#4877,#4878,#4879)) ;
#4909=EDGE_LOOP('',(#4910,#4911,#4912,#4913)) ;
#4943=EDGE_LOOP('',(#4944,#4945,#4946,#4947)) ;
#4977=EDGE_LOOP('',(#4978,#4979,#4980,#4981)) ;
#5017=EDGE_LOOP('',(#5018,#5019,#5020,#5021)) ;
#5039=EDGE_LOOP('',(#5040,#5041,#5042,#5043)) ;
#5070=EDGE_LOOP('',(#5071,#5072,#5073,#5074,#5075,#5076)) ;
#5096=EDGE_LOOP('',(#5097,#5098,#5099,#5100)) ;
#5120=EDGE_LOOP('',(#5121,#5122,#5123,#5124,#5125,#5126)) ;
#5139=EDGE_LOOP('',(#5140,#5141,#5142,#5143)) ;
#5151=EDGE_LOOP('',(#5152,#5153,#5154,#5155)) ;
#5191=EDGE_LOOP('',(#5192,#5193,#5194,#5195)) ;
#5213=EDGE_LOOP('',(#5214,#5215,#5216,#5217)) ;
#5244=EDGE_LOOP('',(#5245,#5246,#5247,#5248,#5249,#5250)) ;
#5270=EDGE_LOOP('',(#5271,#5272,#5273,#5274)) ;
#5294=EDGE_LOOP('',(#5295,#5296,#5297,#5298,#5299,#5300)) ;
#5313=EDGE_LOOP('',(#5314,#5315,#5316,#5317)) ;
#5325=EDGE_LOOP('',(#5326,#5327,#5328,#5329)) ;
#5365=EDGE_LOOP('',(#5366,#5367,#5368,#5369)) ;
#5387=EDGE_LOOP('',(#5388,#5389,#5390,#5391)) ;
#5418=EDGE_LOOP('',(#5419,#5420,#5421,#5422,#5423,#5424)) ;
#5444=EDGE_LOOP('',(#5445,#5446,#5447,#5448)) ;
#5468=EDGE_LOOP('',(#5469,#5470,#5471,#5472,#5473,#5474)) ;
#5487=EDGE_LOOP('',(#5488,#5489,#5490,#5491)) ;
#5499=EDGE_LOOP('',(#5500,#5501,#5502,#5503)) ;
#5539=EDGE_LOOP('',(#5540,#5541,#5542,#5543)) ;
#5556=EDGE_LOOP('',(#5557,#5558,#5559,#5560)) ;
#5582=EDGE_LOOP('',(#5583,#5584,#5585,#5586,#5587,#5588)) ;
#5608=EDGE_LOOP('',(#5609,#5610,#5611,#5612)) ;
#5627=EDGE_LOOP('',(#5628,#5629,#5630,#5631,#5632,#5633)) ;
#5646=EDGE_LOOP('',(#5647,#5648,#5649,#5650)) ;
#5653=EDGE_LOOP('',(#5654,#5655,#5656,#5657)) ;
#5693=EDGE_LOOP('',(#5694,#5695,#5696,#5697)) ;
#5710=EDGE_LOOP('',(#5711,#5712,#5713,#5714)) ;
#5736=EDGE_LOOP('',(#5737,#5738,#5739,#5740,#5741,#5742)) ;
#5762=EDGE_LOOP('',(#5763,#5764,#5765,#5766)) ;
#5781=EDGE_LOOP('',(#5782,#5783,#5784,#5785,#5786,#5787)) ;
#5800=EDGE_LOOP('',(#5801,#5802,#5803,#5804)) ;
#5807=EDGE_LOOP('',(#5808,#5809,#5810,#5811)) ;
#5847=EDGE_LOOP('',(#5848,#5849,#5850,#5851)) ;
#5864=EDGE_LOOP('',(#5865,#5866,#5867,#5868)) ;
#5890=EDGE_LOOP('',(#5891,#5892,#5893,#5894,#5895,#5896)) ;
#5916=EDGE_LOOP('',(#5917,#5918,#5919,#5920)) ;
#5935=EDGE_LOOP('',(#5936,#5937,#5938,#5939,#5940,#5941)) ;
#5954=EDGE_LOOP('',(#5955,#5956,#5957,#5958)) ;
#5961=EDGE_LOOP('',(#5962,#5963,#5964,#5965)) ;
#5973=EDGE_LOOP('',(#5974,#5975,#5976,#5977,#5978,#5979,#5980,#5981)) ;
#5983=EDGE_LOOP('',(#5984,#5985)) ;
#5987=EDGE_LOOP('',(#5988,#5989)) ;
#5991=EDGE_LOOP('',(#5992,#5993,#5994,#5995,#5996,#5997,#5998,#5999,#6000,#6001,#6002,#6003,#6004,#6005,#6006,#6007,#6008,#6009,#6010)) ;
#6054=EDGE_LOOP('',(#6055,#6056,#6057,#6058,#6059,#6060)) ;
#6104=EDGE_LOOP('',(#6105,#6106,#6107,#6108,#6109,#6110)) ;
#6137=EDGE_LOOP('',(#6138,#6139,#6140,#6141)) ;
#6161=EDGE_LOOP('',(#6162,#6163,#6164,#6165)) ;
#6180=EDGE_LOOP('',(#6181,#6182,#6183,#6184)) ;
#6206=EDGE_LOOP('',(#6207,#6208,#6209,#6210,#6211,#6212)) ;
#6225=EDGE_LOOP('',(#6226,#6227,#6228,#6229)) ;
#6242=EDGE_LOOP('',(#6243,#6244,#6245,#6246)) ;
#6254=EDGE_LOOP('',(#6255,#6256,#6257,#6258)) ;
#6285=EDGE_LOOP('',(#6286,#6287,#6288,#6289)) ;
#6309=EDGE_LOOP('',(#6310,#6311,#6312,#6313)) ;
#6333=EDGE_LOOP('',(#6334,#6335,#6336,#6337)) ;
#6359=EDGE_LOOP('',(#6360,#6361,#6362,#6363,#6364,#6365)) ;
#6373=EDGE_LOOP('',(#6374,#6375,#6376,#6377)) ;
#6390=EDGE_LOOP('',(#6391,#6392,#6393,#6394)) ;
#6402=EDGE_LOOP('',(#6403,#6404,#6405,#6406)) ;
#74=FACE_OUTER_BOUND('',#71,.T.) ;
#114=FACE_OUTER_BOUND('',#109,.T.) ;
#145=FACE_OUTER_BOUND('',#140,.T.) ;
#176=FACE_OUTER_BOUND('',#171,.T.) ;
#216=FACE_OUTER_BOUND('',#211,.T.) ;
#256=FACE_OUTER_BOUND('',#251,.T.) ;
#304=FACE_OUTER_BOUND('',#298,.T.) ;
#392=FACE_OUTER_BOUND('',#381,.T.) ;
#450=FACE_OUTER_BOUND('',#445,.T.) ;
#518=FACE_OUTER_BOUND('',#508,.T.) ;
#568=FACE_OUTER_BOUND('',#556,.T.) ;
#601=FACE_OUTER_BOUND('',#595,.T.) ;
#625=FACE_OUTER_BOUND('',#620,.T.) ;
#649=FACE_OUTER_BOUND('',#644,.T.) ;
#673=FACE_OUTER_BOUND('',#668,.T.) ;
#699=FACE_OUTER_BOUND('',#693,.T.) ;
#709=FACE_OUTER_BOUND('',#706,.T.) ;
#790=FACE_OUTER_BOUND('',#782,.T.) ;
#821=FACE_OUTER_BOUND('',#816,.T.) ;
#861=FACE_OUTER_BOUND('',#856,.T.) ;
#901=FACE_OUTER_BOUND('',#896,.T.) ;
#941=FACE_OUTER_BOUND('',#936,.T.) ;
#972=FACE_OUTER_BOUND('',#967,.T.) ;
#991=FACE_OUTER_BOUND('',#988,.T.) ;
#1072=FACE_OUTER_BOUND('',#1063,.T.) ;
#1098=FACE_OUTER_BOUND('',#1093,.T.) ;
#1133=FACE_OUTER_BOUND('',#1128,.T.) ;
#1182=FACE_OUTER_BOUND('',#1177,.T.) ;
#1249=FACE_OUTER_BOUND('',#1246,.T.) ;
#1298=FACE_OUTER_BOUND('',#1293,.T.) ;
#1310=FACE_OUTER_BOUND('',#1305,.T.) ;
#1393=FACE_OUTER_BOUND('',#1382,.T.) ;
#1457=FACE_OUTER_BOUND('',#1446,.T.) ;
#1489=FACE_OUTER_BOUND('',#1483,.T.) ;
#1520=FACE_OUTER_BOUND('',#1515,.T.) ;
#1546=FACE_OUTER_BOUND('',#1541,.T.) ;
#1572=FACE_OUTER_BOUND('',#1567,.T.) ;
#1598=FACE_OUTER_BOUND('',#1593,.T.) ;
#1624=FACE_OUTER_BOUND('',#1619,.T.) ;
#1651=FACE_OUTER_BOUND('',#1645,.T.) ;
#1677=FACE_OUTER_BOUND('',#1672,.T.) ;
#1703=FACE_OUTER_BOUND('',#1698,.T.) ;
#1729=FACE_OUTER_BOUND('',#1724,.T.) ;
#1755=FACE_OUTER_BOUND('',#1750,.T.) ;
#1781=FACE_OUTER_BOUND('',#1776,.T.) ;
#1814=FACE_OUTER_BOUND('',#1809,.T.) ;
#1842=FACE_OUTER_BOUND('',#1837,.T.) ;
#1870=FACE_OUTER_BOUND('',#1865,.T.) ;
#1898=FACE_OUTER_BOUND('',#1893,.T.) ;
#1926=FACE_OUTER_BOUND('',#1921,.T.) ;
#1954=FACE_OUTER_BOUND('',#1949,.T.) ;
#1980=FACE_OUTER_BOUND('',#1975,.T.) ;
#2006=FACE_OUTER_BOUND('',#2001,.T.) ;
#2032=FACE_OUTER_BOUND('',#2027,.T.) ;
#2058=FACE_OUTER_BOUND('',#2053,.T.) ;
#2084=FACE_OUTER_BOUND('',#2079,.T.) ;
#2110=FACE_OUTER_BOUND('',#2105,.T.) ;
#2141=FACE_OUTER_BOUND('',#2136,.T.) ;
#2167=FACE_OUTER_BOUND('',#2162,.T.) ;
#2201=FACE_OUTER_BOUND('',#2195,.T.) ;
#2227=FACE_OUTER_BOUND('',#2222,.T.) ;
#2253=FACE_OUTER_BOUND('',#2248,.T.) ;
#2287=FACE_OUTER_BOUND('',#2281,.T.) ;
#2318=FACE_OUTER_BOUND('',#2313,.T.) ;
#2337=FACE_OUTER_BOUND('',#2332,.T.) ;
#2363=FACE_OUTER_BOUND('',#2358,.T.) ;
#2389=FACE_OUTER_BOUND('',#2384,.T.) ;
#2441=FACE_OUTER_BOUND('',#2433,.T.) ;
#2469=FACE_OUTER_BOUND('',#2463,.T.) ;
#2495=FACE_OUTER_BOUND('',#2490,.T.) ;
#2521=FACE_OUTER_BOUND('',#2516,.T.) ;
#2552=FACE_OUTER_BOUND('',#2547,.T.) ;
#2573=FACE_OUTER_BOUND('',#2564,.T.) ;
#2594=FACE_OUTER_BOUND('',#2585,.T.) ;
#2625=FACE_OUTER_BOUND('',#2620,.T.) ;
#2646=FACE_OUTER_BOUND('',#2637,.T.) ;
#2667=FACE_OUTER_BOUND('',#2658,.T.) ;
#2698=FACE_OUTER_BOUND('',#2693,.T.) ;
#2719=FACE_OUTER_BOUND('',#2710,.T.) ;
#2740=FACE_OUTER_BOUND('',#2731,.T.) ;
#2771=FACE_OUTER_BOUND('',#2766,.T.) ;
#2792=FACE_OUTER_BOUND('',#2783,.T.) ;
#2813=FACE_OUTER_BOUND('',#2804,.T.) ;
#2844=FACE_OUTER_BOUND('',#2839,.T.) ;
#2865=FACE_OUTER_BOUND('',#2856,.T.) ;
#2886=FACE_OUTER_BOUND('',#2877,.T.) ;
#2914=FACE_OUTER_BOUND('',#2905,.T.) ;
#2938=FACE_OUTER_BOUND('',#2933,.T.) ;
#2959=FACE_OUTER_BOUND('',#2950,.T.) ;
#2981=FACE_OUTER_BOUND('',#2976,.T.) ;
#3021=FACE_OUTER_BOUND('',#3015,.T.) ;
#3062=FACE_OUTER_BOUND('',#3055,.T.) ;
#3079=FACE_OUTER_BOUND('',#3074,.T.) ;
#3139=FACE_OUTER_BOUND('',#3105,.T.) ;
#3158=FACE_OUTER_BOUND('',#3155,.T.) ;
#3189=FACE_OUTER_BOUND('',#3184,.T.) ;
#3233=FACE_OUTER_BOUND('',#3224,.T.) ;
#3245=FACE_OUTER_BOUND('',#3240,.T.) ;
#3331=FACE_OUTER_BOUND('',#3318,.T.) ;
#3362=FACE_OUTER_BOUND('',#3357,.T.) ;
#3407=FACE_OUTER_BOUND('',#3398,.T.) ;
#3430=FACE_OUTER_BOUND('',#3424,.T.) ;
#3469=FACE_OUTER_BOUND('',#3463,.T.) ;
#3500=FACE_OUTER_BOUND('',#3495,.T.) ;
#3534=FACE_OUTER_BOUND('',#3528,.T.) ;
#3552=FACE_OUTER_BOUND('',#3546,.T.) ;
#3559=FACE_OUTER_BOUND('',#3554,.T.) ;
#3566=FACE_OUTER_BOUND('',#3561,.T.) ;
#3580=FACE_OUTER_BOUND('',#3573,.T.) ;
#3606=FACE_OUTER_BOUND('',#3597,.T.) ;
#3621=FACE_OUTER_BOUND('',#3616,.T.) ;
#3648=FACE_OUTER_BOUND('',#3643,.T.) ;
#3676=FACE_OUTER_BOUND('',#3665,.T.) ;
#3707=FACE_OUTER_BOUND('',#3702,.T.) ;
#3726=FACE_OUTER_BOUND('',#3721,.T.) ;
#3756=FACE_OUTER_BOUND('',#3745,.T.) ;
#3787=FACE_OUTER_BOUND('',#3780,.T.) ;
#3811=FACE_OUTER_BOUND('',#3806,.T.) ;
#3836=FACE_OUTER_BOUND('',#3830,.T.) ;
#3876=FACE_OUTER_BOUND('',#3862,.T.) ;
#3906=FACE_OUTER_BOUND('',#3900,.T.) ;
#3930=FACE_OUTER_BOUND('',#3925,.T.) ;
#3951=FACE_OUTER_BOUND('',#3944,.T.) ;
#3981=FACE_OUTER_BOUND('',#3970,.T.) ;
#4000=FACE_OUTER_BOUND('',#3995,.T.) ;
#4024=FACE_OUTER_BOUND('',#4019,.T.) ;
#4040=FACE_OUTER_BOUND('',#4031,.T.) ;
#4057=FACE_OUTER_BOUND('',#4052,.T.) ;
#4073=FACE_OUTER_BOUND('',#4064,.T.) ;
#4104=FACE_OUTER_BOUND('',#4099,.T.) ;
#4116=FACE_OUTER_BOUND('',#4111,.T.) ;
#4135=FACE_OUTER_BOUND('',#4132,.T.) ;
#4166=FACE_OUTER_BOUND('',#4161,.T.) ;
#4178=FACE_OUTER_BOUND('',#4173,.T.) ;
#4209=FACE_OUTER_BOUND('',#4204,.T.) ;
#4240=FACE_OUTER_BOUND('',#4235,.T.) ;
#4264=FACE_OUTER_BOUND('',#4257,.T.) ;
#4317=FACE_OUTER_BOUND('',#4312,.T.) ;
#4341=FACE_OUTER_BOUND('',#4336,.T.) ;
#4358=FACE_OUTER_BOUND('',#4353,.T.) ;
#4398=FACE_OUTER_BOUND('',#4393,.T.) ;
#4429=FACE_OUTER_BOUND('',#4424,.T.) ;
#4469=FACE_OUTER_BOUND('',#4462,.T.) ;
#4493=FACE_OUTER_BOUND('',#4488,.T.) ;
#4526=FACE_OUTER_BOUND('',#4519,.T.) ;
#4543=FACE_OUTER_BOUND('',#4538,.T.) ;
#4560=FACE_OUTER_BOUND('',#4555,.T.) ;
#4600=FACE_OUTER_BOUND('',#4595,.T.) ;
#4626=FACE_OUTER_BOUND('',#4621,.T.) ;
#4661=FACE_OUTER_BOUND('',#4654,.T.) ;
#4685=FACE_OUTER_BOUND('',#4680,.T.) ;
#4713=FACE_OUTER_BOUND('',#4706,.T.) ;
#4730=FACE_OUTER_BOUND('',#4725,.T.) ;
#4742=FACE_OUTER_BOUND('',#4737,.T.) ;
#4754=FACE_OUTER_BOUND('',#4749,.T.) ;
#4874=FACE_OUTER_BOUND('',#4869,.T.) ;
#5022=FACE_OUTER_BOUND('',#5017,.T.) ;
#5044=FACE_OUTER_BOUND('',#5039,.T.) ;
#5077=FACE_OUTER_BOUND('',#5070,.T.) ;
#5101=FACE_OUTER_BOUND('',#5096,.T.) ;
#5127=FACE_OUTER_BOUND('',#5120,.T.) ;
#5144=FACE_OUTER_BOUND('',#5139,.T.) ;
#5156=FACE_OUTER_BOUND('',#5151,.T.) ;
#5196=FACE_OUTER_BOUND('',#5191,.T.) ;
#5218=FACE_OUTER_BOUND('',#5213,.T.) ;
#5251=FACE_OUTER_BOUND('',#5244,.T.) ;
#5275=FACE_OUTER_BOUND('',#5270,.T.) ;
#5301=FACE_OUTER_BOUND('',#5294,.T.) ;
#5318=FACE_OUTER_BOUND('',#5313,.T.) ;
#5330=FACE_OUTER_BOUND('',#5325,.T.) ;
#5370=FACE_OUTER_BOUND('',#5365,.T.) ;
#5392=FACE_OUTER_BOUND('',#5387,.T.) ;
#5425=FACE_OUTER_BOUND('',#5418,.T.) ;
#5449=FACE_OUTER_BOUND('',#5444,.T.) ;
#5475=FACE_OUTER_BOUND('',#5468,.T.) ;
#5492=FACE_OUTER_BOUND('',#5487,.T.) ;
#5504=FACE_OUTER_BOUND('',#5499,.T.) ;
#5544=FACE_OUTER_BOUND('',#5539,.T.) ;
#5561=FACE_OUTER_BOUND('',#5556,.T.) ;
#5589=FACE_OUTER_BOUND('',#5582,.T.) ;
#5613=FACE_OUTER_BOUND('',#5608,.T.) ;
#5634=FACE_OUTER_BOUND('',#5627,.T.) ;
#5651=FACE_OUTER_BOUND('',#5646,.T.) ;
#5658=FACE_OUTER_BOUND('',#5653,.T.) ;
#5698=FACE_OUTER_BOUND('',#5693,.T.) ;
#5715=FACE_OUTER_BOUND('',#5710,.T.) ;
#5743=FACE_OUTER_BOUND('',#5736,.T.) ;
#5767=FACE_OUTER_BOUND('',#5762,.T.) ;
#5788=FACE_OUTER_BOUND('',#5781,.T.) ;
#5805=FACE_OUTER_BOUND('',#5800,.T.) ;
#5812=FACE_OUTER_BOUND('',#5807,.T.) ;
#5852=FACE_OUTER_BOUND('',#5847,.T.) ;
#5869=FACE_OUTER_BOUND('',#5864,.T.) ;
#5897=FACE_OUTER_BOUND('',#5890,.T.) ;
#5921=FACE_OUTER_BOUND('',#5916,.T.) ;
#5942=FACE_OUTER_BOUND('',#5935,.T.) ;
#5959=FACE_OUTER_BOUND('',#5954,.T.) ;
#5966=FACE_OUTER_BOUND('',#5961,.T.) ;
#5982=FACE_OUTER_BOUND('',#5973,.T.) ;
#6142=FACE_OUTER_BOUND('',#6137,.T.) ;
#6166=FACE_OUTER_BOUND('',#6161,.T.) ;
#6185=FACE_OUTER_BOUND('',#6180,.T.) ;
#6213=FACE_OUTER_BOUND('',#6206,.T.) ;
#6230=FACE_OUTER_BOUND('',#6225,.T.) ;
#6247=FACE_OUTER_BOUND('',#6242,.T.) ;
#6259=FACE_OUTER_BOUND('',#6254,.T.) ;
#6290=FACE_OUTER_BOUND('',#6285,.T.) ;
#6314=FACE_OUTER_BOUND('',#6309,.T.) ;
#6338=FACE_OUTER_BOUND('',#6333,.T.) ;
#6366=FACE_OUTER_BOUND('',#6359,.T.) ;
#6378=FACE_OUTER_BOUND('',#6373,.T.) ;
#6395=FACE_OUTER_BOUND('',#6390,.T.) ;
#6407=FACE_OUTER_BOUND('',#6402,.T.) ;
#6414=GEOMETRIC_SET('NONE',(#6412,#6416,#6417)) ;
#6413=GEOMETRICALLY_BOUNDED_SURFACE_SHAPE_REPRESENTATION('NONE',(#6414),#46) ;
#45=UNCERTAINTY_MEASURE_WITH_UNIT(LENGTH_MEASURE(0.005),#41,'distance_accuracy_value','CONFUSED CURVE UNCERTAINTY') ;
#93=LINE('Line',#90,#92) ;
#107=LINE('Line',#104,#106) ;
#124=LINE('Line',#121,#123) ;
#131=LINE('Line',#128,#130) ;
#138=LINE('Line',#135,#137) ;
#169=LINE('Line',#166,#168) ;
#186=LINE('Line',#183,#185) ;
#202=LINE('Line',#199,#201) ;
#226=LINE('Line',#223,#225) ;
#242=LINE('Line',#239,#241) ;
#266=LINE('Line',#263,#265) ;
#275=LINE('Line',#272,#274) ;
#296=LINE('Line',#293,#295) ;
#314=LINE('Line',#311,#313) ;
#337=LINE('Line',#334,#336) ;
#344=LINE('Line',#341,#343) ;
#351=LINE('Line',#348,#350) ;
#372=LINE('Line',#369,#371) ;
#379=LINE('Line',#376,#378) ;
#420=LINE('Line',#417,#419) ;
#460=LINE('Line',#457,#459) ;
#478=LINE('Line',#475,#477) ;
#492=LINE('Line',#489,#491) ;
#506=LINE('Line',#503,#505) ;
#542=LINE('Line',#539,#541) ;
#547=LINE('Line',#544,#546) ;
#588=LINE('Line',#585,#587) ;
#611=LINE('Line',#608,#610) ;
#635=LINE('Line',#632,#634) ;
#642=LINE('Line',#639,#641) ;
#666=LINE('Line',#663,#665) ;
#780=LINE('Line',#777,#779) ;
#831=LINE('Line',#828,#830) ;
#847=LINE('Line',#844,#846) ;
#871=LINE('Line',#868,#870) ;
#887=LINE('Line',#884,#886) ;
#911=LINE('Line',#908,#910) ;
#920=LINE('Line',#917,#919) ;
#927=LINE('Line',#924,#926) ;
#934=LINE('Line',#931,#933) ;
#951=LINE('Line',#948,#950) ;
#958=LINE('Line',#955,#957) ;
#965=LINE('Line',#962,#964) ;
#986=LINE('Line',#983,#985) ;
#1019=LINE('Line',#1016,#1018) ;
#1033=LINE('Line',#1030,#1032) ;
#1047=LINE('Line',#1044,#1046) ;
#1061=LINE('Line',#1058,#1060) ;
#1103=LINE('Line',#1100,#1102) ;
#1112=LINE('Line',#1109,#1111) ;
#1119=LINE('Line',#1116,#1118) ;
#1126=LINE('Line',#1123,#1125) ;
#1161=LINE('Line',#1158,#1160) ;
#1175=LINE('Line',#1172,#1174) ;
#1277=LINE('Line',#1274,#1276) ;
#1284=LINE('Line',#1281,#1283) ;
#1320=LINE('Line',#1317,#1319) ;
#1327=LINE('Line',#1324,#1326) ;
#1467=LINE('Line',#1464,#1466) ;
#1481=LINE('Line',#1478,#1480) ;
#1499=LINE('Line',#1496,#1498) ;
#1513=LINE('Line',#1510,#1512) ;
#1525=LINE('Line',#1522,#1524) ;
#1539=LINE('Line',#1536,#1538) ;
#1551=LINE('Line',#1548,#1550) ;
#1558=LINE('Line',#1555,#1557) ;
#1577=LINE('Line',#1574,#1576) ;
#1591=LINE('Line',#1588,#1590) ;
#1603=LINE('Line',#1600,#1602) ;
#1617=LINE('Line',#1614,#1616) ;
#1629=LINE('Line',#1626,#1628) ;
#1643=LINE('Line',#1640,#1642) ;
#1656=LINE('Line',#1653,#1655) ;
#1670=LINE('Line',#1667,#1669) ;
#1682=LINE('Line',#1679,#1681) ;
#1696=LINE('Line',#1693,#1695) ;
#1708=LINE('Line',#1705,#1707) ;
#1722=LINE('Line',#1719,#1721) ;
#1734=LINE('Line',#1731,#1733) ;
#1748=LINE('Line',#1745,#1747) ;
#1769=LINE('Line',#1766,#1768) ;
#1774=LINE('Line',#1771,#1773) ;
#1959=LINE('Line',#1956,#1958) ;
#1973=LINE('Line',#1970,#1972) ;
#1985=LINE('Line',#1982,#1984) ;
#1992=LINE('Line',#1989,#1991) ;
#2011=LINE('Line',#2008,#2010) ;
#2025=LINE('Line',#2022,#2024) ;
#2037=LINE('Line',#2034,#2036) ;
#2051=LINE('Line',#2048,#2050) ;
#2063=LINE('Line',#2060,#2062) ;
#2077=LINE('Line',#2074,#2076) ;
#2098=LINE('Line',#2095,#2097) ;
#2103=LINE('Line',#2100,#2102) ;
#2120=LINE('Line',#2117,#2119) ;
#2134=LINE('Line',#2131,#2133) ;
#2146=LINE('Line',#2143,#2145) ;
#2153=LINE('Line',#2150,#2152) ;
#2172=LINE('Line',#2169,#2171) ;
#2193=LINE('Line',#2190,#2192) ;
#2215=LINE('Line',#2212,#2214) ;
#2220=LINE('Line',#2217,#2219) ;
#2232=LINE('Line',#2229,#2231) ;
#2239=LINE('Line',#2236,#2238) ;
#2258=LINE('Line',#2255,#2257) ;
#2279=LINE('Line',#2276,#2278) ;
#2297=LINE('Line',#2294,#2296) ;
#2311=LINE('Line',#2308,#2310) ;
#2323=LINE('Line',#2320,#2322) ;
#2351=LINE('Line',#2348,#2350) ;
#2356=LINE('Line',#2353,#2355) ;
#2368=LINE('Line',#2365,#2367) ;
#2382=LINE('Line',#2379,#2381) ;
#2394=LINE('Line',#2391,#2393) ;
#2431=LINE('Line',#2428,#2430) ;
#2446=LINE('Line',#2443,#2445) ;
#2474=LINE('Line',#2471,#2473) ;
#2481=LINE('Line',#2478,#2480) ;
#2500=LINE('Line',#2497,#2499) ;
#2514=LINE('Line',#2511,#2513) ;
#2531=LINE('Line',#2528,#2530) ;
#2545=LINE('Line',#2542,#2544) ;
#2562=LINE('Line',#2559,#2561) ;
#2583=LINE('Line',#2580,#2582) ;
#2604=LINE('Line',#2601,#2603) ;
#2618=LINE('Line',#2615,#2617) ;
#2635=LINE('Line',#2632,#2634) ;
#2656=LINE('Line',#2653,#2655) ;
#2677=LINE('Line',#2674,#2676) ;
#2691=LINE('Line',#2688,#2690) ;
#2708=LINE('Line',#2705,#2707) ;
#2729=LINE('Line',#2726,#2728) ;
#2750=LINE('Line',#2747,#2749) ;
#2764=LINE('Line',#2761,#2763) ;
#2781=LINE('Line',#2778,#2780) ;
#2802=LINE('Line',#2799,#2801) ;
#2823=LINE('Line',#2820,#2822) ;
#2837=LINE('Line',#2834,#2836) ;
#2854=LINE('Line',#2851,#2853) ;
#2875=LINE('Line',#2872,#2874) ;
#2896=LINE('Line',#2893,#2895) ;
#2903=LINE('Line',#2900,#2902) ;
#2931=LINE('Line',#2928,#2930) ;
#2948=LINE('Line',#2945,#2947) ;
#3001=LINE('Line',#2998,#3000) ;
#3006=LINE('Line',#3003,#3005) ;
#3013=LINE('Line',#3010,#3012) ;
#3031=LINE('Line',#3028,#3030) ;
#3046=LINE('Line',#3043,#3045) ;
#3053=LINE('Line',#3050,#3052) ;
#3153=LINE('Line',#3150,#3152) ;
#3168=LINE('Line',#3165,#3167) ;
#3208=LINE('Line',#3205,#3207) ;
#3222=LINE('Line',#3219,#3221) ;
#3238=LINE('Line',#3235,#3237) ;
#3255=LINE('Line',#3252,#3254) ;
#3260=LINE('Line',#3257,#3259) ;
#3267=LINE('Line',#3264,#3266) ;
#3274=LINE('Line',#3271,#3273) ;
#3281=LINE('Line',#3278,#3280) ;
#3288=LINE('Line',#3285,#3287) ;
#3295=LINE('Line',#3292,#3294) ;
#3302=LINE('Line',#3299,#3301) ;
#3309=LINE('Line',#3306,#3308) ;
#3316=LINE('Line',#3313,#3315) ;
#3341=LINE('Line',#3338,#3340) ;
#3350=LINE('Line',#3347,#3349) ;
#3355=LINE('Line',#3352,#3354) ;
#3372=LINE('Line',#3369,#3371) ;
#3377=LINE('Line',#3374,#3376) ;
#3382=LINE('Line',#3379,#3381) ;
#3389=LINE('Line',#3386,#3388) ;
#3396=LINE('Line',#3393,#3395) ;
#3417=LINE('Line',#3414,#3416) ;
#3422=LINE('Line',#3419,#3421) ;
#3440=LINE('Line',#3437,#3439) ;
#3449=LINE('Line',#3446,#3448) ;
#3454=LINE('Line',#3451,#3453) ;
#3461=LINE('Line',#3458,#3460) ;
#3479=LINE('Line',#3476,#3478) ;
#3486=LINE('Line',#3483,#3485) ;
#3493=LINE('Line',#3490,#3492) ;
#3505=LINE('Line',#3502,#3504) ;
#3512=LINE('Line',#3509,#3511) ;
#3519=LINE('Line',#3516,#3518) ;
#3526=LINE('Line',#3523,#3525) ;
#3539=LINE('Line',#3536,#3538) ;
#3544=LINE('Line',#3541,#3543) ;
#3590=LINE('Line',#3587,#3589) ;
#3595=LINE('Line',#3592,#3594) ;
#3631=LINE('Line',#3628,#3630) ;
#3653=LINE('Line',#3650,#3652) ;
#3658=LINE('Line',#3655,#3657) ;
#3663=LINE('Line',#3660,#3662) ;
#3686=LINE('Line',#3683,#3685) ;
#3693=LINE('Line',#3690,#3692) ;
#3700=LINE('Line',#3697,#3699) ;
#3712=LINE('Line',#3709,#3711) ;
#3719=LINE('Line',#3716,#3718) ;
#3736=LINE('Line',#3733,#3735) ;
#3743=LINE('Line',#3740,#3742) ;
#3766=LINE('Line',#3763,#3765) ;
#3773=LINE('Line',#3770,#3772) ;
#3778=LINE('Line',#3775,#3777) ;
#3797=LINE('Line',#3794,#3796) ;
#3821=LINE('Line',#3818,#3820) ;
#3828=LINE('Line',#3825,#3827) ;
#3846=LINE('Line',#3843,#3845) ;
#3853=LINE('Line',#3850,#3852) ;
#3860=LINE('Line',#3857,#3859) ;
#3886=LINE('Line',#3883,#3885) ;
#3893=LINE('Line',#3890,#3892) ;
#3898=LINE('Line',#3895,#3897) ;
#3916=LINE('Line',#3913,#3915) ;
#3935=LINE('Line',#3932,#3934) ;
#3942=LINE('Line',#3939,#3941) ;
#3961=LINE('Line',#3958,#3960) ;
#3968=LINE('Line',#3965,#3967) ;
#3986=LINE('Line',#3983,#3985) ;
#3993=LINE('Line',#3990,#3992) ;
#4010=LINE('Line',#4007,#4009) ;
#4017=LINE('Line',#4014,#4016) ;
#4029=LINE('Line',#4026,#4028) ;
#4050=LINE('Line',#4047,#4049) ;
#4062=LINE('Line',#4059,#4061) ;
#4092=LINE('Line',#4089,#4091) ;
#4097=LINE('Line',#4094,#4096) ;
#4154=LINE('Line',#4151,#4153) ;
#4159=LINE('Line',#4156,#4158) ;
#4188=LINE('Line',#4185,#4187) ;
#4197=LINE('Line',#4194,#4196) ;
#4202=LINE('Line',#4199,#4201) ;
#4226=LINE('Line',#4223,#4225) ;
#4250=LINE('Line',#4247,#4249) ;
#4255=LINE('Line',#4252,#4254) ;
#4277=LINE('Line',#4274,#4276) ;
#4282=LINE('Line',#4279,#4281) ;
#4303=LINE('Line',#4300,#4302) ;
#4310=LINE('Line',#4307,#4309) ;
#4327=LINE('Line',#4324,#4326) ;
#4334=LINE('Line',#4331,#4333) ;
#4377=LINE('Line',#4374,#4376) ;
#4391=LINE('Line',#4388,#4390) ;
#4408=LINE('Line',#4405,#4407) ;
#4415=LINE('Line',#4412,#4414) ;
#4422=LINE('Line',#4419,#4421) ;
#4439=LINE('Line',#4436,#4438) ;
#4453=LINE('Line',#4450,#4452) ;
#4460=LINE('Line',#4457,#4459) ;
#4479=LINE('Line',#4476,#4478) ;
#4486=LINE('Line',#4483,#4485) ;
#4503=LINE('Line',#4500,#4502) ;
#4510=LINE('Line',#4507,#4509) ;
#4536=LINE('Line',#4533,#4535) ;
#4553=LINE('Line',#4550,#4552) ;
#4579=LINE('Line',#4576,#4578) ;
#4593=LINE('Line',#4590,#4592) ;
#4605=LINE('Line',#4602,#4604) ;
#4612=LINE('Line',#4609,#4611) ;
#4619=LINE('Line',#4616,#4618) ;
#4631=LINE('Line',#4628,#4630) ;
#4645=LINE('Line',#4642,#4644) ;
#4652=LINE('Line',#4649,#4651) ;
#4671=LINE('Line',#4668,#4670) ;
#4678=LINE('Line',#4675,#4677) ;
#4690=LINE('Line',#4687,#4689) ;
#4697=LINE('Line',#4694,#4696) ;
#4723=LINE('Line',#4720,#4722) ;
#4735=LINE('Line',#4732,#4734) ;
#4764=LINE('Line',#4761,#4763) ;
#4773=LINE('Line',#4770,#4772) ;
#4780=LINE('Line',#4777,#4779) ;
#4787=LINE('Line',#4784,#4786) ;
#4798=LINE('Line',#4795,#4797) ;
#4807=LINE('Line',#4804,#4806) ;
#4814=LINE('Line',#4811,#4813) ;
#4821=LINE('Line',#4818,#4820) ;
#4832=LINE('Line',#4829,#4831) ;
#4841=LINE('Line',#4838,#4840) ;
#4848=LINE('Line',#4845,#4847) ;
#4855=LINE('Line',#4852,#4854) ;
#4884=LINE('Line',#4881,#4883) ;
#4893=LINE('Line',#4890,#4892) ;
#4900=LINE('Line',#4897,#4899) ;
#4907=LINE('Line',#4904,#4906) ;
#4918=LINE('Line',#4915,#4917) ;
#4927=LINE('Line',#4924,#4926) ;
#4934=LINE('Line',#4931,#4933) ;
#4941=LINE('Line',#4938,#4940) ;
#4952=LINE('Line',#4949,#4951) ;
#4961=LINE('Line',#4958,#4960) ;
#4968=LINE('Line',#4965,#4967) ;
#4975=LINE('Line',#4972,#4974) ;
#5001=LINE('Line',#4998,#5000) ;
#5015=LINE('Line',#5012,#5014) ;
#5032=LINE('Line',#5029,#5031) ;
#5037=LINE('Line',#5034,#5036) ;
#5054=LINE('Line',#5051,#5053) ;
#5068=LINE('Line',#5065,#5067) ;
#5087=LINE('Line',#5084,#5086) ;
#5094=LINE('Line',#5091,#5093) ;
#5111=LINE('Line',#5108,#5110) ;
#5137=LINE('Line',#5134,#5136) ;
#5175=LINE('Line',#5172,#5174) ;
#5189=LINE('Line',#5186,#5188) ;
#5206=LINE('Line',#5203,#5205) ;
#5211=LINE('Line',#5208,#5210) ;
#5228=LINE('Line',#5225,#5227) ;
#5242=LINE('Line',#5239,#5241) ;
#5261=LINE('Line',#5258,#5260) ;
#5268=LINE('Line',#5265,#5267) ;
#5285=LINE('Line',#5282,#5284) ;
#5311=LINE('Line',#5308,#5310) ;
#5349=LINE('Line',#5346,#5348) ;
#5363=LINE('Line',#5360,#5362) ;
#5380=LINE('Line',#5377,#5379) ;
#5385=LINE('Line',#5382,#5384) ;
#5402=LINE('Line',#5399,#5401) ;
#5416=LINE('Line',#5413,#5415) ;
#5435=LINE('Line',#5432,#5434) ;
#5442=LINE('Line',#5439,#5441) ;
#5459=LINE('Line',#5456,#5458) ;
#5485=LINE('Line',#5482,#5484) ;
#5523=LINE('Line',#5520,#5522) ;
#5537=LINE('Line',#5534,#5536) ;
#5549=LINE('Line',#5546,#5548) ;
#5554=LINE('Line',#5551,#5553) ;
#5566=LINE('Line',#5563,#5565) ;
#5580=LINE('Line',#5577,#5579) ;
#5599=LINE('Line',#5596,#5598) ;
#5606=LINE('Line',#5603,#5605) ;
#5618=LINE('Line',#5615,#5617) ;
#5644=LINE('Line',#5641,#5643) ;
#5677=LINE('Line',#5674,#5676) ;
#5691=LINE('Line',#5688,#5690) ;
#5703=LINE('Line',#5700,#5702) ;
#5708=LINE('Line',#5705,#5707) ;
#5720=LINE('Line',#5717,#5719) ;
#5734=LINE('Line',#5731,#5733) ;
#5753=LINE('Line',#5750,#5752) ;
#5760=LINE('Line',#5757,#5759) ;
#5772=LINE('Line',#5769,#5771) ;
#5798=LINE('Line',#5795,#5797) ;
#5831=LINE('Line',#5828,#5830) ;
#5845=LINE('Line',#5842,#5844) ;
#5857=LINE('Line',#5854,#5856) ;
#5862=LINE('Line',#5859,#5861) ;
#5874=LINE('Line',#5871,#5873) ;
#5888=LINE('Line',#5885,#5887) ;
#5907=LINE('Line',#5904,#5906) ;
#5914=LINE('Line',#5911,#5913) ;
#5926=LINE('Line',#5923,#5925) ;
#5952=LINE('Line',#5949,#5951) ;
#6015=LINE('Line',#6012,#6014) ;
#6031=LINE('Line',#6028,#6030) ;
#6045=LINE('Line',#6042,#6044) ;
#6074=LINE('Line',#6071,#6073) ;
#6088=LINE('Line',#6085,#6087) ;
#6102=LINE('Line',#6099,#6101) ;
#6121=LINE('Line',#6118,#6120) ;
#6128=LINE('Line',#6125,#6127) ;
#6152=LINE('Line',#6149,#6151) ;
#6159=LINE('Line',#6156,#6158) ;
#6171=LINE('Line',#6168,#6170) ;
#6178=LINE('Line',#6175,#6177) ;
#6197=LINE('Line',#6194,#6196) ;
#6223=LINE('Line',#6220,#6222) ;
#6240=LINE('Line',#6237,#6239) ;
#6269=LINE('Line',#6266,#6268) ;
#6276=LINE('Line',#6273,#6275) ;
#6283=LINE('Line',#6280,#6282) ;
#6300=LINE('Line',#6297,#6299) ;
#6324=LINE('Line',#6321,#6323) ;
#6343=LINE('Line',#6340,#6342) ;
#6357=LINE('Line',#6354,#6356) ;
#6371=LINE('Line',#6368,#6370) ;
#6388=LINE('Line',#6385,#6387) ;
#2=MECHANICAL_CONTEXT(' ',#1,'mechanical') ;
#24=PERSONAL_ADDRESS(' ',' ',' ',' ',' ',' ',' ',' ',' ',' ',' ',' ',(#22),' ') ;
#56=PLANE('Plane',#55) ;
#120=PLANE('Plane',#119) ;
#262=PLANE('Plane',#261) ;
#310=PLANE('Plane',#309) ;
#607=PLANE('Plane',#606) ;
#631=PLANE('Plane',#630) ;
#655=PLANE('Plane',#654) ;
#705=PLANE('Plane',#704) ;
#907=PLANE('Plane',#906) ;
#947=PLANE('Plane',#946) ;
#1463=PLANE('Plane',#1462) ;
#2116=PLANE('Plane',#2115) ;
#2558=PLANE('Plane',#2557) ;
#2579=PLANE('Plane',#2578) ;
#2631=PLANE('Plane',#2630) ;
#2652=PLANE('Plane',#2651) ;
#2704=PLANE('Plane',#2703) ;
#2725=PLANE('Plane',#2724) ;
#2777=PLANE('Plane',#2776) ;
#2798=PLANE('Plane',#2797) ;
#2850=PLANE('Plane',#2849) ;
#2871=PLANE('Plane',#2870) ;
#2892=PLANE('Plane',#2891) ;
#2944=PLANE('Plane',#2943) ;
#2987=PLANE('Plane',#2986) ;
#3027=PLANE('Plane',#3026) ;
#3068=PLANE('Plane',#3067) ;
#3085=PLANE('Plane',#3084) ;
#3164=PLANE('Plane',#3163) ;
#3251=PLANE('Plane',#3250) ;
#3337=PLANE('Plane',#3336) ;
#3368=PLANE('Plane',#3367) ;
#3413=PLANE('Plane',#3412) ;
#3436=PLANE('Plane',#3435) ;
#3475=PLANE('Plane',#3474) ;
#3682=PLANE('Plane',#3681) ;
#3732=PLANE('Plane',#3731) ;
#3762=PLANE('Plane',#3761) ;
#3817=PLANE('Plane',#3816) ;
#3842=PLANE('Plane',#3841) ;
#3882=PLANE('Plane',#3881) ;
#3957=PLANE('Plane',#3956) ;
#4006=PLANE('Plane',#4005) ;
#4046=PLANE('Plane',#4045) ;
#4184=PLANE('Plane',#4183) ;
#4246=PLANE('Plane',#4245) ;
#4299=PLANE('Plane',#4298) ;
#4323=PLANE('Plane',#4322) ;
#4404=PLANE('Plane',#4403) ;
#4435=PLANE('Plane',#4434) ;
#4475=PLANE('Plane',#4474) ;
#4499=PLANE('Plane',#4498) ;
#4549=PLANE('Plane',#4548) ;
#4667=PLANE('Plane',#4666) ;
#4748=PLANE('Plane',#4747) ;
#4868=PLANE('Plane',#4867) ;
#5028=PLANE('Plane',#5027) ;
#5050=PLANE('Plane',#5049) ;
#5083=PLANE('Plane',#5082) ;
#5107=PLANE('Plane',#5106) ;
#5150=PLANE('Plane',#5149) ;
#5202=PLANE('Plane',#5201) ;
#5224=PLANE('Plane',#5223) ;
#5257=PLANE('Plane',#5256) ;
#5281=PLANE('Plane',#5280) ;
#5324=PLANE('Plane',#5323) ;
#5376=PLANE('Plane',#5375) ;
#5398=PLANE('Plane',#5397) ;
#5431=PLANE('Plane',#5430) ;
#5455=PLANE('Plane',#5454) ;
#5498=PLANE('Plane',#5497) ;
#5595=PLANE('Plane',#5594) ;
#5749=PLANE('Plane',#5748) ;
#5903=PLANE('Plane',#5902) ;
#5972=PLANE('Plane',#5971) ;
#6148=PLANE('Plane',#6147) ;
#6253=PLANE('Plane',#6252) ;
#6265=PLANE('Plane',#6264) ;
#6384=PLANE('Plane',#6383) ;
#43=PLANE_ANGLE_MEASURE_WITH_UNIT(PLANE_ANGLE_MEASURE(0.0174532925199),#42) ;
#7=PRODUCT_CATEGORY('part',$) ;
#9=PRODUCT_CATEGORY_RELATIONSHIP(' ',' ',#7,#8) ;
#6=PRODUCT_DEFINITION_FORMATION_WITH_SPECIFIED_SOURCE('',' ',#5,.NOT_KNOWN.) ;
#8=PRODUCT_RELATED_PRODUCT_CATEGORY('detail',$,(#5)) ;
#50=SHAPE_DEFINITION_REPRESENTATION(#40,#49) ;
#62=VERTEX_POINT('',#61) ;
#64=VERTEX_POINT('',#63) ;
#86=VERTEX_POINT('',#85) ;
#88=VERTEX_POINT('',#87) ;
#95=VERTEX_POINT('',#94) ;
#102=VERTEX_POINT('',#101) ;
#126=VERTEX_POINT('',#125) ;
#133=VERTEX_POINT('',#132) ;
#157=VERTEX_POINT('',#156) ;
#164=VERTEX_POINT('',#163) ;
#188=VERTEX_POINT('',#187) ;
#190=VERTEX_POINT('',#189) ;
#197=VERTEX_POINT('',#196) ;
#204=VERTEX_POINT('',#203) ;
#228=VERTEX_POINT('',#227) ;
#230=VERTEX_POINT('',#229) ;
#237=VERTEX_POINT('',#236) ;
#244=VERTEX_POINT('',#243) ;
#268=VERTEX_POINT('',#267) ;
#270=VERTEX_POINT('',#269) ;
#277=VERTEX_POINT('',#276) ;
#284=VERTEX_POINT('',#283) ;
#291=VERTEX_POINT('',#290) ;
#316=VERTEX_POINT('',#315) ;
#318=VERTEX_POINT('',#317) ;
#325=VERTEX_POINT('',#324) ;
#332=VERTEX_POINT('',#331) ;
#339=VERTEX_POINT('',#338) ;
#346=VERTEX_POINT('',#345) ;
#353=VERTEX_POINT('',#352) ;
#360=VERTEX_POINT('',#359) ;
#367=VERTEX_POINT('',#366) ;
#374=VERTEX_POINT('',#373) ;
#398=VERTEX_POINT('',#397) ;
#400=VERTEX_POINT('',#399) ;
#422=VERTEX_POINT('',#421) ;
#424=VERTEX_POINT('',#423) ;
#462=VERTEX_POINT('',#461) ;
#480=VERTEX_POINT('',#479) ;
#487=VERTEX_POINT('',#486) ;
#494=VERTEX_POINT('',#493) ;
#501=VERTEX_POINT('',#500) ;
#525=VERTEX_POINT('',#524) ;
#527=VERTEX_POINT('',#526) ;
#549=VERTEX_POINT('',#548) ;
#581=VERTEX_POINT('',#580) ;
#583=VERTEX_POINT('',#582) ;
#613=VERTEX_POINT('',#612) ;
#637=VERTEX_POINT('',#636) ;
#661=VERTEX_POINT('',#660) ;
#686=VERTEX_POINT('',#685) ;
#739=VERTEX_POINT('',#738) ;
#741=VERTEX_POINT('',#740) ;
#802=VERTEX_POINT('',#801) ;
#809=VERTEX_POINT('',#808) ;
#833=VERTEX_POINT('',#832) ;
#835=VERTEX_POINT('',#834) ;
#842=VERTEX_POINT('',#841) ;
#849=VERTEX_POINT('',#848) ;
#873=VERTEX_POINT('',#872) ;
#875=VERTEX_POINT('',#874) ;
#882=VERTEX_POINT('',#881) ;
#889=VERTEX_POINT('',#888) ;
#913=VERTEX_POINT('',#912) ;
#915=VERTEX_POINT('',#914) ;
#922=VERTEX_POINT('',#921) ;
#929=VERTEX_POINT('',#928) ;
#953=VERTEX_POINT('',#952) ;
#960=VERTEX_POINT('',#959) ;
#979=VERTEX_POINT('',#978) ;
#981=VERTEX_POINT('',#980) ;
#1012=VERTEX_POINT('',#1011) ;
#1014=VERTEX_POINT('',#1013) ;
#1021=VERTEX_POINT('',#1020) ;
#1028=VERTEX_POINT('',#1027) ;
#1035=VERTEX_POINT('',#1034) ;
#1042=VERTEX_POINT('',#1041) ;
#1049=VERTEX_POINT('',#1048) ;
#1056=VERTEX_POINT('',#1055) ;
#1105=VERTEX_POINT('',#1104) ;
#1107=VERTEX_POINT('',#1106) ;
#1114=VERTEX_POINT('',#1113) ;
#1121=VERTEX_POINT('',#1120) ;
#1154=VERTEX_POINT('',#1153) ;
#1156=VERTEX_POINT('',#1155) ;
#1163=VERTEX_POINT('',#1162) ;
#1170=VERTEX_POINT('',#1169) ;
#1213=VERTEX_POINT('',#1212) ;
#1215=VERTEX_POINT('',#1214) ;
#1255=VERTEX_POINT('',#1254) ;
#1257=VERTEX_POINT('',#1256) ;
#1279=VERTEX_POINT('',#1278) ;
#1286=VERTEX_POINT('',#1285) ;
#1322=VERTEX_POINT('',#1321) ;
#1329=VERTEX_POINT('',#1328) ;
#1337=VERTEX_POINT('',#1336) ;
#1344=VERTEX_POINT('',#1343) ;
#1352=VERTEX_POINT('',#1351) ;
#1359=VERTEX_POINT('',#1358) ;
#1367=VERTEX_POINT('',#1366) ;
#1374=VERTEX_POINT('',#1373) ;
#1401=VERTEX_POINT('',#1400) ;
#1408=VERTEX_POINT('',#1407) ;
#1416=VERTEX_POINT('',#1415) ;
#1423=VERTEX_POINT('',#1422) ;
#1431=VERTEX_POINT('',#1430) ;
#1438=VERTEX_POINT('',#1437) ;
#1469=VERTEX_POINT('',#1468) ;
#1476=VERTEX_POINT('',#1475) ;
#1501=VERTEX_POINT('',#1500) ;
#1508=VERTEX_POINT('',#1507) ;
#1527=VERTEX_POINT('',#1526) ;
#1534=VERTEX_POINT('',#1533) ;
#1553=VERTEX_POINT('',#1552) ;
#1560=VERTEX_POINT('',#1559) ;
#1579=VERTEX_POINT('',#1578) ;
#1586=VERTEX_POINT('',#1585) ;
#1605=VERTEX_POINT('',#1604) ;
#1612=VERTEX_POINT('',#1611) ;
#1631=VERTEX_POINT('',#1630) ;
#1638=VERTEX_POINT('',#1637) ;
#1658=VERTEX_POINT('',#1657) ;
#1665=VERTEX_POINT('',#1664) ;
#1684=VERTEX_POINT('',#1683) ;
#1691=VERTEX_POINT('',#1690) ;
#1710=VERTEX_POINT('',#1709) ;
#1717=VERTEX_POINT('',#1716) ;
#1736=VERTEX_POINT('',#1735) ;
#1743=VERTEX_POINT('',#1742) ;
#1762=VERTEX_POINT('',#1761) ;
#1764=VERTEX_POINT('',#1763) ;
#1794=VERTEX_POINT('',#1793) ;
#1801=VERTEX_POINT('',#1800) ;
#1822=VERTEX_POINT('',#1821) ;
#1830=VERTEX_POINT('',#1829) ;
#1850=VERTEX_POINT('',#1849) ;
#1857=VERTEX_POINT('',#1856) ;
#1878=VERTEX_POINT('',#1877) ;
#1885=VERTEX_POINT('',#1884) ;
#1906=VERTEX_POINT('',#1905) ;
#1913=VERTEX_POINT('',#1912) ;
#1933=VERTEX_POINT('',#1932) ;
#1935=VERTEX_POINT('',#1934) ;
#1961=VERTEX_POINT('',#1960) ;
#1968=VERTEX_POINT('',#1967) ;
#1987=VERTEX_POINT('',#1986) ;
#1994=VERTEX_POINT('',#1993) ;
#2013=VERTEX_POINT('',#2012) ;
#2020=VERTEX_POINT('',#2019) ;
#2039=VERTEX_POINT('',#2038) ;
#2046=VERTEX_POINT('',#2045) ;
#2065=VERTEX_POINT('',#2064) ;
#2072=VERTEX_POINT('',#2071) ;
#2091=VERTEX_POINT('',#2090) ;
#2093=VERTEX_POINT('',#2092) ;
#2122=VERTEX_POINT('',#2121) ;
#2129=VERTEX_POINT('',#2128) ;
#2148=VERTEX_POINT('',#2147) ;
#2155=VERTEX_POINT('',#2154) ;
#2174=VERTEX_POINT('',#2173) ;
#2181=VERTEX_POINT('',#2180) ;
#2188=VERTEX_POINT('',#2187) ;
#2208=VERTEX_POINT('',#2207) ;
#2210=VERTEX_POINT('',#2209) ;
#2234=VERTEX_POINT('',#2233) ;
#2241=VERTEX_POINT('',#2240) ;
#2260=VERTEX_POINT('',#2259) ;
#2267=VERTEX_POINT('',#2266) ;
#2274=VERTEX_POINT('',#2273) ;
#2299=VERTEX_POINT('',#2298) ;
#2306=VERTEX_POINT('',#2305) ;
#2325=VERTEX_POINT('',#2324) ;
#2344=VERTEX_POINT('',#2343) ;
#2346=VERTEX_POINT('',#2345) ;
#2370=VERTEX_POINT('',#2369) ;
#2377=VERTEX_POINT('',#2376) ;
#2396=VERTEX_POINT('',#2395) ;
#2403=VERTEX_POINT('',#2402) ;
#2411=VERTEX_POINT('',#2410) ;
#2418=VERTEX_POINT('',#2417) ;
#2426=VERTEX_POINT('',#2425) ;
#2448=VERTEX_POINT('',#2447) ;
#2456=VERTEX_POINT('',#2455) ;
#2476=VERTEX_POINT('',#2475) ;
#2483=VERTEX_POINT('',#2482) ;
#2502=VERTEX_POINT('',#2501) ;
#2509=VERTEX_POINT('',#2508) ;
#2533=VERTEX_POINT('',#2532) ;
#2540=VERTEX_POINT('',#2539) ;
#2606=VERTEX_POINT('',#2605) ;
#2613=VERTEX_POINT('',#2612) ;
#2679=VERTEX_POINT('',#2678) ;
#2686=VERTEX_POINT('',#2685) ;
#2752=VERTEX_POINT('',#2751) ;
#2759=VERTEX_POINT('',#2758) ;
#2825=VERTEX_POINT('',#2824) ;
#2832=VERTEX_POINT('',#2831) ;
#2898=VERTEX_POINT('',#2897) ;
#2926=VERTEX_POINT('',#2925) ;
#2994=VERTEX_POINT('',#2993) ;
#2996=VERTEX_POINT('',#2995) ;
#3008=VERTEX_POINT('',#3007) ;
#3033=VERTEX_POINT('',#3032) ;
#3041=VERTEX_POINT('',#3040) ;
#3048=VERTEX_POINT('',#3047) ;
#3091=VERTEX_POINT('',#3090) ;
#3098=VERTEX_POINT('',#3097) ;
#3146=VERTEX_POINT('',#3145) ;
#3148=VERTEX_POINT('',#3147) ;
#3170=VERTEX_POINT('',#3169) ;
#3172=VERTEX_POINT('',#3171) ;
#3210=VERTEX_POINT('',#3209) ;
#3217=VERTEX_POINT('',#3216) ;
#3262=VERTEX_POINT('',#3261) ;
#3269=VERTEX_POINT('',#3268) ;
#3276=VERTEX_POINT('',#3275) ;
#3283=VERTEX_POINT('',#3282) ;
#3290=VERTEX_POINT('',#3289) ;
#3297=VERTEX_POINT('',#3296) ;
#3304=VERTEX_POINT('',#3303) ;
#3311=VERTEX_POINT('',#3310) ;
#3343=VERTEX_POINT('',#3342) ;
#3345=VERTEX_POINT('',#3344) ;
#3384=VERTEX_POINT('',#3383) ;
#3391=VERTEX_POINT('',#3390) ;
#3442=VERTEX_POINT('',#3441) ;
#3444=VERTEX_POINT('',#3443) ;
#3456=VERTEX_POINT('',#3455) ;
#3481=VERTEX_POINT('',#3480) ;
#3488=VERTEX_POINT('',#3487) ;
#3507=VERTEX_POINT('',#3506) ;
#3514=VERTEX_POINT('',#3513) ;
#3521=VERTEX_POINT('',#3520) ;
#3633=VERTEX_POINT('',#3632) ;
#3688=VERTEX_POINT('',#3687) ;
#3695=VERTEX_POINT('',#3694) ;
#3714=VERTEX_POINT('',#3713) ;
#3738=VERTEX_POINT('',#3737) ;
#3768=VERTEX_POINT('',#3767) ;
#3799=VERTEX_POINT('',#3798) ;
#3823=VERTEX_POINT('',#3822) ;
#3848=VERTEX_POINT('',#3847) ;
#3855=VERTEX_POINT('',#3854) ;
#3888=VERTEX_POINT('',#3887) ;
#3918=VERTEX_POINT('',#3917) ;
#3937=VERTEX_POINT('',#3936) ;
#3963=VERTEX_POINT('',#3962) ;
#3988=VERTEX_POINT('',#3987) ;
#4012=VERTEX_POINT('',#4011) ;
#4085=VERTEX_POINT('',#4084) ;
#4087=VERTEX_POINT('',#4086) ;
#4123=VERTEX_POINT('',#4122) ;
#4125=VERTEX_POINT('',#4124) ;
#4147=VERTEX_POINT('',#4146) ;
#4149=VERTEX_POINT('',#4148) ;
#4190=VERTEX_POINT('',#4189) ;
#4192=VERTEX_POINT('',#4191) ;
#4221=VERTEX_POINT('',#4220) ;
#4228=VERTEX_POINT('',#4227) ;
#4270=VERTEX_POINT('',#4269) ;
#4272=VERTEX_POINT('',#4271) ;
#4305=VERTEX_POINT('',#4304) ;
#4329=VERTEX_POINT('',#4328) ;
#4370=VERTEX_POINT('',#4369) ;
#4372=VERTEX_POINT('',#4371) ;
#4379=VERTEX_POINT('',#4378) ;
#4386=VERTEX_POINT('',#4385) ;
#4410=VERTEX_POINT('',#4409) ;
#4417=VERTEX_POINT('',#4416) ;
#4441=VERTEX_POINT('',#4440) ;
#4448=VERTEX_POINT('',#4447) ;
#4455=VERTEX_POINT('',#4454) ;
#4481=VERTEX_POINT('',#4480) ;
#4505=VERTEX_POINT('',#4504) ;
#4512=VERTEX_POINT('',#4511) ;
#4572=VERTEX_POINT('',#4571) ;
#4574=VERTEX_POINT('',#4573) ;
#4581=VERTEX_POINT('',#4580) ;
#4588=VERTEX_POINT('',#4587) ;
#4607=VERTEX_POINT('',#4606) ;
#4614=VERTEX_POINT('',#4613) ;
#4633=VERTEX_POINT('',#4632) ;
#4640=VERTEX_POINT('',#4639) ;
#4647=VERTEX_POINT('',#4646) ;
#4673=VERTEX_POINT('',#4672) ;
#4692=VERTEX_POINT('',#4691) ;
#4699=VERTEX_POINT('',#4698) ;
#4766=VERTEX_POINT('',#4765) ;
#4768=VERTEX_POINT('',#4767) ;
#4775=VERTEX_POINT('',#4774) ;
#4782=VERTEX_POINT('',#4781) ;
#4800=VERTEX_POINT('',#4799) ;
#4802=VERTEX_POINT('',#4801) ;
#4809=VERTEX_POINT('',#4808) ;
#4816=VERTEX_POINT('',#4815) ;
#4834=VERTEX_POINT('',#4833) ;
#4836=VERTEX_POINT('',#4835) ;
#4843=VERTEX_POINT('',#4842) ;
#4850=VERTEX_POINT('',#4849) ;
#4886=VERTEX_POINT('',#4885) ;
#4888=VERTEX_POINT('',#4887) ;
#4895=VERTEX_POINT('',#4894) ;
#4902=VERTEX_POINT('',#4901) ;
#4920=VERTEX_POINT('',#4919) ;
#4922=VERTEX_POINT('',#4921) ;
#4929=VERTEX_POINT('',#4928) ;
#4936=VERTEX_POINT('',#4935) ;
#4954=VERTEX_POINT('',#4953) ;
#4956=VERTEX_POINT('',#4955) ;
#4963=VERTEX_POINT('',#4962) ;
#4970=VERTEX_POINT('',#4969) ;
#4994=VERTEX_POINT('',#4993) ;
#4996=VERTEX_POINT('',#4995) ;
#5003=VERTEX_POINT('',#5002) ;
#5010=VERTEX_POINT('',#5009) ;
#5056=VERTEX_POINT('',#5055) ;
#5063=VERTEX_POINT('',#5062) ;
#5089=VERTEX_POINT('',#5088) ;
#5113=VERTEX_POINT('',#5112) ;
#5168=VERTEX_POINT('',#5167) ;
#5170=VERTEX_POINT('',#5169) ;
#5177=VERTEX_POINT('',#5176) ;
#5184=VERTEX_POINT('',#5183) ;
#5230=VERTEX_POINT('',#5229) ;
#5237=VERTEX_POINT('',#5236) ;
#5263=VERTEX_POINT('',#5262) ;
#5287=VERTEX_POINT('',#5286) ;
#5342=VERTEX_POINT('',#5341) ;
#5344=VERTEX_POINT('',#5343) ;
#5351=VERTEX_POINT('',#5350) ;
#5358=VERTEX_POINT('',#5357) ;
#5404=VERTEX_POINT('',#5403) ;
#5411=VERTEX_POINT('',#5410) ;
#5437=VERTEX_POINT('',#5436) ;
#5461=VERTEX_POINT('',#5460) ;
#5516=VERTEX_POINT('',#5515) ;
#5518=VERTEX_POINT('',#5517) ;
#5525=VERTEX_POINT('',#5524) ;
#5532=VERTEX_POINT('',#5531) ;
#5568=VERTEX_POINT('',#5567) ;
#5575=VERTEX_POINT('',#5574) ;
#5601=VERTEX_POINT('',#5600) ;
#5620=VERTEX_POINT('',#5619) ;
#5670=VERTEX_POINT('',#5669) ;
#5672=VERTEX_POINT('',#5671) ;
#5679=VERTEX_POINT('',#5678) ;
#5686=VERTEX_POINT('',#5685) ;
#5722=VERTEX_POINT('',#5721) ;
#5729=VERTEX_POINT('',#5728) ;
#5755=VERTEX_POINT('',#5754) ;
#5774=VERTEX_POINT('',#5773) ;
#5824=VERTEX_POINT('',#5823) ;
#5826=VERTEX_POINT('',#5825) ;
#5833=VERTEX_POINT('',#5832) ;
#5840=VERTEX_POINT('',#5839) ;
#5876=VERTEX_POINT('',#5875) ;
#5883=VERTEX_POINT('',#5882) ;
#5909=VERTEX_POINT('',#5908) ;
#5928=VERTEX_POINT('',#5927) ;
#6017=VERTEX_POINT('',#6016) ;
#6019=VERTEX_POINT('',#6018) ;
#6026=VERTEX_POINT('',#6025) ;
#6033=VERTEX_POINT('',#6032) ;
#6040=VERTEX_POINT('',#6039) ;
#6047=VERTEX_POINT('',#6046) ;
#6067=VERTEX_POINT('',#6066) ;
#6069=VERTEX_POINT('',#6068) ;
#6076=VERTEX_POINT('',#6075) ;
#6083=VERTEX_POINT('',#6082) ;
#6090=VERTEX_POINT('',#6089) ;
#6097=VERTEX_POINT('',#6096) ;
#6123=VERTEX_POINT('',#6122) ;
#6130=VERTEX_POINT('',#6129) ;
#6154=VERTEX_POINT('',#6153) ;
#6173=VERTEX_POINT('',#6172) ;
#6192=VERTEX_POINT('',#6191) ;
#6199=VERTEX_POINT('',#6198) ;
#6271=VERTEX_POINT('',#6270) ;
#6278=VERTEX_POINT('',#6277) ;
#6302=VERTEX_POINT('',#6301) ;
#6326=VERTEX_POINT('',#6325) ;
#6345=VERTEX_POINT('',#6344) ;
#6352=VERTEX_POINT('',#6351) ;
#41=(LENGTH_UNIT()NAMED_UNIT(*)SI_UNIT(.MILLI.,.METRE.)) ;
#42=(NAMED_UNIT(*)PLANE_ANGLE_UNIT()SI_UNIT($,.RADIAN.)) ;
#44=(NAMED_UNIT(*)SI_UNIT($,.STERADIAN.)SOLID_ANGLE_UNIT()) ;
#46=(GEOMETRIC_REPRESENTATION_CONTEXT(3)GLOBAL_UNCERTAINTY_ASSIGNED_CONTEXT((#45))GLOBAL_UNIT_ASSIGNED_CONTEXT((#41,#42,#44))REPRESENTATION_CONTEXT(' ',' ')) ;
ENDSEC;
END-ISO-10303-21;
