ISO-10303-21;
HEADER;
FILE_DESCRIPTION(('CATIA V5 STEP Exchange'),'2;1');

FILE_NAME('D:\\Users\\Barry\\14_Spindle_Load_Monitor\\02_CAD\\STEP\\sensor_final\\LCD_display_mounting.stp','2025-12-03T07:56:28+00:00',('none'),('none'),'CATIA Version 5 Release 18 GA (IN-10)','CATIA V5 STEP AP203','none');

FILE_SCHEMA(('CONFIG_CONTROL_DESIGN'));

ENDSEC;
/* file written by CATIA V5R18 */
DATA;
#5=PRODUCT('LCD_display_mounting','','',(#2)) ;
#1=APPLICATION_CONTEXT('configuration controlled 3D design of mechanical parts and assemblies') ;
#14=PRODUCT_DEFINITION(' ',' ',#6,#3) ;
#16=SECURITY_CLASSIFICATION(' ',' ',#15) ;
#15=SECURITY_CLASSIFICATION_LEVEL('unclassified') ;
#47=CARTESIAN_POINT(' ',(0.,0.,0.)) ;
#52=CARTESIAN_POINT('Axis2P3D Location',(-487.412414785,107.550416844,10.7300687473)) ;
#57=CARTESIAN_POINT('Line Origine',(-487.412414785,103.925416844,10.7300687473)) ;
#61=CARTESIAN_POINT('Vertex',(-487.412414785,104.300416844,10.7300687473)) ;
#63=CARTESIAN_POINT('Vertex',(-487.412414785,103.550416844,10.7300687473)) ;
#66=CARTESIAN_POINT('Line Origine',(-487.412414785,49.5504168445,10.7300687473)) ;
#70=CARTESIAN_POINT('Vertex',(-487.412414785,-4.44958315554,10.7300687473)) ;
#73=CARTESIAN_POINT('Line Origine',(-487.412414785,-4.82458315554,10.7300687473)) ;
#77=CARTESIAN_POINT('Vertex',(-487.412414785,-5.19958315554,10.7300687473)) ;
#80=CARTESIAN_POINT('Line Origine',(-487.412414785,-5.19958315554,12.7300687473)) ;
#84=CARTESIAN_POINT('Vertex',(-487.412414785,-5.19958315554,14.7300687473)) ;
#87=CARTESIAN_POINT('Line Origine',(-487.412414785,49.5504168445,14.7300687473)) ;
#91=CARTESIAN_POINT('Vertex',(-487.412414785,104.300416844,14.7300687473)) ;
#94=CARTESIAN_POINT('Line Origine',(-487.412414785,104.300416844,12.7300687473)) ;
#108=CARTESIAN_POINT('Axis2P3D Location',(-487.412414785,-8.44958315554,10.7300687473)) ;
#113=CARTESIAN_POINT('Line Origine',(-483.787414785,-8.44958315554,10.7300687473)) ;
#117=CARTESIAN_POINT('Vertex',(-484.162414785,-8.44958315554,10.7300687473)) ;
#119=CARTESIAN_POINT('Vertex',(-483.412414785,-8.44958315554,10.7300687473)) ;
#122=CARTESIAN_POINT('Line Origine',(-454.151358388,-8.44958315554,10.7300687473)) ;
#126=CARTESIAN_POINT('Vertex',(-424.890301991,-8.44958315554,10.7300687473)) ;
#129=CARTESIAN_POINT('Line Origine',(-424.515301991,-8.44958315554,10.7300687473)) ;
#133=CARTESIAN_POINT('Vertex',(-424.140301991,-8.44958315554,10.7300687473)) ;
#136=CARTESIAN_POINT('Line Origine',(-424.140301991,-8.44958315554,12.7300687473)) ;
#140=CARTESIAN_POINT('Vertex',(-424.140301991,-8.44958315554,14.7300687473)) ;
#143=CARTESIAN_POINT('Line Origine',(-454.151358388,-8.44958315554,14.7300687473)) ;
#147=CARTESIAN_POINT('Vertex',(-484.162414785,-8.44958315554,14.7300687473)) ;
#150=CARTESIAN_POINT('Line Origine',(-484.162414785,-8.44958315554,12.7300687473)) ;
#164=CARTESIAN_POINT('Axis2P3D Location',(-420.890301991,-8.44958315554,10.7300687473)) ;
#169=CARTESIAN_POINT('Line Origine',(-420.890301991,49.5504168445,14.7300687473)) ;
#173=CARTESIAN_POINT('Vertex',(-420.890301991,-5.19958315554,14.7300687473)) ;
#175=CARTESIAN_POINT('Vertex',(-420.890301991,104.300416844,14.7300687473)) ;
#178=CARTESIAN_POINT('Line Origine',(-420.890301991,-5.19958315554,12.7300687473)) ;
#182=CARTESIAN_POINT('Vertex',(-420.890301991,-5.19958315554,10.7300687473)) ;
#185=CARTESIAN_POINT('Line Origine',(-420.890301991,-4.82458315554,10.7300687473)) ;
#189=CARTESIAN_POINT('Vertex',(-420.890301991,-4.44958315554,10.7300687473)) ;
#192=CARTESIAN_POINT('Line Origine',(-420.890301991,49.5504168445,10.7300687473)) ;
#196=CARTESIAN_POINT('Vertex',(-420.890301991,103.550416844,10.7300687473)) ;
#199=CARTESIAN_POINT('Line Origine',(-420.890301991,103.925416844,10.7300687473)) ;
#203=CARTESIAN_POINT('Vertex',(-420.890301991,104.300416844,10.7300687473)) ;
#206=CARTESIAN_POINT('Line Origine',(-420.890301991,104.300416844,12.7300687473)) ;
#220=CARTESIAN_POINT('Axis2P3D Location',(-420.890301991,107.550416844,10.7300687473)) ;
#225=CARTESIAN_POINT('Line Origine',(-454.151358388,107.550416844,14.7300687473)) ;
#229=CARTESIAN_POINT('Vertex',(-424.140301991,107.550416844,14.7300687473)) ;
#231=CARTESIAN_POINT('Vertex',(-484.162414785,107.550416844,14.7300687473)) ;
#234=CARTESIAN_POINT('Line Origine',(-424.140301991,107.550416844,12.7300687473)) ;
#238=CARTESIAN_POINT('Vertex',(-424.140301991,107.550416844,10.7300687473)) ;
#241=CARTESIAN_POINT('Line Origine',(-424.515301991,107.550416844,10.7300687473)) ;
#245=CARTESIAN_POINT('Vertex',(-424.890301991,107.550416844,10.7300687473)) ;
#248=CARTESIAN_POINT('Line Origine',(-454.151358388,107.550416844,10.7300687473)) ;
#252=CARTESIAN_POINT('Vertex',(-483.412414785,107.550416844,10.7300687473)) ;
#255=CARTESIAN_POINT('Line Origine',(-483.787414785,107.550416844,10.7300687473)) ;
#259=CARTESIAN_POINT('Vertex',(-484.162414785,107.550416844,10.7300687473)) ;
#262=CARTESIAN_POINT('Line Origine',(-484.162414785,107.550416844,12.7300687473)) ;
#276=CARTESIAN_POINT('Axis2P3D Location',(-481.162414785,13.5504168445,11.7300687473)) ;
#281=CARTESIAN_POINT('Line Origine',(-483.029300608,12.8329648775,11.7300687473)) ;
#285=CARTESIAN_POINT('Vertex',(-483.029300608,12.8329648775,12.7300687473)) ;
#287=CARTESIAN_POINT('Vertex',(-483.029300608,12.8329648775,10.7300687473)) ;
#290=CARTESIAN_POINT('Axis2P3D Location',(-481.162414785,13.5504168445,12.7300687473)) ;
#294=CARTESIAN_POINT('Vertex',(-481.162414785,11.5504168445,12.7300687473)) ;
#297=CARTESIAN_POINT('Line Origine',(-481.162414785,11.5504168445,11.7300687473)) ;
#301=CARTESIAN_POINT('Vertex',(-481.162414785,11.5504168445,10.7300687473)) ;
#304=CARTESIAN_POINT('Axis2P3D Location',(-481.162414785,13.5504168445,10.7300687473)) ;
#316=CARTESIAN_POINT('Axis2P3D Location',(1.95591708688E-029,6.30077890483E-016,10.7300687473)) ;
#321=CARTESIAN_POINT('Axis2P3D Location',(-483.412414785,103.550416844,10.7300687473)) ;
#326=CARTESIAN_POINT('Axis2P3D Location',(-484.162414785,104.300416844,10.7300687473)) ;
#338=CARTESIAN_POINT('Axis2P3D Location',(-483.412414785,103.550416844,10.7300687473)) ;
#342=CARTESIAN_POINT('Vertex',(-486.662414785,101.218572081,10.7300687473)) ;
#345=CARTESIAN_POINT('Line Origine',(-486.662414785,49.5504168445,10.7300687473)) ;
#349=CARTESIAN_POINT('Vertex',(-486.662414785,-2.11773839227,10.7300687473)) ;
#352=CARTESIAN_POINT('Axis2P3D Location',(-483.412414785,-4.44958315554,10.7300687473)) ;
#364=CARTESIAN_POINT('Axis2P3D Location',(-483.412414785,-4.44958315554,10.7300687473)) ;
#369=CARTESIAN_POINT('Axis2P3D Location',(-484.162414785,-5.19958315554,10.7300687473)) ;
#381=CARTESIAN_POINT('Axis2P3D Location',(-424.890301991,-4.44958315554,10.7300687473)) ;
#385=CARTESIAN_POINT('Vertex',(-428.260902344,-6.60342930939,10.7300687473)) ;
#388=CARTESIAN_POINT('Axis2P3D Location',(-483.412414785,-4.44958315554,10.7300687473)) ;
#392=CARTESIAN_POINT('Vertex',(-480.041814432,-6.60342930939,10.7300687473)) ;
#395=CARTESIAN_POINT('Axis2P3D Location',(-478.356514255,-7.68035238631,10.7300687473)) ;
#399=CARTESIAN_POINT('Vertex',(-478.356514255,-5.68035238631,10.7300687473)) ;
#402=CARTESIAN_POINT('Line Origine',(-454.151358388,-5.68035238631,10.7300687473)) ;
#406=CARTESIAN_POINT('Vertex',(-429.946202521,-5.68035238631,10.7300687473)) ;
#409=CARTESIAN_POINT('Axis2P3D Location',(-429.946202521,-7.68035238631,10.7300687473)) ;
#423=CARTESIAN_POINT('Axis2P3D Location',(-424.890301991,-4.44958315554,10.7300687473)) ;
#428=CARTESIAN_POINT('Axis2P3D Location',(-424.140301991,-5.19958315554,10.7300687473)) ;
#440=CARTESIAN_POINT('Axis2P3D Location',(-424.890301991,103.550416844,10.7300687473)) ;
#445=CARTESIAN_POINT('Axis2P3D Location',(-424.140301991,104.300416844,10.7300687473)) ;
#457=CARTESIAN_POINT('Line Origine',(-454.151358388,104.781186075,10.7300687473)) ;
#461=CARTESIAN_POINT('Vertex',(-478.356514255,104.781186075,10.7300687473)) ;
#463=CARTESIAN_POINT('Vertex',(-429.946202521,104.781186075,10.7300687473)) ;
#466=CARTESIAN_POINT('Axis2P3D Location',(-478.356514255,106.781186075,10.7300687473)) ;
#470=CARTESIAN_POINT('Vertex',(-480.041814432,105.704262998,10.7300687473)) ;
#473=CARTESIAN_POINT('Axis2P3D Location',(-483.412414785,103.550416844,10.7300687473)) ;
#478=CARTESIAN_POINT('Axis2P3D Location',(-424.890301991,103.550416844,10.7300687473)) ;
#482=CARTESIAN_POINT('Vertex',(-428.260902344,105.704262998,10.7300687473)) ;
#485=CARTESIAN_POINT('Axis2P3D Location',(-429.946202521,106.781186075,10.7300687473)) ;
#499=CARTESIAN_POINT('Axis2P3D Location',(-481.162414785,31.5504168445,10.7300687473)) ;
#504=CARTESIAN_POINT('Line Origine',(-475.912414785,31.5504168445,10.7300687473)) ;
#508=CARTESIAN_POINT('Vertex',(-476.412414785,31.5504168445,10.7300687473)) ;
#510=CARTESIAN_POINT('Vertex',(-475.412414785,31.5504168445,10.7300687473)) ;
#513=CARTESIAN_POINT('Line Origine',(-475.412414785,31.5504168445,11.7300687473)) ;
#517=CARTESIAN_POINT('Vertex',(-475.412414785,31.5504168445,12.7300687473)) ;
#520=CARTESIAN_POINT('Line Origine',(-475.912414785,31.5504168445,12.7300687473)) ;
#524=CARTESIAN_POINT('Vertex',(-476.412414785,31.5504168445,12.7300687473)) ;
#527=CARTESIAN_POINT('Line Origine',(-476.412414785,31.5504168445,11.7300687473)) ;
#539=CARTESIAN_POINT('Axis2P3D Location',(-475.412414785,29.5504168445,11.7300687473)) ;
#544=CARTESIAN_POINT('Axis2P3D Location',(-475.412414785,29.5504168445,10.7300687473)) ;
#548=CARTESIAN_POINT('Vertex',(-473.412414785,29.5504168445,10.7300687473)) ;
#551=CARTESIAN_POINT('Line Origine',(-473.412414785,29.5504168445,11.7300687473)) ;
#555=CARTESIAN_POINT('Vertex',(-473.412414785,29.5504168445,12.7300687473)) ;
#558=CARTESIAN_POINT('Axis2P3D Location',(-475.412414785,29.5504168445,12.7300687473)) ;
#570=CARTESIAN_POINT('Axis2P3D Location',(-473.412414785,13.5504168445,10.7300687473)) ;
#575=CARTESIAN_POINT('Line Origine',(-473.412414785,21.5504168445,10.7300687473)) ;
#579=CARTESIAN_POINT('Vertex',(-473.412414785,13.5504168445,10.7300687473)) ;
#582=CARTESIAN_POINT('Line Origine',(-473.412414785,13.5504168445,11.7300687473)) ;
#586=CARTESIAN_POINT('Vertex',(-473.412414785,13.5504168445,12.7300687473)) ;
#589=CARTESIAN_POINT('Line Origine',(-473.412414785,21.5504168445,12.7300687473)) ;
#601=CARTESIAN_POINT('Axis2P3D Location',(-475.412414785,13.5504168445,11.7300687473)) ;
#606=CARTESIAN_POINT('Axis2P3D Location',(-475.412414785,13.5504168445,10.7300687473)) ;
#610=CARTESIAN_POINT('Vertex',(-475.412414785,11.5504168445,10.7300687473)) ;
#613=CARTESIAN_POINT('Line Origine',(-475.412414785,11.5504168445,11.7300687473)) ;
#617=CARTESIAN_POINT('Vertex',(-475.412414785,11.5504168445,12.7300687473)) ;
#620=CARTESIAN_POINT('Axis2P3D Location',(-475.412414785,13.5504168445,12.7300687473)) ;
#632=CARTESIAN_POINT('Axis2P3D Location',(-471.412414785,11.5504168445,10.7300687473)) ;
#637=CARTESIAN_POINT('Line Origine',(-478.287414785,11.5504168445,10.7300687473)) ;
#642=CARTESIAN_POINT('Line Origine',(-478.287414785,11.5504168445,12.7300687473)) ;
#654=CARTESIAN_POINT('Axis2P3D Location',(-478.356514255,-7.68035238631,2.73006874727)) ;
#659=CARTESIAN_POINT('Line Origine',(-480.041814432,-6.60342930939,2.73006874727)) ;
#663=CARTESIAN_POINT('Vertex',(-480.041814432,-6.60342930939,-5.26993125273)) ;
#666=CARTESIAN_POINT('Axis2P3D Location',(-478.356514255,-7.68035238631,-5.26993125273)) ;
#670=CARTESIAN_POINT('Vertex',(-478.356514255,-5.68035238631,-5.26993125273)) ;
#673=CARTESIAN_POINT('Line Origine',(-478.356514255,-5.68035238631,2.73006874727)) ;
#685=CARTESIAN_POINT('Axis2P3D Location',(-429.946202521,-7.68035238631,2.73006874727)) ;
#690=CARTESIAN_POINT('Line Origine',(-429.946202521,-5.68035238631,2.73006874727)) ;
#694=CARTESIAN_POINT('Vertex',(-429.946202521,-5.68035238631,-5.26993125273)) ;
#697=CARTESIAN_POINT('Axis2P3D Location',(-429.946202521,-7.68035238631,-5.26993125273)) ;
#701=CARTESIAN_POINT('Vertex',(-428.260902344,-6.60342930939,-5.26993125273)) ;
#704=CARTESIAN_POINT('Line Origine',(-428.260902344,-6.60342930939,2.73006874727)) ;
#716=CARTESIAN_POINT('Axis2P3D Location',(-478.356514255,106.781186075,2.73006874727)) ;
#721=CARTESIAN_POINT('Line Origine',(-478.356514255,104.781186075,2.73006874727)) ;
#725=CARTESIAN_POINT('Vertex',(-478.356514255,104.781186075,-5.26993125273)) ;
#728=CARTESIAN_POINT('Axis2P3D Location',(-478.356514255,106.781186075,-5.26993125273)) ;
#732=CARTESIAN_POINT('Vertex',(-480.041814432,105.704262998,-5.26993125273)) ;
#735=CARTESIAN_POINT('Line Origine',(-480.041814432,105.704262998,2.73006874727)) ;
#747=CARTESIAN_POINT('Axis2P3D Location',(-429.946202521,106.781186075,2.73006874727)) ;
#752=CARTESIAN_POINT('Line Origine',(-428.260902344,105.704262998,2.73006874727)) ;
#756=CARTESIAN_POINT('Vertex',(-428.260902344,105.704262998,-5.26993125273)) ;
#759=CARTESIAN_POINT('Axis2P3D Location',(-429.946202521,106.781186075,-5.26993125273)) ;
#763=CARTESIAN_POINT('Vertex',(-429.946202521,104.781186075,-5.26993125273)) ;
#766=CARTESIAN_POINT('Line Origine',(-429.946202521,104.781186075,2.73006874727)) ;
#778=CARTESIAN_POINT('Axis2P3D Location',(-478.356514255,-1.21881392477,2.73006874727)) ;
#783=CARTESIAN_POINT('Line Origine',(-478.356514255,-3.21881392477,2.73006874727)) ;
#787=CARTESIAN_POINT('Vertex',(-478.356514255,-3.21881392477,-5.26993125273)) ;
#789=CARTESIAN_POINT('Vertex',(-478.356514255,-3.21881392477,10.7300687473)) ;
#792=CARTESIAN_POINT('Axis2P3D Location',(-478.356514255,-1.21881392477,-5.26993125273)) ;
#796=CARTESIAN_POINT('Vertex',(-480.041814432,-2.29573700169,-5.26993125273)) ;
#799=CARTESIAN_POINT('Line Origine',(-480.041814432,-2.29573700169,2.73006874727)) ;
#803=CARTESIAN_POINT('Vertex',(-480.041814432,-2.29573700169,10.7300687473)) ;
#806=CARTESIAN_POINT('Axis2P3D Location',(-478.356514255,-1.21881392477,10.7300687473)) ;
#818=CARTESIAN_POINT('Axis2P3D Location',(-483.162414785,1.5452062486,2.73006874727)) ;
#823=CARTESIAN_POINT('Line Origine',(-483.245748119,-0.453056886114,2.73006874727)) ;
#827=CARTESIAN_POINT('Vertex',(-483.245748119,-0.453056886114,-5.26993125273)) ;
#829=CARTESIAN_POINT('Vertex',(-483.245748119,-0.453056886114,10.7300687473)) ;
#832=CARTESIAN_POINT('Axis2P3D Location',(-483.162414785,1.5452062486,-5.26993125273)) ;
#836=CARTESIAN_POINT('Vertex',(-485.162414785,1.5452062486,-5.26993125273)) ;
#839=CARTESIAN_POINT('Line Origine',(-485.162414785,1.5452062486,2.73006874727)) ;
#843=CARTESIAN_POINT('Vertex',(-485.162414785,1.5452062486,10.7300687473)) ;
#846=CARTESIAN_POINT('Axis2P3D Location',(-483.162414785,1.5452062486,10.7300687473)) ;
#858=CARTESIAN_POINT('Axis2P3D Location',(-483.162414785,97.5556274403,2.73006874727)) ;
#863=CARTESIAN_POINT('Line Origine',(-485.162414785,97.5556274403,2.73006874727)) ;
#867=CARTESIAN_POINT('Vertex',(-485.162414785,97.5556274403,-5.26993125273)) ;
#869=CARTESIAN_POINT('Vertex',(-485.162414785,97.5556274403,10.7300687473)) ;
#872=CARTESIAN_POINT('Axis2P3D Location',(-483.162414785,97.5556274403,-5.26993125273)) ;
#876=CARTESIAN_POINT('Vertex',(-483.245748119,99.553890575,-5.26993125273)) ;
#879=CARTESIAN_POINT('Line Origine',(-483.245748119,99.553890575,2.73006874727)) ;
#883=CARTESIAN_POINT('Vertex',(-483.245748119,99.553890575,10.7300687473)) ;
#886=CARTESIAN_POINT('Axis2P3D Location',(-483.162414785,97.5556274403,10.7300687473)) ;
#898=CARTESIAN_POINT('Axis2P3D Location',(-478.356514255,100.319647614,2.73006874727)) ;
#903=CARTESIAN_POINT('Line Origine',(-480.041814432,101.396570691,2.73006874727)) ;
#907=CARTESIAN_POINT('Vertex',(-480.041814432,101.396570691,-5.26993125273)) ;
#909=CARTESIAN_POINT('Vertex',(-480.041814432,101.396570691,10.7300687473)) ;
#912=CARTESIAN_POINT('Axis2P3D Location',(-478.356514255,100.319647614,-5.26993125273)) ;
#916=CARTESIAN_POINT('Vertex',(-478.356514255,102.319647614,-5.26993125273)) ;
#919=CARTESIAN_POINT('Line Origine',(-478.356514255,102.319647614,2.73006874727)) ;
#923=CARTESIAN_POINT('Vertex',(-478.356514255,102.319647614,10.7300687473)) ;
#926=CARTESIAN_POINT('Axis2P3D Location',(-478.356514255,100.319647614,10.7300687473)) ;
#938=CARTESIAN_POINT('Axis2P3D Location',(-429.946202521,100.319647614,2.73006874727)) ;
#943=CARTESIAN_POINT('Line Origine',(-429.946202521,102.319647614,2.73006874727)) ;
#947=CARTESIAN_POINT('Vertex',(-429.946202521,102.319647614,-5.26993125273)) ;
#949=CARTESIAN_POINT('Vertex',(-429.946202521,102.319647614,10.7300687473)) ;
#952=CARTESIAN_POINT('Axis2P3D Location',(-429.946202521,100.319647614,-5.26993125273)) ;
#956=CARTESIAN_POINT('Vertex',(-428.260902344,101.396570691,-5.26993125273)) ;
#959=CARTESIAN_POINT('Line Origine',(-428.260902344,101.396570691,2.73006874727)) ;
#963=CARTESIAN_POINT('Vertex',(-428.260902344,101.396570691,10.7300687473)) ;
#966=CARTESIAN_POINT('Axis2P3D Location',(-429.946202521,100.319647614,10.7300687473)) ;
#978=CARTESIAN_POINT('Axis2P3D Location',(-429.946202521,-1.21881392477,2.73006874727)) ;
#983=CARTESIAN_POINT('Line Origine',(-428.260902344,-2.29573700169,2.73006874727)) ;
#987=CARTESIAN_POINT('Vertex',(-428.260902344,-2.29573700169,-5.26993125273)) ;
#989=CARTESIAN_POINT('Vertex',(-428.260902344,-2.29573700169,10.7300687473)) ;
#992=CARTESIAN_POINT('Axis2P3D Location',(-429.946202521,-1.21881392477,-5.26993125273)) ;
#996=CARTESIAN_POINT('Vertex',(-429.946202521,-3.21881392477,-5.26993125273)) ;
#999=CARTESIAN_POINT('Line Origine',(-429.946202521,-3.21881392477,2.73006874727)) ;
#1003=CARTESIAN_POINT('Vertex',(-429.946202521,-3.21881392477,10.7300687473)) ;
#1006=CARTESIAN_POINT('Axis2P3D Location',(-429.946202521,-1.21881392477,10.7300687473)) ;
#1018=CARTESIAN_POINT('Axis2P3D Location',(-424.890301991,-4.44958315554,-3.14631962775)) ;
#1023=CARTESIAN_POINT('Axis2P3D Location',(-424.890301991,-4.44958315554,-2.13595665667)) ;
#1027=CARTESIAN_POINT('Vertex',(-423.354532507,-5.2885778481,-2.13595665667)) ;
#1029=CARTESIAN_POINT('Vertex',(-426.640301991,-4.44958315554,-2.13595665667)) ;
#1032=CARTESIAN_POINT('Axis2P3D Location',(-424.890301991,-4.44958315554,-2.13595665667)) ;
#1036=CARTESIAN_POINT('Vertex',(-426.426071474,-3.61058846298,-2.13595665667)) ;
#1039=CARTESIAN_POINT('Line Origine',(-426.316373654,-3.67051665531,-2.20812544032)) ;
#1043=CARTESIAN_POINT('Vertex',(-427.742445317,-2.89145015508,-1.26993125288)) ;
#1046=CARTESIAN_POINT('Axis2P3D Location',(-424.890301991,-4.44958315554,-1.26993125288)) ;
#1050=CARTESIAN_POINT('Vertex',(-422.038158664,-6.007716156,-1.26993125288)) ;
#1053=CARTESIAN_POINT('Line Origine',(-423.464230328,-5.22864965577,-2.20812544032)) ;
#1066=CARTESIAN_POINT('Axis2P3D Location',(-424.890301991,-4.44958315554,2.73006874727)) ;
#1071=CARTESIAN_POINT('Axis2P3D Location',(-424.890301991,-4.44958315554,-2.13595665667)) ;
#1075=CARTESIAN_POINT('Vertex',(-423.140301991,-4.44958315554,-2.13595665667)) ;
#1078=CARTESIAN_POINT('Line Origine',(-423.140301991,-4.44958315554,2.73006874727)) ;
#1082=CARTESIAN_POINT('Vertex',(-423.140301991,-4.44958315554,-5.26993125273)) ;
#1085=CARTESIAN_POINT('Axis2P3D Location',(-424.890301991,-4.44958315554,-5.26993125273)) ;
#1089=CARTESIAN_POINT('Vertex',(-426.640301991,-4.44958315554,-5.26993125273)) ;
#1092=CARTESIAN_POINT('Line Origine',(-426.640301991,-4.44958315554,2.73006874727)) ;
#1105=CARTESIAN_POINT('Axis2P3D Location',(3.15363405768E-030,1.01590967621E-016,1.73006874727)) ;
#1110=CARTESIAN_POINT('Axis2P3D Location',(-428.890301991,4.55041684446,1.73006874727)) ;
#1114=CARTESIAN_POINT('Vertex',(-427.533347358,8.84094992611,1.73006874727)) ;
#1116=CARTESIAN_POINT('Vertex',(-424.390301991,4.55041684446,1.73006874727)) ;
#1119=CARTESIAN_POINT('Axis2P3D Location',(-428.890301991,4.55041684446,1.73006874727)) ;
#1123=CARTESIAN_POINT('Vertex',(-433.390301991,4.55041684446,1.73006874727)) ;
#1126=CARTESIAN_POINT('Axis2P3D Location',(-428.890301991,4.55041684446,1.73006874727)) ;
#1130=CARTESIAN_POINT('Vertex',(-432.237641239,7.55796068589,1.73006874727)) ;
#1133=CARTESIAN_POINT('Axis2P3D Location',(-431.890301991,15.5504168445,1.73006874727)) ;
#1144=CARTESIAN_POINT('Axis2P3D Location',(-428.890301991,4.55041684446,1.73006874727)) ;
#1148=CARTESIAN_POINT('Vertex',(-430.601587986,3.61553704418,1.73006874727)) ;
#1150=CARTESIAN_POINT('Vertex',(-427.179015995,5.48529664474,1.73006874727)) ;
#1153=CARTESIAN_POINT('Axis2P3D Location',(-428.890301991,4.55041684446,1.73006874727)) ;
#1163=CARTESIAN_POINT('Axis2P3D Location',(2.32048457157E-029,7.47519428897E-016,12.7300687473)) ;
#1168=CARTESIAN_POINT('Axis2P3D Location',(-426.890301991,61.5504168445,12.7300687473)) ;
#1172=CARTESIAN_POINT('Vertex',(-424.890301991,61.5504168445,12.7300687473)) ;
#1174=CARTESIAN_POINT('Vertex',(-426.890301991,59.5504168445,12.7300687473)) ;
#1177=CARTESIAN_POINT('Line Origine',(-432.390301991,59.5504168445,12.7300687473)) ;
#1181=CARTESIAN_POINT('Vertex',(-437.890301991,59.5504168445,12.7300687473)) ;
#1184=CARTESIAN_POINT('Axis2P3D Location',(-437.890301991,61.5504168445,12.7300687473)) ;
#1188=CARTESIAN_POINT('Vertex',(-439.890301991,61.5504168445,12.7300687473)) ;
#1191=CARTESIAN_POINT('Line Origine',(-439.890301991,73.5504168445,12.7300687473)) ;
#1195=CARTESIAN_POINT('Vertex',(-439.890301991,85.5504168445,12.7300687473)) ;
#1198=CARTESIAN_POINT('Axis2P3D Location',(-437.890301991,85.5504168445,12.7300687473)) ;
#1202=CARTESIAN_POINT('Vertex',(-437.890301991,87.5504168445,12.7300687473)) ;
#1205=CARTESIAN_POINT('Line Origine',(-432.390301991,87.5504168445,12.7300687473)) ;
#1209=CARTESIAN_POINT('Vertex',(-426.890301991,87.5504168445,12.7300687473)) ;
#1212=CARTESIAN_POINT('Axis2P3D Location',(-426.890301991,85.5504168445,12.7300687473)) ;
#1216=CARTESIAN_POINT('Vertex',(-424.890301991,85.5504168445,12.7300687473)) ;
#1219=CARTESIAN_POINT('Line Origine',(-424.890301991,73.5504168445,12.7300687473)) ;
#1234=CARTESIAN_POINT('Axis2P3D Location',(-431.890301991,72.5504168445,12.7300687473)) ;
#1238=CARTESIAN_POINT('Vertex',(-429.390301991,72.5504168445,12.7300687473)) ;
#1240=CARTESIAN_POINT('Vertex',(-434.390301991,72.5504168445,12.7300687473)) ;
#1243=CARTESIAN_POINT('Axis2P3D Location',(-431.890301991,72.5504168445,12.7300687473)) ;
#1253=CARTESIAN_POINT('Axis2P3D Location',(-424.890301991,103.550416844,-3.14631962775)) ;
#1258=CARTESIAN_POINT('Axis2P3D Location',(-424.890301991,103.550416844,-2.13595665667)) ;
#1262=CARTESIAN_POINT('Vertex',(-426.426071474,104.389411537,-2.13595665667)) ;
#1264=CARTESIAN_POINT('Vertex',(-423.140301991,103.550416844,-2.13595665667)) ;
#1267=CARTESIAN_POINT('Axis2P3D Location',(-424.890301991,103.550416844,-2.13595665667)) ;
#1271=CARTESIAN_POINT('Vertex',(-423.354532507,102.711422152,-2.13595665667)) ;
#1274=CARTESIAN_POINT('Line Origine',(-423.464230328,102.771350344,-2.20812544032)) ;
#1278=CARTESIAN_POINT('Vertex',(-422.038158664,101.992283844,-1.26993125288)) ;
#1281=CARTESIAN_POINT('Axis2P3D Location',(-424.890301991,103.550416844,-1.26993125288)) ;
#1285=CARTESIAN_POINT('Vertex',(-427.742445317,105.108549845,-1.26993125288)) ;
#1288=CARTESIAN_POINT('Line Origine',(-426.316373654,104.329483345,-2.20812544032)) ;
#1301=CARTESIAN_POINT('Axis2P3D Location',(-424.890301991,103.550416844,2.73006874727)) ;
#1306=CARTESIAN_POINT('Axis2P3D Location',(-424.890301991,103.550416844,-2.13595665667)) ;
#1310=CARTESIAN_POINT('Vertex',(-426.640301991,103.550416844,-2.13595665667)) ;
#1313=CARTESIAN_POINT('Line Origine',(-426.640301991,103.550416844,2.73006874727)) ;
#1317=CARTESIAN_POINT('Vertex',(-426.640301991,103.550416844,-5.26993125273)) ;
#1320=CARTESIAN_POINT('Axis2P3D Location',(-424.890301991,103.550416844,-5.26993125273)) ;
#1324=CARTESIAN_POINT('Vertex',(-423.140301991,103.550416844,-5.26993125273)) ;
#1327=CARTESIAN_POINT('Line Origine',(-423.140301991,103.550416844,2.73006874727)) ;
#1340=CARTESIAN_POINT('Axis2P3D Location',(-483.412301991,-4.44958315554,-3.14631962775)) ;
#1346=CARTESIAN_POINT('Control Point',(-481.662414785,-4.44958315554,-2.1360217788)) ;
#1347=CARTESIAN_POINT('Control Point',(-481.662414785,-3.9873342295,-2.1360217788)) ;
#1348=CARTESIAN_POINT('Control Point',(-481.815039121,-3.52508530345,-2.13601609906)) ;
#1349=CARTESIAN_POINT('Control Point',(-482.121347219,-3.13069400979,-2.13600459177)) ;
#1350=CARTESIAN_POINT('Control Point',(-482.94156995,-2.60612395464,-2.13597403493)) ;
#1351=CARTESIAN_POINT('Control Point',(-483.91292066,-2.67311116791,-2.1359379867)) ;
#1352=CARTESIAN_POINT('Control Point',(-484.370883417,-2.87233133963,-2.13592098803)) ;
#1353=CARTESIAN_POINT('Control Point',(-484.726505052,-3.20483717844,-2.13590775494)) ;
#1354=CARTESIAN_POINT('Control Point',(-484.948158342,-3.61054100659,-2.1358995071)) ;
#1355=CARTESIAN_POINT('Vertex',(-481.662414785,-4.44958315554,-2.1360217788)) ;
#1357=CARTESIAN_POINT('Vertex',(-484.948158342,-3.61054100659,-2.1358995071)) ;
#1361=CARTESIAN_POINT('Control Point',(-481.662414785,-4.44958315554,-2.1360217788)) ;
#1362=CARTESIAN_POINT('Control Point',(-481.662414785,-4.7412310233,-2.1360217788)) ;
#1363=CARTESIAN_POINT('Control Point',(-481.736802747,-5.03257896835,-2.13601901044)) ;
#1364=CARTESIAN_POINT('Control Point',(-481.876619377,-5.28853039091,-2.1360138072)) ;
#1365=CARTESIAN_POINT('Vertex',(-481.876619377,-5.28853039091,-2.1360138072)) ;
#1368=CARTESIAN_POINT('Line Origine',(-481.986230328,-5.22864965577,-2.20812544032)) ;
#1372=CARTESIAN_POINT('Vertex',(-480.560158664,-6.007716156,-1.26993125288)) ;
#1375=CARTESIAN_POINT('Axis2P3D Location',(-483.412301991,-4.44958315554,-1.26993125288)) ;
#1379=CARTESIAN_POINT('Vertex',(-486.264445317,-2.89145015508,-1.26993125288)) ;
#1382=CARTESIAN_POINT('Line Origine',(-484.838373654,-3.67051665531,-2.20812544032)) ;
#1395=CARTESIAN_POINT('Axis2P3D Location',(-483.412414785,-4.44958315554,2.73006874727)) ;
#1401=CARTESIAN_POINT('Control Point',(-485.162414785,-4.44958315554,-2.13589153454)) ;
#1402=CARTESIAN_POINT('Control Point',(-485.162414785,-4.91189165825,-2.13589153454)) ;
#1403=CARTESIAN_POINT('Control Point',(-485.009751106,-5.37420016097,-2.13589721502)) ;
#1404=CARTESIAN_POINT('Control Point',(-484.703362445,-5.76861145585,-2.1359087235)) ;
#1405=CARTESIAN_POINT('Control Point',(-483.883014301,-6.29311477141,-2.13593928233)) ;
#1406=CARTESIAN_POINT('Control Point',(-482.911675182,-6.22598596552,-2.13597533064)) ;
#1407=CARTESIAN_POINT('Control Point',(-482.453772778,-6.0267088036,-2.1359923286)) ;
#1408=CARTESIAN_POINT('Control Point',(-482.098222532,-5.69420203853,-2.13600556029)) ;
#1409=CARTESIAN_POINT('Control Point',(-481.876619377,-5.28853039091,-2.1360138072)) ;
#1410=CARTESIAN_POINT('Vertex',(-485.162414785,-4.44958315554,-2.13589153454)) ;
#1413=CARTESIAN_POINT('Line Origine',(-481.662414785,-4.44958315554,2.73006874727)) ;
#1417=CARTESIAN_POINT('Vertex',(-481.662414785,-4.44958315554,-5.26993125273)) ;
#1420=CARTESIAN_POINT('Axis2P3D Location',(-483.412414785,-4.44958315554,-5.26993125273)) ;
#1424=CARTESIAN_POINT('Vertex',(-485.162414785,-4.44958315554,-5.26993125273)) ;
#1427=CARTESIAN_POINT('Line Origine',(-485.162414785,-4.44958315554,2.73006874727)) ;
#1440=CARTESIAN_POINT('Axis2P3D Location',(-483.412301991,103.550416844,-3.14631962775)) ;
#1446=CARTESIAN_POINT('Control Point',(-481.662414785,103.550416844,-2.1360217788)) ;
#1447=CARTESIAN_POINT('Control Point',(-481.662414785,104.012665771,-2.1360217788)) ;
#1448=CARTESIAN_POINT('Control Point',(-481.815039116,104.474914697,-2.13601609611)) ;
#1449=CARTESIAN_POINT('Control Point',(-482.121347213,104.869305996,-2.13600458734)) ;
#1450=CARTESIAN_POINT('Control Point',(-482.941569949,105.393876054,-2.13597403049)) ;
#1451=CARTESIAN_POINT('Control Point',(-483.912920662,105.326888835,-2.13593798522)) ;
#1452=CARTESIAN_POINT('Control Point',(-484.370883417,105.12766866,-2.13592098802)) ;
#1453=CARTESIAN_POINT('Control Point',(-484.726505052,104.795162822,-2.13590775494)) ;
#1454=CARTESIAN_POINT('Control Point',(-484.948158342,104.389458993,-2.1358995071)) ;
#1455=CARTESIAN_POINT('Vertex',(-481.662414785,103.550416844,-2.1360217788)) ;
#1457=CARTESIAN_POINT('Vertex',(-484.948158342,104.389458993,-2.1358995071)) ;
#1461=CARTESIAN_POINT('Control Point',(-481.662414785,103.550416844,-2.1360217788)) ;
#1462=CARTESIAN_POINT('Control Point',(-481.662414785,103.258768977,-2.1360217788)) ;
#1463=CARTESIAN_POINT('Control Point',(-481.736802747,102.967421032,-2.13601901044)) ;
#1464=CARTESIAN_POINT('Control Point',(-481.876619377,102.711469609,-2.1360138072)) ;
#1465=CARTESIAN_POINT('Vertex',(-481.876619377,102.711469609,-2.1360138072)) ;
#1468=CARTESIAN_POINT('Line Origine',(-481.986230328,102.771350344,-2.20812544032)) ;
#1472=CARTESIAN_POINT('Vertex',(-480.560158664,101.992283844,-1.26993125288)) ;
#1475=CARTESIAN_POINT('Axis2P3D Location',(-483.412301991,103.550416844,-1.26993125288)) ;
#1479=CARTESIAN_POINT('Vertex',(-486.264445317,105.108549845,-1.26993125288)) ;
#1482=CARTESIAN_POINT('Line Origine',(-484.838373654,104.329483345,-2.20812544032)) ;
#1495=CARTESIAN_POINT('Axis2P3D Location',(-483.412414785,103.550416844,2.73006874727)) ;
#1501=CARTESIAN_POINT('Control Point',(-485.162414785,103.550416844,-2.13589153454)) ;
#1502=CARTESIAN_POINT('Control Point',(-485.162414785,103.088108342,-2.13589153454)) ;
#1503=CARTESIAN_POINT('Control Point',(-485.009751106,102.625799839,-2.13589721803)) ;
#1504=CARTESIAN_POINT('Control Point',(-484.703362445,102.231388544,-2.13590872804)) ;
#1505=CARTESIAN_POINT('Control Point',(-483.883014301,101.706885229,-2.13593928691)) ;
#1506=CARTESIAN_POINT('Control Point',(-482.911675182,101.774014034,-2.1359753322)) ;
#1507=CARTESIAN_POINT('Control Point',(-482.453772778,101.973291196,-2.13599232864)) ;
#1508=CARTESIAN_POINT('Control Point',(-482.098222532,102.305797961,-2.13600556029)) ;
#1509=CARTESIAN_POINT('Control Point',(-481.876619377,102.711469609,-2.1360138072)) ;
#1510=CARTESIAN_POINT('Vertex',(-485.162414785,103.550416844,-2.13589153454)) ;
#1513=CARTESIAN_POINT('Line Origine',(-481.662414785,103.550416844,2.73006874727)) ;
#1517=CARTESIAN_POINT('Vertex',(-481.662414785,103.550416844,-5.26993125273)) ;
#1520=CARTESIAN_POINT('Axis2P3D Location',(-483.412414785,103.550416844,-5.26993125273)) ;
#1524=CARTESIAN_POINT('Vertex',(-485.162414785,103.550416844,-5.26993125273)) ;
#1527=CARTESIAN_POINT('Line Origine',(-485.162414785,103.550416844,2.73006874727)) ;
#1540=CARTESIAN_POINT('Axis2P3D Location',(-428.890301991,94.5504168445,11.7300687474)) ;
#1545=CARTESIAN_POINT('Axis2P3D Location',(-428.890301991,4.55041684446,11.7300687474)) ;
#1549=CARTESIAN_POINT('Vertex',(-430.601587986,3.61553704418,11.7300687474)) ;
#1551=CARTESIAN_POINT('Vertex',(-427.179015995,5.48529664474,11.7300687474)) ;
#1554=CARTESIAN_POINT('Axis2P3D Location',(-428.890301991,4.55041684446,11.7300687474)) ;
#1564=CARTESIAN_POINT('Axis2P3D Location',(-478.890301991,4.55041684446,11.7300687474)) ;
#1568=CARTESIAN_POINT('Vertex',(-480.601587986,3.61553704418,11.7300687474)) ;
#1570=CARTESIAN_POINT('Vertex',(-477.179015995,5.48529664474,11.7300687474)) ;
#1573=CARTESIAN_POINT('Axis2P3D Location',(-478.890301991,4.55041684446,11.7300687474)) ;
#1583=CARTESIAN_POINT('Axis2P3D Location',(-478.890301991,94.5504168445,11.7300687474)) ;
#1587=CARTESIAN_POINT('Vertex',(-480.601587986,93.6155370442,11.7300687474)) ;
#1589=CARTESIAN_POINT('Vertex',(-477.179015995,95.4852966447,11.7300687474)) ;
#1592=CARTESIAN_POINT('Axis2P3D Location',(-478.890301991,94.5504168445,11.7300687474)) ;
#1602=CARTESIAN_POINT('Axis2P3D Location',(-428.890301991,94.5504168445,11.7300687474)) ;
#1606=CARTESIAN_POINT('Vertex',(-430.601587986,93.6155370442,11.7300687474)) ;
#1608=CARTESIAN_POINT('Vertex',(-427.179015995,95.4852966447,11.7300687474)) ;
#1611=CARTESIAN_POINT('Axis2P3D Location',(-428.890301991,94.5504168445,11.7300687474)) ;
#1621=CARTESIAN_POINT('Axis2P3D Location',(-428.890301991,94.5504168445,1.83006874727)) ;
#1626=CARTESIAN_POINT('Axis2P3D Location',(-428.890301991,94.5504168445,1.73006874727)) ;
#1630=CARTESIAN_POINT('Vertex',(-427.179015995,95.4852966447,1.73006874727)) ;
#1632=CARTESIAN_POINT('Vertex',(-430.601587986,93.6155370442,1.73006874727)) ;
#1635=CARTESIAN_POINT('Line Origine',(-430.601587986,93.6155370442,3.07506874729)) ;
#1640=CARTESIAN_POINT('Line Origine',(-427.179015995,95.4852966447,3.07506874729)) ;
#1652=CARTESIAN_POINT('Axis2P3D Location',(-428.890301991,94.5504168445,1.73006874727)) ;
#1664=CARTESIAN_POINT('Axis2P3D Location',(-478.890301991,94.5504168445,1.83006874727)) ;
#1669=CARTESIAN_POINT('Axis2P3D Location',(-478.890301991,94.5504168445,1.73006874727)) ;
#1673=CARTESIAN_POINT('Vertex',(-477.179015995,95.4852966447,1.73006874727)) ;
#1675=CARTESIAN_POINT('Vertex',(-480.601587986,93.6155370442,1.73006874727)) ;
#1678=CARTESIAN_POINT('Line Origine',(-480.601587986,93.6155370442,3.07506874729)) ;
#1683=CARTESIAN_POINT('Line Origine',(-477.179015995,95.4852966447,3.07506874729)) ;
#1695=CARTESIAN_POINT('Axis2P3D Location',(-478.890301991,94.5504168445,1.73006874727)) ;
#1707=CARTESIAN_POINT('Axis2P3D Location',(-478.890301991,4.55041684446,1.83006874727)) ;
#1712=CARTESIAN_POINT('Axis2P3D Location',(-478.890301991,4.55041684446,1.73006874727)) ;
#1716=CARTESIAN_POINT('Vertex',(-477.179015995,5.48529664474,1.73006874727)) ;
#1718=CARTESIAN_POINT('Vertex',(-480.601587986,3.61553704418,1.73006874727)) ;
#1721=CARTESIAN_POINT('Line Origine',(-480.601587986,3.61553704418,3.07506874729)) ;
#1726=CARTESIAN_POINT('Line Origine',(-477.179015995,5.48529664474,3.07506874729)) ;
#1738=CARTESIAN_POINT('Axis2P3D Location',(-478.890301991,4.55041684446,1.73006874727)) ;
#1750=CARTESIAN_POINT('Line Origine',(-439.410674814,94.9350322291,12.7300687473)) ;
#1754=CARTESIAN_POINT('Vertex',(-439.410674814,97.4350322291,12.7300687473)) ;
#1756=CARTESIAN_POINT('Vertex',(-439.410674814,92.4350322291,12.7300687473)) ;
#1759=CARTESIAN_POINT('Axis2P3D Location',(-441.410674814,92.4350322291,12.7300687473)) ;
#1763=CARTESIAN_POINT('Vertex',(-441.410674814,90.4350322291,12.7300687473)) ;
#1766=CARTESIAN_POINT('Line Origine',(-455.4115448,90.4350322291,12.7300687473)) ;
#1770=CARTESIAN_POINT('Vertex',(-469.412414785,90.4350322291,12.7300687473)) ;
#1773=CARTESIAN_POINT('Axis2P3D Location',(-469.412414785,92.4350322291,12.7300687473)) ;
#1777=CARTESIAN_POINT('Vertex',(-471.412414785,92.4350322291,12.7300687473)) ;
#1780=CARTESIAN_POINT('Line Origine',(-471.412414785,94.9350322291,12.7300687473)) ;
#1784=CARTESIAN_POINT('Vertex',(-471.412414785,97.4350322291,12.7300687473)) ;
#1787=CARTESIAN_POINT('Axis2P3D Location',(-469.412414785,97.4350322291,12.7300687473)) ;
#1791=CARTESIAN_POINT('Vertex',(-469.412414785,99.4350322291,12.7300687473)) ;
#1794=CARTESIAN_POINT('Line Origine',(-455.4115448,99.4350322291,12.7300687473)) ;
#1798=CARTESIAN_POINT('Vertex',(-441.410674814,99.4350322291,12.7300687473)) ;
#1801=CARTESIAN_POINT('Axis2P3D Location',(-441.410674814,97.4350322291,12.7300687473)) ;
#1817=CARTESIAN_POINT('Axis2P3D Location',(-441.410674814,1.66580145984,12.7300687473)) ;
#1821=CARTESIAN_POINT('Vertex',(-439.410674814,1.66580145984,12.7300687473)) ;
#1823=CARTESIAN_POINT('Vertex',(-441.410674814,-0.334198540156,12.7300687473)) ;
#1826=CARTESIAN_POINT('Line Origine',(-455.4115448,-0.334198540156,12.7300687473)) ;
#1830=CARTESIAN_POINT('Vertex',(-469.412414785,-0.334198540156,12.7300687473)) ;
#1833=CARTESIAN_POINT('Axis2P3D Location',(-469.412414785,1.66580145984,12.7300687473)) ;
#1837=CARTESIAN_POINT('Vertex',(-471.412414785,1.66580145984,12.7300687473)) ;
#1840=CARTESIAN_POINT('Line Origine',(-471.412414785,4.16580145984,12.7300687473)) ;
#1844=CARTESIAN_POINT('Vertex',(-471.412414785,6.66580145984,12.7300687473)) ;
#1847=CARTESIAN_POINT('Axis2P3D Location',(-469.412414785,6.66580145984,12.7300687473)) ;
#1851=CARTESIAN_POINT('Vertex',(-469.412414785,8.66580145984,12.7300687473)) ;
#1854=CARTESIAN_POINT('Line Origine',(-455.4115448,8.66580145984,12.7300687473)) ;
#1858=CARTESIAN_POINT('Vertex',(-441.410674814,8.66580145984,12.7300687473)) ;
#1861=CARTESIAN_POINT('Axis2P3D Location',(-441.410674814,6.66580145984,12.7300687473)) ;
#1865=CARTESIAN_POINT('Vertex',(-439.410674814,6.66580145984,12.7300687473)) ;
#1868=CARTESIAN_POINT('Line Origine',(-439.410674814,4.16580145984,12.7300687473)) ;
#1884=CARTESIAN_POINT('Axis2P3D Location',(-481.162414785,37.5504168445,12.7300687473)) ;
#1888=CARTESIAN_POINT('Vertex',(-481.162414785,35.5504168445,12.7300687473)) ;
#1890=CARTESIAN_POINT('Vertex',(-483.162414785,37.5504168445,12.7300687473)) ;
#1893=CARTESIAN_POINT('Line Origine',(-483.162414785,49.5504168445,12.7300687473)) ;
#1897=CARTESIAN_POINT('Vertex',(-483.162414785,61.5504168445,12.7300687473)) ;
#1900=CARTESIAN_POINT('Axis2P3D Location',(-481.162414785,61.5504168445,12.7300687473)) ;
#1904=CARTESIAN_POINT('Vertex',(-481.162414785,63.5504168445,12.7300687473)) ;
#1907=CARTESIAN_POINT('Line Origine',(-478.287414785,63.5504168445,12.7300687473)) ;
#1911=CARTESIAN_POINT('Vertex',(-475.412414785,63.5504168445,12.7300687473)) ;
#1914=CARTESIAN_POINT('Axis2P3D Location',(-475.412414785,61.5504168445,12.7300687473)) ;
#1918=CARTESIAN_POINT('Vertex',(-473.412414785,61.5504168445,12.7300687473)) ;
#1921=CARTESIAN_POINT('Line Origine',(-473.412414785,49.5504168445,12.7300687473)) ;
#1925=CARTESIAN_POINT('Vertex',(-473.412414785,37.5504168445,12.7300687473)) ;
#1928=CARTESIAN_POINT('Axis2P3D Location',(-475.412414785,37.5504168445,12.7300687473)) ;
#1932=CARTESIAN_POINT('Vertex',(-475.412414785,35.5504168445,12.7300687473)) ;
#1935=CARTESIAN_POINT('Line Origine',(-478.287414785,35.5504168445,12.7300687473)) ;
#1951=CARTESIAN_POINT('Axis2P3D Location',(-475.412414785,85.5504168445,12.7300687473)) ;
#1955=CARTESIAN_POINT('Vertex',(-475.412414785,87.5504168445,12.7300687473)) ;
#1957=CARTESIAN_POINT('Vertex',(-473.412414785,85.5504168445,12.7300687473)) ;
#1960=CARTESIAN_POINT('Line Origine',(-473.412414785,77.5504168445,12.7300687473)) ;
#1964=CARTESIAN_POINT('Vertex',(-473.412414785,69.5504168445,12.7300687473)) ;
#1967=CARTESIAN_POINT('Axis2P3D Location',(-475.412414785,69.5504168445,12.7300687473)) ;
#1971=CARTESIAN_POINT('Vertex',(-475.412414785,67.5504168445,12.7300687473)) ;
#1974=CARTESIAN_POINT('Line Origine',(-478.287414785,67.5504168445,12.7300687473)) ;
#1978=CARTESIAN_POINT('Vertex',(-481.162414785,67.5504168445,12.7300687473)) ;
#1981=CARTESIAN_POINT('Axis2P3D Location',(-481.162414785,69.5504168445,12.7300687473)) ;
#1985=CARTESIAN_POINT('Vertex',(-483.162414785,69.5504168445,12.7300687473)) ;
#1988=CARTESIAN_POINT('Line Origine',(-483.162414785,77.5504168445,12.7300687473)) ;
#1992=CARTESIAN_POINT('Vertex',(-483.162414785,85.5504168445,12.7300687473)) ;
#1995=CARTESIAN_POINT('Axis2P3D Location',(-481.162414785,85.5504168445,12.7300687473)) ;
#1999=CARTESIAN_POINT('Vertex',(-481.162414785,87.5504168445,12.7300687473)) ;
#2002=CARTESIAN_POINT('Line Origine',(-478.287414785,87.5504168445,12.7300687473)) ;
#2018=CARTESIAN_POINT('Axis2P3D Location',(-428.890301991,94.5504168445,1.73006874727)) ;
#2022=CARTESIAN_POINT('Vertex',(-424.390301991,94.5504168445,1.73006874727)) ;
#2024=CARTESIAN_POINT('Vertex',(-433.390301991,94.5504168445,1.73006874727)) ;
#2027=CARTESIAN_POINT('Axis2P3D Location',(-428.890301991,94.5504168445,1.73006874727)) ;
#2041=CARTESIAN_POINT('Axis2P3D Location',(-478.890301991,94.5504168445,1.73006874727)) ;
#2045=CARTESIAN_POINT('Vertex',(-474.390301991,94.5504168445,1.73006874727)) ;
#2047=CARTESIAN_POINT('Vertex',(-483.390301991,94.5504168445,1.73006874727)) ;
#2050=CARTESIAN_POINT('Axis2P3D Location',(-478.890301991,94.5504168445,1.73006874727)) ;
#2064=CARTESIAN_POINT('Axis2P3D Location',(-478.890301991,4.55041684446,1.73006874727)) ;
#2068=CARTESIAN_POINT('Vertex',(-474.390301991,4.55041684446,1.73006874727)) ;
#2070=CARTESIAN_POINT('Vertex',(-483.390301991,4.55041684446,1.73006874727)) ;
#2073=CARTESIAN_POINT('Axis2P3D Location',(-478.890301991,4.55041684446,1.73006874727)) ;
#2088=CARTESIAN_POINT('Control Point',(-485.162414785,103.550416844,-2.13589153454)) ;
#2089=CARTESIAN_POINT('Control Point',(-485.162414785,103.84210231,-2.13589153454)) ;
#2090=CARTESIAN_POINT('Control Point',(-485.088006611,104.133487256,-2.13589430327)) ;
#2091=CARTESIAN_POINT('Control Point',(-484.948158342,104.389458993,-2.1358995071)) ;
#2093=CARTESIAN_POINT('Axis2P3D Location',(-483.412414785,103.550416844,-5.26993125273)) ;
#2106=CARTESIAN_POINT('Axis2P3D Location',(-483.412301991,103.550416844,-1.26993125288)) ;
#2120=CARTESIAN_POINT('Control Point',(-485.162414785,-4.44958315554,-2.13589153454)) ;
#2121=CARTESIAN_POINT('Control Point',(-485.162414785,-4.15789768997,-2.13589153454)) ;
#2122=CARTESIAN_POINT('Control Point',(-485.088006611,-3.86651274441,-2.13589430327)) ;
#2123=CARTESIAN_POINT('Control Point',(-484.948158342,-3.61054100659,-2.1358995071)) ;
#2125=CARTESIAN_POINT('Axis2P3D Location',(-483.412414785,-4.44958315554,-5.26993125273)) ;
#2138=CARTESIAN_POINT('Axis2P3D Location',(-483.412301991,-4.44958315554,-1.26993125288)) ;
#2151=CARTESIAN_POINT('Axis2P3D Location',(-424.890301991,103.550416844,-2.13595665667)) ;
#2156=CARTESIAN_POINT('Axis2P3D Location',(-424.890301991,103.550416844,-5.26993125273)) ;
#2169=CARTESIAN_POINT('Axis2P3D Location',(-424.890301991,103.550416844,-1.26993125288)) ;
#2182=CARTESIAN_POINT('Axis2P3D Location',(-428.890301991,4.55041684446,1.83006874727)) ;
#2187=CARTESIAN_POINT('Line Origine',(-430.601587986,3.61553704418,3.07506874729)) ;
#2192=CARTESIAN_POINT('Line Origine',(-427.179015995,5.48529664474,3.07506874729)) ;
#2211=CARTESIAN_POINT('Axis2P3D Location',(-424.890301991,-4.44958315554,-2.13595665667)) ;
#2216=CARTESIAN_POINT('Axis2P3D Location',(-424.890301991,-4.44958315554,-5.26993125273)) ;
#2229=CARTESIAN_POINT('Axis2P3D Location',(-424.890301991,-4.44958315554,-1.26993125288)) ;
#2242=CARTESIAN_POINT('Axis2P3D Location',(-441.410674814,97.4350322291,11.7300687473)) ;
#2247=CARTESIAN_POINT('Line Origine',(-441.410674814,99.4350322291,11.7300687473)) ;
#2251=CARTESIAN_POINT('Vertex',(-441.410674814,99.4350322291,10.7300687473)) ;
#2254=CARTESIAN_POINT('Axis2P3D Location',(-441.410674814,97.4350322291,10.7300687473)) ;
#2258=CARTESIAN_POINT('Vertex',(-439.410674814,97.4350322291,10.7300687473)) ;
#2261=CARTESIAN_POINT('Line Origine',(-439.410674814,97.4350322291,11.7300687473)) ;
#2273=CARTESIAN_POINT('Axis2P3D Location',(-439.410674814,1.66580145984,10.7300687473)) ;
#2278=CARTESIAN_POINT('Line Origine',(-439.410674814,94.9350322291,10.7300687473)) ;
#2282=CARTESIAN_POINT('Vertex',(-439.410674814,92.4350322291,10.7300687473)) ;
#2285=CARTESIAN_POINT('Line Origine',(-439.410674814,92.4350322291,11.7300687473)) ;
#2297=CARTESIAN_POINT('Axis2P3D Location',(-441.410674814,92.4350322291,11.7300687473)) ;
#2302=CARTESIAN_POINT('Axis2P3D Location',(-441.410674814,92.4350322291,10.7300687473)) ;
#2306=CARTESIAN_POINT('Vertex',(-441.410674814,90.4350322291,10.7300687473)) ;
#2309=CARTESIAN_POINT('Line Origine',(-441.410674814,90.4350322291,11.7300687473)) ;
#2321=CARTESIAN_POINT('Axis2P3D Location',(-441.410674814,90.4350322291,10.7300687473)) ;
#2326=CARTESIAN_POINT('Line Origine',(-455.4115448,90.4350322291,10.7300687473)) ;
#2330=CARTESIAN_POINT('Vertex',(-469.412414785,90.4350322291,10.7300687473)) ;
#2333=CARTESIAN_POINT('Line Origine',(-469.412414785,90.4350322291,11.7300687473)) ;
#2345=CARTESIAN_POINT('Axis2P3D Location',(-469.412414785,92.4350322291,11.7300687473)) ;
#2350=CARTESIAN_POINT('Axis2P3D Location',(-469.412414785,92.4350322291,10.7300687473)) ;
#2354=CARTESIAN_POINT('Vertex',(-471.412414785,92.4350322291,10.7300687473)) ;
#2357=CARTESIAN_POINT('Line Origine',(-471.412414785,92.4350322291,11.7300687473)) ;
#2369=CARTESIAN_POINT('Axis2P3D Location',(-471.412414785,87.5504168445,10.7300687473)) ;
#2374=CARTESIAN_POINT('Line Origine',(-471.412414785,94.9350322291,10.7300687473)) ;
#2378=CARTESIAN_POINT('Vertex',(-471.412414785,97.4350322291,10.7300687473)) ;
#2381=CARTESIAN_POINT('Line Origine',(-471.412414785,97.4350322291,11.7300687473)) ;
#2393=CARTESIAN_POINT('Axis2P3D Location',(-469.412414785,97.4350322291,11.7300687473)) ;
#2398=CARTESIAN_POINT('Axis2P3D Location',(-469.412414785,97.4350322291,10.7300687473)) ;
#2402=CARTESIAN_POINT('Vertex',(-469.412414785,99.4350322291,10.7300687473)) ;
#2405=CARTESIAN_POINT('Line Origine',(-469.412414785,99.4350322291,11.7300687473)) ;
#2417=CARTESIAN_POINT('Axis2P3D Location',(-469.412414785,99.4350322291,10.7300687473)) ;
#2422=CARTESIAN_POINT('Line Origine',(-455.4115448,99.4350322291,10.7300687473)) ;
#2434=CARTESIAN_POINT('Axis2P3D Location',(-424.890301991,61.5504168445,10.7300687473)) ;
#2439=CARTESIAN_POINT('Line Origine',(-424.890301991,85.5504168445,11.7300687473)) ;
#2443=CARTESIAN_POINT('Vertex',(-424.890301991,85.5504168445,10.7300687473)) ;
#2446=CARTESIAN_POINT('Line Origine',(-424.890301991,73.5504168445,10.7300687473)) ;
#2450=CARTESIAN_POINT('Vertex',(-424.890301991,61.5504168445,10.7300687473)) ;
#2453=CARTESIAN_POINT('Line Origine',(-424.890301991,61.5504168445,11.7300687473)) ;
#2465=CARTESIAN_POINT('Axis2P3D Location',(-426.890301991,61.5504168445,11.7300687473)) ;
#2470=CARTESIAN_POINT('Axis2P3D Location',(-426.890301991,61.5504168445,10.7300687473)) ;
#2474=CARTESIAN_POINT('Vertex',(-426.890301991,59.5504168445,10.7300687473)) ;
#2477=CARTESIAN_POINT('Line Origine',(-426.890301991,59.5504168445,11.7300687473)) ;
#2489=CARTESIAN_POINT('Axis2P3D Location',(-437.890301991,59.5504168445,10.7300687473)) ;
#2494=CARTESIAN_POINT('Line Origine',(-432.390301991,59.5504168445,10.7300687473)) ;
#2498=CARTESIAN_POINT('Vertex',(-437.890301991,59.5504168445,10.7300687473)) ;
#2501=CARTESIAN_POINT('Line Origine',(-437.890301991,59.5504168445,11.7300687473)) ;
#2513=CARTESIAN_POINT('Axis2P3D Location',(-437.890301991,61.5504168445,11.7300687473)) ;
#2518=CARTESIAN_POINT('Axis2P3D Location',(-437.890301991,61.5504168445,10.7300687473)) ;
#2522=CARTESIAN_POINT('Vertex',(-439.890301991,61.5504168445,10.7300687473)) ;
#2525=CARTESIAN_POINT('Line Origine',(-439.890301991,61.5504168445,11.7300687473)) ;
#2537=CARTESIAN_POINT('Axis2P3D Location',(-439.890301991,15.5504168445,14.7300687473)) ;
#2542=CARTESIAN_POINT('Line Origine',(-439.890301991,73.5504168445,10.7300687473)) ;
#2546=CARTESIAN_POINT('Vertex',(-439.890301991,85.5504168445,10.7300687473)) ;
#2549=CARTESIAN_POINT('Line Origine',(-439.890301991,85.5504168445,11.7300687473)) ;
#2561=CARTESIAN_POINT('Axis2P3D Location',(-437.890301991,85.5504168445,11.7300687473)) ;
#2566=CARTESIAN_POINT('Axis2P3D Location',(-437.890301991,85.5504168445,10.7300687473)) ;
#2570=CARTESIAN_POINT('Vertex',(-437.890301991,87.5504168445,10.7300687473)) ;
#2573=CARTESIAN_POINT('Line Origine',(-437.890301991,87.5504168445,11.7300687473)) ;
#2585=CARTESIAN_POINT('Axis2P3D Location',(-443.890301991,87.5504168445,10.7300687473)) ;
#2590=CARTESIAN_POINT('Line Origine',(-432.390301991,87.5504168445,10.7300687473)) ;
#2594=CARTESIAN_POINT('Vertex',(-426.890301991,87.5504168445,10.7300687473)) ;
#2597=CARTESIAN_POINT('Line Origine',(-426.890301991,87.5504168445,11.7300687473)) ;
#2609=CARTESIAN_POINT('Axis2P3D Location',(-426.890301991,85.5504168445,11.7300687473)) ;
#2614=CARTESIAN_POINT('Axis2P3D Location',(-426.890301991,85.5504168445,10.7300687473)) ;
#2626=CARTESIAN_POINT('Line Origine',(-439.410674814,6.66580145984,11.7300687473)) ;
#2630=CARTESIAN_POINT('Vertex',(-439.410674814,6.66580145984,10.7300687473)) ;
#2633=CARTESIAN_POINT('Line Origine',(-439.410674814,4.16580145984,10.7300687473)) ;
#2637=CARTESIAN_POINT('Vertex',(-439.410674814,1.66580145984,10.7300687473)) ;
#2640=CARTESIAN_POINT('Line Origine',(-439.410674814,1.66580145984,11.7300687473)) ;
#2652=CARTESIAN_POINT('Axis2P3D Location',(-441.410674814,1.66580145984,11.7300687473)) ;
#2657=CARTESIAN_POINT('Axis2P3D Location',(-441.410674814,1.66580145984,10.7300687473)) ;
#2661=CARTESIAN_POINT('Vertex',(-441.410674814,-0.334198540156,10.7300687473)) ;
#2664=CARTESIAN_POINT('Line Origine',(-441.410674814,-0.334198540156,11.7300687473)) ;
#2676=CARTESIAN_POINT('Axis2P3D Location',(-469.412414785,-0.334198540156,10.7300687473)) ;
#2681=CARTESIAN_POINT('Line Origine',(-455.4115448,-0.334198540156,10.7300687473)) ;
#2685=CARTESIAN_POINT('Vertex',(-469.412414785,-0.334198540156,10.7300687473)) ;
#2688=CARTESIAN_POINT('Line Origine',(-469.412414785,-0.334198540156,11.7300687473)) ;
#2700=CARTESIAN_POINT('Axis2P3D Location',(-469.412414785,1.66580145984,11.7300687473)) ;
#2705=CARTESIAN_POINT('Axis2P3D Location',(-469.412414785,1.66580145984,10.7300687473)) ;
#2709=CARTESIAN_POINT('Vertex',(-471.412414785,1.66580145984,10.7300687473)) ;
#2712=CARTESIAN_POINT('Line Origine',(-471.412414785,1.66580145984,11.7300687473)) ;
#2724=CARTESIAN_POINT('Line Origine',(-471.412414785,4.16580145984,10.7300687473)) ;
#2728=CARTESIAN_POINT('Vertex',(-471.412414785,6.66580145984,10.7300687473)) ;
#2731=CARTESIAN_POINT('Line Origine',(-471.412414785,6.66580145984,11.7300687473)) ;
#2743=CARTESIAN_POINT('Axis2P3D Location',(-469.412414785,6.66580145984,11.7300687473)) ;
#2748=CARTESIAN_POINT('Axis2P3D Location',(-469.412414785,6.66580145984,10.7300687473)) ;
#2752=CARTESIAN_POINT('Vertex',(-469.412414785,8.66580145984,10.7300687473)) ;
#2755=CARTESIAN_POINT('Line Origine',(-469.412414785,8.66580145984,11.7300687473)) ;
#2767=CARTESIAN_POINT('Axis2P3D Location',(-441.410674814,8.66580145984,10.7300687473)) ;
#2772=CARTESIAN_POINT('Line Origine',(-455.4115448,8.66580145984,10.7300687473)) ;
#2776=CARTESIAN_POINT('Vertex',(-441.410674814,8.66580145984,10.7300687473)) ;
#2779=CARTESIAN_POINT('Line Origine',(-441.410674814,8.66580145984,11.7300687473)) ;
#2791=CARTESIAN_POINT('Axis2P3D Location',(-441.410674814,6.66580145984,11.7300687473)) ;
#2796=CARTESIAN_POINT('Axis2P3D Location',(-441.410674814,6.66580145984,10.7300687473)) ;
#2808=CARTESIAN_POINT('Axis2P3D Location',(-481.162414785,35.5504168445,10.7300687473)) ;
#2813=CARTESIAN_POINT('Line Origine',(-475.412414785,35.5504168445,11.7300687473)) ;
#2817=CARTESIAN_POINT('Vertex',(-475.412414785,35.5504168445,10.7300687473)) ;
#2820=CARTESIAN_POINT('Line Origine',(-478.287414785,35.5504168445,10.7300687473)) ;
#2824=CARTESIAN_POINT('Vertex',(-481.162414785,35.5504168445,10.7300687473)) ;
#2827=CARTESIAN_POINT('Line Origine',(-481.162414785,35.5504168445,11.7300687473)) ;
#2839=CARTESIAN_POINT('Axis2P3D Location',(-481.162414785,37.5504168445,11.7300687473)) ;
#2844=CARTESIAN_POINT('Axis2P3D Location',(-481.162414785,37.5504168445,10.7300687473)) ;
#2848=CARTESIAN_POINT('Vertex',(-483.162414785,37.5504168445,10.7300687473)) ;
#2851=CARTESIAN_POINT('Line Origine',(-483.162414785,37.5504168445,11.7300687473)) ;
#2863=CARTESIAN_POINT('Axis2P3D Location',(-483.162414785,29.5504168445,10.7300687473)) ;
#2868=CARTESIAN_POINT('Line Origine',(-483.162414785,49.5504168445,10.7300687473)) ;
#2872=CARTESIAN_POINT('Vertex',(-483.162414785,61.5504168445,10.7300687473)) ;
#2875=CARTESIAN_POINT('Line Origine',(-483.162414785,61.5504168445,11.7300687473)) ;
#2887=CARTESIAN_POINT('Axis2P3D Location',(-481.162414785,61.5504168445,11.7300687473)) ;
#2892=CARTESIAN_POINT('Axis2P3D Location',(-481.162414785,61.5504168445,10.7300687473)) ;
#2896=CARTESIAN_POINT('Vertex',(-481.162414785,63.5504168445,10.7300687473)) ;
#2899=CARTESIAN_POINT('Line Origine',(-481.162414785,63.5504168445,11.7300687473)) ;
#2911=CARTESIAN_POINT('Axis2P3D Location',(-481.162414785,63.5504168445,10.7300687473)) ;
#2916=CARTESIAN_POINT('Line Origine',(-478.287414785,63.5504168445,10.7300687473)) ;
#2920=CARTESIAN_POINT('Vertex',(-475.412414785,63.5504168445,10.7300687473)) ;
#2923=CARTESIAN_POINT('Line Origine',(-475.412414785,63.5504168445,11.7300687473)) ;
#2935=CARTESIAN_POINT('Axis2P3D Location',(-475.412414785,61.5504168445,11.7300687473)) ;
#2940=CARTESIAN_POINT('Axis2P3D Location',(-475.412414785,61.5504168445,10.7300687473)) ;
#2944=CARTESIAN_POINT('Vertex',(-473.412414785,61.5504168445,10.7300687473)) ;
#2947=CARTESIAN_POINT('Line Origine',(-473.412414785,61.5504168445,11.7300687473)) ;
#2959=CARTESIAN_POINT('Line Origine',(-473.412414785,49.5504168445,10.7300687473)) ;
#2963=CARTESIAN_POINT('Vertex',(-473.412414785,37.5504168445,10.7300687473)) ;
#2966=CARTESIAN_POINT('Line Origine',(-473.412414785,37.5504168445,11.7300687473)) ;
#2978=CARTESIAN_POINT('Axis2P3D Location',(-475.412414785,37.5504168445,11.7300687473)) ;
#2983=CARTESIAN_POINT('Axis2P3D Location',(-475.412414785,37.5504168445,10.7300687473)) ;
#2995=CARTESIAN_POINT('Line Origine',(-481.162414785,87.5504168445,11.7300687473)) ;
#2999=CARTESIAN_POINT('Vertex',(-481.162414785,87.5504168445,10.7300687473)) ;
#3002=CARTESIAN_POINT('Line Origine',(-478.287414785,87.5504168445,10.7300687473)) ;
#3006=CARTESIAN_POINT('Vertex',(-475.412414785,87.5504168445,10.7300687473)) ;
#3009=CARTESIAN_POINT('Line Origine',(-475.412414785,87.5504168445,11.7300687473)) ;
#3021=CARTESIAN_POINT('Axis2P3D Location',(-475.412414785,85.5504168445,11.7300687473)) ;
#3026=CARTESIAN_POINT('Axis2P3D Location',(-475.412414785,85.5504168445,10.7300687473)) ;
#3030=CARTESIAN_POINT('Vertex',(-473.412414785,85.5504168445,10.7300687473)) ;
#3033=CARTESIAN_POINT('Line Origine',(-473.412414785,85.5504168445,11.7300687473)) ;
#3045=CARTESIAN_POINT('Line Origine',(-473.412414785,77.5504168445,10.7300687473)) ;
#3049=CARTESIAN_POINT('Vertex',(-473.412414785,69.5504168445,10.7300687473)) ;
#3052=CARTESIAN_POINT('Line Origine',(-473.412414785,69.5504168445,11.7300687473)) ;
#3064=CARTESIAN_POINT('Axis2P3D Location',(-475.412414785,69.5504168445,11.7300687473)) ;
#3069=CARTESIAN_POINT('Axis2P3D Location',(-475.412414785,69.5504168445,10.7300687473)) ;
#3073=CARTESIAN_POINT('Vertex',(-475.412414785,67.5504168445,10.7300687473)) ;
#3076=CARTESIAN_POINT('Line Origine',(-475.412414785,67.5504168445,11.7300687473)) ;
#3088=CARTESIAN_POINT('Axis2P3D Location',(-481.162414785,67.5504168445,10.7300687473)) ;
#3093=CARTESIAN_POINT('Line Origine',(-478.287414785,67.5504168445,10.7300687473)) ;
#3097=CARTESIAN_POINT('Vertex',(-481.162414785,67.5504168445,10.7300687473)) ;
#3100=CARTESIAN_POINT('Line Origine',(-481.162414785,67.5504168445,11.7300687473)) ;
#3112=CARTESIAN_POINT('Axis2P3D Location',(-481.162414785,69.5504168445,11.7300687473)) ;
#3117=CARTESIAN_POINT('Axis2P3D Location',(-481.162414785,69.5504168445,10.7300687473)) ;
#3121=CARTESIAN_POINT('Vertex',(-483.162414785,69.5504168445,10.7300687473)) ;
#3124=CARTESIAN_POINT('Line Origine',(-483.162414785,69.5504168445,11.7300687473)) ;
#3136=CARTESIAN_POINT('Line Origine',(-483.162414785,77.5504168445,10.7300687473)) ;
#3140=CARTESIAN_POINT('Vertex',(-483.162414785,85.5504168445,10.7300687473)) ;
#3143=CARTESIAN_POINT('Line Origine',(-483.162414785,85.5504168445,11.7300687473)) ;
#3155=CARTESIAN_POINT('Axis2P3D Location',(-481.162414785,85.5504168445,11.7300687473)) ;
#3160=CARTESIAN_POINT('Axis2P3D Location',(-481.162414785,85.5504168445,10.7300687473)) ;
#3172=CARTESIAN_POINT('Axis2P3D Location',(-479.606471131,102.319647614,10.7300687473)) ;
#3177=CARTESIAN_POINT('Line Origine',(-454.151358388,102.319647614,-5.26993125273)) ;
#3182=CARTESIAN_POINT('Line Origine',(-454.151358388,102.319647614,10.7300687473)) ;
#3194=CARTESIAN_POINT('Axis2P3D Location',(-483.412414785,103.550416844,2.73006874727)) ;
#3199=CARTESIAN_POINT('Axis2P3D Location',(-483.412414785,103.550416844,-5.26993125273)) ;
#3204=CARTESIAN_POINT('Axis2P3D Location',(-483.412414785,103.550416844,10.7300687473)) ;
#3216=CARTESIAN_POINT('Axis2P3D Location',(-485.162414785,-0.852709513056,10.7300687473)) ;
#3221=CARTESIAN_POINT('Line Origine',(-485.162414785,49.5504168445,-5.26993125273)) ;
#3226=CARTESIAN_POINT('Line Origine',(-485.162414785,49.5504168445,10.7300687473)) ;
#3238=CARTESIAN_POINT('Axis2P3D Location',(-483.412414785,-4.44958315554,2.73006874727)) ;
#3243=CARTESIAN_POINT('Axis2P3D Location',(-483.412414785,-4.44958315554,-5.26993125273)) ;
#3248=CARTESIAN_POINT('Axis2P3D Location',(-483.412414785,-4.44958315554,10.7300687473)) ;
#3260=CARTESIAN_POINT('Axis2P3D Location',(-428.696245645,-3.21881392477,10.7300687473)) ;
#3265=CARTESIAN_POINT('Line Origine',(-454.151358388,-3.21881392477,-5.26993125273)) ;
#3270=CARTESIAN_POINT('Line Origine',(-454.151358388,-3.21881392477,10.7300687473)) ;
#3282=CARTESIAN_POINT('Axis2P3D Location',(-9.6062279065E-030,-3.09454416828E-016,-5.26993125273)) ;
#3287=CARTESIAN_POINT('Axis2P3D Location',(-424.890301991,-4.44958315554,-5.26993125273)) ;
#3292=CARTESIAN_POINT('Line Origine',(-454.151358388,-5.68035238631,-5.26993125273)) ;
#3297=CARTESIAN_POINT('Axis2P3D Location',(-483.412414785,-4.44958315554,-5.26993125273)) ;
#3301=CARTESIAN_POINT('Vertex',(-486.662414785,-2.11773839227,-5.26993125273)) ;
#3304=CARTESIAN_POINT('Line Origine',(-486.662414785,49.5504168445,-5.26993125273)) ;
#3308=CARTESIAN_POINT('Vertex',(-486.662414785,101.218572081,-5.26993125273)) ;
#3311=CARTESIAN_POINT('Axis2P3D Location',(-483.412414785,103.550416844,-5.26993125273)) ;
#3316=CARTESIAN_POINT('Line Origine',(-454.151358388,104.781186075,-5.26993125273)) ;
#3321=CARTESIAN_POINT('Axis2P3D Location',(-424.890301991,103.550416844,-5.26993125273)) ;
#3367=CARTESIAN_POINT('Axis2P3D Location',(-428.696245645,104.781186075,10.7300687473)) ;
#3379=CARTESIAN_POINT('Axis2P3D Location',(-424.890301991,103.550416844,2.73006874727)) ;
#3384=CARTESIAN_POINT('Axis2P3D Location',(-424.890301991,103.550416844,10.7300687473)) ;
#3398=CARTESIAN_POINT('Axis2P3D Location',(-479.606471131,-5.68035238631,10.7300687473)) ;
#3410=CARTESIAN_POINT('Axis2P3D Location',(-424.890301991,-4.44958315554,2.73006874727)) ;
#3415=CARTESIAN_POINT('Axis2P3D Location',(-424.890301991,-4.44958315554,10.7300687473)) ;
#3429=CARTESIAN_POINT('Axis2P3D Location',(-483.412414785,-4.44958315554,2.73006874727)) ;
#3434=CARTESIAN_POINT('Line Origine',(-486.662414785,-2.11773839227,2.73006874727)) ;
#3448=CARTESIAN_POINT('Axis2P3D Location',(-486.662414785,101.218572081,10.7300687473)) ;
#3453=CARTESIAN_POINT('Line Origine',(-486.662414785,101.218572081,2.73006874727)) ;
#3465=CARTESIAN_POINT('Axis2P3D Location',(-483.412414785,103.550416844,2.73006874727)) ;
#3479=CARTESIAN_POINT('Axis2P3D Location',(-483.412301991,103.550416844,14.6300687473)) ;
#3484=CARTESIAN_POINT('Axis2P3D Location',(-483.412301991,103.550416844,14.7300687473)) ;
#3488=CARTESIAN_POINT('Vertex',(-486.264445317,105.108549845,14.7300687473)) ;
#3490=CARTESIAN_POINT('Vertex',(-480.560158664,101.992283844,14.7300687473)) ;
#3493=CARTESIAN_POINT('Line Origine',(-480.560158664,101.992283844,6.88506874727)) ;
#3498=CARTESIAN_POINT('Line Origine',(-486.264445317,105.108549845,6.88506874727)) ;
#3510=CARTESIAN_POINT('Axis2P3D Location',(-483.412301991,103.550416844,14.7300687473)) ;
#3522=CARTESIAN_POINT('Axis2P3D Location',(-483.412301991,-4.44958315554,14.6300687473)) ;
#3527=CARTESIAN_POINT('Axis2P3D Location',(-483.412301991,-4.44958315554,14.7300687473)) ;
#3531=CARTESIAN_POINT('Vertex',(-486.264445317,-2.89145015508,14.7300687473)) ;
#3533=CARTESIAN_POINT('Vertex',(-480.560158664,-6.007716156,14.7300687473)) ;
#3536=CARTESIAN_POINT('Line Origine',(-480.560158664,-6.007716156,6.88506874727)) ;
#3541=CARTESIAN_POINT('Line Origine',(-486.264445317,-2.89145015508,6.88506874727)) ;
#3553=CARTESIAN_POINT('Axis2P3D Location',(-483.412301991,-4.44958315554,14.7300687473)) ;
#3565=CARTESIAN_POINT('Axis2P3D Location',(-424.890301991,103.550416844,14.6300687473)) ;
#3570=CARTESIAN_POINT('Axis2P3D Location',(-424.890301991,103.550416844,14.7300687473)) ;
#3574=CARTESIAN_POINT('Vertex',(-427.742445317,105.108549845,14.7300687473)) ;
#3576=CARTESIAN_POINT('Vertex',(-422.038158664,101.992283844,14.7300687473)) ;
#3579=CARTESIAN_POINT('Line Origine',(-422.038158664,101.992283844,6.88506874727)) ;
#3584=CARTESIAN_POINT('Line Origine',(-427.742445317,105.108549845,6.88506874727)) ;
#3596=CARTESIAN_POINT('Axis2P3D Location',(-424.890301991,103.550416844,14.7300687473)) ;
#3608=CARTESIAN_POINT('Axis2P3D Location',(-431.890301991,72.5504168445,4.07006874706)) ;
#3613=CARTESIAN_POINT('Line Origine',(-434.390301991,72.5504168445,4.07006874706)) ;
#3617=CARTESIAN_POINT('Vertex',(-434.390301991,72.5504168445,14.7300687473)) ;
#3620=CARTESIAN_POINT('Axis2P3D Location',(-431.890301991,72.5504168445,14.7300687473)) ;
#3624=CARTESIAN_POINT('Vertex',(-429.390301991,72.5504168445,14.7300687473)) ;
#3627=CARTESIAN_POINT('Line Origine',(-429.390301991,72.5504168445,4.07006874706)) ;
#3639=CARTESIAN_POINT('Axis2P3D Location',(-431.890301991,72.5504168445,14.7300687473)) ;
#3651=CARTESIAN_POINT('Line Origine',(-439.890301991,31.5504168445,10.7300687473)) ;
#3655=CARTESIAN_POINT('Vertex',(-439.890301991,15.5504168445,10.7300687473)) ;
#3657=CARTESIAN_POINT('Vertex',(-439.890301991,47.5504168445,10.7300687473)) ;
#3660=CARTESIAN_POINT('Line Origine',(-439.890301991,47.5504168445,12.7300687473)) ;
#3664=CARTESIAN_POINT('Vertex',(-439.890301991,47.5504168445,14.7300687473)) ;
#3667=CARTESIAN_POINT('Line Origine',(-439.890301991,31.5504168445,14.7300687473)) ;
#3671=CARTESIAN_POINT('Vertex',(-439.890301991,15.5504168445,14.7300687473)) ;
#3674=CARTESIAN_POINT('Line Origine',(-439.890301991,15.5504168445,12.7300687473)) ;
#3686=CARTESIAN_POINT('Axis2P3D Location',(-423.890301991,47.5504168445,14.7300687473)) ;
#3691=CARTESIAN_POINT('Line Origine',(-423.890301991,31.5504168445,10.7300687473)) ;
#3695=CARTESIAN_POINT('Vertex',(-423.890301991,47.5504168445,10.7300687473)) ;
#3697=CARTESIAN_POINT('Vertex',(-423.890301991,15.5504168445,10.7300687473)) ;
#3700=CARTESIAN_POINT('Line Origine',(-423.890301991,15.5504168445,12.7300687473)) ;
#3704=CARTESIAN_POINT('Vertex',(-423.890301991,15.5504168445,14.7300687473)) ;
#3707=CARTESIAN_POINT('Line Origine',(-423.890301991,31.5504168445,14.7300687473)) ;
#3711=CARTESIAN_POINT('Vertex',(-423.890301991,47.5504168445,14.7300687473)) ;
#3714=CARTESIAN_POINT('Line Origine',(-423.890301991,47.5504168445,12.7300687473)) ;
#3726=CARTESIAN_POINT('Axis2P3D Location',(-431.890301991,47.5504168445,4.07006874706)) ;
#3731=CARTESIAN_POINT('Axis2P3D Location',(-431.890301991,47.5504168445,10.7300687473)) ;
#3736=CARTESIAN_POINT('Axis2P3D Location',(-431.890301991,47.5504168445,14.7300687473)) ;
#3748=CARTESIAN_POINT('Axis2P3D Location',(-424.890301991,-4.44958315554,14.6300687473)) ;
#3753=CARTESIAN_POINT('Axis2P3D Location',(-424.890301991,-4.44958315554,14.7300687473)) ;
#3757=CARTESIAN_POINT('Vertex',(-422.038158664,-6.007716156,14.7300687473)) ;
#3759=CARTESIAN_POINT('Vertex',(-427.742445317,-2.89145015508,14.7300687473)) ;
#3762=CARTESIAN_POINT('Line Origine',(-427.742445317,-2.89145015508,6.88506874727)) ;
#3767=CARTESIAN_POINT('Line Origine',(-422.038158664,-6.007716156,6.88506874727)) ;
#3779=CARTESIAN_POINT('Axis2P3D Location',(-424.890301991,-4.44958315554,14.7300687473)) ;
#3791=CARTESIAN_POINT('Axis2P3D Location',(-484.162414785,104.300416844,12.7300687473)) ;
#3796=CARTESIAN_POINT('Axis2P3D Location',(-484.162414785,104.300416844,14.7300687473)) ;
#3808=CARTESIAN_POINT('Axis2P3D Location',(-424.140301991,104.300416844,12.7300687473)) ;
#3813=CARTESIAN_POINT('Axis2P3D Location',(-424.140301991,104.300416844,14.7300687473)) ;
#3825=CARTESIAN_POINT('Axis2P3D Location',(-424.140301991,-5.19958315554,12.7300687473)) ;
#3830=CARTESIAN_POINT('Axis2P3D Location',(-424.140301991,-5.19958315554,14.7300687473)) ;
#3842=CARTESIAN_POINT('Axis2P3D Location',(-484.162414785,-5.19958315554,12.7300687473)) ;
#3847=CARTESIAN_POINT('Axis2P3D Location',(-484.162414785,-5.19958315554,14.7300687473)) ;
#3859=CARTESIAN_POINT('Axis2P3D Location',(-483.912414785,13.3329648775,12.7300687473)) ;
#3864=CARTESIAN_POINT('Line Origine',(-483.912414785,12.8329648775,12.7300687473)) ;
#3868=CARTESIAN_POINT('Vertex',(-483.912414785,12.8329648775,10.7300687473)) ;
#3870=CARTESIAN_POINT('Vertex',(-483.912414785,12.8329648775,14.7300687473)) ;
#3873=CARTESIAN_POINT('Axis2P3D Location',(-483.912414785,13.3329648775,10.7300687473)) ;
#3877=CARTESIAN_POINT('Vertex',(-484.412414785,13.3329648775,10.7300687473)) ;
#3880=CARTESIAN_POINT('Line Origine',(-484.412414785,13.3329648775,12.7300687473)) ;
#3884=CARTESIAN_POINT('Vertex',(-484.412414785,13.3329648775,14.7300687473)) ;
#3887=CARTESIAN_POINT('Axis2P3D Location',(-483.912414785,13.3329648775,14.7300687473)) ;
#3899=CARTESIAN_POINT('Axis2P3D Location',(-484.412414785,33.8329648775,14.7300687473)) ;
#3904=CARTESIAN_POINT('Line Origine',(-484.412414785,23.3329648775,14.7300687473)) ;
#3908=CARTESIAN_POINT('Vertex',(-484.412414785,33.3329648775,14.7300687473)) ;
#3911=CARTESIAN_POINT('Line Origine',(-484.412414785,23.3329648775,10.7300687473)) ;
#3915=CARTESIAN_POINT('Vertex',(-484.412414785,33.3329648775,10.7300687473)) ;
#3918=CARTESIAN_POINT('Line Origine',(-484.412414785,33.3329648775,12.7300687473)) ;
#3930=CARTESIAN_POINT('Axis2P3D Location',(-483.912414785,33.3329648775,12.7300687473)) ;
#3935=CARTESIAN_POINT('Axis2P3D Location',(-483.912414785,33.3329648775,10.7300687473)) ;
#3939=CARTESIAN_POINT('Vertex',(-483.912414785,33.8329648775,10.7300687473)) ;
#3942=CARTESIAN_POINT('Line Origine',(-483.912414785,33.8329648775,12.7300687473)) ;
#3946=CARTESIAN_POINT('Vertex',(-483.912414785,33.8329648775,14.7300687473)) ;
#3949=CARTESIAN_POINT('Axis2P3D Location',(-483.912414785,33.3329648775,14.7300687473)) ;
#3961=CARTESIAN_POINT('Axis2P3D Location',(-476.412414785,33.8329648775,14.7300687473)) ;
#3966=CARTESIAN_POINT('Line Origine',(-480.412414785,33.8329648775,14.7300687473)) ;
#3970=CARTESIAN_POINT('Vertex',(-476.912414785,33.8329648775,14.7300687473)) ;
#3973=CARTESIAN_POINT('Line Origine',(-480.412414785,33.8329648775,10.7300687473)) ;
#3977=CARTESIAN_POINT('Vertex',(-476.912414785,33.8329648775,10.7300687473)) ;
#3980=CARTESIAN_POINT('Line Origine',(-476.912414785,33.8329648775,12.7300687473)) ;
#3992=CARTESIAN_POINT('Axis2P3D Location',(-476.912414785,33.3329648775,12.7300687473)) ;
#3997=CARTESIAN_POINT('Axis2P3D Location',(-476.912414785,33.3329648775,10.7300687473)) ;
#4001=CARTESIAN_POINT('Vertex',(-476.412414785,33.3329648775,10.7300687473)) ;
#4004=CARTESIAN_POINT('Line Origine',(-476.412414785,33.3329648775,12.7300687473)) ;
#4008=CARTESIAN_POINT('Vertex',(-476.412414785,33.3329648775,14.7300687473)) ;
#4011=CARTESIAN_POINT('Axis2P3D Location',(-476.912414785,33.3329648775,14.7300687473)) ;
#4023=CARTESIAN_POINT('Axis2P3D Location',(-476.912414785,13.3329648775,12.7300687473)) ;
#4027=CARTESIAN_POINT('Vertex',(-476.912414785,12.8329648775,12.7300687473)) ;
#4029=CARTESIAN_POINT('Vertex',(-476.412414785,13.3329648775,12.7300687473)) ;
#4032=CARTESIAN_POINT('Line Origine',(-476.412414785,22.441690861,12.7300687473)) ;
#4037=CARTESIAN_POINT('Line Origine',(-479.970857697,12.8329648775,12.7300687473)) ;
#4054=CARTESIAN_POINT('Axis2P3D Location',(2.68505205626E-029,8.64960967311E-016,14.7300687473)) ;
#4069=CARTESIAN_POINT('Axis2P3D Location',(-476.912414785,13.3329648775,14.7300687473)) ;
#4073=CARTESIAN_POINT('Vertex',(-476.412414785,13.3329648775,14.7300687473)) ;
#4075=CARTESIAN_POINT('Vertex',(-476.912414785,12.8329648775,14.7300687473)) ;
#4078=CARTESIAN_POINT('Line Origine',(-480.412414785,12.8329648775,14.7300687473)) ;
#4083=CARTESIAN_POINT('Line Origine',(-476.412414785,23.3329648775,14.7300687473)) ;
#4102=CARTESIAN_POINT('Axis2P3D Location',(-469.412414785,85.5504168445,14.7300687473)) ;
#4106=CARTESIAN_POINT('Vertex',(-471.412414785,85.5504168445,14.7300687473)) ;
#4108=CARTESIAN_POINT('Vertex',(-469.412414785,87.5504168445,14.7300687473)) ;
#4111=CARTESIAN_POINT('Line Origine',(-457.651358388,87.5504168445,14.7300687473)) ;
#4115=CARTESIAN_POINT('Vertex',(-445.890301991,87.5504168445,14.7300687473)) ;
#4118=CARTESIAN_POINT('Axis2P3D Location',(-445.890301991,85.5504168445,14.7300687473)) ;
#4122=CARTESIAN_POINT('Vertex',(-443.890301991,85.5504168445,14.7300687473)) ;
#4125=CARTESIAN_POINT('Line Origine',(-443.890301991,49.5504168445,14.7300687473)) ;
#4129=CARTESIAN_POINT('Vertex',(-443.890301991,13.5504168445,14.7300687473)) ;
#4132=CARTESIAN_POINT('Axis2P3D Location',(-445.890301991,13.5504168445,14.7300687473)) ;
#4136=CARTESIAN_POINT('Vertex',(-445.890301991,11.5504168445,14.7300687473)) ;
#4139=CARTESIAN_POINT('Line Origine',(-457.651358388,11.5504168445,14.7300687473)) ;
#4143=CARTESIAN_POINT('Vertex',(-469.412414785,11.5504168445,14.7300687473)) ;
#4146=CARTESIAN_POINT('Axis2P3D Location',(-469.412414785,13.5504168445,14.7300687473)) ;
#4150=CARTESIAN_POINT('Vertex',(-471.412414785,13.5504168445,14.7300687473)) ;
#4153=CARTESIAN_POINT('Line Origine',(-471.412414785,49.5504168445,14.7300687473)) ;
#4168=CARTESIAN_POINT('Axis2P3D Location',(-431.890301991,15.5504168445,14.7300687473)) ;
#4196=CARTESIAN_POINT('Axis2P3D Location',(-484.412414785,12.8329648775,14.7300687473)) ;
#4201=CARTESIAN_POINT('Line Origine',(-483.470857697,12.8329648775,10.7300687473)) ;
#4206=CARTESIAN_POINT('Line Origine',(-476.912414785,12.8329648775,13.7300687473)) ;
#4220=CARTESIAN_POINT('Axis2P3D Location',(-476.412414785,12.8329648775,14.7300687473)) ;
#4225=CARTESIAN_POINT('Line Origine',(-476.412414785,32.441690861,10.7300687473)) ;
#4230=CARTESIAN_POINT('Line Origine',(-476.412414785,13.3329648775,13.7300687473)) ;
#4244=CARTESIAN_POINT('Axis2P3D Location',(-476.912414785,13.3329648775,12.7300687473)) ;
#4256=CARTESIAN_POINT('Axis2P3D Location',(-469.412414785,85.5504168445,12.7300687473)) ;
#4261=CARTESIAN_POINT('Axis2P3D Location',(-469.412414785,85.5504168445,11.7300687473)) ;
#4265=CARTESIAN_POINT('Vertex',(-469.412414785,87.5504168445,11.7300687473)) ;
#4267=CARTESIAN_POINT('Vertex',(-471.412414785,85.5504168445,11.7300687473)) ;
#4270=CARTESIAN_POINT('Line Origine',(-469.412414785,87.5504168445,12.7300687473)) ;
#4275=CARTESIAN_POINT('Line Origine',(-471.412414785,85.5504168445,12.7300687473)) ;
#4287=CARTESIAN_POINT('Axis2P3D Location',(-445.890301991,85.5504168445,12.7300687473)) ;
#4292=CARTESIAN_POINT('Axis2P3D Location',(-445.890301991,85.5504168445,11.7300687473)) ;
#4296=CARTESIAN_POINT('Vertex',(-443.890301991,85.5504168445,11.7300687473)) ;
#4298=CARTESIAN_POINT('Vertex',(-445.890301991,87.5504168445,11.7300687473)) ;
#4301=CARTESIAN_POINT('Line Origine',(-443.890301991,85.5504168445,12.7300687473)) ;
#4306=CARTESIAN_POINT('Line Origine',(-445.890301991,87.5504168445,12.7300687473)) ;
#4318=CARTESIAN_POINT('Axis2P3D Location',(-445.890301991,13.5504168445,12.7300687473)) ;
#4323=CARTESIAN_POINT('Axis2P3D Location',(-445.890301991,13.5504168445,11.7300687473)) ;
#4327=CARTESIAN_POINT('Vertex',(-445.890301991,11.5504168445,11.7300687473)) ;
#4329=CARTESIAN_POINT('Vertex',(-443.890301991,13.5504168445,11.7300687473)) ;
#4332=CARTESIAN_POINT('Line Origine',(-445.890301991,11.5504168445,12.7300687473)) ;
#4337=CARTESIAN_POINT('Line Origine',(-443.890301991,13.5504168445,12.7300687473)) ;
#4349=CARTESIAN_POINT('Axis2P3D Location',(-469.412414785,13.5504168445,12.7300687473)) ;
#4354=CARTESIAN_POINT('Axis2P3D Location',(-469.412414785,13.5504168445,11.7300687473)) ;
#4358=CARTESIAN_POINT('Vertex',(-471.412414785,13.5504168445,11.7300687473)) ;
#4360=CARTESIAN_POINT('Vertex',(-469.412414785,11.5504168445,11.7300687473)) ;
#4363=CARTESIAN_POINT('Line Origine',(-471.412414785,13.5504168445,12.7300687473)) ;
#4368=CARTESIAN_POINT('Line Origine',(-469.412414785,11.5504168445,12.7300687473)) ;
#4380=CARTESIAN_POINT('Line Origine',(-471.412414785,49.5504168445,11.7300687473)) ;
#4392=CARTESIAN_POINT('Line Origine',(-457.651358388,11.5504168445,11.7300687473)) ;
#4404=CARTESIAN_POINT('Axis2P3D Location',(-443.890301991,11.5504168445,10.7300687473)) ;
#4409=CARTESIAN_POINT('Line Origine',(-443.890301991,49.5504168445,11.7300687473)) ;
#4421=CARTESIAN_POINT('Line Origine',(-457.651358388,87.5504168445,11.7300687473)) ;
#4433=CARTESIAN_POINT('Axis2P3D Location',(-408.035879432,87.5504168445,11.7300687473)) ;
#4438=CARTESIAN_POINT('Line Origine',(-445.890301991,88.0504168445,11.2300687473)) ;
#4442=CARTESIAN_POINT('Vertex',(-445.890301751,88.5504168445,10.7300687473)) ;
#4445=CARTESIAN_POINT('Line Origine',(-469.412414785,88.0504168445,11.2300687473)) ;
#4449=CARTESIAN_POINT('Vertex',(-469.412414785,88.5504168445,10.7300687473)) ;
#4452=CARTESIAN_POINT('Line Origine',(-453.026358388,88.5504168445,10.7300687473)) ;
#4464=CARTESIAN_POINT('Axis2P3D Location',(-469.412414785,85.5504168445,13.7300687473)) ;
#4469=CARTESIAN_POINT('Line Origine',(-471.912414785,85.5504168445,11.2300687473)) ;
#4473=CARTESIAN_POINT('Vertex',(-472.412414785,85.5504170837,10.7300687473)) ;
#4476=CARTESIAN_POINT('Axis2P3D Location',(-469.412414785,85.5504168445,10.7300687473)) ;
#4488=CARTESIAN_POINT('Axis2P3D Location',(-471.412414785,85.5504168445,11.7300687473)) ;
#4493=CARTESIAN_POINT('Line Origine',(-471.912414785,13.5504168445,11.2300687473)) ;
#4497=CARTESIAN_POINT('Vertex',(-472.412414785,13.5504168445,10.7300687473)) ;
#4500=CARTESIAN_POINT('Line Origine',(-472.412414785,29.7504168445,10.7300687473)) ;
#4512=CARTESIAN_POINT('Axis2P3D Location',(-469.412414785,13.5504168445,13.7300687473)) ;
#4517=CARTESIAN_POINT('Line Origine',(-469.412414785,11.0504168445,11.2300687473)) ;
#4521=CARTESIAN_POINT('Vertex',(-469.412415025,10.5504168445,10.7300687473)) ;
#4524=CARTESIAN_POINT('Axis2P3D Location',(-469.412414785,13.5504168445,10.7300687473)) ;
#4536=CARTESIAN_POINT('Axis2P3D Location',(-469.412414785,11.5504168445,11.7300687473)) ;
#4541=CARTESIAN_POINT('Line Origine',(-445.890301991,11.0504168445,11.2300687473)) ;
#4545=CARTESIAN_POINT('Vertex',(-445.890301991,10.5504168445,10.7300687473)) ;
#4548=CARTESIAN_POINT('Line Origine',(-438.724147109,10.5504168445,10.7300687473)) ;
#4560=CARTESIAN_POINT('Axis2P3D Location',(-445.890301991,13.5504168445,13.7300687473)) ;
#4565=CARTESIAN_POINT('Line Origine',(-443.390301991,13.5504168445,11.2300687473)) ;
#4569=CARTESIAN_POINT('Vertex',(-442.890301991,13.5504166053,10.7300687473)) ;
#4572=CARTESIAN_POINT('Axis2P3D Location',(-445.890301991,13.5504168445,10.7300687473)) ;
#4584=CARTESIAN_POINT('Axis2P3D Location',(-443.890301991,-26.0495831555,11.7300687473)) ;
#4589=CARTESIAN_POINT('Line Origine',(-443.390301991,85.5504168445,11.2300687473)) ;
#4593=CARTESIAN_POINT('Vertex',(-442.890301991,85.5504168445,10.7300687473)) ;
#4596=CARTESIAN_POINT('Line Origine',(-442.890301991,49.5504168445,10.7300687473)) ;
#4608=CARTESIAN_POINT('Axis2P3D Location',(-445.890301991,85.5504168445,13.7300687473)) ;
#4613=CARTESIAN_POINT('Axis2P3D Location',(-445.890301991,85.5504168445,10.7300687473)) ;
#4625=CARTESIAN_POINT('Axis2P3D Location',(-428.890301991,94.5504168445,6.23006874727)) ;
#4630=CARTESIAN_POINT('Line Origine',(-424.390301991,94.5504168445,6.23006874727)) ;
#4634=CARTESIAN_POINT('Vertex',(-424.390301991,94.5504168445,9.73006874727)) ;
#4637=CARTESIAN_POINT('Line Origine',(-433.390301991,94.5504168445,6.23006874727)) ;
#4641=CARTESIAN_POINT('Vertex',(-433.390301991,94.5504168445,9.73006874727)) ;
#4644=CARTESIAN_POINT('Axis2P3D Location',(-428.890301991,94.5504168445,9.73006874727)) ;
#4656=CARTESIAN_POINT('Axis2P3D Location',(-428.890301991,94.5504168445,9.73006874727)) ;
#4668=CARTESIAN_POINT('Axis2P3D Location',(-428.890301991,94.5504168445,5.23006874727)) ;
#4673=CARTESIAN_POINT('Line Origine',(-433.890301991,94.5504160148,10.2300687473)) ;
#4677=CARTESIAN_POINT('Vertex',(-434.390301991,94.5504159318,10.7300687473)) ;
#4680=CARTESIAN_POINT('Axis2P3D Location',(-428.890301991,94.5504168445,10.7300687473)) ;
#4684=CARTESIAN_POINT('Vertex',(-423.390301991,94.5504168445,10.7300687473)) ;
#4687=CARTESIAN_POINT('Line Origine',(-423.890301991,94.5504168445,10.2300687473)) ;
#4699=CARTESIAN_POINT('Axis2P3D Location',(-428.890301991,94.5504168445,5.23006874727)) ;
#4704=CARTESIAN_POINT('Axis2P3D Location',(-428.890301991,94.5504168445,10.7300687473)) ;
#4716=CARTESIAN_POINT('Axis2P3D Location',(-478.890301991,94.5504168445,6.23006874727)) ;
#4721=CARTESIAN_POINT('Line Origine',(-474.390301991,94.5504168445,6.23006874727)) ;
#4725=CARTESIAN_POINT('Vertex',(-474.390301991,94.5504168445,9.73006874727)) ;
#4728=CARTESIAN_POINT('Line Origine',(-483.390301991,94.5504168445,6.23006874727)) ;
#4732=CARTESIAN_POINT('Vertex',(-483.390301991,94.5504168445,9.73006874727)) ;
#4735=CARTESIAN_POINT('Axis2P3D Location',(-478.890301991,94.5504168445,9.73006874727)) ;
#4747=CARTESIAN_POINT('Axis2P3D Location',(-478.890301991,94.5504168445,9.73006874727)) ;
#4759=CARTESIAN_POINT('Axis2P3D Location',(-478.890301991,94.5504168445,5.23006874727)) ;
#4764=CARTESIAN_POINT('Line Origine',(-483.890301991,94.5504160148,10.2300687473)) ;
#4768=CARTESIAN_POINT('Vertex',(-484.390301991,94.5504159318,10.7300687473)) ;
#4771=CARTESIAN_POINT('Axis2P3D Location',(-478.890301991,94.5504168445,10.7300687473)) ;
#4775=CARTESIAN_POINT('Vertex',(-473.390301991,94.5504168445,10.7300687473)) ;
#4778=CARTESIAN_POINT('Line Origine',(-473.890301991,94.5504168445,10.2300687473)) ;
#4790=CARTESIAN_POINT('Axis2P3D Location',(-478.890301991,94.5504168445,5.23006874727)) ;
#4795=CARTESIAN_POINT('Axis2P3D Location',(-478.890301991,94.5504168445,10.7300687473)) ;
#4807=CARTESIAN_POINT('Axis2P3D Location',(-478.890301991,4.55041684446,6.23006874727)) ;
#4812=CARTESIAN_POINT('Line Origine',(-474.390301991,4.55041684446,6.23006874727)) ;
#4816=CARTESIAN_POINT('Vertex',(-474.390301991,4.55041684446,9.73006874727)) ;
#4819=CARTESIAN_POINT('Line Origine',(-483.390301991,4.55041684446,6.23006874727)) ;
#4823=CARTESIAN_POINT('Vertex',(-483.390301991,4.55041684446,9.73006874727)) ;
#4826=CARTESIAN_POINT('Axis2P3D Location',(-478.890301991,4.55041684446,9.73006874727)) ;
#4838=CARTESIAN_POINT('Axis2P3D Location',(-478.890301991,4.55041684446,9.73006874727)) ;
#4850=CARTESIAN_POINT('Axis2P3D Location',(-478.890301991,4.55041684446,5.23006874727)) ;
#4855=CARTESIAN_POINT('Line Origine',(-483.890301991,4.55041601479,10.2300687473)) ;
#4859=CARTESIAN_POINT('Vertex',(-484.390301991,4.55041593182,10.7300687473)) ;
#4862=CARTESIAN_POINT('Axis2P3D Location',(-478.890301991,4.55041684446,10.7300687473)) ;
#4866=CARTESIAN_POINT('Vertex',(-473.390301991,4.55041684446,10.7300687473)) ;
#4869=CARTESIAN_POINT('Line Origine',(-473.890301991,4.55041684446,10.2300687473)) ;
#4881=CARTESIAN_POINT('Axis2P3D Location',(-478.890301991,4.55041684446,5.23006874727)) ;
#4886=CARTESIAN_POINT('Axis2P3D Location',(-478.890301991,4.55041684446,10.7300687473)) ;
#4898=CARTESIAN_POINT('Axis2P3D Location',(-428.890301991,4.55041684446,6.23006874727)) ;
#4903=CARTESIAN_POINT('Line Origine',(-424.390301991,4.55041684446,6.23006874727)) ;
#4907=CARTESIAN_POINT('Vertex',(-424.390301991,4.55041684446,9.73006874727)) ;
#4910=CARTESIAN_POINT('Line Origine',(-427.533347358,8.84094992611,6.23006874727)) ;
#4914=CARTESIAN_POINT('Vertex',(-427.533347358,8.84094992611,9.73006874727)) ;
#4917=CARTESIAN_POINT('Axis2P3D Location',(-428.890301991,4.55041684446,9.73006874727)) ;
#4929=CARTESIAN_POINT('Line Origine',(-433.390301991,4.55041684446,6.23006874727)) ;
#4933=CARTESIAN_POINT('Vertex',(-433.390301991,4.55041684446,9.73006874727)) ;
#4936=CARTESIAN_POINT('Axis2P3D Location',(-428.890301991,4.55041684446,9.73006874727)) ;
#4948=CARTESIAN_POINT('Line Origine',(-432.237641239,7.55796068589,6.23006874727)) ;
#4952=CARTESIAN_POINT('Vertex',(-432.237641239,7.55796068589,9.73006874727)) ;
#4955=CARTESIAN_POINT('Axis2P3D Location',(-428.890301991,4.55041684446,9.73006874727)) ;
#5020=CARTESIAN_POINT('Axis2P3D Location',(-428.890301991,4.55041684446,10.7300687473)) ;
#5024=CARTESIAN_POINT('Vertex',(-433.402885017,7.69471238279,10.7300687473)) ;
#5026=CARTESIAN_POINT('Vertex',(-434.390301991,4.55041603079,10.7300687473)) ;
#5029=CARTESIAN_POINT('Axis2P3D Location',(-428.890301991,4.55041684446,10.7300687473)) ;
#5033=CARTESIAN_POINT('Vertex',(-423.390301991,4.55041684446,10.7300687473)) ;
#5036=CARTESIAN_POINT('Axis2P3D Location',(-428.890301991,4.55041684446,10.7300687473)) ;
#5040=CARTESIAN_POINT('Vertex',(-426.598872811,9.55035207536,10.7300687473)) ;
#5043=CARTESIAN_POINT('Axis2P3D Location',(-431.890301991,15.5504168445,10.7300687473)) ;
#5048=CARTESIAN_POINT('Axis2P3D Location',(-431.890301991,15.5504168445,10.7300687473)) ;
#5114=CARTESIAN_POINT('Axis2P3D Location',(-428.890301991,4.55041684446,5.23006874727)) ;
#5119=CARTESIAN_POINT('Line Origine',(-423.890301991,4.55041684446,10.2300687473)) ;
#5124=CARTESIAN_POINT('Line Origine',(-433.890301991,4.55041610476,10.2300687473)) ;
#5136=CARTESIAN_POINT('Axis2P3D Location',(-428.890301991,4.55041684446,5.23006874727)) ;
#5142=CARTESIAN_POINT('Control Point',(-426.598872811,9.55035207536,10.7300687473)) ;
#5143=CARTESIAN_POINT('Control Point',(-426.90770937,9.27799055198,10.3538020055)) ;
#5144=CARTESIAN_POINT('Control Point',(-427.138547217,9.1090901139,10.1107698054)) ;
#5145=CARTESIAN_POINT('Control Point',(-427.348272061,8.96113335288,9.9004664592)) ;
#5146=CARTESIAN_POINT('Control Point',(-427.533347675,8.84095002632,9.73006874727)) ;
#5155=CARTESIAN_POINT('Axis2P3D Location',(-428.890301991,4.55041684446,5.23006874727)) ;
#5161=CARTESIAN_POINT('Control Point',(-433.402885017,7.69471238279,10.7300687473)) ;
#5162=CARTESIAN_POINT('Control Point',(-432.998535119,7.61685650178,10.3538024956)) ;
#5163=CARTESIAN_POINT('Control Point',(-432.713911009,7.58853756164,10.1107715182)) ;
#5164=CARTESIAN_POINT('Control Point',(-432.458107179,7.56754146322,9.90046629384)) ;
#5165=CARTESIAN_POINT('Control Point',(-432.237641513,7.55796038111,9.73006874727)) ;
#5174=CARTESIAN_POINT('Axis2P3D Location',(-431.890301991,15.5504168445,4.07006874706)) ;
#53=DIRECTION('Axis2P3D Direction',(-1.,1.07038415644E-046,1.82283742345E-030)) ;
#54=DIRECTION('Axis2P3D XDirection',(0.,-1.,5.87207692069E-017)) ;
#58=DIRECTION('Vector Direction',(0.,-1.,0.)) ;
#67=DIRECTION('Vector Direction',(0.,-1.,6.57909940519E-017)) ;
#74=DIRECTION('Vector Direction',(0.,-1.,0.)) ;
#81=DIRECTION('Vector Direction',(0.,0.,1.)) ;
#88=DIRECTION('Vector Direction',(0.,-1.,6.4889747558E-017)) ;
#95=DIRECTION('Vector Direction',(0.,0.,1.)) ;
#109=DIRECTION('Axis2P3D Direction',(0.,-1.,5.87207692069E-017)) ;
#110=DIRECTION('Axis2P3D XDirection',(1.,-1.07038415644E-046,-1.82283742345E-030)) ;
#114=DIRECTION('Vector Direction',(1.,0.,0.)) ;
#123=DIRECTION('Vector Direction',(1.,0.,0.)) ;
#130=DIRECTION('Vector Direction',(1.,0.,0.)) ;
#137=DIRECTION('Vector Direction',(0.,0.,1.)) ;
#144=DIRECTION('Vector Direction',(1.,0.,0.)) ;
#151=DIRECTION('Vector Direction',(0.,0.,1.)) ;
#165=DIRECTION('Axis2P3D Direction',(1.,-1.07038415644E-046,-1.82283742345E-030)) ;
#166=DIRECTION('Axis2P3D XDirection',(0.,1.,-5.87207692069E-017)) ;
#170=DIRECTION('Vector Direction',(0.,1.,-6.4889747558E-017)) ;
#179=DIRECTION('Vector Direction',(0.,0.,1.)) ;
#186=DIRECTION('Vector Direction',(0.,1.,0.)) ;
#193=DIRECTION('Vector Direction',(0.,1.,-6.57909940519E-017)) ;
#200=DIRECTION('Vector Direction',(0.,1.,0.)) ;
#207=DIRECTION('Vector Direction',(0.,0.,1.)) ;
#221=DIRECTION('Axis2P3D Direction',(0.,1.,-5.87207692069E-017)) ;
#222=DIRECTION('Axis2P3D XDirection',(-1.,1.07038415644E-046,1.82283742345E-030)) ;
#226=DIRECTION('Vector Direction',(-1.,0.,0.)) ;
#235=DIRECTION('Vector Direction',(0.,0.,1.)) ;
#242=DIRECTION('Vector Direction',(-1.,0.,0.)) ;
#249=DIRECTION('Vector Direction',(-1.,0.,0.)) ;
#256=DIRECTION('Vector Direction',(-1.,0.,0.)) ;
#263=DIRECTION('Vector Direction',(0.,0.,1.)) ;
#277=DIRECTION('Axis2P3D Direction',(-1.82283742345E-030,-5.87207692069E-017,-1.)) ;
#278=DIRECTION('Axis2P3D XDirection',(6.12323399574E-017,-1.,5.87207692069E-017)) ;
#282=DIRECTION('Vector Direction',(0.,0.,-1.)) ;
#291=DIRECTION('Axis2P3D Direction',(-1.82283742345E-030,-5.87207692069E-017,-1.)) ;
#298=DIRECTION('Vector Direction',(0.,0.,-1.)) ;
#305=DIRECTION('Axis2P3D Direction',(-1.82283742345E-030,-5.87207692069E-017,-1.)) ;
#317=DIRECTION('Axis2P3D Direction',(-1.82283742345E-030,-5.87207692069E-017,-1.)) ;
#318=DIRECTION('Axis2P3D XDirection',(1.,-1.07038415644E-046,-1.82283742345E-030)) ;
#322=DIRECTION('Axis2P3D Direction',(-1.82283742345E-030,-5.87207692069E-017,-1.)) ;
#327=DIRECTION('Axis2P3D Direction',(-1.82283742345E-030,-5.87207692069E-017,-1.)) ;
#339=DIRECTION('Axis2P3D Direction',(-1.82283742345E-030,-5.87207692069E-017,-1.)) ;
#346=DIRECTION('Vector Direction',(0.,-1.,5.15701643864E-017)) ;
#353=DIRECTION('Axis2P3D Direction',(-1.82283742345E-030,-5.87207692069E-017,-1.)) ;
#365=DIRECTION('Axis2P3D Direction',(-1.82283742345E-030,-5.87207692069E-017,-1.)) ;
#370=DIRECTION('Axis2P3D Direction',(-1.82283742345E-030,-5.87207692069E-017,-1.)) ;
#382=DIRECTION('Axis2P3D Direction',(-1.82283742345E-030,-5.87207692069E-017,-1.)) ;
#389=DIRECTION('Axis2P3D Direction',(-1.82283742345E-030,-5.87207692069E-017,-1.)) ;
#396=DIRECTION('Axis2P3D Direction',(-1.82283742345E-030,-5.87207692069E-017,-1.)) ;
#403=DIRECTION('Vector Direction',(1.,0.,0.)) ;
#410=DIRECTION('Axis2P3D Direction',(-1.82283742345E-030,-5.87207692069E-017,-1.)) ;
#424=DIRECTION('Axis2P3D Direction',(-1.82283742345E-030,-5.87207692069E-017,-1.)) ;
#429=DIRECTION('Axis2P3D Direction',(-1.82283742345E-030,-5.87207692069E-017,-1.)) ;
#441=DIRECTION('Axis2P3D Direction',(-1.82283742345E-030,-5.87207692069E-017,-1.)) ;
#446=DIRECTION('Axis2P3D Direction',(-1.82283742345E-030,-5.87207692069E-017,-1.)) ;
#458=DIRECTION('Vector Direction',(-1.,0.,0.)) ;
#467=DIRECTION('Axis2P3D Direction',(-1.82283742345E-030,-5.87207692069E-017,-1.)) ;
#474=DIRECTION('Axis2P3D Direction',(-1.82283742345E-030,-5.87207692069E-017,-1.)) ;
#479=DIRECTION('Axis2P3D Direction',(-1.82283742345E-030,-5.87207692069E-017,-1.)) ;
#486=DIRECTION('Axis2P3D Direction',(-1.82283742345E-030,-5.87207692069E-017,-1.)) ;
#500=DIRECTION('Axis2P3D Direction',(0.,-1.,5.87207692069E-017)) ;
#501=DIRECTION('Axis2P3D XDirection',(1.,-1.07038415644E-046,-1.82283742345E-030)) ;
#505=DIRECTION('Vector Direction',(1.,0.,0.)) ;
#514=DIRECTION('Vector Direction',(0.,0.,1.)) ;
#521=DIRECTION('Vector Direction',(1.,0.,0.)) ;
#528=DIRECTION('Vector Direction',(0.,0.,-1.)) ;
#540=DIRECTION('Axis2P3D Direction',(-1.82283742345E-030,-5.87207692069E-017,-1.)) ;
#541=DIRECTION('Axis2P3D XDirection',(-2.86054064503E-014,1.,-5.87207692069E-017)) ;
#545=DIRECTION('Axis2P3D Direction',(-1.82283742345E-030,-5.87207692069E-017,-1.)) ;
#552=DIRECTION('Vector Direction',(0.,0.,-1.)) ;
#559=DIRECTION('Axis2P3D Direction',(-1.82283742345E-030,-5.87207692069E-017,-1.)) ;
#571=DIRECTION('Axis2P3D Direction',(1.,-1.07038415644E-046,-1.82283742345E-030)) ;
#572=DIRECTION('Axis2P3D XDirection',(0.,1.,-5.87207692069E-017)) ;
#576=DIRECTION('Vector Direction',(0.,1.,-1.11022302463E-016)) ;
#583=DIRECTION('Vector Direction',(0.,0.,1.)) ;
#590=DIRECTION('Vector Direction',(0.,1.,-2.22044604925E-016)) ;
#602=DIRECTION('Axis2P3D Direction',(-1.82283742345E-030,-5.87207692069E-017,-1.)) ;
#603=DIRECTION('Axis2P3D XDirection',(1.,-1.82283742345E-030,-1.82283742345E-030)) ;
#607=DIRECTION('Axis2P3D Direction',(-1.82283742345E-030,-5.87207692069E-017,-1.)) ;
#614=DIRECTION('Vector Direction',(0.,0.,-1.)) ;
#621=DIRECTION('Axis2P3D Direction',(-1.82283742345E-030,-5.87207692069E-017,-1.)) ;
#633=DIRECTION('Axis2P3D Direction',(0.,-1.,5.87207692069E-017)) ;
#634=DIRECTION('Axis2P3D XDirection',(1.,-1.07038415644E-046,-1.82283742345E-030)) ;
#638=DIRECTION('Vector Direction',(1.,0.,0.)) ;
#643=DIRECTION('Vector Direction',(1.,0.,0.)) ;
#655=DIRECTION('Axis2P3D Direction',(3.5981904997E-017,5.63088600824E-017,1.)) ;
#656=DIRECTION('Axis2P3D XDirection',(-2.86437540353E-014,1.,-5.63088600824E-017)) ;
#660=DIRECTION('Vector Direction',(0.,7.93016446161E-017,1.)) ;
#667=DIRECTION('Axis2P3D Direction',(3.5981904997E-017,5.63088600824E-017,1.)) ;
#674=DIRECTION('Vector Direction',(0.,7.93016446161E-017,1.)) ;
#686=DIRECTION('Axis2P3D Direction',(0.,-0.,1.)) ;
#687=DIRECTION('Axis2P3D XDirection',(0.842650088469,0.538461538462,0.)) ;
#691=DIRECTION('Vector Direction',(0.,0.,1.)) ;
#698=DIRECTION('Axis2P3D Direction',(0.,-0.,1.)) ;
#705=DIRECTION('Vector Direction',(0.,0.,1.)) ;
#717=DIRECTION('Axis2P3D Direction',(0.,0.,1.)) ;
#718=DIRECTION('Axis2P3D XDirection',(-0.842650088469,-0.538461538462,0.)) ;
#722=DIRECTION('Vector Direction',(0.,0.,1.)) ;
#729=DIRECTION('Axis2P3D Direction',(0.,0.,1.)) ;
#736=DIRECTION('Vector Direction',(0.,0.,1.)) ;
#748=DIRECTION('Axis2P3D Direction',(0.,0.,1.)) ;
#749=DIRECTION('Axis2P3D XDirection',(0.,-1.,0.)) ;
#753=DIRECTION('Vector Direction',(0.,0.,1.)) ;
#760=DIRECTION('Axis2P3D Direction',(0.,0.,1.)) ;
#767=DIRECTION('Vector Direction',(0.,0.,1.)) ;
#779=DIRECTION('Axis2P3D Direction',(0.,0.,1.)) ;
#780=DIRECTION('Axis2P3D XDirection',(-0.842650088469,-0.538461538462,0.)) ;
#784=DIRECTION('Vector Direction',(0.,0.,1.)) ;
#793=DIRECTION('Axis2P3D Direction',(0.,0.,1.)) ;
#800=DIRECTION('Vector Direction',(0.,0.,1.)) ;
#807=DIRECTION('Axis2P3D Direction',(0.,0.,1.)) ;
#819=DIRECTION('Axis2P3D Direction',(-2.47602426498E-018,1.0325734976E-019,1.)) ;
#820=DIRECTION('Axis2P3D XDirection',(-1.,5.27355936697E-016,-2.47602426498E-018)) ;
#824=DIRECTION('Vector Direction',(0.,0.,1.)) ;
#833=DIRECTION('Axis2P3D Direction',(-2.47602426498E-018,1.0325734976E-019,1.)) ;
#840=DIRECTION('Vector Direction',(0.,0.,1.)) ;
#847=DIRECTION('Axis2P3D Direction',(-2.47602426498E-018,1.0325734976E-019,1.)) ;
#859=DIRECTION('Axis2P3D Direction',(0.,0.,1.)) ;
#860=DIRECTION('Axis2P3D XDirection',(-0.0416666666667,0.999131567357,0.)) ;
#864=DIRECTION('Vector Direction',(0.,0.,1.)) ;
#873=DIRECTION('Axis2P3D Direction',(0.,0.,1.)) ;
#880=DIRECTION('Vector Direction',(0.,0.,1.)) ;
#887=DIRECTION('Axis2P3D Direction',(0.,0.,1.)) ;
#899=DIRECTION('Axis2P3D Direction',(0.,0.,1.)) ;
#900=DIRECTION('Axis2P3D XDirection',(-2.84772205816E-014,1.,0.)) ;
#904=DIRECTION('Vector Direction',(0.,0.,1.)) ;
#913=DIRECTION('Axis2P3D Direction',(0.,0.,1.)) ;
#920=DIRECTION('Vector Direction',(0.,0.,1.)) ;
#927=DIRECTION('Axis2P3D Direction',(0.,0.,1.)) ;
#939=DIRECTION('Axis2P3D Direction',(0.,-0.,1.)) ;
#940=DIRECTION('Axis2P3D XDirection',(0.842650088469,0.538461538462,0.)) ;
#944=DIRECTION('Vector Direction',(0.,0.,1.)) ;
#953=DIRECTION('Axis2P3D Direction',(0.,-0.,1.)) ;
#960=DIRECTION('Vector Direction',(0.,0.,1.)) ;
#967=DIRECTION('Axis2P3D Direction',(0.,-0.,1.)) ;
#979=DIRECTION('Axis2P3D Direction',(1.79909524985E-017,2.81544300412E-017,1.)) ;
#980=DIRECTION('Axis2P3D XDirection',(2.79221090693E-014,-1.,2.81544300412E-017)) ;
#984=DIRECTION('Vector Direction',(0.,1.9825411154E-017,1.)) ;
#993=DIRECTION('Axis2P3D Direction',(1.79909524985E-017,2.81544300412E-017,1.)) ;
#1000=DIRECTION('Vector Direction',(0.,1.9825411154E-017,1.)) ;
#1007=DIRECTION('Axis2P3D Direction',(1.79909524985E-017,2.81544300412E-017,1.)) ;
#1019=DIRECTION('Axis2P3D Direction',(0.,0.,1.)) ;
#1020=DIRECTION('Axis2P3D XDirection',(0.87758256189,-0.479425538604,0.)) ;
#1024=DIRECTION('Axis2P3D Direction',(0.,0.,1.)) ;
#1033=DIRECTION('Axis2P3D Direction',(0.,0.,1.)) ;
#1040=DIRECTION('Vector Direction',(-0.760008792515,0.415194695654,0.5)) ;
#1047=DIRECTION('Axis2P3D Direction',(0.,0.,1.)) ;
#1054=DIRECTION('Vector Direction',(0.760008792515,-0.415194695654,0.5)) ;
#1067=DIRECTION('Axis2P3D Direction',(-1.82283742345E-030,-5.87207692069E-017,-1.)) ;
#1068=DIRECTION('Axis2P3D XDirection',(1.,2.44929359829E-016,-1.83721986387E-030)) ;
#1072=DIRECTION('Axis2P3D Direction',(-1.82283742345E-030,-5.87207692069E-017,-1.)) ;
#1079=DIRECTION('Vector Direction',(0.,-1.11022302463E-016,-1.)) ;
#1086=DIRECTION('Axis2P3D Direction',(-1.82283742345E-030,-5.87207692069E-017,-1.)) ;
#1093=DIRECTION('Vector Direction',(0.,-1.11022302463E-016,-1.)) ;
#1106=DIRECTION('Axis2P3D Direction',(-1.82283742345E-030,-5.87207692069E-017,-1.)) ;
#1107=DIRECTION('Axis2P3D XDirection',(1.,-1.07038415644E-046,-1.82283742345E-030)) ;
#1111=DIRECTION('Axis2P3D Direction',(-1.82283742345E-030,-5.87207692069E-017,-1.)) ;
#1120=DIRECTION('Axis2P3D Direction',(-1.82283742345E-030,-5.87207692069E-017,-1.)) ;
#1127=DIRECTION('Axis2P3D Direction',(-1.82283742345E-030,-5.87207692069E-017,-1.)) ;
#1134=DIRECTION('Axis2P3D Direction',(-1.82283742345E-030,-5.87207692069E-017,-1.)) ;
#1145=DIRECTION('Axis2P3D Direction',(-1.82283742345E-030,-5.87207692069E-017,-1.)) ;
#1154=DIRECTION('Axis2P3D Direction',(-1.82283742345E-030,-5.87207692069E-017,-1.)) ;
#1164=DIRECTION('Axis2P3D Direction',(-1.82283742345E-030,-5.87207692069E-017,-1.)) ;
#1165=DIRECTION('Axis2P3D XDirection',(1.,-1.07038415644E-046,-1.82283742345E-030)) ;
#1169=DIRECTION('Axis2P3D Direction',(-1.82283742345E-030,-5.87207692069E-017,-1.)) ;
#1178=DIRECTION('Vector Direction',(1.,0.,0.)) ;
#1185=DIRECTION('Axis2P3D Direction',(-1.82283742345E-030,-5.87207692069E-017,-1.)) ;
#1192=DIRECTION('Vector Direction',(0.,-1.,7.40148683083E-017)) ;
#1199=DIRECTION('Axis2P3D Direction',(-1.82283742345E-030,-5.87207692069E-017,-1.)) ;
#1206=DIRECTION('Vector Direction',(-1.,0.,0.)) ;
#1213=DIRECTION('Axis2P3D Direction',(-1.82283742345E-030,-5.87207692069E-017,-1.)) ;
#1220=DIRECTION('Vector Direction',(0.,1.,-7.40148683083E-017)) ;
#1235=DIRECTION('Axis2P3D Direction',(-1.82283742345E-030,-5.87207692069E-017,-1.)) ;
#1244=DIRECTION('Axis2P3D Direction',(-1.82283742345E-030,-5.87207692069E-017,-1.)) ;
#1254=DIRECTION('Axis2P3D Direction',(0.,0.,1.)) ;
#1255=DIRECTION('Axis2P3D XDirection',(0.87758256189,-0.479425538604,0.)) ;
#1259=DIRECTION('Axis2P3D Direction',(-0.,0.,1.)) ;
#1268=DIRECTION('Axis2P3D Direction',(-0.,0.,1.)) ;
#1275=DIRECTION('Vector Direction',(0.760008792515,-0.415194695654,0.5)) ;
#1282=DIRECTION('Axis2P3D Direction',(-0.,0.,1.)) ;
#1289=DIRECTION('Vector Direction',(-0.760008792515,0.415194695654,0.5)) ;
#1302=DIRECTION('Axis2P3D Direction',(-1.82283742345E-030,-5.87207692069E-017,-1.)) ;
#1303=DIRECTION('Axis2P3D XDirection',(1.,2.44929359829E-016,-1.83721986387E-030)) ;
#1307=DIRECTION('Axis2P3D Direction',(-1.82283742345E-030,-5.87207692069E-017,-1.)) ;
#1314=DIRECTION('Vector Direction',(0.,0.,-1.)) ;
#1321=DIRECTION('Axis2P3D Direction',(-1.82283742345E-030,-5.87207692069E-017,-1.)) ;
#1328=DIRECTION('Vector Direction',(0.,0.,-1.)) ;
#1341=DIRECTION('Axis2P3D Direction',(0.,0.,1.)) ;
#1342=DIRECTION('Axis2P3D XDirection',(0.87758256189,-0.479425538604,0.)) ;
#1369=DIRECTION('Vector Direction',(0.760008792515,-0.415194695654,0.5)) ;
#1376=DIRECTION('Axis2P3D Direction',(-0.,0.,1.)) ;
#1383=DIRECTION('Vector Direction',(-0.760008792515,0.415194695654,0.5)) ;
#1396=DIRECTION('Axis2P3D Direction',(-1.82283742345E-030,-5.87207692069E-017,-1.)) ;
#1397=DIRECTION('Axis2P3D XDirection',(1.,2.44929359829E-016,-1.83721986387E-030)) ;
#1414=DIRECTION('Vector Direction',(0.,-1.11022302463E-016,-1.)) ;
#1421=DIRECTION('Axis2P3D Direction',(-1.82283742345E-030,-5.87207692069E-017,-1.)) ;
#1428=DIRECTION('Vector Direction',(0.,-1.11022302463E-016,-1.)) ;
#1441=DIRECTION('Axis2P3D Direction',(0.,0.,1.)) ;
#1442=DIRECTION('Axis2P3D XDirection',(0.87758256189,-0.479425538604,0.)) ;
#1469=DIRECTION('Vector Direction',(0.760008792515,-0.415194695654,0.5)) ;
#1476=DIRECTION('Axis2P3D Direction',(-0.,0.,1.)) ;
#1483=DIRECTION('Vector Direction',(-0.760008792515,0.415194695654,0.5)) ;
#1496=DIRECTION('Axis2P3D Direction',(-1.82283742345E-030,-5.87207692069E-017,-1.)) ;
#1497=DIRECTION('Axis2P3D XDirection',(1.,2.44929359829E-016,-1.83721986387E-030)) ;
#1514=DIRECTION('Vector Direction',(0.,0.,-1.)) ;
#1521=DIRECTION('Axis2P3D Direction',(-1.82283742345E-030,-5.87207692069E-017,-1.)) ;
#1528=DIRECTION('Vector Direction',(0.,0.,-1.)) ;
#1541=DIRECTION('Axis2P3D Direction',(0.,0.,1.)) ;
#1542=DIRECTION('Axis2P3D XDirection',(1.,0.,0.)) ;
#1546=DIRECTION('Axis2P3D Direction',(0.,0.,1.)) ;
#1555=DIRECTION('Axis2P3D Direction',(0.,0.,1.)) ;
#1565=DIRECTION('Axis2P3D Direction',(0.,0.,1.)) ;
#1574=DIRECTION('Axis2P3D Direction',(0.,0.,1.)) ;
#1584=DIRECTION('Axis2P3D Direction',(0.,0.,1.)) ;
#1593=DIRECTION('Axis2P3D Direction',(0.,0.,1.)) ;
#1603=DIRECTION('Axis2P3D Direction',(0.,0.,1.)) ;
#1612=DIRECTION('Axis2P3D Direction',(0.,0.,1.)) ;
#1622=DIRECTION('Axis2P3D Direction',(0.,-0.,1.)) ;
#1623=DIRECTION('Axis2P3D XDirection',(0.87758256189,0.479425538604,0.)) ;
#1627=DIRECTION('Axis2P3D Direction',(0.,-0.,1.)) ;
#1636=DIRECTION('Vector Direction',(0.,0.,1.)) ;
#1641=DIRECTION('Vector Direction',(0.,0.,1.)) ;
#1653=DIRECTION('Axis2P3D Direction',(0.,-0.,1.)) ;
#1665=DIRECTION('Axis2P3D Direction',(0.,-0.,1.)) ;
#1666=DIRECTION('Axis2P3D XDirection',(0.87758256189,0.479425538604,0.)) ;
#1670=DIRECTION('Axis2P3D Direction',(0.,-0.,1.)) ;
#1679=DIRECTION('Vector Direction',(0.,0.,1.)) ;
#1684=DIRECTION('Vector Direction',(0.,0.,1.)) ;
#1696=DIRECTION('Axis2P3D Direction',(0.,-0.,1.)) ;
#1708=DIRECTION('Axis2P3D Direction',(0.,-0.,1.)) ;
#1709=DIRECTION('Axis2P3D XDirection',(0.87758256189,0.479425538604,0.)) ;
#1713=DIRECTION('Axis2P3D Direction',(0.,-0.,1.)) ;
#1722=DIRECTION('Vector Direction',(0.,0.,1.)) ;
#1727=DIRECTION('Vector Direction',(0.,0.,1.)) ;
#1739=DIRECTION('Axis2P3D Direction',(0.,-0.,1.)) ;
#1751=DIRECTION('Vector Direction',(0.,-1.,0.)) ;
#1760=DIRECTION('Axis2P3D Direction',(-1.82283742345E-030,-5.87207692069E-017,-1.)) ;
#1767=DIRECTION('Vector Direction',(-1.,0.,0.)) ;
#1774=DIRECTION('Axis2P3D Direction',(-1.82283742345E-030,-5.87207692069E-017,-1.)) ;
#1781=DIRECTION('Vector Direction',(0.,1.,0.)) ;
#1788=DIRECTION('Axis2P3D Direction',(-1.82283742345E-030,-5.87207692069E-017,-1.)) ;
#1795=DIRECTION('Vector Direction',(1.,0.,0.)) ;
#1802=DIRECTION('Axis2P3D Direction',(-1.82283742345E-030,-5.87207692069E-017,-1.)) ;
#1818=DIRECTION('Axis2P3D Direction',(-1.82283742345E-030,-5.87207692069E-017,-1.)) ;
#1827=DIRECTION('Vector Direction',(1.,0.,0.)) ;
#1834=DIRECTION('Axis2P3D Direction',(-1.82283742345E-030,-5.87207692069E-017,-1.)) ;
#1841=DIRECTION('Vector Direction',(0.,-1.,0.)) ;
#1848=DIRECTION('Axis2P3D Direction',(-1.82283742345E-030,-5.87207692069E-017,-1.)) ;
#1855=DIRECTION('Vector Direction',(-1.,0.,0.)) ;
#1862=DIRECTION('Axis2P3D Direction',(-1.82283742345E-030,-5.87207692069E-017,-1.)) ;
#1869=DIRECTION('Vector Direction',(0.,1.,0.)) ;
#1885=DIRECTION('Axis2P3D Direction',(-1.82283742345E-030,-5.87207692069E-017,-1.)) ;
#1894=DIRECTION('Vector Direction',(0.,-1.,7.40148683083E-017)) ;
#1901=DIRECTION('Axis2P3D Direction',(-1.82283742345E-030,-5.87207692069E-017,-1.)) ;
#1908=DIRECTION('Vector Direction',(1.,0.,0.)) ;
#1915=DIRECTION('Axis2P3D Direction',(-1.82283742345E-030,-5.87207692069E-017,-1.)) ;
#1922=DIRECTION('Vector Direction',(0.,1.,-7.40148683083E-017)) ;
#1929=DIRECTION('Axis2P3D Direction',(-1.82283742345E-030,-5.87207692069E-017,-1.)) ;
#1936=DIRECTION('Vector Direction',(1.,0.,0.)) ;
#1952=DIRECTION('Axis2P3D Direction',(-1.82283742345E-030,-5.87207692069E-017,-1.)) ;
#1961=DIRECTION('Vector Direction',(0.,1.,-1.11022302463E-016)) ;
#1968=DIRECTION('Axis2P3D Direction',(-1.82283742345E-030,-5.87207692069E-017,-1.)) ;
#1975=DIRECTION('Vector Direction',(1.,0.,0.)) ;
#1982=DIRECTION('Axis2P3D Direction',(-1.82283742345E-030,-5.87207692069E-017,-1.)) ;
#1989=DIRECTION('Vector Direction',(0.,-1.,1.11022302463E-016)) ;
#1996=DIRECTION('Axis2P3D Direction',(-1.82283742345E-030,-5.87207692069E-017,-1.)) ;
#2003=DIRECTION('Vector Direction',(-1.,0.,0.)) ;
#2019=DIRECTION('Axis2P3D Direction',(-1.82283742345E-030,-5.87207692069E-017,-1.)) ;
#2028=DIRECTION('Axis2P3D Direction',(-1.82283742345E-030,-5.87207692069E-017,-1.)) ;
#2042=DIRECTION('Axis2P3D Direction',(-1.82283742345E-030,-5.87207692069E-017,-1.)) ;
#2051=DIRECTION('Axis2P3D Direction',(-1.82283742345E-030,-5.87207692069E-017,-1.)) ;
#2065=DIRECTION('Axis2P3D Direction',(-1.82283742345E-030,-5.87207692069E-017,-1.)) ;
#2074=DIRECTION('Axis2P3D Direction',(-1.82283742345E-030,-5.87207692069E-017,-1.)) ;
#2094=DIRECTION('Axis2P3D Direction',(-1.82283742345E-030,-5.87207692069E-017,-1.)) ;
#2107=DIRECTION('Axis2P3D Direction',(-0.,0.,1.)) ;
#2126=DIRECTION('Axis2P3D Direction',(-1.82283742345E-030,-5.87207692069E-017,-1.)) ;
#2139=DIRECTION('Axis2P3D Direction',(-0.,0.,1.)) ;
#2152=DIRECTION('Axis2P3D Direction',(-1.82283742345E-030,-5.87207692069E-017,-1.)) ;
#2157=DIRECTION('Axis2P3D Direction',(-1.82283742345E-030,-5.87207692069E-017,-1.)) ;
#2170=DIRECTION('Axis2P3D Direction',(-0.,0.,1.)) ;
#2183=DIRECTION('Axis2P3D Direction',(0.,-0.,1.)) ;
#2184=DIRECTION('Axis2P3D XDirection',(0.87758256189,0.479425538604,0.)) ;
#2188=DIRECTION('Vector Direction',(0.,0.,1.)) ;
#2193=DIRECTION('Vector Direction',(0.,0.,1.)) ;
#2212=DIRECTION('Axis2P3D Direction',(-1.82283742345E-030,-5.87207692069E-017,-1.)) ;
#2217=DIRECTION('Axis2P3D Direction',(-1.82283742345E-030,-5.87207692069E-017,-1.)) ;
#2230=DIRECTION('Axis2P3D Direction',(0.,0.,1.)) ;
#2243=DIRECTION('Axis2P3D Direction',(-1.82283742345E-030,-5.87207692069E-017,-1.)) ;
#2244=DIRECTION('Axis2P3D XDirection',(2.82380124105E-014,1.,-5.87207692069E-017)) ;
#2248=DIRECTION('Vector Direction',(0.,0.,-1.)) ;
#2255=DIRECTION('Axis2P3D Direction',(-1.82283742345E-030,-5.87207692069E-017,-1.)) ;
#2262=DIRECTION('Vector Direction',(0.,0.,-1.)) ;
#2274=DIRECTION('Axis2P3D Direction',(1.,-1.07038415644E-046,-1.82283742345E-030)) ;
#2275=DIRECTION('Axis2P3D XDirection',(0.,1.,-5.87207692069E-017)) ;
#2279=DIRECTION('Vector Direction',(0.,-1.,0.)) ;
#2286=DIRECTION('Vector Direction',(0.,0.,1.)) ;
#2298=DIRECTION('Axis2P3D Direction',(-1.82283742345E-030,-5.87207692069E-017,-1.)) ;
#2299=DIRECTION('Axis2P3D XDirection',(1.,-7.1054273576E-015,-1.40560126347E-030)) ;
#2303=DIRECTION('Axis2P3D Direction',(-1.82283742345E-030,-5.87207692069E-017,-1.)) ;
#2310=DIRECTION('Vector Direction',(0.,0.,-1.)) ;
#2322=DIRECTION('Axis2P3D Direction',(0.,1.,-5.87207692069E-017)) ;
#2323=DIRECTION('Axis2P3D XDirection',(-1.,1.07038415644E-046,1.82283742345E-030)) ;
#2327=DIRECTION('Vector Direction',(-1.,0.,0.)) ;
#2334=DIRECTION('Vector Direction',(0.,0.,1.)) ;
#2346=DIRECTION('Axis2P3D Direction',(-1.82283742345E-030,-5.87207692069E-017,-1.)) ;
#2347=DIRECTION('Axis2P3D XDirection',(6.12323399574E-017,-1.,5.87207692069E-017)) ;
#2351=DIRECTION('Axis2P3D Direction',(-1.82283742345E-030,-5.87207692069E-017,-1.)) ;
#2358=DIRECTION('Vector Direction',(0.,0.,-1.)) ;
#2370=DIRECTION('Axis2P3D Direction',(-1.,1.07038415644E-046,1.82283742345E-030)) ;
#2371=DIRECTION('Axis2P3D XDirection',(0.,-1.,5.87207692069E-017)) ;
#2375=DIRECTION('Vector Direction',(0.,1.,0.)) ;
#2382=DIRECTION('Vector Direction',(0.,0.,1.)) ;
#2394=DIRECTION('Axis2P3D Direction',(-1.82283742345E-030,-5.87207692069E-017,-1.)) ;
#2395=DIRECTION('Axis2P3D XDirection',(-1.,-1.22464679915E-016,1.83002864366E-030)) ;
#2399=DIRECTION('Axis2P3D Direction',(-1.82283742345E-030,-5.87207692069E-017,-1.)) ;
#2406=DIRECTION('Vector Direction',(0.,0.,-1.)) ;
#2418=DIRECTION('Axis2P3D Direction',(0.,-1.,5.87207692069E-017)) ;
#2419=DIRECTION('Axis2P3D XDirection',(1.,-1.07038415644E-046,-1.82283742345E-030)) ;
#2423=DIRECTION('Vector Direction',(1.,0.,0.)) ;
#2435=DIRECTION('Axis2P3D Direction',(1.,-1.07038415644E-046,-1.82283742345E-030)) ;
#2436=DIRECTION('Axis2P3D XDirection',(0.,1.,-5.87207692069E-017)) ;
#2440=DIRECTION('Vector Direction',(0.,0.,1.)) ;
#2447=DIRECTION('Vector Direction',(0.,1.,-7.40148683083E-017)) ;
#2454=DIRECTION('Vector Direction',(0.,0.,1.)) ;
#2466=DIRECTION('Axis2P3D Direction',(-1.82283742345E-030,-5.87207692069E-017,-1.)) ;
#2467=DIRECTION('Axis2P3D XDirection',(1.,-1.82283742345E-030,-1.82283742345E-030)) ;
#2471=DIRECTION('Axis2P3D Direction',(-1.82283742345E-030,-5.87207692069E-017,-1.)) ;
#2478=DIRECTION('Vector Direction',(0.,0.,-1.)) ;
#2490=DIRECTION('Axis2P3D Direction',(0.,-1.,5.87207692069E-017)) ;
#2491=DIRECTION('Axis2P3D XDirection',(1.,-1.07038415644E-046,-1.82283742345E-030)) ;
#2495=DIRECTION('Vector Direction',(1.,0.,0.)) ;
#2502=DIRECTION('Vector Direction',(0.,0.,1.)) ;
#2514=DIRECTION('Axis2P3D Direction',(-1.82283742345E-030,-5.87207692069E-017,-1.)) ;
#2515=DIRECTION('Axis2P3D XDirection',(6.12323399574E-017,-1.,5.87207692069E-017)) ;
#2519=DIRECTION('Axis2P3D Direction',(-1.82283742345E-030,-5.87207692069E-017,-1.)) ;
#2526=DIRECTION('Vector Direction',(0.,0.,-1.)) ;
#2538=DIRECTION('Axis2P3D Direction',(-1.,1.07038415644E-046,1.82283742345E-030)) ;
#2539=DIRECTION('Axis2P3D XDirection',(0.,1.,-5.87207692069E-017)) ;
#2543=DIRECTION('Vector Direction',(0.,-1.,0.)) ;
#2550=DIRECTION('Vector Direction',(0.,0.,1.)) ;
#2562=DIRECTION('Axis2P3D Direction',(-1.82283742345E-030,-5.87207692069E-017,-1.)) ;
#2563=DIRECTION('Axis2P3D XDirection',(-1.,-1.22464679915E-016,1.83002864366E-030)) ;
#2567=DIRECTION('Axis2P3D Direction',(-1.82283742345E-030,-5.87207692069E-017,-1.)) ;
#2574=DIRECTION('Vector Direction',(0.,0.,-1.)) ;
#2586=DIRECTION('Axis2P3D Direction',(0.,1.,-5.87207692069E-017)) ;
#2587=DIRECTION('Axis2P3D XDirection',(-1.,1.07038415644E-046,1.82283742345E-030)) ;
#2591=DIRECTION('Vector Direction',(-1.,0.,0.)) ;
#2598=DIRECTION('Vector Direction',(0.,0.,1.)) ;
#2610=DIRECTION('Axis2P3D Direction',(-1.82283742345E-030,-5.87207692069E-017,-1.)) ;
#2611=DIRECTION('Axis2P3D XDirection',(-1.83697019872E-016,1.,-5.87207692069E-017)) ;
#2615=DIRECTION('Axis2P3D Direction',(-1.82283742345E-030,-5.87207692069E-017,-1.)) ;
#2627=DIRECTION('Vector Direction',(0.,0.,1.)) ;
#2634=DIRECTION('Vector Direction',(0.,1.,0.)) ;
#2641=DIRECTION('Vector Direction',(0.,1.11022302463E-016,1.)) ;
#2653=DIRECTION('Axis2P3D Direction',(-1.82283742345E-030,-5.87207692069E-017,-1.)) ;
#2654=DIRECTION('Axis2P3D XDirection',(1.,-5.21804821574E-015,-1.51642961847E-030)) ;
#2658=DIRECTION('Axis2P3D Direction',(-1.82283742345E-030,-5.87207692069E-017,-1.)) ;
#2665=DIRECTION('Vector Direction',(0.,0.,-1.)) ;
#2677=DIRECTION('Axis2P3D Direction',(0.,-1.,5.87207692069E-017)) ;
#2678=DIRECTION('Axis2P3D XDirection',(1.,-1.07038415644E-046,-1.82283742345E-030)) ;
#2682=DIRECTION('Vector Direction',(1.,0.,0.)) ;
#2689=DIRECTION('Vector Direction',(0.,5.55111512313E-017,1.)) ;
#2701=DIRECTION('Axis2P3D Direction',(-1.82283742345E-030,-5.87207692069E-017,-1.)) ;
#2702=DIRECTION('Axis2P3D XDirection',(6.12323399574E-017,-1.,5.87207692069E-017)) ;
#2706=DIRECTION('Axis2P3D Direction',(-1.82283742345E-030,-5.87207692069E-017,-1.)) ;
#2713=DIRECTION('Vector Direction',(0.,0.,-1.)) ;
#2725=DIRECTION('Vector Direction',(0.,-1.,0.)) ;
#2732=DIRECTION('Vector Direction',(0.,0.,1.)) ;
#2744=DIRECTION('Axis2P3D Direction',(-1.82283742345E-030,-5.87207692069E-017,-1.)) ;
#2745=DIRECTION('Axis2P3D XDirection',(-1.,-1.22464679915E-016,1.83002864366E-030)) ;
#2749=DIRECTION('Axis2P3D Direction',(-1.82283742345E-030,-5.87207692069E-017,-1.)) ;
#2756=DIRECTION('Vector Direction',(0.,0.,-1.)) ;
#2768=DIRECTION('Axis2P3D Direction',(0.,1.,-5.87207692069E-017)) ;
#2769=DIRECTION('Axis2P3D XDirection',(-1.,1.07038415644E-046,1.82283742345E-030)) ;
#2773=DIRECTION('Vector Direction',(-1.,0.,0.)) ;
#2780=DIRECTION('Vector Direction',(0.,0.,1.)) ;
#2792=DIRECTION('Axis2P3D Direction',(-1.82283742345E-030,-5.87207692069E-017,-1.)) ;
#2793=DIRECTION('Axis2P3D XDirection',(2.82380124105E-014,1.,-5.87207692069E-017)) ;
#2797=DIRECTION('Axis2P3D Direction',(-1.82283742345E-030,-5.87207692069E-017,-1.)) ;
#2809=DIRECTION('Axis2P3D Direction',(0.,-1.,5.87207692069E-017)) ;
#2810=DIRECTION('Axis2P3D XDirection',(1.,-1.07038415644E-046,-1.82283742345E-030)) ;
#2814=DIRECTION('Vector Direction',(0.,0.,1.)) ;
#2821=DIRECTION('Vector Direction',(1.,0.,0.)) ;
#2828=DIRECTION('Vector Direction',(0.,0.,1.)) ;
#2840=DIRECTION('Axis2P3D Direction',(-1.82283742345E-030,-5.87207692069E-017,-1.)) ;
#2841=DIRECTION('Axis2P3D XDirection',(2.84829417704E-014,-1.,5.87207692069E-017)) ;
#2845=DIRECTION('Axis2P3D Direction',(-1.82283742345E-030,-5.87207692069E-017,-1.)) ;
#2852=DIRECTION('Vector Direction',(0.,0.,-1.)) ;
#2864=DIRECTION('Axis2P3D Direction',(-1.,1.07038415644E-046,1.82283742345E-030)) ;
#2865=DIRECTION('Axis2P3D XDirection',(0.,-1.,5.87207692069E-017)) ;
#2869=DIRECTION('Vector Direction',(0.,-1.,7.40148683083E-017)) ;
#2876=DIRECTION('Vector Direction',(0.,0.,1.)) ;
#2888=DIRECTION('Axis2P3D Direction',(-1.82283742345E-030,-5.87207692069E-017,-1.)) ;
#2889=DIRECTION('Axis2P3D XDirection',(-1.,6.98296267769E-015,1.41279248368E-030)) ;
#2893=DIRECTION('Axis2P3D Direction',(-1.82283742345E-030,-5.87207692069E-017,-1.)) ;
#2900=DIRECTION('Vector Direction',(0.,0.,-1.)) ;
#2912=DIRECTION('Axis2P3D Direction',(0.,-1.,5.87207692069E-017)) ;
#2913=DIRECTION('Axis2P3D XDirection',(1.,-1.07038415644E-046,-1.82283742345E-030)) ;
#2917=DIRECTION('Vector Direction',(1.,0.,0.)) ;
#2924=DIRECTION('Vector Direction',(0.,0.,1.)) ;
#2936=DIRECTION('Axis2P3D Direction',(-1.82283742345E-030,-5.87207692069E-017,-1.)) ;
#2937=DIRECTION('Axis2P3D XDirection',(-1.83697019872E-016,1.,-5.87207692069E-017)) ;
#2941=DIRECTION('Axis2P3D Direction',(-1.82283742345E-030,-5.87207692069E-017,-1.)) ;
#2948=DIRECTION('Vector Direction',(0.,0.,-1.)) ;
#2960=DIRECTION('Vector Direction',(0.,1.,-7.40148683083E-017)) ;
#2967=DIRECTION('Vector Direction',(0.,0.,1.)) ;
#2979=DIRECTION('Axis2P3D Direction',(-1.82283742345E-030,-5.87207692069E-017,-1.)) ;
#2980=DIRECTION('Axis2P3D XDirection',(1.,-1.82283742345E-030,-1.82283742345E-030)) ;
#2984=DIRECTION('Axis2P3D Direction',(-1.82283742345E-030,-5.87207692069E-017,-1.)) ;
#2996=DIRECTION('Vector Direction',(0.,0.,1.)) ;
#3003=DIRECTION('Vector Direction',(-1.,0.,0.)) ;
#3010=DIRECTION('Vector Direction',(0.,0.,1.)) ;
#3022=DIRECTION('Axis2P3D Direction',(-1.82283742345E-030,-5.87207692069E-017,-1.)) ;
#3023=DIRECTION('Axis2P3D XDirection',(2.82380124105E-014,1.,-5.87207692069E-017)) ;
#3027=DIRECTION('Axis2P3D Direction',(-1.82283742345E-030,-5.87207692069E-017,-1.)) ;
#3034=DIRECTION('Vector Direction',(0.,0.,-1.)) ;
#3046=DIRECTION('Vector Direction',(0.,1.,0.)) ;
#3053=DIRECTION('Vector Direction',(0.,0.,1.)) ;
#3065=DIRECTION('Axis2P3D Direction',(-1.82283742345E-030,-5.87207692069E-017,-1.)) ;
#3066=DIRECTION('Axis2P3D XDirection',(1.,-7.1054273576E-015,-1.40560126347E-030)) ;
#3070=DIRECTION('Axis2P3D Direction',(-1.82283742345E-030,-5.87207692069E-017,-1.)) ;
#3077=DIRECTION('Vector Direction',(0.,0.,-1.)) ;
#3089=DIRECTION('Axis2P3D Direction',(0.,-1.,5.87207692069E-017)) ;
#3090=DIRECTION('Axis2P3D XDirection',(1.,-1.07038415644E-046,-1.82283742345E-030)) ;
#3094=DIRECTION('Vector Direction',(1.,0.,0.)) ;
#3101=DIRECTION('Vector Direction',(0.,0.,1.)) ;
#3113=DIRECTION('Axis2P3D Direction',(-1.82283742345E-030,-5.87207692069E-017,-1.)) ;
#3114=DIRECTION('Axis2P3D XDirection',(6.12323399574E-017,-1.,5.87207692069E-017)) ;
#3118=DIRECTION('Axis2P3D Direction',(-1.82283742345E-030,-5.87207692069E-017,-1.)) ;
#3125=DIRECTION('Vector Direction',(0.,0.,-1.)) ;
#3137=DIRECTION('Vector Direction',(0.,-1.,1.11022302463E-016)) ;
#3144=DIRECTION('Vector Direction',(0.,0.,1.)) ;
#3156=DIRECTION('Axis2P3D Direction',(-1.82283742345E-030,-5.87207692069E-017,-1.)) ;
#3157=DIRECTION('Axis2P3D XDirection',(-1.,6.98296267769E-015,1.41279248368E-030)) ;
#3161=DIRECTION('Axis2P3D Direction',(-1.82283742345E-030,-5.87207692069E-017,-1.)) ;
#3173=DIRECTION('Axis2P3D Direction',(0.,1.,-5.87207692069E-017)) ;
#3174=DIRECTION('Axis2P3D XDirection',(1.,-1.07038415644E-046,-1.82283742345E-030)) ;
#3178=DIRECTION('Vector Direction',(1.,0.,0.)) ;
#3183=DIRECTION('Vector Direction',(1.,0.,0.)) ;
#3195=DIRECTION('Axis2P3D Direction',(-1.82283742345E-030,-5.87207692069E-017,-1.)) ;
#3196=DIRECTION('Axis2P3D XDirection',(0.951485913604,-0.307692307692,1.80679289868E-017)) ;
#3200=DIRECTION('Axis2P3D Direction',(-1.82283742345E-030,-5.87207692069E-017,-1.)) ;
#3205=DIRECTION('Axis2P3D Direction',(-1.82283742345E-030,-5.87207692069E-017,-1.)) ;
#3217=DIRECTION('Axis2P3D Direction',(-1.,1.07038415644E-046,1.82283742345E-030)) ;
#3218=DIRECTION('Axis2P3D XDirection',(0.,1.,-5.87207692069E-017)) ;
#3222=DIRECTION('Vector Direction',(0.,1.,-5.55051259234E-017)) ;
#3227=DIRECTION('Vector Direction',(0.,1.,-5.55051259234E-017)) ;
#3239=DIRECTION('Axis2P3D Direction',(-1.82283742345E-030,-5.87207692069E-017,-1.)) ;
#3240=DIRECTION('Axis2P3D XDirection',(-0.4375,0.899218410621,-5.28027967567E-017)) ;
#3244=DIRECTION('Axis2P3D Direction',(-1.82283742345E-030,-5.87207692069E-017,-1.)) ;
#3249=DIRECTION('Axis2P3D Direction',(-1.82283742345E-030,-5.87207692069E-017,-1.)) ;
#3261=DIRECTION('Axis2P3D Direction',(0.,-1.,5.87207692069E-017)) ;
#3262=DIRECTION('Axis2P3D XDirection',(-1.,1.07038415644E-046,1.82283742345E-030)) ;
#3266=DIRECTION('Vector Direction',(-1.,0.,0.)) ;
#3271=DIRECTION('Vector Direction',(-1.,0.,0.)) ;
#3283=DIRECTION('Axis2P3D Direction',(-1.82283742345E-030,-5.87207692069E-017,-1.)) ;
#3284=DIRECTION('Axis2P3D XDirection',(1.,-1.07038415644E-046,-1.82283742345E-030)) ;
#3288=DIRECTION('Axis2P3D Direction',(-1.82283742345E-030,-5.87207692069E-017,-1.)) ;
#3293=DIRECTION('Vector Direction',(1.,0.,0.)) ;
#3298=DIRECTION('Axis2P3D Direction',(-1.82283742345E-030,-5.87207692069E-017,-1.)) ;
#3305=DIRECTION('Vector Direction',(0.,-1.,6.01651917841E-017)) ;
#3312=DIRECTION('Axis2P3D Direction',(-1.82283742345E-030,-5.87207692069E-017,-1.)) ;
#3317=DIRECTION('Vector Direction',(-1.,0.,0.)) ;
#3322=DIRECTION('Axis2P3D Direction',(-1.82283742345E-030,-5.87207692069E-017,-1.)) ;
#3368=DIRECTION('Axis2P3D Direction',(0.,-1.,5.87207692069E-017)) ;
#3369=DIRECTION('Axis2P3D XDirection',(-1.,1.07038415644E-046,1.82283742345E-030)) ;
#3380=DIRECTION('Axis2P3D Direction',(-1.82283742345E-030,-5.87207692069E-017,-1.)) ;
#3381=DIRECTION('Axis2P3D XDirection',(-0.951485913604,0.307692307692,-1.80679289867E-017)) ;
#3385=DIRECTION('Axis2P3D Direction',(-1.82283742345E-030,-5.87207692069E-017,-1.)) ;
#3399=DIRECTION('Axis2P3D Direction',(0.,1.,-5.87207692069E-017)) ;
#3400=DIRECTION('Axis2P3D XDirection',(1.,-1.07038415644E-046,-1.82283742345E-030)) ;
#3411=DIRECTION('Axis2P3D Direction',(-1.82283742345E-030,-5.87207692069E-017,-1.)) ;
#3412=DIRECTION('Axis2P3D XDirection',(-0.951485913604,0.307692307692,-1.80679289867E-017)) ;
#3416=DIRECTION('Axis2P3D Direction',(-1.82283742345E-030,-5.87207692069E-017,-1.)) ;
#3430=DIRECTION('Axis2P3D Direction',(-1.82283742345E-030,-5.87207692069E-017,-1.)) ;
#3431=DIRECTION('Axis2P3D XDirection',(0.951485913604,-0.307692307692,1.80679289868E-017)) ;
#3435=DIRECTION('Vector Direction',(0.,-1.11022302463E-016,-1.)) ;
#3449=DIRECTION('Axis2P3D Direction',(1.,-1.07038415644E-046,-1.82283742345E-030)) ;
#3450=DIRECTION('Axis2P3D XDirection',(0.,-1.,5.87207692069E-017)) ;
#3454=DIRECTION('Vector Direction',(0.,0.,-1.)) ;
#3466=DIRECTION('Axis2P3D Direction',(-1.82283742345E-030,-5.87207692069E-017,-1.)) ;
#3467=DIRECTION('Axis2P3D XDirection',(-0.8125,-0.582961190818,3.42319295426E-017)) ;
#3480=DIRECTION('Axis2P3D Direction',(0.,0.,-1.)) ;
#3481=DIRECTION('Axis2P3D XDirection',(0.87758256189,-0.479425538604,0.)) ;
#3485=DIRECTION('Axis2P3D Direction',(0.,0.,-1.)) ;
#3494=DIRECTION('Vector Direction',(0.,0.,-1.)) ;
#3499=DIRECTION('Vector Direction',(0.,0.,-1.)) ;
#3511=DIRECTION('Axis2P3D Direction',(0.,0.,-1.)) ;
#3523=DIRECTION('Axis2P3D Direction',(0.,0.,-1.)) ;
#3524=DIRECTION('Axis2P3D XDirection',(0.87758256189,-0.479425538604,0.)) ;
#3528=DIRECTION('Axis2P3D Direction',(0.,0.,-1.)) ;
#3537=DIRECTION('Vector Direction',(0.,0.,-1.)) ;
#3542=DIRECTION('Vector Direction',(0.,0.,-1.)) ;
#3554=DIRECTION('Axis2P3D Direction',(0.,0.,-1.)) ;
#3566=DIRECTION('Axis2P3D Direction',(0.,0.,-1.)) ;
#3567=DIRECTION('Axis2P3D XDirection',(0.87758256189,-0.479425538604,0.)) ;
#3571=DIRECTION('Axis2P3D Direction',(0.,0.,-1.)) ;
#3580=DIRECTION('Vector Direction',(0.,0.,-1.)) ;
#3585=DIRECTION('Vector Direction',(0.,0.,-1.)) ;
#3597=DIRECTION('Axis2P3D Direction',(0.,0.,-1.)) ;
#3609=DIRECTION('Axis2P3D Direction',(1.82283742345E-030,5.87207692069E-017,1.)) ;
#3610=DIRECTION('Axis2P3D XDirection',(1.,1.82283742345E-030,-1.82283742345E-030)) ;
#3614=DIRECTION('Vector Direction',(0.,0.,1.)) ;
#3621=DIRECTION('Axis2P3D Direction',(1.82283742345E-030,5.87207692069E-017,1.)) ;
#3628=DIRECTION('Vector Direction',(0.,0.,1.)) ;
#3640=DIRECTION('Axis2P3D Direction',(1.82283742345E-030,5.87207692069E-017,1.)) ;
#3652=DIRECTION('Vector Direction',(0.,1.,-5.55111512313E-017)) ;
#3661=DIRECTION('Vector Direction',(0.,0.,-1.)) ;
#3668=DIRECTION('Vector Direction',(0.,1.,-5.55111512313E-017)) ;
#3675=DIRECTION('Vector Direction',(0.,0.,-1.)) ;
#3687=DIRECTION('Axis2P3D Direction',(1.,-1.07038415644E-046,-1.82283742345E-030)) ;
#3688=DIRECTION('Axis2P3D XDirection',(0.,-1.,5.87207692069E-017)) ;
#3692=DIRECTION('Vector Direction',(0.,-1.,1.11022302463E-016)) ;
#3701=DIRECTION('Vector Direction',(0.,0.,-1.)) ;
#3708=DIRECTION('Vector Direction',(0.,-1.,5.55111512313E-017)) ;
#3715=DIRECTION('Vector Direction',(0.,0.,-1.)) ;
#3727=DIRECTION('Axis2P3D Direction',(1.82283742345E-030,5.87207692069E-017,1.)) ;
#3728=DIRECTION('Axis2P3D XDirection',(1.,1.82283742345E-030,-1.82283742345E-030)) ;
#3732=DIRECTION('Axis2P3D Direction',(1.82283742345E-030,5.87207692069E-017,1.)) ;
#3737=DIRECTION('Axis2P3D Direction',(1.82283742345E-030,5.87207692069E-017,1.)) ;
#3749=DIRECTION('Axis2P3D Direction',(0.,-0.,-1.)) ;
#3750=DIRECTION('Axis2P3D XDirection',(0.87758256189,-0.479425538604,0.)) ;
#3754=DIRECTION('Axis2P3D Direction',(0.,-0.,-1.)) ;
#3763=DIRECTION('Vector Direction',(0.,0.,-1.)) ;
#3768=DIRECTION('Vector Direction',(0.,0.,-1.)) ;
#3780=DIRECTION('Axis2P3D Direction',(0.,-0.,-1.)) ;
#3792=DIRECTION('Axis2P3D Direction',(0.,0.,1.)) ;
#3793=DIRECTION('Axis2P3D XDirection',(1.83697019872E-016,1.,-0.)) ;
#3797=DIRECTION('Axis2P3D Direction',(0.,0.,1.)) ;
#3809=DIRECTION('Axis2P3D Direction',(0.,-0.,1.)) ;
#3810=DIRECTION('Axis2P3D XDirection',(1.,-1.83697019872E-016,-0.)) ;
#3814=DIRECTION('Axis2P3D Direction',(0.,-0.,1.)) ;
#3826=DIRECTION('Axis2P3D Direction',(0.,0.,1.)) ;
#3827=DIRECTION('Axis2P3D XDirection',(-1.83697019872E-016,-1.,-0.)) ;
#3831=DIRECTION('Axis2P3D Direction',(0.,0.,1.)) ;
#3843=DIRECTION('Axis2P3D Direction',(0.,0.,1.)) ;
#3844=DIRECTION('Axis2P3D XDirection',(-1.,4.62458911837E-015,0.)) ;
#3848=DIRECTION('Axis2P3D Direction',(0.,0.,1.)) ;
#3860=DIRECTION('Axis2P3D Direction',(0.,0.,-1.)) ;
#3861=DIRECTION('Axis2P3D XDirection',(0.,-1.,0.)) ;
#3865=DIRECTION('Vector Direction',(0.,0.,-1.)) ;
#3874=DIRECTION('Axis2P3D Direction',(0.,0.,-1.)) ;
#3881=DIRECTION('Vector Direction',(0.,0.,-1.)) ;
#3888=DIRECTION('Axis2P3D Direction',(0.,0.,-1.)) ;
#3900=DIRECTION('Axis2P3D Direction',(1.,-1.07038415644E-046,-1.82283742345E-030)) ;
#3901=DIRECTION('Axis2P3D XDirection',(0.,-1.,5.87207692069E-017)) ;
#3905=DIRECTION('Vector Direction',(0.,-1.,8.881784197E-017)) ;
#3912=DIRECTION('Vector Direction',(0.,-1.,1.7763568394E-016)) ;
#3919=DIRECTION('Vector Direction',(0.,0.,-1.)) ;
#3931=DIRECTION('Axis2P3D Direction',(0.,0.,-1.)) ;
#3932=DIRECTION('Axis2P3D XDirection',(-1.,0.,0.)) ;
#3936=DIRECTION('Axis2P3D Direction',(0.,0.,-1.)) ;
#3943=DIRECTION('Vector Direction',(0.,0.,-1.)) ;
#3950=DIRECTION('Axis2P3D Direction',(0.,0.,-1.)) ;
#3962=DIRECTION('Axis2P3D Direction',(0.,-1.,5.87207692069E-017)) ;
#3963=DIRECTION('Axis2P3D XDirection',(-1.,1.07038415644E-046,1.82283742345E-030)) ;
#3967=DIRECTION('Vector Direction',(-1.,0.,0.)) ;
#3974=DIRECTION('Vector Direction',(-1.,0.,0.)) ;
#3981=DIRECTION('Vector Direction',(0.,0.,-1.)) ;
#3993=DIRECTION('Axis2P3D Direction',(0.,0.,-1.)) ;
#3994=DIRECTION('Axis2P3D XDirection',(0.,1.,0.)) ;
#3998=DIRECTION('Axis2P3D Direction',(0.,0.,-1.)) ;
#4005=DIRECTION('Vector Direction',(0.,0.,-1.)) ;
#4012=DIRECTION('Axis2P3D Direction',(0.,0.,-1.)) ;
#4024=DIRECTION('Axis2P3D Direction',(-1.82283742345E-030,-5.87207692069E-017,-1.)) ;
#4033=DIRECTION('Vector Direction',(0.,1.,-9.750852329E-017)) ;
#4038=DIRECTION('Vector Direction',(-1.,-5.80804314769E-016,0.)) ;
#4055=DIRECTION('Axis2P3D Direction',(1.82283742345E-030,5.87207692069E-017,1.)) ;
#4056=DIRECTION('Axis2P3D XDirection',(1.,-1.07038415644E-046,-1.82283742345E-030)) ;
#4070=DIRECTION('Axis2P3D Direction',(1.82283742345E-030,5.87207692069E-017,1.)) ;
#4079=DIRECTION('Vector Direction',(1.,0.,0.)) ;
#4084=DIRECTION('Vector Direction',(0.,1.,-8.881784197E-017)) ;
#4103=DIRECTION('Axis2P3D Direction',(1.82283742345E-030,5.87207692069E-017,1.)) ;
#4112=DIRECTION('Vector Direction',(-1.,0.,0.)) ;
#4119=DIRECTION('Axis2P3D Direction',(1.82283742345E-030,5.87207692069E-017,1.)) ;
#4126=DIRECTION('Vector Direction',(0.,1.,-7.40148683083E-017)) ;
#4133=DIRECTION('Axis2P3D Direction',(1.82283742345E-030,5.87207692069E-017,1.)) ;
#4140=DIRECTION('Vector Direction',(1.,0.,0.)) ;
#4147=DIRECTION('Axis2P3D Direction',(1.82283742345E-030,5.87207692069E-017,1.)) ;
#4154=DIRECTION('Vector Direction',(0.,-1.,7.40148683083E-017)) ;
#4169=DIRECTION('Axis2P3D Direction',(1.82283742345E-030,5.87207692069E-017,1.)) ;
#4197=DIRECTION('Axis2P3D Direction',(0.,1.,-5.87207692069E-017)) ;
#4198=DIRECTION('Axis2P3D XDirection',(1.,-1.07038415644E-046,-1.82283742345E-030)) ;
#4202=DIRECTION('Vector Direction',(1.,0.,0.)) ;
#4207=DIRECTION('Vector Direction',(0.,0.,-1.)) ;
#4221=DIRECTION('Axis2P3D Direction',(-1.,1.07038415644E-046,1.82283742345E-030)) ;
#4222=DIRECTION('Axis2P3D XDirection',(0.,1.,-5.87207692069E-017)) ;
#4226=DIRECTION('Vector Direction',(0.,1.,0.)) ;
#4231=DIRECTION('Vector Direction',(0.,0.,-1.)) ;
#4245=DIRECTION('Axis2P3D Direction',(0.,0.,-1.)) ;
#4246=DIRECTION('Axis2P3D XDirection',(1.,0.,0.)) ;
#4257=DIRECTION('Axis2P3D Direction',(0.,-0.,1.)) ;
#4258=DIRECTION('Axis2P3D XDirection',(0.,1.,0.)) ;
#4262=DIRECTION('Axis2P3D Direction',(0.,-0.,1.)) ;
#4271=DIRECTION('Vector Direction',(0.,0.,1.)) ;
#4276=DIRECTION('Vector Direction',(0.,0.,1.)) ;
#4288=DIRECTION('Axis2P3D Direction',(0.,0.,1.)) ;
#4289=DIRECTION('Axis2P3D XDirection',(1.,0.,0.)) ;
#4293=DIRECTION('Axis2P3D Direction',(0.,0.,1.)) ;
#4302=DIRECTION('Vector Direction',(0.,0.,1.)) ;
#4307=DIRECTION('Vector Direction',(0.,0.,1.)) ;
#4319=DIRECTION('Axis2P3D Direction',(0.,0.,1.)) ;
#4320=DIRECTION('Axis2P3D XDirection',(0.,-1.,0.)) ;
#4324=DIRECTION('Axis2P3D Direction',(0.,0.,1.)) ;
#4333=DIRECTION('Vector Direction',(0.,0.,1.)) ;
#4338=DIRECTION('Vector Direction',(0.,0.,1.)) ;
#4350=DIRECTION('Axis2P3D Direction',(0.,0.,1.)) ;
#4351=DIRECTION('Axis2P3D XDirection',(-1.,0.,0.)) ;
#4355=DIRECTION('Axis2P3D Direction',(0.,0.,1.)) ;
#4364=DIRECTION('Vector Direction',(0.,0.,1.)) ;
#4369=DIRECTION('Vector Direction',(0.,0.,1.)) ;
#4381=DIRECTION('Vector Direction',(0.,-1.,4.93432455389E-017)) ;
#4393=DIRECTION('Vector Direction',(1.,0.,0.)) ;
#4405=DIRECTION('Axis2P3D Direction',(1.,-1.07038415644E-046,-1.82283742345E-030)) ;
#4406=DIRECTION('Axis2P3D XDirection',(0.,1.,-5.87207692069E-017)) ;
#4410=DIRECTION('Vector Direction',(0.,1.,-4.93432455389E-017)) ;
#4422=DIRECTION('Vector Direction',(-1.,0.,0.)) ;
#4434=DIRECTION('Axis2P3D Direction',(-0.,-0.707106781187,-0.707106781187)) ;
#4435=DIRECTION('Axis2P3D XDirection',(-1.,0.,0.)) ;
#4439=DIRECTION('Vector Direction',(0.,0.707106781187,-0.707106781187)) ;
#4446=DIRECTION('Vector Direction',(0.,0.707106781187,-0.707106781187)) ;
#4453=DIRECTION('Vector Direction',(-1.,0.,0.)) ;
#4465=DIRECTION('Axis2P3D Direction',(-9.66338120634E-013,2.98427949019E-013,-1.)) ;
#4466=DIRECTION('Axis2P3D XDirection',(-0.977638798556,-0.21029117803,8.81922805091E-013)) ;
#4470=DIRECTION('Vector Direction',(-0.707106781187,9.04373256201E-014,-0.707106781186)) ;
#4477=DIRECTION('Axis2P3D Direction',(-1.04087219445E-013,4.83899063746E-013,-1.)) ;
#4489=DIRECTION('Axis2P3D Direction',(0.707106781187,-4.5020572292E-017,-0.707106781187)) ;
#4490=DIRECTION('Axis2P3D XDirection',(0.,-1.,6.36687039212E-017)) ;
#4494=DIRECTION('Vector Direction',(-0.707106781187,0.,-0.707106781187)) ;
#4501=DIRECTION('Vector Direction',(0.,-1.,6.36687039212E-017)) ;
#4513=DIRECTION('Axis2P3D Direction',(-4.54747350886E-013,-1.30917499064E-012,-1.)) ;
#4514=DIRECTION('Axis2P3D XDirection',(0.21029117803,-0.977638798556,1.18432644316E-012)) ;
#4518=DIRECTION('Vector Direction',(-1.60777467769E-013,-0.707106781187,-0.707106781186)) ;
#4525=DIRECTION('Axis2P3D Direction',(-7.0378907541E-013,-1.51385802171E-013,-1.)) ;
#4537=DIRECTION('Axis2P3D Direction',(0.,0.707106781187,-0.707106781187)) ;
#4538=DIRECTION('Axis2P3D XDirection',(1.,0.,0.)) ;
#4542=DIRECTION('Vector Direction',(0.,-0.707106781187,-0.707106781187)) ;
#4549=DIRECTION('Vector Direction',(1.,0.,0.)) ;
#4561=DIRECTION('Axis2P3D Direction',(1.08002495836E-012,-3.53495011041E-013,-1.)) ;
#4562=DIRECTION('Axis2P3D XDirection',(0.977638798556,0.21029117803,9.81494734698E-013)) ;
#4566=DIRECTION('Vector Direction',(0.707106781187,-1.16814878926E-013,-0.707106781186)) ;
#4573=DIRECTION('Axis2P3D Direction',(1.2043589394E-013,-5.59903671457E-013,-1.)) ;
#4585=DIRECTION('Axis2P3D Direction',(-0.707106781187,-4.98442050376E-017,-0.707106781187)) ;
#4586=DIRECTION('Axis2P3D XDirection',(0.,1.,-7.04903507699E-017)) ;
#4590=DIRECTION('Vector Direction',(0.707106781187,0.,-0.707106781187)) ;
#4597=DIRECTION('Vector Direction',(0.,1.,-7.04903507699E-017)) ;
#4609=DIRECTION('Axis2P3D Direction',(5.11590769747E-013,1.36424205266E-012,-1.)) ;
#4610=DIRECTION('Axis2P3D XDirection',(-0.21029117803,0.977638798556,1.22620987386E-012)) ;
#4614=DIRECTION('Axis2P3D Direction',(7.69439915033E-013,1.65507369792E-013,-1.)) ;
#4626=DIRECTION('Axis2P3D Direction',(-1.82283742345E-030,-5.87207692069E-017,-1.)) ;
#4627=DIRECTION('Axis2P3D XDirection',(1.,-1.82283742345E-030,-1.82283742345E-030)) ;
#4631=DIRECTION('Vector Direction',(0.,0.,-1.)) ;
#4638=DIRECTION('Vector Direction',(0.,0.,-1.)) ;
#4645=DIRECTION('Axis2P3D Direction',(-1.82283742345E-030,-5.87207692069E-017,-1.)) ;
#4657=DIRECTION('Axis2P3D Direction',(-1.82283742345E-030,-5.87207692069E-017,-1.)) ;
#4669=DIRECTION('Axis2P3D Direction',(-0.,2.84217094304E-014,1.)) ;
#4670=DIRECTION('Axis2P3D XDirection',(-0.975599380084,-0.219558305652,6.19031837504E-015)) ;
#4674=DIRECTION('Vector Direction',(-0.707106781187,-1.17333818349E-007,0.707106781187)) ;
#4681=DIRECTION('Axis2P3D Direction',(6.08795707211E-015,-2.70516167808E-014,-1.)) ;
#4688=DIRECTION('Vector Direction',(0.707106781187,2.00971834712E-014,0.707106781187)) ;
#4700=DIRECTION('Axis2P3D Direction',(-0.,-5.68434188608E-014,1.)) ;
#4701=DIRECTION('Axis2P3D XDirection',(1.,1.29189578968E-014,0.)) ;
#4705=DIRECTION('Axis2P3D Direction',(-7.34357788133E-028,5.68434188608E-014,-1.)) ;
#4717=DIRECTION('Axis2P3D Direction',(-1.82283742345E-030,-5.87207692069E-017,-1.)) ;
#4718=DIRECTION('Axis2P3D XDirection',(1.,-1.82283742345E-030,-1.82283742345E-030)) ;
#4722=DIRECTION('Vector Direction',(0.,0.,-1.)) ;
#4729=DIRECTION('Vector Direction',(0.,0.,-1.)) ;
#4736=DIRECTION('Axis2P3D Direction',(-1.82283742345E-030,-5.87207692069E-017,-1.)) ;
#4748=DIRECTION('Axis2P3D Direction',(-1.82283742345E-030,-5.87207692069E-017,-1.)) ;
#4760=DIRECTION('Axis2P3D Direction',(-0.,1.42108547152E-014,1.)) ;
#4761=DIRECTION('Axis2P3D XDirection',(-0.975599380084,-0.219558305652,3.16101363832E-015)) ;
#4765=DIRECTION('Vector Direction',(-0.707106781187,-1.1733373796E-007,0.707106781187)) ;
#4772=DIRECTION('Axis2P3D Direction',(3.04397853605E-015,-1.35258083904E-014,-1.)) ;
#4779=DIRECTION('Vector Direction',(0.707106781187,0.,0.707106781187)) ;
#4791=DIRECTION('Axis2P3D Direction',(-0.,-7.1054273576E-014,1.)) ;
#4792=DIRECTION('Axis2P3D XDirection',(1.,1.29189578968E-014,0.)) ;
#4796=DIRECTION('Axis2P3D Direction',(-9.17947235166E-028,7.1054273576E-014,-1.)) ;
#4808=DIRECTION('Axis2P3D Direction',(-1.82283742345E-030,-5.87207692069E-017,-1.)) ;
#4809=DIRECTION('Axis2P3D XDirection',(1.,-1.82283742345E-030,-1.82283742345E-030)) ;
#4813=DIRECTION('Vector Direction',(0.,0.,-1.)) ;
#4820=DIRECTION('Vector Direction',(0.,0.,-1.)) ;
#4827=DIRECTION('Axis2P3D Direction',(-1.82283742345E-030,-5.87207692069E-017,-1.)) ;
#4839=DIRECTION('Axis2P3D Direction',(-1.82283742345E-030,-5.87207692069E-017,-1.)) ;
#4851=DIRECTION('Axis2P3D Direction',(-0.,1.33226762955E-014,1.)) ;
#4852=DIRECTION('Axis2P3D XDirection',(-0.975599380084,-0.219558305652,2.89759583512E-015)) ;
#4856=DIRECTION('Vector Direction',(-0.707106781187,-1.17332966103E-007,0.707106781187)) ;
#4863=DIRECTION('Axis2P3D Direction',(2.85372987755E-015,-1.2680445366E-014,-1.)) ;
#4870=DIRECTION('Vector Direction',(0.707106781187,1.00485917356E-014,0.707106781187)) ;
#4882=DIRECTION('Axis2P3D Direction',(-5.68434188608E-014,-5.50670620214E-014,1.)) ;
#4883=DIRECTION('Axis2P3D XDirection',(1.,1.1304089039E-014,5.68982454897E-014)) ;
#4887=DIRECTION('Axis2P3D Direction',(-6.22482968847E-028,5.50670620214E-014,-1.)) ;
#4899=DIRECTION('Axis2P3D Direction',(-1.82283742345E-030,-5.87207692069E-017,-1.)) ;
#4900=DIRECTION('Axis2P3D XDirection',(1.,-1.82283742345E-030,-1.82283742345E-030)) ;
#4904=DIRECTION('Vector Direction',(0.,0.,-1.)) ;
#4911=DIRECTION('Vector Direction',(0.,0.,-1.)) ;
#4918=DIRECTION('Axis2P3D Direction',(-1.82283742345E-030,-5.87207692069E-017,-1.)) ;
#4930=DIRECTION('Vector Direction',(0.,0.,-1.)) ;
#4937=DIRECTION('Axis2P3D Direction',(-1.82283742345E-030,-5.87207692069E-017,-1.)) ;
#4949=DIRECTION('Vector Direction',(0.,0.,-1.)) ;
#4956=DIRECTION('Axis2P3D Direction',(-1.82283742345E-030,-5.87207692069E-017,-1.)) ;
#5021=DIRECTION('Axis2P3D Direction',(-1.82283742345E-030,-5.87207692069E-017,-1.)) ;
#5030=DIRECTION('Axis2P3D Direction',(-1.82283742345E-030,-5.87207692069E-017,-1.)) ;
#5037=DIRECTION('Axis2P3D Direction',(-1.82283742345E-030,-5.87207692069E-017,-1.)) ;
#5044=DIRECTION('Axis2P3D Direction',(-1.82283742345E-030,-5.87207692069E-017,-1.)) ;
#5049=DIRECTION('Axis2P3D Direction',(-1.82283742345E-030,-5.87207692069E-017,-1.)) ;
#5115=DIRECTION('Axis2P3D Direction',(-0.,-3.46389583683E-014,1.)) ;
#5116=DIRECTION('Axis2P3D XDirection',(1.,5.16758351043E-015,0.)) ;
#5120=DIRECTION('Vector Direction',(0.707106781187,-2.07252204546E-014,0.707106781187)) ;
#5125=DIRECTION('Vector Direction',(-0.707106781187,-1.04609670365E-007,0.707106781187)) ;
#5137=DIRECTION('Axis2P3D Direction',(5.68434188608E-014,2.48689957516E-014,1.)) ;
#5138=DIRECTION('Axis2P3D XDirection',(-0.517044047876,0.855958791389,8.16595189899E-015)) ;
#5156=DIRECTION('Axis2P3D Direction',(5.68434188608E-014,-2.6645352591E-014,1.)) ;
#5157=DIRECTION('Axis2P3D XDirection',(-0.989303257633,-0.145873453504,5.22884339338E-014)) ;
#5175=DIRECTION('Axis2P3D Direction',(1.82283742345E-030,5.87207692069E-017,1.)) ;
#5176=DIRECTION('Axis2P3D XDirection',(-1.,1.22464679915E-016,1.81564620325E-030)) ;
#48=AXIS2_PLACEMENT_3D(' ',#47,$,$) ;
#55=AXIS2_PLACEMENT_3D('Plane Axis2P3D',#52,#53,#54) ;
#111=AXIS2_PLACEMENT_3D('Plane Axis2P3D',#108,#109,#110) ;
#167=AXIS2_PLACEMENT_3D('Plane Axis2P3D',#164,#165,#166) ;
#223=AXIS2_PLACEMENT_3D('Plane Axis2P3D',#220,#221,#222) ;
#279=AXIS2_PLACEMENT_3D('Cylinder Axis2P3D',#276,#277,#278) ;
#292=AXIS2_PLACEMENT_3D('Circle Axis2P3D',#290,#291,$) ;
#306=AXIS2_PLACEMENT_3D('Circle Axis2P3D',#304,#305,$) ;
#319=AXIS2_PLACEMENT_3D('Plane Axis2P3D',#316,#317,#318) ;
#323=AXIS2_PLACEMENT_3D('Circle Axis2P3D',#321,#322,$) ;
#328=AXIS2_PLACEMENT_3D('Circle Axis2P3D',#326,#327,$) ;
#340=AXIS2_PLACEMENT_3D('Circle Axis2P3D',#338,#339,$) ;
#354=AXIS2_PLACEMENT_3D('Circle Axis2P3D',#352,#353,$) ;
#366=AXIS2_PLACEMENT_3D('Circle Axis2P3D',#364,#365,$) ;
#371=AXIS2_PLACEMENT_3D('Circle Axis2P3D',#369,#370,$) ;
#383=AXIS2_PLACEMENT_3D('Circle Axis2P3D',#381,#382,$) ;
#390=AXIS2_PLACEMENT_3D('Circle Axis2P3D',#388,#389,$) ;
#397=AXIS2_PLACEMENT_3D('Circle Axis2P3D',#395,#396,$) ;
#411=AXIS2_PLACEMENT_3D('Circle Axis2P3D',#409,#410,$) ;
#425=AXIS2_PLACEMENT_3D('Circle Axis2P3D',#423,#424,$) ;
#430=AXIS2_PLACEMENT_3D('Circle Axis2P3D',#428,#429,$) ;
#442=AXIS2_PLACEMENT_3D('Circle Axis2P3D',#440,#441,$) ;
#447=AXIS2_PLACEMENT_3D('Circle Axis2P3D',#445,#446,$) ;
#468=AXIS2_PLACEMENT_3D('Circle Axis2P3D',#466,#467,$) ;
#475=AXIS2_PLACEMENT_3D('Circle Axis2P3D',#473,#474,$) ;
#480=AXIS2_PLACEMENT_3D('Circle Axis2P3D',#478,#479,$) ;
#487=AXIS2_PLACEMENT_3D('Circle Axis2P3D',#485,#486,$) ;
#502=AXIS2_PLACEMENT_3D('Plane Axis2P3D',#499,#500,#501) ;
#542=AXIS2_PLACEMENT_3D('Cylinder Axis2P3D',#539,#540,#541) ;
#546=AXIS2_PLACEMENT_3D('Circle Axis2P3D',#544,#545,$) ;
#560=AXIS2_PLACEMENT_3D('Circle Axis2P3D',#558,#559,$) ;
#573=AXIS2_PLACEMENT_3D('Plane Axis2P3D',#570,#571,#572) ;
#604=AXIS2_PLACEMENT_3D('Cylinder Axis2P3D',#601,#602,#603) ;
#608=AXIS2_PLACEMENT_3D('Circle Axis2P3D',#606,#607,$) ;
#622=AXIS2_PLACEMENT_3D('Circle Axis2P3D',#620,#621,$) ;
#635=AXIS2_PLACEMENT_3D('Plane Axis2P3D',#632,#633,#634) ;
#657=AXIS2_PLACEMENT_3D('Cylinder Axis2P3D',#654,#655,#656) ;
#668=AXIS2_PLACEMENT_3D('Circle Axis2P3D',#666,#667,$) ;
#688=AXIS2_PLACEMENT_3D('Cylinder Axis2P3D',#685,#686,#687) ;
#699=AXIS2_PLACEMENT_3D('Circle Axis2P3D',#697,#698,$) ;
#719=AXIS2_PLACEMENT_3D('Cylinder Axis2P3D',#716,#717,#718) ;
#730=AXIS2_PLACEMENT_3D('Circle Axis2P3D',#728,#729,$) ;
#750=AXIS2_PLACEMENT_3D('Cylinder Axis2P3D',#747,#748,#749) ;
#761=AXIS2_PLACEMENT_3D('Circle Axis2P3D',#759,#760,$) ;
#781=AXIS2_PLACEMENT_3D('Cylinder Axis2P3D',#778,#779,#780) ;
#794=AXIS2_PLACEMENT_3D('Circle Axis2P3D',#792,#793,$) ;
#808=AXIS2_PLACEMENT_3D('Circle Axis2P3D',#806,#807,$) ;
#821=AXIS2_PLACEMENT_3D('Cylinder Axis2P3D',#818,#819,#820) ;
#834=AXIS2_PLACEMENT_3D('Circle Axis2P3D',#832,#833,$) ;
#848=AXIS2_PLACEMENT_3D('Circle Axis2P3D',#846,#847,$) ;
#861=AXIS2_PLACEMENT_3D('Cylinder Axis2P3D',#858,#859,#860) ;
#874=AXIS2_PLACEMENT_3D('Circle Axis2P3D',#872,#873,$) ;
#888=AXIS2_PLACEMENT_3D('Circle Axis2P3D',#886,#887,$) ;
#901=AXIS2_PLACEMENT_3D('Cylinder Axis2P3D',#898,#899,#900) ;
#914=AXIS2_PLACEMENT_3D('Circle Axis2P3D',#912,#913,$) ;
#928=AXIS2_PLACEMENT_3D('Circle Axis2P3D',#926,#927,$) ;
#941=AXIS2_PLACEMENT_3D('Cylinder Axis2P3D',#938,#939,#940) ;
#954=AXIS2_PLACEMENT_3D('Circle Axis2P3D',#952,#953,$) ;
#968=AXIS2_PLACEMENT_3D('Circle Axis2P3D',#966,#967,$) ;
#981=AXIS2_PLACEMENT_3D('Cylinder Axis2P3D',#978,#979,#980) ;
#994=AXIS2_PLACEMENT_3D('Circle Axis2P3D',#992,#993,$) ;
#1008=AXIS2_PLACEMENT_3D('Circle Axis2P3D',#1006,#1007,$) ;
#1021=AXIS2_PLACEMENT_3D('Cone Axis2P3D',#1018,#1019,#1020) ;
#1025=AXIS2_PLACEMENT_3D('Circle Axis2P3D',#1023,#1024,$) ;
#1034=AXIS2_PLACEMENT_3D('Circle Axis2P3D',#1032,#1033,$) ;
#1048=AXIS2_PLACEMENT_3D('Circle Axis2P3D',#1046,#1047,$) ;
#1069=AXIS2_PLACEMENT_3D('Cylinder Axis2P3D',#1066,#1067,#1068) ;
#1073=AXIS2_PLACEMENT_3D('Circle Axis2P3D',#1071,#1072,$) ;
#1087=AXIS2_PLACEMENT_3D('Circle Axis2P3D',#1085,#1086,$) ;
#1108=AXIS2_PLACEMENT_3D('Plane Axis2P3D',#1105,#1106,#1107) ;
#1112=AXIS2_PLACEMENT_3D('Circle Axis2P3D',#1110,#1111,$) ;
#1121=AXIS2_PLACEMENT_3D('Circle Axis2P3D',#1119,#1120,$) ;
#1128=AXIS2_PLACEMENT_3D('Circle Axis2P3D',#1126,#1127,$) ;
#1135=AXIS2_PLACEMENT_3D('Circle Axis2P3D',#1133,#1134,$) ;
#1146=AXIS2_PLACEMENT_3D('Circle Axis2P3D',#1144,#1145,$) ;
#1155=AXIS2_PLACEMENT_3D('Circle Axis2P3D',#1153,#1154,$) ;
#1166=AXIS2_PLACEMENT_3D('Plane Axis2P3D',#1163,#1164,#1165) ;
#1170=AXIS2_PLACEMENT_3D('Circle Axis2P3D',#1168,#1169,$) ;
#1186=AXIS2_PLACEMENT_3D('Circle Axis2P3D',#1184,#1185,$) ;
#1200=AXIS2_PLACEMENT_3D('Circle Axis2P3D',#1198,#1199,$) ;
#1214=AXIS2_PLACEMENT_3D('Circle Axis2P3D',#1212,#1213,$) ;
#1236=AXIS2_PLACEMENT_3D('Circle Axis2P3D',#1234,#1235,$) ;
#1245=AXIS2_PLACEMENT_3D('Circle Axis2P3D',#1243,#1244,$) ;
#1256=AXIS2_PLACEMENT_3D('Cone Axis2P3D',#1253,#1254,#1255) ;
#1260=AXIS2_PLACEMENT_3D('Circle Axis2P3D',#1258,#1259,$) ;
#1269=AXIS2_PLACEMENT_3D('Circle Axis2P3D',#1267,#1268,$) ;
#1283=AXIS2_PLACEMENT_3D('Circle Axis2P3D',#1281,#1282,$) ;
#1304=AXIS2_PLACEMENT_3D('Cylinder Axis2P3D',#1301,#1302,#1303) ;
#1308=AXIS2_PLACEMENT_3D('Circle Axis2P3D',#1306,#1307,$) ;
#1322=AXIS2_PLACEMENT_3D('Circle Axis2P3D',#1320,#1321,$) ;
#1343=AXIS2_PLACEMENT_3D('Cone Axis2P3D',#1340,#1341,#1342) ;
#1377=AXIS2_PLACEMENT_3D('Circle Axis2P3D',#1375,#1376,$) ;
#1398=AXIS2_PLACEMENT_3D('Cylinder Axis2P3D',#1395,#1396,#1397) ;
#1422=AXIS2_PLACEMENT_3D('Circle Axis2P3D',#1420,#1421,$) ;
#1443=AXIS2_PLACEMENT_3D('Cone Axis2P3D',#1440,#1441,#1442) ;
#1477=AXIS2_PLACEMENT_3D('Circle Axis2P3D',#1475,#1476,$) ;
#1498=AXIS2_PLACEMENT_3D('Cylinder Axis2P3D',#1495,#1496,#1497) ;
#1522=AXIS2_PLACEMENT_3D('Circle Axis2P3D',#1520,#1521,$) ;
#1543=AXIS2_PLACEMENT_3D('Plane Axis2P3D',#1540,#1541,#1542) ;
#1547=AXIS2_PLACEMENT_3D('Circle Axis2P3D',#1545,#1546,$) ;
#1556=AXIS2_PLACEMENT_3D('Circle Axis2P3D',#1554,#1555,$) ;
#1566=AXIS2_PLACEMENT_3D('Circle Axis2P3D',#1564,#1565,$) ;
#1575=AXIS2_PLACEMENT_3D('Circle Axis2P3D',#1573,#1574,$) ;
#1585=AXIS2_PLACEMENT_3D('Circle Axis2P3D',#1583,#1584,$) ;
#1594=AXIS2_PLACEMENT_3D('Circle Axis2P3D',#1592,#1593,$) ;
#1604=AXIS2_PLACEMENT_3D('Circle Axis2P3D',#1602,#1603,$) ;
#1613=AXIS2_PLACEMENT_3D('Circle Axis2P3D',#1611,#1612,$) ;
#1624=AXIS2_PLACEMENT_3D('Cylinder Axis2P3D',#1621,#1622,#1623) ;
#1628=AXIS2_PLACEMENT_3D('Circle Axis2P3D',#1626,#1627,$) ;
#1654=AXIS2_PLACEMENT_3D('Circle Axis2P3D',#1652,#1653,$) ;
#1667=AXIS2_PLACEMENT_3D('Cylinder Axis2P3D',#1664,#1665,#1666) ;
#1671=AXIS2_PLACEMENT_3D('Circle Axis2P3D',#1669,#1670,$) ;
#1697=AXIS2_PLACEMENT_3D('Circle Axis2P3D',#1695,#1696,$) ;
#1710=AXIS2_PLACEMENT_3D('Cylinder Axis2P3D',#1707,#1708,#1709) ;
#1714=AXIS2_PLACEMENT_3D('Circle Axis2P3D',#1712,#1713,$) ;
#1740=AXIS2_PLACEMENT_3D('Circle Axis2P3D',#1738,#1739,$) ;
#1761=AXIS2_PLACEMENT_3D('Circle Axis2P3D',#1759,#1760,$) ;
#1775=AXIS2_PLACEMENT_3D('Circle Axis2P3D',#1773,#1774,$) ;
#1789=AXIS2_PLACEMENT_3D('Circle Axis2P3D',#1787,#1788,$) ;
#1803=AXIS2_PLACEMENT_3D('Circle Axis2P3D',#1801,#1802,$) ;
#1819=AXIS2_PLACEMENT_3D('Circle Axis2P3D',#1817,#1818,$) ;
#1835=AXIS2_PLACEMENT_3D('Circle Axis2P3D',#1833,#1834,$) ;
#1849=AXIS2_PLACEMENT_3D('Circle Axis2P3D',#1847,#1848,$) ;
#1863=AXIS2_PLACEMENT_3D('Circle Axis2P3D',#1861,#1862,$) ;
#1886=AXIS2_PLACEMENT_3D('Circle Axis2P3D',#1884,#1885,$) ;
#1902=AXIS2_PLACEMENT_3D('Circle Axis2P3D',#1900,#1901,$) ;
#1916=AXIS2_PLACEMENT_3D('Circle Axis2P3D',#1914,#1915,$) ;
#1930=AXIS2_PLACEMENT_3D('Circle Axis2P3D',#1928,#1929,$) ;
#1953=AXIS2_PLACEMENT_3D('Circle Axis2P3D',#1951,#1952,$) ;
#1969=AXIS2_PLACEMENT_3D('Circle Axis2P3D',#1967,#1968,$) ;
#1983=AXIS2_PLACEMENT_3D('Circle Axis2P3D',#1981,#1982,$) ;
#1997=AXIS2_PLACEMENT_3D('Circle Axis2P3D',#1995,#1996,$) ;
#2020=AXIS2_PLACEMENT_3D('Circle Axis2P3D',#2018,#2019,$) ;
#2029=AXIS2_PLACEMENT_3D('Circle Axis2P3D',#2027,#2028,$) ;
#2043=AXIS2_PLACEMENT_3D('Circle Axis2P3D',#2041,#2042,$) ;
#2052=AXIS2_PLACEMENT_3D('Circle Axis2P3D',#2050,#2051,$) ;
#2066=AXIS2_PLACEMENT_3D('Circle Axis2P3D',#2064,#2065,$) ;
#2075=AXIS2_PLACEMENT_3D('Circle Axis2P3D',#2073,#2074,$) ;
#2095=AXIS2_PLACEMENT_3D('Circle Axis2P3D',#2093,#2094,$) ;
#2108=AXIS2_PLACEMENT_3D('Circle Axis2P3D',#2106,#2107,$) ;
#2127=AXIS2_PLACEMENT_3D('Circle Axis2P3D',#2125,#2126,$) ;
#2140=AXIS2_PLACEMENT_3D('Circle Axis2P3D',#2138,#2139,$) ;
#2153=AXIS2_PLACEMENT_3D('Circle Axis2P3D',#2151,#2152,$) ;
#2158=AXIS2_PLACEMENT_3D('Circle Axis2P3D',#2156,#2157,$) ;
#2171=AXIS2_PLACEMENT_3D('Circle Axis2P3D',#2169,#2170,$) ;
#2185=AXIS2_PLACEMENT_3D('Cylinder Axis2P3D',#2182,#2183,#2184) ;
#2213=AXIS2_PLACEMENT_3D('Circle Axis2P3D',#2211,#2212,$) ;
#2218=AXIS2_PLACEMENT_3D('Circle Axis2P3D',#2216,#2217,$) ;
#2231=AXIS2_PLACEMENT_3D('Circle Axis2P3D',#2229,#2230,$) ;
#2245=AXIS2_PLACEMENT_3D('Cylinder Axis2P3D',#2242,#2243,#2244) ;
#2256=AXIS2_PLACEMENT_3D('Circle Axis2P3D',#2254,#2255,$) ;
#2276=AXIS2_PLACEMENT_3D('Plane Axis2P3D',#2273,#2274,#2275) ;
#2300=AXIS2_PLACEMENT_3D('Cylinder Axis2P3D',#2297,#2298,#2299) ;
#2304=AXIS2_PLACEMENT_3D('Circle Axis2P3D',#2302,#2303,$) ;
#2324=AXIS2_PLACEMENT_3D('Plane Axis2P3D',#2321,#2322,#2323) ;
#2348=AXIS2_PLACEMENT_3D('Cylinder Axis2P3D',#2345,#2346,#2347) ;
#2352=AXIS2_PLACEMENT_3D('Circle Axis2P3D',#2350,#2351,$) ;
#2372=AXIS2_PLACEMENT_3D('Plane Axis2P3D',#2369,#2370,#2371) ;
#2396=AXIS2_PLACEMENT_3D('Cylinder Axis2P3D',#2393,#2394,#2395) ;
#2400=AXIS2_PLACEMENT_3D('Circle Axis2P3D',#2398,#2399,$) ;
#2420=AXIS2_PLACEMENT_3D('Plane Axis2P3D',#2417,#2418,#2419) ;
#2437=AXIS2_PLACEMENT_3D('Plane Axis2P3D',#2434,#2435,#2436) ;
#2468=AXIS2_PLACEMENT_3D('Cylinder Axis2P3D',#2465,#2466,#2467) ;
#2472=AXIS2_PLACEMENT_3D('Circle Axis2P3D',#2470,#2471,$) ;
#2492=AXIS2_PLACEMENT_3D('Plane Axis2P3D',#2489,#2490,#2491) ;
#2516=AXIS2_PLACEMENT_3D('Cylinder Axis2P3D',#2513,#2514,#2515) ;
#2520=AXIS2_PLACEMENT_3D('Circle Axis2P3D',#2518,#2519,$) ;
#2540=AXIS2_PLACEMENT_3D('Plane Axis2P3D',#2537,#2538,#2539) ;
#2564=AXIS2_PLACEMENT_3D('Cylinder Axis2P3D',#2561,#2562,#2563) ;
#2568=AXIS2_PLACEMENT_3D('Circle Axis2P3D',#2566,#2567,$) ;
#2588=AXIS2_PLACEMENT_3D('Plane Axis2P3D',#2585,#2586,#2587) ;
#2612=AXIS2_PLACEMENT_3D('Cylinder Axis2P3D',#2609,#2610,#2611) ;
#2616=AXIS2_PLACEMENT_3D('Circle Axis2P3D',#2614,#2615,$) ;
#2655=AXIS2_PLACEMENT_3D('Cylinder Axis2P3D',#2652,#2653,#2654) ;
#2659=AXIS2_PLACEMENT_3D('Circle Axis2P3D',#2657,#2658,$) ;
#2679=AXIS2_PLACEMENT_3D('Plane Axis2P3D',#2676,#2677,#2678) ;
#2703=AXIS2_PLACEMENT_3D('Cylinder Axis2P3D',#2700,#2701,#2702) ;
#2707=AXIS2_PLACEMENT_3D('Circle Axis2P3D',#2705,#2706,$) ;
#2746=AXIS2_PLACEMENT_3D('Cylinder Axis2P3D',#2743,#2744,#2745) ;
#2750=AXIS2_PLACEMENT_3D('Circle Axis2P3D',#2748,#2749,$) ;
#2770=AXIS2_PLACEMENT_3D('Plane Axis2P3D',#2767,#2768,#2769) ;
#2794=AXIS2_PLACEMENT_3D('Cylinder Axis2P3D',#2791,#2792,#2793) ;
#2798=AXIS2_PLACEMENT_3D('Circle Axis2P3D',#2796,#2797,$) ;
#2811=AXIS2_PLACEMENT_3D('Plane Axis2P3D',#2808,#2809,#2810) ;
#2842=AXIS2_PLACEMENT_3D('Cylinder Axis2P3D',#2839,#2840,#2841) ;
#2846=AXIS2_PLACEMENT_3D('Circle Axis2P3D',#2844,#2845,$) ;
#2866=AXIS2_PLACEMENT_3D('Plane Axis2P3D',#2863,#2864,#2865) ;
#2890=AXIS2_PLACEMENT_3D('Cylinder Axis2P3D',#2887,#2888,#2889) ;
#2894=AXIS2_PLACEMENT_3D('Circle Axis2P3D',#2892,#2893,$) ;
#2914=AXIS2_PLACEMENT_3D('Plane Axis2P3D',#2911,#2912,#2913) ;
#2938=AXIS2_PLACEMENT_3D('Cylinder Axis2P3D',#2935,#2936,#2937) ;
#2942=AXIS2_PLACEMENT_3D('Circle Axis2P3D',#2940,#2941,$) ;
#2981=AXIS2_PLACEMENT_3D('Cylinder Axis2P3D',#2978,#2979,#2980) ;
#2985=AXIS2_PLACEMENT_3D('Circle Axis2P3D',#2983,#2984,$) ;
#3024=AXIS2_PLACEMENT_3D('Cylinder Axis2P3D',#3021,#3022,#3023) ;
#3028=AXIS2_PLACEMENT_3D('Circle Axis2P3D',#3026,#3027,$) ;
#3067=AXIS2_PLACEMENT_3D('Cylinder Axis2P3D',#3064,#3065,#3066) ;
#3071=AXIS2_PLACEMENT_3D('Circle Axis2P3D',#3069,#3070,$) ;
#3091=AXIS2_PLACEMENT_3D('Plane Axis2P3D',#3088,#3089,#3090) ;
#3115=AXIS2_PLACEMENT_3D('Cylinder Axis2P3D',#3112,#3113,#3114) ;
#3119=AXIS2_PLACEMENT_3D('Circle Axis2P3D',#3117,#3118,$) ;
#3158=AXIS2_PLACEMENT_3D('Cylinder Axis2P3D',#3155,#3156,#3157) ;
#3162=AXIS2_PLACEMENT_3D('Circle Axis2P3D',#3160,#3161,$) ;
#3175=AXIS2_PLACEMENT_3D('Plane Axis2P3D',#3172,#3173,#3174) ;
#3197=AXIS2_PLACEMENT_3D('Cylinder Axis2P3D',#3194,#3195,#3196) ;
#3201=AXIS2_PLACEMENT_3D('Circle Axis2P3D',#3199,#3200,$) ;
#3206=AXIS2_PLACEMENT_3D('Circle Axis2P3D',#3204,#3205,$) ;
#3219=AXIS2_PLACEMENT_3D('Plane Axis2P3D',#3216,#3217,#3218) ;
#3241=AXIS2_PLACEMENT_3D('Cylinder Axis2P3D',#3238,#3239,#3240) ;
#3245=AXIS2_PLACEMENT_3D('Circle Axis2P3D',#3243,#3244,$) ;
#3250=AXIS2_PLACEMENT_3D('Circle Axis2P3D',#3248,#3249,$) ;
#3263=AXIS2_PLACEMENT_3D('Plane Axis2P3D',#3260,#3261,#3262) ;
#3285=AXIS2_PLACEMENT_3D('Plane Axis2P3D',#3282,#3283,#3284) ;
#3289=AXIS2_PLACEMENT_3D('Circle Axis2P3D',#3287,#3288,$) ;
#3299=AXIS2_PLACEMENT_3D('Circle Axis2P3D',#3297,#3298,$) ;
#3313=AXIS2_PLACEMENT_3D('Circle Axis2P3D',#3311,#3312,$) ;
#3323=AXIS2_PLACEMENT_3D('Circle Axis2P3D',#3321,#3322,$) ;
#3370=AXIS2_PLACEMENT_3D('Plane Axis2P3D',#3367,#3368,#3369) ;
#3382=AXIS2_PLACEMENT_3D('Cylinder Axis2P3D',#3379,#3380,#3381) ;
#3386=AXIS2_PLACEMENT_3D('Circle Axis2P3D',#3384,#3385,$) ;
#3401=AXIS2_PLACEMENT_3D('Plane Axis2P3D',#3398,#3399,#3400) ;
#3413=AXIS2_PLACEMENT_3D('Cylinder Axis2P3D',#3410,#3411,#3412) ;
#3417=AXIS2_PLACEMENT_3D('Circle Axis2P3D',#3415,#3416,$) ;
#3432=AXIS2_PLACEMENT_3D('Cylinder Axis2P3D',#3429,#3430,#3431) ;
#3451=AXIS2_PLACEMENT_3D('Plane Axis2P3D',#3448,#3449,#3450) ;
#3468=AXIS2_PLACEMENT_3D('Cylinder Axis2P3D',#3465,#3466,#3467) ;
#3482=AXIS2_PLACEMENT_3D('Cylinder Axis2P3D',#3479,#3480,#3481) ;
#3486=AXIS2_PLACEMENT_3D('Circle Axis2P3D',#3484,#3485,$) ;
#3512=AXIS2_PLACEMENT_3D('Circle Axis2P3D',#3510,#3511,$) ;
#3525=AXIS2_PLACEMENT_3D('Cylinder Axis2P3D',#3522,#3523,#3524) ;
#3529=AXIS2_PLACEMENT_3D('Circle Axis2P3D',#3527,#3528,$) ;
#3555=AXIS2_PLACEMENT_3D('Circle Axis2P3D',#3553,#3554,$) ;
#3568=AXIS2_PLACEMENT_3D('Cylinder Axis2P3D',#3565,#3566,#3567) ;
#3572=AXIS2_PLACEMENT_3D('Circle Axis2P3D',#3570,#3571,$) ;
#3598=AXIS2_PLACEMENT_3D('Circle Axis2P3D',#3596,#3597,$) ;
#3611=AXIS2_PLACEMENT_3D('Cylinder Axis2P3D',#3608,#3609,#3610) ;
#3622=AXIS2_PLACEMENT_3D('Circle Axis2P3D',#3620,#3621,$) ;
#3641=AXIS2_PLACEMENT_3D('Circle Axis2P3D',#3639,#3640,$) ;
#3689=AXIS2_PLACEMENT_3D('Plane Axis2P3D',#3686,#3687,#3688) ;
#3729=AXIS2_PLACEMENT_3D('Cylinder Axis2P3D',#3726,#3727,#3728) ;
#3733=AXIS2_PLACEMENT_3D('Circle Axis2P3D',#3731,#3732,$) ;
#3738=AXIS2_PLACEMENT_3D('Circle Axis2P3D',#3736,#3737,$) ;
#3751=AXIS2_PLACEMENT_3D('Cylinder Axis2P3D',#3748,#3749,#3750) ;
#3755=AXIS2_PLACEMENT_3D('Circle Axis2P3D',#3753,#3754,$) ;
#3781=AXIS2_PLACEMENT_3D('Circle Axis2P3D',#3779,#3780,$) ;
#3794=AXIS2_PLACEMENT_3D('Cylinder Axis2P3D',#3791,#3792,#3793) ;
#3798=AXIS2_PLACEMENT_3D('Circle Axis2P3D',#3796,#3797,$) ;
#3811=AXIS2_PLACEMENT_3D('Cylinder Axis2P3D',#3808,#3809,#3810) ;
#3815=AXIS2_PLACEMENT_3D('Circle Axis2P3D',#3813,#3814,$) ;
#3828=AXIS2_PLACEMENT_3D('Cylinder Axis2P3D',#3825,#3826,#3827) ;
#3832=AXIS2_PLACEMENT_3D('Circle Axis2P3D',#3830,#3831,$) ;
#3845=AXIS2_PLACEMENT_3D('Cylinder Axis2P3D',#3842,#3843,#3844) ;
#3849=AXIS2_PLACEMENT_3D('Circle Axis2P3D',#3847,#3848,$) ;
#3862=AXIS2_PLACEMENT_3D('Cylinder Axis2P3D',#3859,#3860,#3861) ;
#3875=AXIS2_PLACEMENT_3D('Circle Axis2P3D',#3873,#3874,$) ;
#3889=AXIS2_PLACEMENT_3D('Circle Axis2P3D',#3887,#3888,$) ;
#3902=AXIS2_PLACEMENT_3D('Plane Axis2P3D',#3899,#3900,#3901) ;
#3933=AXIS2_PLACEMENT_3D('Cylinder Axis2P3D',#3930,#3931,#3932) ;
#3937=AXIS2_PLACEMENT_3D('Circle Axis2P3D',#3935,#3936,$) ;
#3951=AXIS2_PLACEMENT_3D('Circle Axis2P3D',#3949,#3950,$) ;
#3964=AXIS2_PLACEMENT_3D('Plane Axis2P3D',#3961,#3962,#3963) ;
#3995=AXIS2_PLACEMENT_3D('Cylinder Axis2P3D',#3992,#3993,#3994) ;
#3999=AXIS2_PLACEMENT_3D('Circle Axis2P3D',#3997,#3998,$) ;
#4013=AXIS2_PLACEMENT_3D('Circle Axis2P3D',#4011,#4012,$) ;
#4025=AXIS2_PLACEMENT_3D('Circle Axis2P3D',#4023,#4024,$) ;
#4057=AXIS2_PLACEMENT_3D('Plane Axis2P3D',#4054,#4055,#4056) ;
#4071=AXIS2_PLACEMENT_3D('Circle Axis2P3D',#4069,#4070,$) ;
#4104=AXIS2_PLACEMENT_3D('Circle Axis2P3D',#4102,#4103,$) ;
#4120=AXIS2_PLACEMENT_3D('Circle Axis2P3D',#4118,#4119,$) ;
#4134=AXIS2_PLACEMENT_3D('Circle Axis2P3D',#4132,#4133,$) ;
#4148=AXIS2_PLACEMENT_3D('Circle Axis2P3D',#4146,#4147,$) ;
#4170=AXIS2_PLACEMENT_3D('Circle Axis2P3D',#4168,#4169,$) ;
#4199=AXIS2_PLACEMENT_3D('Plane Axis2P3D',#4196,#4197,#4198) ;
#4223=AXIS2_PLACEMENT_3D('Plane Axis2P3D',#4220,#4221,#4222) ;
#4247=AXIS2_PLACEMENT_3D('Cylinder Axis2P3D',#4244,#4245,#4246) ;
#4259=AXIS2_PLACEMENT_3D('Cylinder Axis2P3D',#4256,#4257,#4258) ;
#4263=AXIS2_PLACEMENT_3D('Circle Axis2P3D',#4261,#4262,$) ;
#4290=AXIS2_PLACEMENT_3D('Cylinder Axis2P3D',#4287,#4288,#4289) ;
#4294=AXIS2_PLACEMENT_3D('Circle Axis2P3D',#4292,#4293,$) ;
#4321=AXIS2_PLACEMENT_3D('Cylinder Axis2P3D',#4318,#4319,#4320) ;
#4325=AXIS2_PLACEMENT_3D('Circle Axis2P3D',#4323,#4324,$) ;
#4352=AXIS2_PLACEMENT_3D('Cylinder Axis2P3D',#4349,#4350,#4351) ;
#4356=AXIS2_PLACEMENT_3D('Circle Axis2P3D',#4354,#4355,$) ;
#4407=AXIS2_PLACEMENT_3D('Plane Axis2P3D',#4404,#4405,#4406) ;
#4436=AXIS2_PLACEMENT_3D('Plane Axis2P3D',#4433,#4434,#4435) ;
#4467=AXIS2_PLACEMENT_3D('Cone Axis2P3D',#4464,#4465,#4466) ;
#4478=AXIS2_PLACEMENT_3D('Circle Axis2P3D',#4476,#4477,$) ;
#4491=AXIS2_PLACEMENT_3D('Plane Axis2P3D',#4488,#4489,#4490) ;
#4515=AXIS2_PLACEMENT_3D('Cone Axis2P3D',#4512,#4513,#4514) ;
#4526=AXIS2_PLACEMENT_3D('Circle Axis2P3D',#4524,#4525,$) ;
#4539=AXIS2_PLACEMENT_3D('Plane Axis2P3D',#4536,#4537,#4538) ;
#4563=AXIS2_PLACEMENT_3D('Cone Axis2P3D',#4560,#4561,#4562) ;
#4574=AXIS2_PLACEMENT_3D('Circle Axis2P3D',#4572,#4573,$) ;
#4587=AXIS2_PLACEMENT_3D('Plane Axis2P3D',#4584,#4585,#4586) ;
#4611=AXIS2_PLACEMENT_3D('Cone Axis2P3D',#4608,#4609,#4610) ;
#4615=AXIS2_PLACEMENT_3D('Circle Axis2P3D',#4613,#4614,$) ;
#4628=AXIS2_PLACEMENT_3D('Cylinder Axis2P3D',#4625,#4626,#4627) ;
#4646=AXIS2_PLACEMENT_3D('Circle Axis2P3D',#4644,#4645,$) ;
#4658=AXIS2_PLACEMENT_3D('Circle Axis2P3D',#4656,#4657,$) ;
#4671=AXIS2_PLACEMENT_3D('Cone Axis2P3D',#4668,#4669,#4670) ;
#4682=AXIS2_PLACEMENT_3D('Circle Axis2P3D',#4680,#4681,$) ;
#4702=AXIS2_PLACEMENT_3D('Cone Axis2P3D',#4699,#4700,#4701) ;
#4706=AXIS2_PLACEMENT_3D('Circle Axis2P3D',#4704,#4705,$) ;
#4719=AXIS2_PLACEMENT_3D('Cylinder Axis2P3D',#4716,#4717,#4718) ;
#4737=AXIS2_PLACEMENT_3D('Circle Axis2P3D',#4735,#4736,$) ;
#4749=AXIS2_PLACEMENT_3D('Circle Axis2P3D',#4747,#4748,$) ;
#4762=AXIS2_PLACEMENT_3D('Cone Axis2P3D',#4759,#4760,#4761) ;
#4773=AXIS2_PLACEMENT_3D('Circle Axis2P3D',#4771,#4772,$) ;
#4793=AXIS2_PLACEMENT_3D('Cone Axis2P3D',#4790,#4791,#4792) ;
#4797=AXIS2_PLACEMENT_3D('Circle Axis2P3D',#4795,#4796,$) ;
#4810=AXIS2_PLACEMENT_3D('Cylinder Axis2P3D',#4807,#4808,#4809) ;
#4828=AXIS2_PLACEMENT_3D('Circle Axis2P3D',#4826,#4827,$) ;
#4840=AXIS2_PLACEMENT_3D('Circle Axis2P3D',#4838,#4839,$) ;
#4853=AXIS2_PLACEMENT_3D('Cone Axis2P3D',#4850,#4851,#4852) ;
#4864=AXIS2_PLACEMENT_3D('Circle Axis2P3D',#4862,#4863,$) ;
#4884=AXIS2_PLACEMENT_3D('Cone Axis2P3D',#4881,#4882,#4883) ;
#4888=AXIS2_PLACEMENT_3D('Circle Axis2P3D',#4886,#4887,$) ;
#4901=AXIS2_PLACEMENT_3D('Cylinder Axis2P3D',#4898,#4899,#4900) ;
#4919=AXIS2_PLACEMENT_3D('Circle Axis2P3D',#4917,#4918,$) ;
#4938=AXIS2_PLACEMENT_3D('Circle Axis2P3D',#4936,#4937,$) ;
#4957=AXIS2_PLACEMENT_3D('Circle Axis2P3D',#4955,#4956,$) ;
#5022=AXIS2_PLACEMENT_3D('Circle Axis2P3D',#5020,#5021,$) ;
#5031=AXIS2_PLACEMENT_3D('Circle Axis2P3D',#5029,#5030,$) ;
#5038=AXIS2_PLACEMENT_3D('Circle Axis2P3D',#5036,#5037,$) ;
#5045=AXIS2_PLACEMENT_3D('Circle Axis2P3D',#5043,#5044,$) ;
#5050=AXIS2_PLACEMENT_3D('Circle Axis2P3D',#5048,#5049,$) ;
#5117=AXIS2_PLACEMENT_3D('Cone Axis2P3D',#5114,#5115,#5116) ;
#5139=AXIS2_PLACEMENT_3D('Cone Axis2P3D',#5136,#5137,#5138) ;
#5158=AXIS2_PLACEMENT_3D('Cone Axis2P3D',#5155,#5156,#5157) ;
#5177=AXIS2_PLACEMENT_3D('Cylinder Axis2P3D',#5174,#5175,#5176) ;
#40=PRODUCT_DEFINITION_SHAPE(' ',' ',#14) ;
#31=APPROVAL_PERSON_ORGANIZATION(#25,#21,#19) ;
#25=PERSON_AND_ORGANIZATION(#22,#23) ;
#22=PERSON(' ',' ',' ',$,$,$) ;
#23=ORGANIZATION(' ',' ',' ') ;
#21=APPROVAL(#20,' ') ;
#20=APPROVAL_STATUS('not_yet_approved') ;
#19=APPROVAL_ROLE('APPROVER') ;
#13=DATE_AND_TIME(#11,#12) ;
#12=LOCAL_TIME(7,56,28.,#10) ;
#10=COORDINATED_UNIVERSAL_TIME_OFFSET(0,0,.AHEAD.) ;
#100=ORIENTED_EDGE('',*,*,#65,.T.) ;
#101=ORIENTED_EDGE('',*,*,#72,.T.) ;
#102=ORIENTED_EDGE('',*,*,#79,.T.) ;
#103=ORIENTED_EDGE('',*,*,#86,.T.) ;
#104=ORIENTED_EDGE('',*,*,#93,.F.) ;
#105=ORIENTED_EDGE('',*,*,#98,.F.) ;
#156=ORIENTED_EDGE('',*,*,#121,.T.) ;
#157=ORIENTED_EDGE('',*,*,#128,.T.) ;
#158=ORIENTED_EDGE('',*,*,#135,.T.) ;
#159=ORIENTED_EDGE('',*,*,#142,.T.) ;
#160=ORIENTED_EDGE('',*,*,#149,.F.) ;
#161=ORIENTED_EDGE('',*,*,#154,.F.) ;
#212=ORIENTED_EDGE('',*,*,#177,.F.) ;
#213=ORIENTED_EDGE('',*,*,#184,.F.) ;
#214=ORIENTED_EDGE('',*,*,#191,.T.) ;
#215=ORIENTED_EDGE('',*,*,#198,.T.) ;
#216=ORIENTED_EDGE('',*,*,#205,.T.) ;
#217=ORIENTED_EDGE('',*,*,#210,.T.) ;
#268=ORIENTED_EDGE('',*,*,#233,.F.) ;
#269=ORIENTED_EDGE('',*,*,#240,.F.) ;
#270=ORIENTED_EDGE('',*,*,#247,.T.) ;
#271=ORIENTED_EDGE('',*,*,#254,.T.) ;
#272=ORIENTED_EDGE('',*,*,#261,.T.) ;
#273=ORIENTED_EDGE('',*,*,#266,.T.) ;
#310=ORIENTED_EDGE('',*,*,#289,.F.) ;
#311=ORIENTED_EDGE('',*,*,#296,.F.) ;
#312=ORIENTED_EDGE('',*,*,#303,.F.) ;
#313=ORIENTED_EDGE('',*,*,#308,.T.) ;
#332=ORIENTED_EDGE('',*,*,#261,.F.) ;
#333=ORIENTED_EDGE('',*,*,#325,.F.) ;
#334=ORIENTED_EDGE('',*,*,#65,.F.) ;
#335=ORIENTED_EDGE('',*,*,#330,.F.) ;
#358=ORIENTED_EDGE('',*,*,#72,.F.) ;
#359=ORIENTED_EDGE('',*,*,#344,.F.) ;
#360=ORIENTED_EDGE('',*,*,#351,.F.) ;
#361=ORIENTED_EDGE('',*,*,#356,.F.) ;
#375=ORIENTED_EDGE('',*,*,#79,.F.) ;
#376=ORIENTED_EDGE('',*,*,#368,.F.) ;
#377=ORIENTED_EDGE('',*,*,#121,.F.) ;
#378=ORIENTED_EDGE('',*,*,#373,.F.) ;
#415=ORIENTED_EDGE('',*,*,#387,.F.) ;
#416=ORIENTED_EDGE('',*,*,#128,.F.) ;
#417=ORIENTED_EDGE('',*,*,#394,.F.) ;
#418=ORIENTED_EDGE('',*,*,#401,.T.) ;
#419=ORIENTED_EDGE('',*,*,#408,.F.) ;
#420=ORIENTED_EDGE('',*,*,#413,.T.) ;
#434=ORIENTED_EDGE('',*,*,#135,.F.) ;
#435=ORIENTED_EDGE('',*,*,#427,.F.) ;
#436=ORIENTED_EDGE('',*,*,#191,.F.) ;
#437=ORIENTED_EDGE('',*,*,#432,.F.) ;
#451=ORIENTED_EDGE('',*,*,#205,.F.) ;
#452=ORIENTED_EDGE('',*,*,#444,.F.) ;
#453=ORIENTED_EDGE('',*,*,#247,.F.) ;
#454=ORIENTED_EDGE('',*,*,#449,.F.) ;
#491=ORIENTED_EDGE('',*,*,#465,.F.) ;
#492=ORIENTED_EDGE('',*,*,#472,.T.) ;
#493=ORIENTED_EDGE('',*,*,#477,.F.) ;
#494=ORIENTED_EDGE('',*,*,#254,.F.) ;
#495=ORIENTED_EDGE('',*,*,#484,.F.) ;
#496=ORIENTED_EDGE('',*,*,#489,.T.) ;
#533=ORIENTED_EDGE('',*,*,#512,.T.) ;
#534=ORIENTED_EDGE('',*,*,#519,.T.) ;
#535=ORIENTED_EDGE('',*,*,#526,.F.) ;
#536=ORIENTED_EDGE('',*,*,#531,.T.) ;
#564=ORIENTED_EDGE('',*,*,#519,.F.) ;
#565=ORIENTED_EDGE('',*,*,#550,.T.) ;
#566=ORIENTED_EDGE('',*,*,#557,.T.) ;
#567=ORIENTED_EDGE('',*,*,#562,.F.) ;
#595=ORIENTED_EDGE('',*,*,#557,.F.) ;
#596=ORIENTED_EDGE('',*,*,#581,.T.) ;
#597=ORIENTED_EDGE('',*,*,#588,.T.) ;
#598=ORIENTED_EDGE('',*,*,#593,.F.) ;
#626=ORIENTED_EDGE('',*,*,#588,.F.) ;
#627=ORIENTED_EDGE('',*,*,#612,.T.) ;
#628=ORIENTED_EDGE('',*,*,#619,.T.) ;
#629=ORIENTED_EDGE('',*,*,#624,.F.) ;
#648=ORIENTED_EDGE('',*,*,#619,.F.) ;
#649=ORIENTED_EDGE('',*,*,#641,.T.) ;
#650=ORIENTED_EDGE('',*,*,#303,.T.) ;
#651=ORIENTED_EDGE('',*,*,#646,.F.) ;
#679=ORIENTED_EDGE('',*,*,#665,.F.) ;
#680=ORIENTED_EDGE('',*,*,#672,.F.) ;
#681=ORIENTED_EDGE('',*,*,#677,.T.) ;
#682=ORIENTED_EDGE('',*,*,#401,.F.) ;
#710=ORIENTED_EDGE('',*,*,#696,.F.) ;
#711=ORIENTED_EDGE('',*,*,#703,.F.) ;
#712=ORIENTED_EDGE('',*,*,#708,.T.) ;
#713=ORIENTED_EDGE('',*,*,#413,.F.) ;
#741=ORIENTED_EDGE('',*,*,#727,.F.) ;
#742=ORIENTED_EDGE('',*,*,#734,.F.) ;
#743=ORIENTED_EDGE('',*,*,#739,.T.) ;
#744=ORIENTED_EDGE('',*,*,#472,.F.) ;
#772=ORIENTED_EDGE('',*,*,#758,.F.) ;
#773=ORIENTED_EDGE('',*,*,#765,.F.) ;
#774=ORIENTED_EDGE('',*,*,#770,.T.) ;
#775=ORIENTED_EDGE('',*,*,#489,.F.) ;
#812=ORIENTED_EDGE('',*,*,#791,.F.) ;
#813=ORIENTED_EDGE('',*,*,#798,.F.) ;
#814=ORIENTED_EDGE('',*,*,#805,.T.) ;
#815=ORIENTED_EDGE('',*,*,#810,.F.) ;
#852=ORIENTED_EDGE('',*,*,#831,.F.) ;
#853=ORIENTED_EDGE('',*,*,#838,.F.) ;
#854=ORIENTED_EDGE('',*,*,#845,.T.) ;
#855=ORIENTED_EDGE('',*,*,#850,.F.) ;
#892=ORIENTED_EDGE('',*,*,#871,.F.) ;
#893=ORIENTED_EDGE('',*,*,#878,.F.) ;
#894=ORIENTED_EDGE('',*,*,#885,.T.) ;
#895=ORIENTED_EDGE('',*,*,#890,.F.) ;
#932=ORIENTED_EDGE('',*,*,#911,.F.) ;
#933=ORIENTED_EDGE('',*,*,#918,.F.) ;
#934=ORIENTED_EDGE('',*,*,#925,.T.) ;
#935=ORIENTED_EDGE('',*,*,#930,.F.) ;
#972=ORIENTED_EDGE('',*,*,#951,.F.) ;
#973=ORIENTED_EDGE('',*,*,#958,.F.) ;
#974=ORIENTED_EDGE('',*,*,#965,.T.) ;
#975=ORIENTED_EDGE('',*,*,#970,.F.) ;
#1012=ORIENTED_EDGE('',*,*,#991,.F.) ;
#1013=ORIENTED_EDGE('',*,*,#998,.F.) ;
#1014=ORIENTED_EDGE('',*,*,#1005,.T.) ;
#1015=ORIENTED_EDGE('',*,*,#1010,.F.) ;
#1059=ORIENTED_EDGE('',*,*,#1031,.T.) ;
#1060=ORIENTED_EDGE('',*,*,#1038,.F.) ;
#1061=ORIENTED_EDGE('',*,*,#1045,.T.) ;
#1062=ORIENTED_EDGE('',*,*,#1052,.F.) ;
#1063=ORIENTED_EDGE('',*,*,#1057,.F.) ;
#1098=ORIENTED_EDGE('',*,*,#1031,.F.) ;
#1099=ORIENTED_EDGE('',*,*,#1077,.T.) ;
#1100=ORIENTED_EDGE('',*,*,#1084,.T.) ;
#1101=ORIENTED_EDGE('',*,*,#1091,.T.) ;
#1102=ORIENTED_EDGE('',*,*,#1096,.F.) ;
#1139=ORIENTED_EDGE('',*,*,#1118,.T.) ;
#1140=ORIENTED_EDGE('',*,*,#1125,.T.) ;
#1141=ORIENTED_EDGE('',*,*,#1132,.T.) ;
#1142=ORIENTED_EDGE('',*,*,#1137,.F.) ;
#1159=ORIENTED_EDGE('',*,*,#1152,.F.) ;
#1160=ORIENTED_EDGE('',*,*,#1157,.F.) ;
#1225=ORIENTED_EDGE('',*,*,#1176,.T.) ;
#1226=ORIENTED_EDGE('',*,*,#1183,.T.) ;
#1227=ORIENTED_EDGE('',*,*,#1190,.T.) ;
#1228=ORIENTED_EDGE('',*,*,#1197,.T.) ;
#1229=ORIENTED_EDGE('',*,*,#1204,.T.) ;
#1230=ORIENTED_EDGE('',*,*,#1211,.T.) ;
#1231=ORIENTED_EDGE('',*,*,#1218,.T.) ;
#1232=ORIENTED_EDGE('',*,*,#1223,.T.) ;
#1249=ORIENTED_EDGE('',*,*,#1242,.F.) ;
#1250=ORIENTED_EDGE('',*,*,#1247,.F.) ;
#1294=ORIENTED_EDGE('',*,*,#1266,.T.) ;
#1295=ORIENTED_EDGE('',*,*,#1273,.F.) ;
#1296=ORIENTED_EDGE('',*,*,#1280,.T.) ;
#1297=ORIENTED_EDGE('',*,*,#1287,.F.) ;
#1298=ORIENTED_EDGE('',*,*,#1292,.F.) ;
#1333=ORIENTED_EDGE('',*,*,#1266,.F.) ;
#1334=ORIENTED_EDGE('',*,*,#1312,.T.) ;
#1335=ORIENTED_EDGE('',*,*,#1319,.T.) ;
#1336=ORIENTED_EDGE('',*,*,#1326,.T.) ;
#1337=ORIENTED_EDGE('',*,*,#1331,.F.) ;
#1388=ORIENTED_EDGE('',*,*,#1359,.F.) ;
#1389=ORIENTED_EDGE('',*,*,#1367,.T.) ;
#1390=ORIENTED_EDGE('',*,*,#1374,.T.) ;
#1391=ORIENTED_EDGE('',*,*,#1381,.F.) ;
#1392=ORIENTED_EDGE('',*,*,#1386,.F.) ;
#1433=ORIENTED_EDGE('',*,*,#1412,.T.) ;
#1434=ORIENTED_EDGE('',*,*,#1367,.F.) ;
#1435=ORIENTED_EDGE('',*,*,#1419,.T.) ;
#1436=ORIENTED_EDGE('',*,*,#1426,.T.) ;
#1437=ORIENTED_EDGE('',*,*,#1431,.F.) ;
#1488=ORIENTED_EDGE('',*,*,#1459,.F.) ;
#1489=ORIENTED_EDGE('',*,*,#1467,.T.) ;
#1490=ORIENTED_EDGE('',*,*,#1474,.T.) ;
#1491=ORIENTED_EDGE('',*,*,#1481,.F.) ;
#1492=ORIENTED_EDGE('',*,*,#1486,.F.) ;
#1533=ORIENTED_EDGE('',*,*,#1512,.T.) ;
#1534=ORIENTED_EDGE('',*,*,#1467,.F.) ;
#1535=ORIENTED_EDGE('',*,*,#1519,.T.) ;
#1536=ORIENTED_EDGE('',*,*,#1526,.T.) ;
#1537=ORIENTED_EDGE('',*,*,#1531,.F.) ;
#1560=ORIENTED_EDGE('',*,*,#1553,.F.) ;
#1561=ORIENTED_EDGE('',*,*,#1558,.F.) ;
#1579=ORIENTED_EDGE('',*,*,#1572,.F.) ;
#1580=ORIENTED_EDGE('',*,*,#1577,.F.) ;
#1598=ORIENTED_EDGE('',*,*,#1591,.F.) ;
#1599=ORIENTED_EDGE('',*,*,#1596,.F.) ;
#1617=ORIENTED_EDGE('',*,*,#1610,.F.) ;
#1618=ORIENTED_EDGE('',*,*,#1615,.F.) ;
#1646=ORIENTED_EDGE('',*,*,#1634,.T.) ;
#1647=ORIENTED_EDGE('',*,*,#1639,.F.) ;
#1648=ORIENTED_EDGE('',*,*,#1610,.T.) ;
#1649=ORIENTED_EDGE('',*,*,#1644,.T.) ;
#1658=ORIENTED_EDGE('',*,*,#1656,.T.) ;
#1659=ORIENTED_EDGE('',*,*,#1644,.F.) ;
#1660=ORIENTED_EDGE('',*,*,#1615,.T.) ;
#1661=ORIENTED_EDGE('',*,*,#1639,.T.) ;
#1689=ORIENTED_EDGE('',*,*,#1677,.T.) ;
#1690=ORIENTED_EDGE('',*,*,#1682,.F.) ;
#1691=ORIENTED_EDGE('',*,*,#1591,.T.) ;
#1692=ORIENTED_EDGE('',*,*,#1687,.T.) ;
#1701=ORIENTED_EDGE('',*,*,#1699,.T.) ;
#1702=ORIENTED_EDGE('',*,*,#1687,.F.) ;
#1703=ORIENTED_EDGE('',*,*,#1596,.T.) ;
#1704=ORIENTED_EDGE('',*,*,#1682,.T.) ;
#1732=ORIENTED_EDGE('',*,*,#1720,.T.) ;
#1733=ORIENTED_EDGE('',*,*,#1725,.F.) ;
#1734=ORIENTED_EDGE('',*,*,#1572,.T.) ;
#1735=ORIENTED_EDGE('',*,*,#1730,.T.) ;
#1744=ORIENTED_EDGE('',*,*,#1742,.T.) ;
#1745=ORIENTED_EDGE('',*,*,#1730,.F.) ;
#1746=ORIENTED_EDGE('',*,*,#1577,.T.) ;
#1747=ORIENTED_EDGE('',*,*,#1725,.T.) ;
#1807=ORIENTED_EDGE('',*,*,#1758,.T.) ;
#1808=ORIENTED_EDGE('',*,*,#1765,.T.) ;
#1809=ORIENTED_EDGE('',*,*,#1772,.T.) ;
#1810=ORIENTED_EDGE('',*,*,#1779,.T.) ;
#1811=ORIENTED_EDGE('',*,*,#1786,.T.) ;
#1812=ORIENTED_EDGE('',*,*,#1793,.T.) ;
#1813=ORIENTED_EDGE('',*,*,#1800,.T.) ;
#1814=ORIENTED_EDGE('',*,*,#1805,.T.) ;
#1874=ORIENTED_EDGE('',*,*,#1825,.T.) ;
#1875=ORIENTED_EDGE('',*,*,#1832,.T.) ;
#1876=ORIENTED_EDGE('',*,*,#1839,.T.) ;
#1877=ORIENTED_EDGE('',*,*,#1846,.T.) ;
#1878=ORIENTED_EDGE('',*,*,#1853,.T.) ;
#1879=ORIENTED_EDGE('',*,*,#1860,.T.) ;
#1880=ORIENTED_EDGE('',*,*,#1867,.T.) ;
#1881=ORIENTED_EDGE('',*,*,#1872,.T.) ;
#1941=ORIENTED_EDGE('',*,*,#1892,.T.) ;
#1942=ORIENTED_EDGE('',*,*,#1899,.T.) ;
#1943=ORIENTED_EDGE('',*,*,#1906,.T.) ;
#1944=ORIENTED_EDGE('',*,*,#1913,.T.) ;
#1945=ORIENTED_EDGE('',*,*,#1920,.T.) ;
#1946=ORIENTED_EDGE('',*,*,#1927,.T.) ;
#1947=ORIENTED_EDGE('',*,*,#1934,.T.) ;
#1948=ORIENTED_EDGE('',*,*,#1939,.T.) ;
#2008=ORIENTED_EDGE('',*,*,#1959,.T.) ;
#2009=ORIENTED_EDGE('',*,*,#1966,.T.) ;
#2010=ORIENTED_EDGE('',*,*,#1973,.T.) ;
#2011=ORIENTED_EDGE('',*,*,#1980,.T.) ;
#2012=ORIENTED_EDGE('',*,*,#1987,.T.) ;
#2013=ORIENTED_EDGE('',*,*,#1994,.T.) ;
#2014=ORIENTED_EDGE('',*,*,#2001,.T.) ;
#2015=ORIENTED_EDGE('',*,*,#2006,.T.) ;
#2033=ORIENTED_EDGE('',*,*,#2026,.T.) ;
#2034=ORIENTED_EDGE('',*,*,#2031,.T.) ;
#2037=ORIENTED_EDGE('',*,*,#1656,.F.) ;
#2038=ORIENTED_EDGE('',*,*,#1634,.F.) ;
#2056=ORIENTED_EDGE('',*,*,#2049,.T.) ;
#2057=ORIENTED_EDGE('',*,*,#2054,.T.) ;
#2060=ORIENTED_EDGE('',*,*,#1699,.F.) ;
#2061=ORIENTED_EDGE('',*,*,#1677,.F.) ;
#2079=ORIENTED_EDGE('',*,*,#2072,.T.) ;
#2080=ORIENTED_EDGE('',*,*,#2077,.T.) ;
#2083=ORIENTED_EDGE('',*,*,#1742,.F.) ;
#2084=ORIENTED_EDGE('',*,*,#1720,.F.) ;
#2099=ORIENTED_EDGE('',*,*,#1459,.T.) ;
#2100=ORIENTED_EDGE('',*,*,#2092,.F.) ;
#2101=ORIENTED_EDGE('',*,*,#1531,.T.) ;
#2102=ORIENTED_EDGE('',*,*,#2097,.T.) ;
#2103=ORIENTED_EDGE('',*,*,#1519,.F.) ;
#2112=ORIENTED_EDGE('',*,*,#1512,.F.) ;
#2113=ORIENTED_EDGE('',*,*,#2092,.T.) ;
#2114=ORIENTED_EDGE('',*,*,#1486,.T.) ;
#2115=ORIENTED_EDGE('',*,*,#2110,.F.) ;
#2116=ORIENTED_EDGE('',*,*,#1474,.F.) ;
#2131=ORIENTED_EDGE('',*,*,#1359,.T.) ;
#2132=ORIENTED_EDGE('',*,*,#2124,.F.) ;
#2133=ORIENTED_EDGE('',*,*,#1431,.T.) ;
#2134=ORIENTED_EDGE('',*,*,#2129,.T.) ;
#2135=ORIENTED_EDGE('',*,*,#1419,.F.) ;
#2144=ORIENTED_EDGE('',*,*,#1412,.F.) ;
#2145=ORIENTED_EDGE('',*,*,#2124,.T.) ;
#2146=ORIENTED_EDGE('',*,*,#1386,.T.) ;
#2147=ORIENTED_EDGE('',*,*,#2142,.F.) ;
#2148=ORIENTED_EDGE('',*,*,#1374,.F.) ;
#2162=ORIENTED_EDGE('',*,*,#2155,.F.) ;
#2163=ORIENTED_EDGE('',*,*,#1273,.T.) ;
#2164=ORIENTED_EDGE('',*,*,#1331,.T.) ;
#2165=ORIENTED_EDGE('',*,*,#2160,.T.) ;
#2166=ORIENTED_EDGE('',*,*,#1319,.F.) ;
#2175=ORIENTED_EDGE('',*,*,#2155,.T.) ;
#2176=ORIENTED_EDGE('',*,*,#1312,.F.) ;
#2177=ORIENTED_EDGE('',*,*,#1292,.T.) ;
#2178=ORIENTED_EDGE('',*,*,#2173,.F.) ;
#2179=ORIENTED_EDGE('',*,*,#1280,.F.) ;
#2198=ORIENTED_EDGE('',*,*,#1157,.T.) ;
#2199=ORIENTED_EDGE('',*,*,#2191,.F.) ;
#2200=ORIENTED_EDGE('',*,*,#1553,.T.) ;
#2201=ORIENTED_EDGE('',*,*,#2196,.T.) ;
#2205=ORIENTED_EDGE('',*,*,#1152,.T.) ;
#2206=ORIENTED_EDGE('',*,*,#2196,.F.) ;
#2207=ORIENTED_EDGE('',*,*,#1558,.T.) ;
#2208=ORIENTED_EDGE('',*,*,#2191,.T.) ;
#2222=ORIENTED_EDGE('',*,*,#2215,.F.) ;
#2223=ORIENTED_EDGE('',*,*,#1038,.T.) ;
#2224=ORIENTED_EDGE('',*,*,#1096,.T.) ;
#2225=ORIENTED_EDGE('',*,*,#2220,.T.) ;
#2226=ORIENTED_EDGE('',*,*,#1084,.F.) ;
#2235=ORIENTED_EDGE('',*,*,#2215,.T.) ;
#2236=ORIENTED_EDGE('',*,*,#1077,.F.) ;
#2237=ORIENTED_EDGE('',*,*,#1057,.T.) ;
#2238=ORIENTED_EDGE('',*,*,#2233,.F.) ;
#2239=ORIENTED_EDGE('',*,*,#1045,.F.) ;
#2267=ORIENTED_EDGE('',*,*,#2253,.F.) ;
#2268=ORIENTED_EDGE('',*,*,#2260,.T.) ;
#2269=ORIENTED_EDGE('',*,*,#2265,.T.) ;
#2270=ORIENTED_EDGE('',*,*,#1805,.F.) ;
#2291=ORIENTED_EDGE('',*,*,#2265,.F.) ;
#2292=ORIENTED_EDGE('',*,*,#2284,.T.) ;
#2293=ORIENTED_EDGE('',*,*,#2289,.T.) ;
#2294=ORIENTED_EDGE('',*,*,#1758,.F.) ;
#2315=ORIENTED_EDGE('',*,*,#2289,.F.) ;
#2316=ORIENTED_EDGE('',*,*,#2308,.T.) ;
#2317=ORIENTED_EDGE('',*,*,#2313,.T.) ;
#2318=ORIENTED_EDGE('',*,*,#1765,.F.) ;
#2339=ORIENTED_EDGE('',*,*,#2313,.F.) ;
#2340=ORIENTED_EDGE('',*,*,#2332,.T.) ;
#2341=ORIENTED_EDGE('',*,*,#2337,.T.) ;
#2342=ORIENTED_EDGE('',*,*,#1772,.F.) ;
#2363=ORIENTED_EDGE('',*,*,#2337,.F.) ;
#2364=ORIENTED_EDGE('',*,*,#2356,.T.) ;
#2365=ORIENTED_EDGE('',*,*,#2361,.T.) ;
#2366=ORIENTED_EDGE('',*,*,#1779,.F.) ;
#2387=ORIENTED_EDGE('',*,*,#2361,.F.) ;
#2388=ORIENTED_EDGE('',*,*,#2380,.T.) ;
#2389=ORIENTED_EDGE('',*,*,#2385,.T.) ;
#2390=ORIENTED_EDGE('',*,*,#1786,.F.) ;
#2411=ORIENTED_EDGE('',*,*,#2385,.F.) ;
#2412=ORIENTED_EDGE('',*,*,#2404,.T.) ;
#2413=ORIENTED_EDGE('',*,*,#2409,.T.) ;
#2414=ORIENTED_EDGE('',*,*,#1793,.F.) ;
#2428=ORIENTED_EDGE('',*,*,#2409,.F.) ;
#2429=ORIENTED_EDGE('',*,*,#2426,.T.) ;
#2430=ORIENTED_EDGE('',*,*,#2253,.T.) ;
#2431=ORIENTED_EDGE('',*,*,#1800,.F.) ;
#2459=ORIENTED_EDGE('',*,*,#2445,.F.) ;
#2460=ORIENTED_EDGE('',*,*,#2452,.T.) ;
#2461=ORIENTED_EDGE('',*,*,#2457,.T.) ;
#2462=ORIENTED_EDGE('',*,*,#1223,.F.) ;
#2483=ORIENTED_EDGE('',*,*,#2457,.F.) ;
#2484=ORIENTED_EDGE('',*,*,#2476,.T.) ;
#2485=ORIENTED_EDGE('',*,*,#2481,.T.) ;
#2486=ORIENTED_EDGE('',*,*,#1176,.F.) ;
#2507=ORIENTED_EDGE('',*,*,#2481,.F.) ;
#2508=ORIENTED_EDGE('',*,*,#2500,.T.) ;
#2509=ORIENTED_EDGE('',*,*,#2505,.T.) ;
#2510=ORIENTED_EDGE('',*,*,#1183,.F.) ;
#2531=ORIENTED_EDGE('',*,*,#2505,.F.) ;
#2532=ORIENTED_EDGE('',*,*,#2524,.T.) ;
#2533=ORIENTED_EDGE('',*,*,#2529,.T.) ;
#2534=ORIENTED_EDGE('',*,*,#1190,.F.) ;
#2555=ORIENTED_EDGE('',*,*,#2529,.F.) ;
#2556=ORIENTED_EDGE('',*,*,#2548,.T.) ;
#2557=ORIENTED_EDGE('',*,*,#2553,.T.) ;
#2558=ORIENTED_EDGE('',*,*,#1197,.F.) ;
#2579=ORIENTED_EDGE('',*,*,#2553,.F.) ;
#2580=ORIENTED_EDGE('',*,*,#2572,.T.) ;
#2581=ORIENTED_EDGE('',*,*,#2577,.T.) ;
#2582=ORIENTED_EDGE('',*,*,#1204,.F.) ;
#2603=ORIENTED_EDGE('',*,*,#2577,.F.) ;
#2604=ORIENTED_EDGE('',*,*,#2596,.T.) ;
#2605=ORIENTED_EDGE('',*,*,#2601,.T.) ;
#2606=ORIENTED_EDGE('',*,*,#1211,.F.) ;
#2620=ORIENTED_EDGE('',*,*,#2601,.F.) ;
#2621=ORIENTED_EDGE('',*,*,#2618,.T.) ;
#2622=ORIENTED_EDGE('',*,*,#2445,.T.) ;
#2623=ORIENTED_EDGE('',*,*,#1218,.F.) ;
#2646=ORIENTED_EDGE('',*,*,#2632,.F.) ;
#2647=ORIENTED_EDGE('',*,*,#2639,.T.) ;
#2648=ORIENTED_EDGE('',*,*,#2644,.T.) ;
#2649=ORIENTED_EDGE('',*,*,#1872,.F.) ;
#2670=ORIENTED_EDGE('',*,*,#2644,.F.) ;
#2671=ORIENTED_EDGE('',*,*,#2663,.T.) ;
#2672=ORIENTED_EDGE('',*,*,#2668,.T.) ;
#2673=ORIENTED_EDGE('',*,*,#1825,.F.) ;
#2694=ORIENTED_EDGE('',*,*,#2668,.F.) ;
#2695=ORIENTED_EDGE('',*,*,#2687,.T.) ;
#2696=ORIENTED_EDGE('',*,*,#2692,.T.) ;
#2697=ORIENTED_EDGE('',*,*,#1832,.F.) ;
#2718=ORIENTED_EDGE('',*,*,#2692,.F.) ;
#2719=ORIENTED_EDGE('',*,*,#2711,.T.) ;
#2720=ORIENTED_EDGE('',*,*,#2716,.T.) ;
#2721=ORIENTED_EDGE('',*,*,#1839,.F.) ;
#2737=ORIENTED_EDGE('',*,*,#2716,.F.) ;
#2738=ORIENTED_EDGE('',*,*,#2730,.T.) ;
#2739=ORIENTED_EDGE('',*,*,#2735,.T.) ;
#2740=ORIENTED_EDGE('',*,*,#1846,.F.) ;
#2761=ORIENTED_EDGE('',*,*,#2735,.F.) ;
#2762=ORIENTED_EDGE('',*,*,#2754,.T.) ;
#2763=ORIENTED_EDGE('',*,*,#2759,.T.) ;
#2764=ORIENTED_EDGE('',*,*,#1853,.F.) ;
#2785=ORIENTED_EDGE('',*,*,#2759,.F.) ;
#2786=ORIENTED_EDGE('',*,*,#2778,.T.) ;
#2787=ORIENTED_EDGE('',*,*,#2783,.T.) ;
#2788=ORIENTED_EDGE('',*,*,#1860,.F.) ;
#2802=ORIENTED_EDGE('',*,*,#2783,.F.) ;
#2803=ORIENTED_EDGE('',*,*,#2800,.T.) ;
#2804=ORIENTED_EDGE('',*,*,#2632,.T.) ;
#2805=ORIENTED_EDGE('',*,*,#1867,.F.) ;
#2833=ORIENTED_EDGE('',*,*,#2819,.F.) ;
#2834=ORIENTED_EDGE('',*,*,#2826,.T.) ;
#2835=ORIENTED_EDGE('',*,*,#2831,.T.) ;
#2836=ORIENTED_EDGE('',*,*,#1939,.F.) ;
#2857=ORIENTED_EDGE('',*,*,#2831,.F.) ;
#2858=ORIENTED_EDGE('',*,*,#2850,.T.) ;
#2859=ORIENTED_EDGE('',*,*,#2855,.T.) ;
#2860=ORIENTED_EDGE('',*,*,#1892,.F.) ;
#2881=ORIENTED_EDGE('',*,*,#2855,.F.) ;
#2882=ORIENTED_EDGE('',*,*,#2874,.T.) ;
#2883=ORIENTED_EDGE('',*,*,#2879,.T.) ;
#2884=ORIENTED_EDGE('',*,*,#1899,.F.) ;
#2905=ORIENTED_EDGE('',*,*,#2879,.F.) ;
#2906=ORIENTED_EDGE('',*,*,#2898,.T.) ;
#2907=ORIENTED_EDGE('',*,*,#2903,.T.) ;
#2908=ORIENTED_EDGE('',*,*,#1906,.F.) ;
#2929=ORIENTED_EDGE('',*,*,#2903,.F.) ;
#2930=ORIENTED_EDGE('',*,*,#2922,.T.) ;
#2931=ORIENTED_EDGE('',*,*,#2927,.T.) ;
#2932=ORIENTED_EDGE('',*,*,#1913,.F.) ;
#2953=ORIENTED_EDGE('',*,*,#2927,.F.) ;
#2954=ORIENTED_EDGE('',*,*,#2946,.T.) ;
#2955=ORIENTED_EDGE('',*,*,#2951,.T.) ;
#2956=ORIENTED_EDGE('',*,*,#1920,.F.) ;
#2972=ORIENTED_EDGE('',*,*,#2951,.F.) ;
#2973=ORIENTED_EDGE('',*,*,#2965,.T.) ;
#2974=ORIENTED_EDGE('',*,*,#2970,.T.) ;
#2975=ORIENTED_EDGE('',*,*,#1927,.F.) ;
#2989=ORIENTED_EDGE('',*,*,#2970,.F.) ;
#2990=ORIENTED_EDGE('',*,*,#2987,.T.) ;
#2991=ORIENTED_EDGE('',*,*,#2819,.T.) ;
#2992=ORIENTED_EDGE('',*,*,#1934,.F.) ;
#3015=ORIENTED_EDGE('',*,*,#3001,.F.) ;
#3016=ORIENTED_EDGE('',*,*,#3008,.T.) ;
#3017=ORIENTED_EDGE('',*,*,#3013,.T.) ;
#3018=ORIENTED_EDGE('',*,*,#2006,.F.) ;
#3039=ORIENTED_EDGE('',*,*,#3013,.F.) ;
#3040=ORIENTED_EDGE('',*,*,#3032,.T.) ;
#3041=ORIENTED_EDGE('',*,*,#3037,.T.) ;
#3042=ORIENTED_EDGE('',*,*,#1959,.F.) ;
#3058=ORIENTED_EDGE('',*,*,#3037,.F.) ;
#3059=ORIENTED_EDGE('',*,*,#3051,.T.) ;
#3060=ORIENTED_EDGE('',*,*,#3056,.T.) ;
#3061=ORIENTED_EDGE('',*,*,#1966,.F.) ;
#3082=ORIENTED_EDGE('',*,*,#3056,.F.) ;
#3083=ORIENTED_EDGE('',*,*,#3075,.T.) ;
#3084=ORIENTED_EDGE('',*,*,#3080,.T.) ;
#3085=ORIENTED_EDGE('',*,*,#1973,.F.) ;
#3106=ORIENTED_EDGE('',*,*,#3080,.F.) ;
#3107=ORIENTED_EDGE('',*,*,#3099,.T.) ;
#3108=ORIENTED_EDGE('',*,*,#3104,.T.) ;
#3109=ORIENTED_EDGE('',*,*,#1980,.F.) ;
#3130=ORIENTED_EDGE('',*,*,#3104,.F.) ;
#3131=ORIENTED_EDGE('',*,*,#3123,.T.) ;
#3132=ORIENTED_EDGE('',*,*,#3128,.T.) ;
#3133=ORIENTED_EDGE('',*,*,#1987,.F.) ;
#3149=ORIENTED_EDGE('',*,*,#3128,.F.) ;
#3150=ORIENTED_EDGE('',*,*,#3142,.T.) ;
#3151=ORIENTED_EDGE('',*,*,#3147,.T.) ;
#3152=ORIENTED_EDGE('',*,*,#1994,.F.) ;
#3166=ORIENTED_EDGE('',*,*,#3147,.F.) ;
#3167=ORIENTED_EDGE('',*,*,#3164,.T.) ;
#3168=ORIENTED_EDGE('',*,*,#3001,.T.) ;
#3169=ORIENTED_EDGE('',*,*,#2001,.F.) ;
#3188=ORIENTED_EDGE('',*,*,#925,.F.) ;
#3189=ORIENTED_EDGE('',*,*,#3181,.F.) ;
#3190=ORIENTED_EDGE('',*,*,#951,.T.) ;
#3191=ORIENTED_EDGE('',*,*,#3186,.T.) ;
#3210=ORIENTED_EDGE('',*,*,#3203,.F.) ;
#3211=ORIENTED_EDGE('',*,*,#911,.T.) ;
#3212=ORIENTED_EDGE('',*,*,#3208,.T.) ;
#3213=ORIENTED_EDGE('',*,*,#885,.F.) ;
#3232=ORIENTED_EDGE('',*,*,#845,.F.) ;
#3233=ORIENTED_EDGE('',*,*,#3225,.F.) ;
#3234=ORIENTED_EDGE('',*,*,#871,.T.) ;
#3235=ORIENTED_EDGE('',*,*,#3230,.T.) ;
#3254=ORIENTED_EDGE('',*,*,#3247,.F.) ;
#3255=ORIENTED_EDGE('',*,*,#831,.T.) ;
#3256=ORIENTED_EDGE('',*,*,#3252,.T.) ;
#3257=ORIENTED_EDGE('',*,*,#805,.F.) ;
#3276=ORIENTED_EDGE('',*,*,#1005,.F.) ;
#3277=ORIENTED_EDGE('',*,*,#3269,.F.) ;
#3278=ORIENTED_EDGE('',*,*,#791,.T.) ;
#3279=ORIENTED_EDGE('',*,*,#3274,.T.) ;
#3327=ORIENTED_EDGE('',*,*,#998,.T.) ;
#3328=ORIENTED_EDGE('',*,*,#3291,.T.) ;
#3329=ORIENTED_EDGE('',*,*,#703,.T.) ;
#3330=ORIENTED_EDGE('',*,*,#3296,.T.) ;
#3331=ORIENTED_EDGE('',*,*,#672,.T.) ;
#3332=ORIENTED_EDGE('',*,*,#3303,.T.) ;
#3333=ORIENTED_EDGE('',*,*,#3310,.T.) ;
#3334=ORIENTED_EDGE('',*,*,#3315,.T.) ;
#3335=ORIENTED_EDGE('',*,*,#734,.T.) ;
#3336=ORIENTED_EDGE('',*,*,#3320,.T.) ;
#3337=ORIENTED_EDGE('',*,*,#765,.T.) ;
#3338=ORIENTED_EDGE('',*,*,#3325,.T.) ;
#3339=ORIENTED_EDGE('',*,*,#958,.T.) ;
#3340=ORIENTED_EDGE('',*,*,#3181,.T.) ;
#3341=ORIENTED_EDGE('',*,*,#918,.T.) ;
#3342=ORIENTED_EDGE('',*,*,#3203,.T.) ;
#3343=ORIENTED_EDGE('',*,*,#878,.T.) ;
#3344=ORIENTED_EDGE('',*,*,#3225,.T.) ;
#3345=ORIENTED_EDGE('',*,*,#838,.T.) ;
#3346=ORIENTED_EDGE('',*,*,#3247,.T.) ;
#3347=ORIENTED_EDGE('',*,*,#798,.T.) ;
#3348=ORIENTED_EDGE('',*,*,#3269,.T.) ;
#3351=ORIENTED_EDGE('',*,*,#2220,.F.) ;
#3352=ORIENTED_EDGE('',*,*,#1091,.F.) ;
#3355=ORIENTED_EDGE('',*,*,#2129,.F.) ;
#3356=ORIENTED_EDGE('',*,*,#1426,.F.) ;
#3359=ORIENTED_EDGE('',*,*,#1326,.F.) ;
#3360=ORIENTED_EDGE('',*,*,#2160,.F.) ;
#3363=ORIENTED_EDGE('',*,*,#2097,.F.) ;
#3364=ORIENTED_EDGE('',*,*,#1526,.F.) ;
#3373=ORIENTED_EDGE('',*,*,#770,.F.) ;
#3374=ORIENTED_EDGE('',*,*,#3320,.F.) ;
#3375=ORIENTED_EDGE('',*,*,#727,.T.) ;
#3376=ORIENTED_EDGE('',*,*,#465,.T.) ;
#3390=ORIENTED_EDGE('',*,*,#3325,.F.) ;
#3391=ORIENTED_EDGE('',*,*,#758,.T.) ;
#3392=ORIENTED_EDGE('',*,*,#484,.T.) ;
#3393=ORIENTED_EDGE('',*,*,#444,.T.) ;
#3394=ORIENTED_EDGE('',*,*,#3388,.T.) ;
#3395=ORIENTED_EDGE('',*,*,#965,.F.) ;
#3404=ORIENTED_EDGE('',*,*,#696,.T.) ;
#3405=ORIENTED_EDGE('',*,*,#408,.T.) ;
#3406=ORIENTED_EDGE('',*,*,#677,.F.) ;
#3407=ORIENTED_EDGE('',*,*,#3296,.F.) ;
#3421=ORIENTED_EDGE('',*,*,#3419,.T.) ;
#3422=ORIENTED_EDGE('',*,*,#427,.T.) ;
#3423=ORIENTED_EDGE('',*,*,#387,.T.) ;
#3424=ORIENTED_EDGE('',*,*,#708,.F.) ;
#3425=ORIENTED_EDGE('',*,*,#3291,.F.) ;
#3426=ORIENTED_EDGE('',*,*,#991,.T.) ;
#3440=ORIENTED_EDGE('',*,*,#394,.T.) ;
#3441=ORIENTED_EDGE('',*,*,#368,.T.) ;
#3442=ORIENTED_EDGE('',*,*,#356,.T.) ;
#3443=ORIENTED_EDGE('',*,*,#3438,.T.) ;
#3444=ORIENTED_EDGE('',*,*,#3303,.F.) ;
#3445=ORIENTED_EDGE('',*,*,#665,.T.) ;
#3459=ORIENTED_EDGE('',*,*,#3438,.F.) ;
#3460=ORIENTED_EDGE('',*,*,#351,.T.) ;
#3461=ORIENTED_EDGE('',*,*,#3457,.T.) ;
#3462=ORIENTED_EDGE('',*,*,#3310,.F.) ;
#3471=ORIENTED_EDGE('',*,*,#3315,.F.) ;
#3472=ORIENTED_EDGE('',*,*,#3457,.F.) ;
#3473=ORIENTED_EDGE('',*,*,#344,.T.) ;
#3474=ORIENTED_EDGE('',*,*,#325,.T.) ;
#3475=ORIENTED_EDGE('',*,*,#477,.T.) ;
#3476=ORIENTED_EDGE('',*,*,#739,.F.) ;
#3504=ORIENTED_EDGE('',*,*,#3492,.T.) ;
#3505=ORIENTED_EDGE('',*,*,#3497,.F.) ;
#3506=ORIENTED_EDGE('',*,*,#2110,.T.) ;
#3507=ORIENTED_EDGE('',*,*,#3502,.T.) ;
#3516=ORIENTED_EDGE('',*,*,#3514,.T.) ;
#3517=ORIENTED_EDGE('',*,*,#3502,.F.) ;
#3518=ORIENTED_EDGE('',*,*,#1481,.T.) ;
#3519=ORIENTED_EDGE('',*,*,#3497,.T.) ;
#3547=ORIENTED_EDGE('',*,*,#3535,.T.) ;
#3548=ORIENTED_EDGE('',*,*,#3540,.F.) ;
#3549=ORIENTED_EDGE('',*,*,#2142,.T.) ;
#3550=ORIENTED_EDGE('',*,*,#3545,.T.) ;
#3559=ORIENTED_EDGE('',*,*,#3557,.T.) ;
#3560=ORIENTED_EDGE('',*,*,#3545,.F.) ;
#3561=ORIENTED_EDGE('',*,*,#1381,.T.) ;
#3562=ORIENTED_EDGE('',*,*,#3540,.T.) ;
#3590=ORIENTED_EDGE('',*,*,#3578,.T.) ;
#3591=ORIENTED_EDGE('',*,*,#3583,.F.) ;
#3592=ORIENTED_EDGE('',*,*,#2173,.T.) ;
#3593=ORIENTED_EDGE('',*,*,#3588,.T.) ;
#3602=ORIENTED_EDGE('',*,*,#3600,.T.) ;
#3603=ORIENTED_EDGE('',*,*,#3588,.F.) ;
#3604=ORIENTED_EDGE('',*,*,#1287,.T.) ;
#3605=ORIENTED_EDGE('',*,*,#3583,.T.) ;
#3633=ORIENTED_EDGE('',*,*,#1242,.T.) ;
#3634=ORIENTED_EDGE('',*,*,#3619,.F.) ;
#3635=ORIENTED_EDGE('',*,*,#3626,.T.) ;
#3636=ORIENTED_EDGE('',*,*,#3631,.T.) ;
#3645=ORIENTED_EDGE('',*,*,#1247,.T.) ;
#3646=ORIENTED_EDGE('',*,*,#3631,.F.) ;
#3647=ORIENTED_EDGE('',*,*,#3643,.T.) ;
#3648=ORIENTED_EDGE('',*,*,#3619,.T.) ;
#3680=ORIENTED_EDGE('',*,*,#3659,.T.) ;
#3681=ORIENTED_EDGE('',*,*,#3666,.F.) ;
#3682=ORIENTED_EDGE('',*,*,#3673,.T.) ;
#3683=ORIENTED_EDGE('',*,*,#3678,.T.) ;
#3720=ORIENTED_EDGE('',*,*,#3699,.T.) ;
#3721=ORIENTED_EDGE('',*,*,#3706,.F.) ;
#3722=ORIENTED_EDGE('',*,*,#3713,.T.) ;
#3723=ORIENTED_EDGE('',*,*,#3718,.T.) ;
#3742=ORIENTED_EDGE('',*,*,#3735,.T.) ;
#3743=ORIENTED_EDGE('',*,*,#3718,.F.) ;
#3744=ORIENTED_EDGE('',*,*,#3740,.T.) ;
#3745=ORIENTED_EDGE('',*,*,#3666,.T.) ;
#3773=ORIENTED_EDGE('',*,*,#3761,.T.) ;
#3774=ORIENTED_EDGE('',*,*,#3766,.F.) ;
#3775=ORIENTED_EDGE('',*,*,#2233,.T.) ;
#3776=ORIENTED_EDGE('',*,*,#3771,.T.) ;
#3785=ORIENTED_EDGE('',*,*,#3783,.T.) ;
#3786=ORIENTED_EDGE('',*,*,#3771,.F.) ;
#3787=ORIENTED_EDGE('',*,*,#1052,.T.) ;
#3788=ORIENTED_EDGE('',*,*,#3766,.T.) ;
#3802=ORIENTED_EDGE('',*,*,#3800,.T.) ;
#3803=ORIENTED_EDGE('',*,*,#266,.F.) ;
#3804=ORIENTED_EDGE('',*,*,#330,.T.) ;
#3805=ORIENTED_EDGE('',*,*,#98,.T.) ;
#3819=ORIENTED_EDGE('',*,*,#3817,.T.) ;
#3820=ORIENTED_EDGE('',*,*,#210,.F.) ;
#3821=ORIENTED_EDGE('',*,*,#449,.T.) ;
#3822=ORIENTED_EDGE('',*,*,#240,.T.) ;
#3836=ORIENTED_EDGE('',*,*,#3834,.T.) ;
#3837=ORIENTED_EDGE('',*,*,#142,.F.) ;
#3838=ORIENTED_EDGE('',*,*,#432,.T.) ;
#3839=ORIENTED_EDGE('',*,*,#184,.T.) ;
#3853=ORIENTED_EDGE('',*,*,#3851,.T.) ;
#3854=ORIENTED_EDGE('',*,*,#86,.F.) ;
#3855=ORIENTED_EDGE('',*,*,#373,.T.) ;
#3856=ORIENTED_EDGE('',*,*,#154,.T.) ;
#3893=ORIENTED_EDGE('',*,*,#3872,.F.) ;
#3894=ORIENTED_EDGE('',*,*,#3879,.F.) ;
#3895=ORIENTED_EDGE('',*,*,#3886,.T.) ;
#3896=ORIENTED_EDGE('',*,*,#3891,.F.) ;
#3924=ORIENTED_EDGE('',*,*,#3910,.T.) ;
#3925=ORIENTED_EDGE('',*,*,#3886,.F.) ;
#3926=ORIENTED_EDGE('',*,*,#3917,.F.) ;
#3927=ORIENTED_EDGE('',*,*,#3922,.T.) ;
#3955=ORIENTED_EDGE('',*,*,#3922,.F.) ;
#3956=ORIENTED_EDGE('',*,*,#3941,.F.) ;
#3957=ORIENTED_EDGE('',*,*,#3948,.T.) ;
#3958=ORIENTED_EDGE('',*,*,#3953,.F.) ;
#3986=ORIENTED_EDGE('',*,*,#3972,.T.) ;
#3987=ORIENTED_EDGE('',*,*,#3948,.F.) ;
#3988=ORIENTED_EDGE('',*,*,#3979,.F.) ;
#3989=ORIENTED_EDGE('',*,*,#3984,.T.) ;
#4017=ORIENTED_EDGE('',*,*,#3984,.F.) ;
#4018=ORIENTED_EDGE('',*,*,#4003,.F.) ;
#4019=ORIENTED_EDGE('',*,*,#4010,.T.) ;
#4020=ORIENTED_EDGE('',*,*,#4015,.F.) ;
#4043=ORIENTED_EDGE('',*,*,#4031,.T.) ;
#4044=ORIENTED_EDGE('',*,*,#4036,.T.) ;
#4045=ORIENTED_EDGE('',*,*,#526,.T.) ;
#4046=ORIENTED_EDGE('',*,*,#562,.T.) ;
#4047=ORIENTED_EDGE('',*,*,#593,.T.) ;
#4048=ORIENTED_EDGE('',*,*,#624,.T.) ;
#4049=ORIENTED_EDGE('',*,*,#646,.T.) ;
#4050=ORIENTED_EDGE('',*,*,#296,.T.) ;
#4051=ORIENTED_EDGE('',*,*,#4041,.F.) ;
#4060=ORIENTED_EDGE('',*,*,#93,.T.) ;
#4061=ORIENTED_EDGE('',*,*,#3851,.F.) ;
#4062=ORIENTED_EDGE('',*,*,#149,.T.) ;
#4063=ORIENTED_EDGE('',*,*,#3834,.F.) ;
#4064=ORIENTED_EDGE('',*,*,#177,.T.) ;
#4065=ORIENTED_EDGE('',*,*,#3817,.F.) ;
#4066=ORIENTED_EDGE('',*,*,#233,.T.) ;
#4067=ORIENTED_EDGE('',*,*,#3800,.F.) ;
#4089=ORIENTED_EDGE('',*,*,#4077,.T.) ;
#4090=ORIENTED_EDGE('',*,*,#4082,.F.) ;
#4091=ORIENTED_EDGE('',*,*,#3891,.T.) ;
#4092=ORIENTED_EDGE('',*,*,#3910,.F.) ;
#4093=ORIENTED_EDGE('',*,*,#3953,.T.) ;
#4094=ORIENTED_EDGE('',*,*,#3972,.F.) ;
#4095=ORIENTED_EDGE('',*,*,#4015,.T.) ;
#4096=ORIENTED_EDGE('',*,*,#4087,.F.) ;
#4099=ORIENTED_EDGE('',*,*,#3783,.F.) ;
#4100=ORIENTED_EDGE('',*,*,#3761,.F.) ;
#4159=ORIENTED_EDGE('',*,*,#4110,.T.) ;
#4160=ORIENTED_EDGE('',*,*,#4117,.F.) ;
#4161=ORIENTED_EDGE('',*,*,#4124,.T.) ;
#4162=ORIENTED_EDGE('',*,*,#4131,.F.) ;
#4163=ORIENTED_EDGE('',*,*,#4138,.T.) ;
#4164=ORIENTED_EDGE('',*,*,#4145,.F.) ;
#4165=ORIENTED_EDGE('',*,*,#4152,.T.) ;
#4166=ORIENTED_EDGE('',*,*,#4157,.F.) ;
#4174=ORIENTED_EDGE('',*,*,#3740,.F.) ;
#4175=ORIENTED_EDGE('',*,*,#3713,.F.) ;
#4176=ORIENTED_EDGE('',*,*,#4172,.F.) ;
#4177=ORIENTED_EDGE('',*,*,#3673,.F.) ;
#4180=ORIENTED_EDGE('',*,*,#3643,.F.) ;
#4181=ORIENTED_EDGE('',*,*,#3626,.F.) ;
#4184=ORIENTED_EDGE('',*,*,#3600,.F.) ;
#4185=ORIENTED_EDGE('',*,*,#3578,.F.) ;
#4188=ORIENTED_EDGE('',*,*,#3557,.F.) ;
#4189=ORIENTED_EDGE('',*,*,#3535,.F.) ;
#4192=ORIENTED_EDGE('',*,*,#3514,.F.) ;
#4193=ORIENTED_EDGE('',*,*,#3492,.F.) ;
#4212=ORIENTED_EDGE('',*,*,#4041,.T.) ;
#4213=ORIENTED_EDGE('',*,*,#289,.T.) ;
#4214=ORIENTED_EDGE('',*,*,#4205,.F.) ;
#4215=ORIENTED_EDGE('',*,*,#3872,.T.) ;
#4216=ORIENTED_EDGE('',*,*,#4082,.T.) ;
#4217=ORIENTED_EDGE('',*,*,#4210,.F.) ;
#4236=ORIENTED_EDGE('',*,*,#4087,.T.) ;
#4237=ORIENTED_EDGE('',*,*,#4010,.F.) ;
#4238=ORIENTED_EDGE('',*,*,#4229,.F.) ;
#4239=ORIENTED_EDGE('',*,*,#531,.F.) ;
#4240=ORIENTED_EDGE('',*,*,#4036,.F.) ;
#4241=ORIENTED_EDGE('',*,*,#4234,.T.) ;
#4250=ORIENTED_EDGE('',*,*,#4234,.F.) ;
#4251=ORIENTED_EDGE('',*,*,#4031,.F.) ;
#4252=ORIENTED_EDGE('',*,*,#4210,.T.) ;
#4253=ORIENTED_EDGE('',*,*,#4077,.F.) ;
#4281=ORIENTED_EDGE('',*,*,#4269,.F.) ;
#4282=ORIENTED_EDGE('',*,*,#4274,.F.) ;
#4283=ORIENTED_EDGE('',*,*,#4110,.F.) ;
#4284=ORIENTED_EDGE('',*,*,#4279,.T.) ;
#4312=ORIENTED_EDGE('',*,*,#4300,.F.) ;
#4313=ORIENTED_EDGE('',*,*,#4305,.F.) ;
#4314=ORIENTED_EDGE('',*,*,#4124,.F.) ;
#4315=ORIENTED_EDGE('',*,*,#4310,.T.) ;
#4343=ORIENTED_EDGE('',*,*,#4331,.F.) ;
#4344=ORIENTED_EDGE('',*,*,#4336,.F.) ;
#4345=ORIENTED_EDGE('',*,*,#4138,.F.) ;
#4346=ORIENTED_EDGE('',*,*,#4341,.T.) ;
#4374=ORIENTED_EDGE('',*,*,#4362,.F.) ;
#4375=ORIENTED_EDGE('',*,*,#4367,.F.) ;
#4376=ORIENTED_EDGE('',*,*,#4152,.F.) ;
#4377=ORIENTED_EDGE('',*,*,#4372,.T.) ;
#4386=ORIENTED_EDGE('',*,*,#4384,.F.) ;
#4387=ORIENTED_EDGE('',*,*,#4279,.F.) ;
#4388=ORIENTED_EDGE('',*,*,#4157,.T.) ;
#4389=ORIENTED_EDGE('',*,*,#4367,.T.) ;
#4398=ORIENTED_EDGE('',*,*,#4396,.F.) ;
#4399=ORIENTED_EDGE('',*,*,#4372,.F.) ;
#4400=ORIENTED_EDGE('',*,*,#4145,.T.) ;
#4401=ORIENTED_EDGE('',*,*,#4336,.T.) ;
#4415=ORIENTED_EDGE('',*,*,#4413,.F.) ;
#4416=ORIENTED_EDGE('',*,*,#4341,.F.) ;
#4417=ORIENTED_EDGE('',*,*,#4131,.T.) ;
#4418=ORIENTED_EDGE('',*,*,#4305,.T.) ;
#4427=ORIENTED_EDGE('',*,*,#4425,.F.) ;
#4428=ORIENTED_EDGE('',*,*,#4310,.F.) ;
#4429=ORIENTED_EDGE('',*,*,#4117,.T.) ;
#4430=ORIENTED_EDGE('',*,*,#4274,.T.) ;
#4458=ORIENTED_EDGE('',*,*,#4444,.T.) ;
#4459=ORIENTED_EDGE('',*,*,#4425,.T.) ;
#4460=ORIENTED_EDGE('',*,*,#4451,.F.) ;
#4461=ORIENTED_EDGE('',*,*,#4456,.F.) ;
#4482=ORIENTED_EDGE('',*,*,#4451,.T.) ;
#4483=ORIENTED_EDGE('',*,*,#4269,.T.) ;
#4484=ORIENTED_EDGE('',*,*,#4475,.F.) ;
#4485=ORIENTED_EDGE('',*,*,#4480,.F.) ;
#4506=ORIENTED_EDGE('',*,*,#4475,.T.) ;
#4507=ORIENTED_EDGE('',*,*,#4384,.T.) ;
#4508=ORIENTED_EDGE('',*,*,#4499,.F.) ;
#4509=ORIENTED_EDGE('',*,*,#4504,.F.) ;
#4530=ORIENTED_EDGE('',*,*,#4499,.T.) ;
#4531=ORIENTED_EDGE('',*,*,#4362,.T.) ;
#4532=ORIENTED_EDGE('',*,*,#4523,.F.) ;
#4533=ORIENTED_EDGE('',*,*,#4528,.F.) ;
#4554=ORIENTED_EDGE('',*,*,#4523,.T.) ;
#4555=ORIENTED_EDGE('',*,*,#4396,.T.) ;
#4556=ORIENTED_EDGE('',*,*,#4547,.F.) ;
#4557=ORIENTED_EDGE('',*,*,#4552,.F.) ;
#4578=ORIENTED_EDGE('',*,*,#4547,.T.) ;
#4579=ORIENTED_EDGE('',*,*,#4331,.T.) ;
#4580=ORIENTED_EDGE('',*,*,#4571,.F.) ;
#4581=ORIENTED_EDGE('',*,*,#4576,.F.) ;
#4602=ORIENTED_EDGE('',*,*,#4571,.T.) ;
#4603=ORIENTED_EDGE('',*,*,#4413,.T.) ;
#4604=ORIENTED_EDGE('',*,*,#4595,.F.) ;
#4605=ORIENTED_EDGE('',*,*,#4600,.F.) ;
#4619=ORIENTED_EDGE('',*,*,#4595,.T.) ;
#4620=ORIENTED_EDGE('',*,*,#4300,.T.) ;
#4621=ORIENTED_EDGE('',*,*,#4444,.F.) ;
#4622=ORIENTED_EDGE('',*,*,#4617,.F.) ;
#4650=ORIENTED_EDGE('',*,*,#4636,.F.) ;
#4651=ORIENTED_EDGE('',*,*,#2031,.F.) ;
#4652=ORIENTED_EDGE('',*,*,#4643,.T.) ;
#4653=ORIENTED_EDGE('',*,*,#4648,.F.) ;
#4662=ORIENTED_EDGE('',*,*,#4643,.F.) ;
#4663=ORIENTED_EDGE('',*,*,#2026,.F.) ;
#4664=ORIENTED_EDGE('',*,*,#4636,.T.) ;
#4665=ORIENTED_EDGE('',*,*,#4660,.F.) ;
#4693=ORIENTED_EDGE('',*,*,#4648,.T.) ;
#4694=ORIENTED_EDGE('',*,*,#4679,.T.) ;
#4695=ORIENTED_EDGE('',*,*,#4686,.F.) ;
#4696=ORIENTED_EDGE('',*,*,#4691,.F.) ;
#4710=ORIENTED_EDGE('',*,*,#4660,.T.) ;
#4711=ORIENTED_EDGE('',*,*,#4691,.T.) ;
#4712=ORIENTED_EDGE('',*,*,#4708,.F.) ;
#4713=ORIENTED_EDGE('',*,*,#4679,.F.) ;
#4741=ORIENTED_EDGE('',*,*,#4727,.F.) ;
#4742=ORIENTED_EDGE('',*,*,#2054,.F.) ;
#4743=ORIENTED_EDGE('',*,*,#4734,.T.) ;
#4744=ORIENTED_EDGE('',*,*,#4739,.F.) ;
#4753=ORIENTED_EDGE('',*,*,#4734,.F.) ;
#4754=ORIENTED_EDGE('',*,*,#2049,.F.) ;
#4755=ORIENTED_EDGE('',*,*,#4727,.T.) ;
#4756=ORIENTED_EDGE('',*,*,#4751,.F.) ;
#4784=ORIENTED_EDGE('',*,*,#4739,.T.) ;
#4785=ORIENTED_EDGE('',*,*,#4770,.T.) ;
#4786=ORIENTED_EDGE('',*,*,#4777,.F.) ;
#4787=ORIENTED_EDGE('',*,*,#4782,.F.) ;
#4801=ORIENTED_EDGE('',*,*,#4751,.T.) ;
#4802=ORIENTED_EDGE('',*,*,#4782,.T.) ;
#4803=ORIENTED_EDGE('',*,*,#4799,.F.) ;
#4804=ORIENTED_EDGE('',*,*,#4770,.F.) ;
#4832=ORIENTED_EDGE('',*,*,#4818,.F.) ;
#4833=ORIENTED_EDGE('',*,*,#2077,.F.) ;
#4834=ORIENTED_EDGE('',*,*,#4825,.T.) ;
#4835=ORIENTED_EDGE('',*,*,#4830,.F.) ;
#4844=ORIENTED_EDGE('',*,*,#4825,.F.) ;
#4845=ORIENTED_EDGE('',*,*,#2072,.F.) ;
#4846=ORIENTED_EDGE('',*,*,#4818,.T.) ;
#4847=ORIENTED_EDGE('',*,*,#4842,.F.) ;
#4875=ORIENTED_EDGE('',*,*,#4830,.T.) ;
#4876=ORIENTED_EDGE('',*,*,#4861,.T.) ;
#4877=ORIENTED_EDGE('',*,*,#4868,.F.) ;
#4878=ORIENTED_EDGE('',*,*,#4873,.F.) ;
#4892=ORIENTED_EDGE('',*,*,#4842,.T.) ;
#4893=ORIENTED_EDGE('',*,*,#4873,.T.) ;
#4894=ORIENTED_EDGE('',*,*,#4890,.F.) ;
#4895=ORIENTED_EDGE('',*,*,#4861,.F.) ;
#4923=ORIENTED_EDGE('',*,*,#4909,.F.) ;
#4924=ORIENTED_EDGE('',*,*,#1118,.F.) ;
#4925=ORIENTED_EDGE('',*,*,#4916,.F.) ;
#4926=ORIENTED_EDGE('',*,*,#4921,.F.) ;
#4942=ORIENTED_EDGE('',*,*,#4935,.F.) ;
#4943=ORIENTED_EDGE('',*,*,#1125,.F.) ;
#4944=ORIENTED_EDGE('',*,*,#4909,.T.) ;
#4945=ORIENTED_EDGE('',*,*,#4940,.F.) ;
#4961=ORIENTED_EDGE('',*,*,#4954,.T.) ;
#4962=ORIENTED_EDGE('',*,*,#1132,.F.) ;
#4963=ORIENTED_EDGE('',*,*,#4935,.T.) ;
#4964=ORIENTED_EDGE('',*,*,#4959,.F.) ;
#4968=ORIENTED_EDGE('',*,*,#3274,.F.) ;
#4969=ORIENTED_EDGE('',*,*,#810,.T.) ;
#4970=ORIENTED_EDGE('',*,*,#3252,.F.) ;
#4971=ORIENTED_EDGE('',*,*,#850,.T.) ;
#4972=ORIENTED_EDGE('',*,*,#3230,.F.) ;
#4973=ORIENTED_EDGE('',*,*,#890,.T.) ;
#4974=ORIENTED_EDGE('',*,*,#3208,.F.) ;
#4975=ORIENTED_EDGE('',*,*,#930,.T.) ;
#4976=ORIENTED_EDGE('',*,*,#3186,.F.) ;
#4977=ORIENTED_EDGE('',*,*,#970,.T.) ;
#4978=ORIENTED_EDGE('',*,*,#3388,.F.) ;
#4979=ORIENTED_EDGE('',*,*,#198,.F.) ;
#4980=ORIENTED_EDGE('',*,*,#3419,.F.) ;
#4981=ORIENTED_EDGE('',*,*,#1010,.T.) ;
#4984=ORIENTED_EDGE('',*,*,#4890,.T.) ;
#4985=ORIENTED_EDGE('',*,*,#4868,.T.) ;
#4988=ORIENTED_EDGE('',*,*,#4799,.T.) ;
#4989=ORIENTED_EDGE('',*,*,#4777,.T.) ;
#4992=ORIENTED_EDGE('',*,*,#4708,.T.) ;
#4993=ORIENTED_EDGE('',*,*,#4686,.T.) ;
#4996=ORIENTED_EDGE('',*,*,#4456,.T.) ;
#4997=ORIENTED_EDGE('',*,*,#4480,.T.) ;
#4998=ORIENTED_EDGE('',*,*,#4504,.T.) ;
#4999=ORIENTED_EDGE('',*,*,#4528,.T.) ;
#5000=ORIENTED_EDGE('',*,*,#4552,.T.) ;
#5001=ORIENTED_EDGE('',*,*,#4576,.T.) ;
#5002=ORIENTED_EDGE('',*,*,#4600,.T.) ;
#5003=ORIENTED_EDGE('',*,*,#4617,.T.) ;
#5006=ORIENTED_EDGE('',*,*,#4003,.T.) ;
#5007=ORIENTED_EDGE('',*,*,#3979,.T.) ;
#5008=ORIENTED_EDGE('',*,*,#3941,.T.) ;
#5009=ORIENTED_EDGE('',*,*,#3917,.T.) ;
#5010=ORIENTED_EDGE('',*,*,#3879,.T.) ;
#5011=ORIENTED_EDGE('',*,*,#4205,.T.) ;
#5012=ORIENTED_EDGE('',*,*,#308,.F.) ;
#5013=ORIENTED_EDGE('',*,*,#641,.F.) ;
#5014=ORIENTED_EDGE('',*,*,#612,.F.) ;
#5015=ORIENTED_EDGE('',*,*,#581,.F.) ;
#5016=ORIENTED_EDGE('',*,*,#550,.F.) ;
#5017=ORIENTED_EDGE('',*,*,#512,.F.) ;
#5018=ORIENTED_EDGE('',*,*,#4229,.T.) ;
#5054=ORIENTED_EDGE('',*,*,#5028,.T.) ;
#5055=ORIENTED_EDGE('',*,*,#5035,.T.) ;
#5056=ORIENTED_EDGE('',*,*,#5042,.T.) ;
#5057=ORIENTED_EDGE('',*,*,#5047,.F.) ;
#5058=ORIENTED_EDGE('',*,*,#3699,.F.) ;
#5059=ORIENTED_EDGE('',*,*,#3735,.F.) ;
#5060=ORIENTED_EDGE('',*,*,#3659,.F.) ;
#5061=ORIENTED_EDGE('',*,*,#5052,.F.) ;
#5064=ORIENTED_EDGE('',*,*,#3164,.F.) ;
#5065=ORIENTED_EDGE('',*,*,#3142,.F.) ;
#5066=ORIENTED_EDGE('',*,*,#3123,.F.) ;
#5067=ORIENTED_EDGE('',*,*,#3099,.F.) ;
#5068=ORIENTED_EDGE('',*,*,#3075,.F.) ;
#5069=ORIENTED_EDGE('',*,*,#3051,.F.) ;
#5070=ORIENTED_EDGE('',*,*,#3032,.F.) ;
#5071=ORIENTED_EDGE('',*,*,#3008,.F.) ;
#5074=ORIENTED_EDGE('',*,*,#2987,.F.) ;
#5075=ORIENTED_EDGE('',*,*,#2965,.F.) ;
#5076=ORIENTED_EDGE('',*,*,#2946,.F.) ;
#5077=ORIENTED_EDGE('',*,*,#2922,.F.) ;
#5078=ORIENTED_EDGE('',*,*,#2898,.F.) ;
#5079=ORIENTED_EDGE('',*,*,#2874,.F.) ;
#5080=ORIENTED_EDGE('',*,*,#2850,.F.) ;
#5081=ORIENTED_EDGE('',*,*,#2826,.F.) ;
#5084=ORIENTED_EDGE('',*,*,#2800,.F.) ;
#5085=ORIENTED_EDGE('',*,*,#2778,.F.) ;
#5086=ORIENTED_EDGE('',*,*,#2754,.F.) ;
#5087=ORIENTED_EDGE('',*,*,#2730,.F.) ;
#5088=ORIENTED_EDGE('',*,*,#2711,.F.) ;
#5089=ORIENTED_EDGE('',*,*,#2687,.F.) ;
#5090=ORIENTED_EDGE('',*,*,#2663,.F.) ;
#5091=ORIENTED_EDGE('',*,*,#2639,.F.) ;
#5094=ORIENTED_EDGE('',*,*,#2618,.F.) ;
#5095=ORIENTED_EDGE('',*,*,#2596,.F.) ;
#5096=ORIENTED_EDGE('',*,*,#2572,.F.) ;
#5097=ORIENTED_EDGE('',*,*,#2548,.F.) ;
#5098=ORIENTED_EDGE('',*,*,#2524,.F.) ;
#5099=ORIENTED_EDGE('',*,*,#2500,.F.) ;
#5100=ORIENTED_EDGE('',*,*,#2476,.F.) ;
#5101=ORIENTED_EDGE('',*,*,#2452,.F.) ;
#5104=ORIENTED_EDGE('',*,*,#2426,.F.) ;
#5105=ORIENTED_EDGE('',*,*,#2404,.F.) ;
#5106=ORIENTED_EDGE('',*,*,#2380,.F.) ;
#5107=ORIENTED_EDGE('',*,*,#2356,.F.) ;
#5108=ORIENTED_EDGE('',*,*,#2332,.F.) ;
#5109=ORIENTED_EDGE('',*,*,#2308,.F.) ;
#5110=ORIENTED_EDGE('',*,*,#2284,.F.) ;
#5111=ORIENTED_EDGE('',*,*,#2260,.F.) ;
#5130=ORIENTED_EDGE('',*,*,#4940,.T.) ;
#5131=ORIENTED_EDGE('',*,*,#5123,.T.) ;
#5132=ORIENTED_EDGE('',*,*,#5035,.F.) ;
#5133=ORIENTED_EDGE('',*,*,#5128,.F.) ;
#5149=ORIENTED_EDGE('',*,*,#5147,.F.) ;
#5150=ORIENTED_EDGE('',*,*,#5042,.F.) ;
#5151=ORIENTED_EDGE('',*,*,#5123,.F.) ;
#5152=ORIENTED_EDGE('',*,*,#4921,.T.) ;
#5168=ORIENTED_EDGE('',*,*,#5166,.F.) ;
#5169=ORIENTED_EDGE('',*,*,#4959,.T.) ;
#5170=ORIENTED_EDGE('',*,*,#5128,.T.) ;
#5171=ORIENTED_EDGE('',*,*,#5028,.F.) ;
#5180=ORIENTED_EDGE('',*,*,#5047,.T.) ;
#5181=ORIENTED_EDGE('',*,*,#5147,.T.) ;
#5182=ORIENTED_EDGE('',*,*,#4916,.T.) ;
#5183=ORIENTED_EDGE('',*,*,#1137,.T.) ;
#5184=ORIENTED_EDGE('',*,*,#4954,.F.) ;
#5185=ORIENTED_EDGE('',*,*,#5166,.T.) ;
#5186=ORIENTED_EDGE('',*,*,#5052,.T.) ;
#5187=ORIENTED_EDGE('',*,*,#3678,.F.) ;
#5188=ORIENTED_EDGE('',*,*,#4172,.T.) ;
#5189=ORIENTED_EDGE('',*,*,#3706,.T.) ;
#1161=FACE_BOUND('',#1158,.T.) ;
#1251=FACE_BOUND('',#1248,.T.) ;
#2039=FACE_BOUND('',#2036,.T.) ;
#2062=FACE_BOUND('',#2059,.T.) ;
#2085=FACE_BOUND('',#2082,.T.) ;
#3353=FACE_BOUND('',#3350,.T.) ;
#3357=FACE_BOUND('',#3354,.T.) ;
#3361=FACE_BOUND('',#3358,.T.) ;
#3365=FACE_BOUND('',#3362,.T.) ;
#4097=FACE_BOUND('',#4088,.T.) ;
#4101=FACE_BOUND('',#4098,.T.) ;
#4167=FACE_BOUND('',#4158,.T.) ;
#4178=FACE_BOUND('',#4173,.T.) ;
#4182=FACE_BOUND('',#4179,.T.) ;
#4186=FACE_BOUND('',#4183,.T.) ;
#4190=FACE_BOUND('',#4187,.T.) ;
#4194=FACE_BOUND('',#4191,.T.) ;
#4986=FACE_BOUND('',#4983,.T.) ;
#4990=FACE_BOUND('',#4987,.T.) ;
#4994=FACE_BOUND('',#4991,.T.) ;
#5004=FACE_BOUND('',#4995,.T.) ;
#5019=FACE_BOUND('',#5005,.T.) ;
#5062=FACE_BOUND('',#5053,.T.) ;
#5072=FACE_BOUND('',#5063,.T.) ;
#5082=FACE_BOUND('',#5073,.T.) ;
#5092=FACE_BOUND('',#5083,.T.) ;
#5102=FACE_BOUND('',#5093,.T.) ;
#5112=FACE_BOUND('',#5103,.T.) ;
#51=CLOSED_SHELL('Closed Shell',(#107,#163,#219,#275,#315,#337,#363,#380,#422,#439,#456,#498,#538,#569,#600,#631,#653,#684,#715,#746,#777,#817,#857,#897,#937,#977,#1017,#1065,#1104,#1162,#1252,#1300,#1339,#1394,#1439,#1494,#1539,#1563,#1582,#1601,#1620,#1651,#1663,#1694,#1706,#1737,#1749,#1816,#1883,#1950,#2017,#2040,#2063,#2086,#2105,#2118,#2137,#2150,#2168,#2181,#2203,#2210,#2228,#2241,#2272,#2296,#2320,#2344,#2368,#2392,#2416,#2433,#2464,#2488,#2512,#2536,#2560,#2584,#2608,#2625,#2651,#2675,#2699,#2723,#2742,#2766,#2790,#2807,#2838,#2862,#2886,#2910,#2934,#2958,#2977,#2994,#3020,#3044,#3063,#3087,#3111,#3135,#3154,#3171,#3193,#3215,#3237,#3259,#3281,#3366,#3378,#3397,#3409,#3428,#3447,#3464,#3478,#3509,#3521,#3552,#3564,#3595,#3607,#3638,#3650,#3685,#3725,#3747,#3778,#3790,#3807,#3824,#3841,#3858,#3898,#3929,#3960,#3991,#4022,#4053,#4195,#4219,#4243,#4255,#4286,#4317,#4348,#4379,#4391,#4403,#4420,#4432,#4463,#4487,#4511,#4535,#4559,#4583,#4607,#4624,#4655,#4667,#4698,#4715,#4746,#4758,#4789,#4806,#4837,#4849,#4880,#4897,#4928,#4947,#4966,#5113,#5135,#5154,#5173,#5191)) ;
#59=VECTOR('Line Direction',#58,1.) ;
#68=VECTOR('Line Direction',#67,1.) ;
#75=VECTOR('Line Direction',#74,1.) ;
#82=VECTOR('Line Direction',#81,1.) ;
#89=VECTOR('Line Direction',#88,1.) ;
#96=VECTOR('Line Direction',#95,1.) ;
#115=VECTOR('Line Direction',#114,1.) ;
#124=VECTOR('Line Direction',#123,1.) ;
#131=VECTOR('Line Direction',#130,1.) ;
#138=VECTOR('Line Direction',#137,1.) ;
#145=VECTOR('Line Direction',#144,1.) ;
#152=VECTOR('Line Direction',#151,1.) ;
#171=VECTOR('Line Direction',#170,1.) ;
#180=VECTOR('Line Direction',#179,1.) ;
#187=VECTOR('Line Direction',#186,1.) ;
#194=VECTOR('Line Direction',#193,1.) ;
#201=VECTOR('Line Direction',#200,1.) ;
#208=VECTOR('Line Direction',#207,1.) ;
#227=VECTOR('Line Direction',#226,1.) ;
#236=VECTOR('Line Direction',#235,1.) ;
#243=VECTOR('Line Direction',#242,1.) ;
#250=VECTOR('Line Direction',#249,1.) ;
#257=VECTOR('Line Direction',#256,1.) ;
#264=VECTOR('Line Direction',#263,1.) ;
#283=VECTOR('Line Direction',#282,1.) ;
#299=VECTOR('Line Direction',#298,1.) ;
#347=VECTOR('Line Direction',#346,1.) ;
#404=VECTOR('Line Direction',#403,1.) ;
#459=VECTOR('Line Direction',#458,1.) ;
#506=VECTOR('Line Direction',#505,1.) ;
#515=VECTOR('Line Direction',#514,1.) ;
#522=VECTOR('Line Direction',#521,1.) ;
#529=VECTOR('Line Direction',#528,1.) ;
#553=VECTOR('Line Direction',#552,1.) ;
#577=VECTOR('Line Direction',#576,1.) ;
#584=VECTOR('Line Direction',#583,1.) ;
#591=VECTOR('Line Direction',#590,1.) ;
#615=VECTOR('Line Direction',#614,1.) ;
#639=VECTOR('Line Direction',#638,1.) ;
#644=VECTOR('Line Direction',#643,1.) ;
#661=VECTOR('Line Direction',#660,1.) ;
#675=VECTOR('Line Direction',#674,1.) ;
#692=VECTOR('Line Direction',#691,1.) ;
#706=VECTOR('Line Direction',#705,1.) ;
#723=VECTOR('Line Direction',#722,1.) ;
#737=VECTOR('Line Direction',#736,1.) ;
#754=VECTOR('Line Direction',#753,1.) ;
#768=VECTOR('Line Direction',#767,1.) ;
#785=VECTOR('Line Direction',#784,1.) ;
#801=VECTOR('Line Direction',#800,1.) ;
#825=VECTOR('Line Direction',#824,1.) ;
#841=VECTOR('Line Direction',#840,1.) ;
#865=VECTOR('Line Direction',#864,1.) ;
#881=VECTOR('Line Direction',#880,1.) ;
#905=VECTOR('Line Direction',#904,1.) ;
#921=VECTOR('Line Direction',#920,1.) ;
#945=VECTOR('Line Direction',#944,1.) ;
#961=VECTOR('Line Direction',#960,1.) ;
#985=VECTOR('Line Direction',#984,1.) ;
#1001=VECTOR('Line Direction',#1000,1.) ;
#1041=VECTOR('Line Direction',#1040,1.) ;
#1055=VECTOR('Line Direction',#1054,1.) ;
#1080=VECTOR('Line Direction',#1079,1.) ;
#1094=VECTOR('Line Direction',#1093,1.) ;
#1179=VECTOR('Line Direction',#1178,1.) ;
#1193=VECTOR('Line Direction',#1192,1.) ;
#1207=VECTOR('Line Direction',#1206,1.) ;
#1221=VECTOR('Line Direction',#1220,1.) ;
#1276=VECTOR('Line Direction',#1275,1.) ;
#1290=VECTOR('Line Direction',#1289,1.) ;
#1315=VECTOR('Line Direction',#1314,1.) ;
#1329=VECTOR('Line Direction',#1328,1.) ;
#1370=VECTOR('Line Direction',#1369,1.) ;
#1384=VECTOR('Line Direction',#1383,1.) ;
#1415=VECTOR('Line Direction',#1414,1.) ;
#1429=VECTOR('Line Direction',#1428,1.) ;
#1470=VECTOR('Line Direction',#1469,1.) ;
#1484=VECTOR('Line Direction',#1483,1.) ;
#1515=VECTOR('Line Direction',#1514,1.) ;
#1529=VECTOR('Line Direction',#1528,1.) ;
#1637=VECTOR('Line Direction',#1636,1.) ;
#1642=VECTOR('Line Direction',#1641,1.) ;
#1680=VECTOR('Line Direction',#1679,1.) ;
#1685=VECTOR('Line Direction',#1684,1.) ;
#1723=VECTOR('Line Direction',#1722,1.) ;
#1728=VECTOR('Line Direction',#1727,1.) ;
#1752=VECTOR('Line Direction',#1751,1.) ;
#1768=VECTOR('Line Direction',#1767,1.) ;
#1782=VECTOR('Line Direction',#1781,1.) ;
#1796=VECTOR('Line Direction',#1795,1.) ;
#1828=VECTOR('Line Direction',#1827,1.) ;
#1842=VECTOR('Line Direction',#1841,1.) ;
#1856=VECTOR('Line Direction',#1855,1.) ;
#1870=VECTOR('Line Direction',#1869,1.) ;
#1895=VECTOR('Line Direction',#1894,1.) ;
#1909=VECTOR('Line Direction',#1908,1.) ;
#1923=VECTOR('Line Direction',#1922,1.) ;
#1937=VECTOR('Line Direction',#1936,1.) ;
#1962=VECTOR('Line Direction',#1961,1.) ;
#1976=VECTOR('Line Direction',#1975,1.) ;
#1990=VECTOR('Line Direction',#1989,1.) ;
#2004=VECTOR('Line Direction',#2003,1.) ;
#2189=VECTOR('Line Direction',#2188,1.) ;
#2194=VECTOR('Line Direction',#2193,1.) ;
#2249=VECTOR('Line Direction',#2248,1.) ;
#2263=VECTOR('Line Direction',#2262,1.) ;
#2280=VECTOR('Line Direction',#2279,1.) ;
#2287=VECTOR('Line Direction',#2286,1.) ;
#2311=VECTOR('Line Direction',#2310,1.) ;
#2328=VECTOR('Line Direction',#2327,1.) ;
#2335=VECTOR('Line Direction',#2334,1.) ;
#2359=VECTOR('Line Direction',#2358,1.) ;
#2376=VECTOR('Line Direction',#2375,1.) ;
#2383=VECTOR('Line Direction',#2382,1.) ;
#2407=VECTOR('Line Direction',#2406,1.) ;
#2424=VECTOR('Line Direction',#2423,1.) ;
#2441=VECTOR('Line Direction',#2440,1.) ;
#2448=VECTOR('Line Direction',#2447,1.) ;
#2455=VECTOR('Line Direction',#2454,1.) ;
#2479=VECTOR('Line Direction',#2478,1.) ;
#2496=VECTOR('Line Direction',#2495,1.) ;
#2503=VECTOR('Line Direction',#2502,1.) ;
#2527=VECTOR('Line Direction',#2526,1.) ;
#2544=VECTOR('Line Direction',#2543,1.) ;
#2551=VECTOR('Line Direction',#2550,1.) ;
#2575=VECTOR('Line Direction',#2574,1.) ;
#2592=VECTOR('Line Direction',#2591,1.) ;
#2599=VECTOR('Line Direction',#2598,1.) ;
#2628=VECTOR('Line Direction',#2627,1.) ;
#2635=VECTOR('Line Direction',#2634,1.) ;
#2642=VECTOR('Line Direction',#2641,1.) ;
#2666=VECTOR('Line Direction',#2665,1.) ;
#2683=VECTOR('Line Direction',#2682,1.) ;
#2690=VECTOR('Line Direction',#2689,1.) ;
#2714=VECTOR('Line Direction',#2713,1.) ;
#2726=VECTOR('Line Direction',#2725,1.) ;
#2733=VECTOR('Line Direction',#2732,1.) ;
#2757=VECTOR('Line Direction',#2756,1.) ;
#2774=VECTOR('Line Direction',#2773,1.) ;
#2781=VECTOR('Line Direction',#2780,1.) ;
#2815=VECTOR('Line Direction',#2814,1.) ;
#2822=VECTOR('Line Direction',#2821,1.) ;
#2829=VECTOR('Line Direction',#2828,1.) ;
#2853=VECTOR('Line Direction',#2852,1.) ;
#2870=VECTOR('Line Direction',#2869,1.) ;
#2877=VECTOR('Line Direction',#2876,1.) ;
#2901=VECTOR('Line Direction',#2900,1.) ;
#2918=VECTOR('Line Direction',#2917,1.) ;
#2925=VECTOR('Line Direction',#2924,1.) ;
#2949=VECTOR('Line Direction',#2948,1.) ;
#2961=VECTOR('Line Direction',#2960,1.) ;
#2968=VECTOR('Line Direction',#2967,1.) ;
#2997=VECTOR('Line Direction',#2996,1.) ;
#3004=VECTOR('Line Direction',#3003,1.) ;
#3011=VECTOR('Line Direction',#3010,1.) ;
#3035=VECTOR('Line Direction',#3034,1.) ;
#3047=VECTOR('Line Direction',#3046,1.) ;
#3054=VECTOR('Line Direction',#3053,1.) ;
#3078=VECTOR('Line Direction',#3077,1.) ;
#3095=VECTOR('Line Direction',#3094,1.) ;
#3102=VECTOR('Line Direction',#3101,1.) ;
#3126=VECTOR('Line Direction',#3125,1.) ;
#3138=VECTOR('Line Direction',#3137,1.) ;
#3145=VECTOR('Line Direction',#3144,1.) ;
#3179=VECTOR('Line Direction',#3178,1.) ;
#3184=VECTOR('Line Direction',#3183,1.) ;
#3223=VECTOR('Line Direction',#3222,1.) ;
#3228=VECTOR('Line Direction',#3227,1.) ;
#3267=VECTOR('Line Direction',#3266,1.) ;
#3272=VECTOR('Line Direction',#3271,1.) ;
#3294=VECTOR('Line Direction',#3293,1.) ;
#3306=VECTOR('Line Direction',#3305,1.) ;
#3318=VECTOR('Line Direction',#3317,1.) ;
#3436=VECTOR('Line Direction',#3435,1.) ;
#3455=VECTOR('Line Direction',#3454,1.) ;
#3495=VECTOR('Line Direction',#3494,1.) ;
#3500=VECTOR('Line Direction',#3499,1.) ;
#3538=VECTOR('Line Direction',#3537,1.) ;
#3543=VECTOR('Line Direction',#3542,1.) ;
#3581=VECTOR('Line Direction',#3580,1.) ;
#3586=VECTOR('Line Direction',#3585,1.) ;
#3615=VECTOR('Line Direction',#3614,1.) ;
#3629=VECTOR('Line Direction',#3628,1.) ;
#3653=VECTOR('Line Direction',#3652,1.) ;
#3662=VECTOR('Line Direction',#3661,1.) ;
#3669=VECTOR('Line Direction',#3668,1.) ;
#3676=VECTOR('Line Direction',#3675,1.) ;
#3693=VECTOR('Line Direction',#3692,1.) ;
#3702=VECTOR('Line Direction',#3701,1.) ;
#3709=VECTOR('Line Direction',#3708,1.) ;
#3716=VECTOR('Line Direction',#3715,1.) ;
#3764=VECTOR('Line Direction',#3763,1.) ;
#3769=VECTOR('Line Direction',#3768,1.) ;
#3866=VECTOR('Line Direction',#3865,1.) ;
#3882=VECTOR('Line Direction',#3881,1.) ;
#3906=VECTOR('Line Direction',#3905,1.) ;
#3913=VECTOR('Line Direction',#3912,1.) ;
#3920=VECTOR('Line Direction',#3919,1.) ;
#3944=VECTOR('Line Direction',#3943,1.) ;
#3968=VECTOR('Line Direction',#3967,1.) ;
#3975=VECTOR('Line Direction',#3974,1.) ;
#3982=VECTOR('Line Direction',#3981,1.) ;
#4006=VECTOR('Line Direction',#4005,1.) ;
#4034=VECTOR('Line Direction',#4033,1.) ;
#4039=VECTOR('Line Direction',#4038,1.) ;
#4080=VECTOR('Line Direction',#4079,1.) ;
#4085=VECTOR('Line Direction',#4084,1.) ;
#4113=VECTOR('Line Direction',#4112,1.) ;
#4127=VECTOR('Line Direction',#4126,1.) ;
#4141=VECTOR('Line Direction',#4140,1.) ;
#4155=VECTOR('Line Direction',#4154,1.) ;
#4203=VECTOR('Line Direction',#4202,1.) ;
#4208=VECTOR('Line Direction',#4207,1.) ;
#4227=VECTOR('Line Direction',#4226,1.) ;
#4232=VECTOR('Line Direction',#4231,1.) ;
#4272=VECTOR('Line Direction',#4271,1.) ;
#4277=VECTOR('Line Direction',#4276,1.) ;
#4303=VECTOR('Line Direction',#4302,1.) ;
#4308=VECTOR('Line Direction',#4307,1.) ;
#4334=VECTOR('Line Direction',#4333,1.) ;
#4339=VECTOR('Line Direction',#4338,1.) ;
#4365=VECTOR('Line Direction',#4364,1.) ;
#4370=VECTOR('Line Direction',#4369,1.) ;
#4382=VECTOR('Line Direction',#4381,1.) ;
#4394=VECTOR('Line Direction',#4393,1.) ;
#4411=VECTOR('Line Direction',#4410,1.) ;
#4423=VECTOR('Line Direction',#4422,1.) ;
#4440=VECTOR('Line Direction',#4439,1.) ;
#4447=VECTOR('Line Direction',#4446,1.) ;
#4454=VECTOR('Line Direction',#4453,1.) ;
#4471=VECTOR('Line Direction',#4470,1.) ;
#4495=VECTOR('Line Direction',#4494,1.) ;
#4502=VECTOR('Line Direction',#4501,1.) ;
#4519=VECTOR('Line Direction',#4518,1.) ;
#4543=VECTOR('Line Direction',#4542,1.) ;
#4550=VECTOR('Line Direction',#4549,1.) ;
#4567=VECTOR('Line Direction',#4566,1.) ;
#4591=VECTOR('Line Direction',#4590,1.) ;
#4598=VECTOR('Line Direction',#4597,1.) ;
#4632=VECTOR('Line Direction',#4631,1.) ;
#4639=VECTOR('Line Direction',#4638,1.) ;
#4675=VECTOR('Line Direction',#4674,1.) ;
#4689=VECTOR('Line Direction',#4688,1.) ;
#4723=VECTOR('Line Direction',#4722,1.) ;
#4730=VECTOR('Line Direction',#4729,1.) ;
#4766=VECTOR('Line Direction',#4765,1.) ;
#4780=VECTOR('Line Direction',#4779,1.) ;
#4814=VECTOR('Line Direction',#4813,1.) ;
#4821=VECTOR('Line Direction',#4820,1.) ;
#4857=VECTOR('Line Direction',#4856,1.) ;
#4871=VECTOR('Line Direction',#4870,1.) ;
#4905=VECTOR('Line Direction',#4904,1.) ;
#4912=VECTOR('Line Direction',#4911,1.) ;
#4931=VECTOR('Line Direction',#4930,1.) ;
#4950=VECTOR('Line Direction',#4949,1.) ;
#5121=VECTOR('Line Direction',#5120,1.) ;
#5126=VECTOR('Line Direction',#5125,1.) ;
#5193=ADVANCED_BREP_SHAPE_REPRESENTATION('NONE',(#5192),#46) ;
#49=SHAPE_REPRESENTATION(' ',(#48),#46) ;
#107=ADVANCED_FACE('PartBody',(#106),#56,.T.) ;
#163=ADVANCED_FACE('PartBody',(#162),#112,.T.) ;
#219=ADVANCED_FACE('PartBody',(#218),#168,.T.) ;
#275=ADVANCED_FACE('PartBody',(#274),#224,.T.) ;
#315=ADVANCED_FACE('PartBody',(#314),#280,.F.) ;
#337=ADVANCED_FACE('PartBody',(#336),#320,.T.) ;
#363=ADVANCED_FACE('PartBody',(#362),#320,.T.) ;
#380=ADVANCED_FACE('PartBody',(#379),#320,.T.) ;
#422=ADVANCED_FACE('PartBody',(#421),#320,.T.) ;
#439=ADVANCED_FACE('PartBody',(#438),#320,.T.) ;
#456=ADVANCED_FACE('PartBody',(#455),#320,.T.) ;
#498=ADVANCED_FACE('PartBody',(#497),#320,.T.) ;
#538=ADVANCED_FACE('PartBody',(#537),#503,.T.) ;
#569=ADVANCED_FACE('PartBody',(#568),#543,.F.) ;
#600=ADVANCED_FACE('PartBody',(#599),#574,.F.) ;
#631=ADVANCED_FACE('PartBody',(#630),#605,.F.) ;
#653=ADVANCED_FACE('PartBody',(#652),#636,.F.) ;
#684=ADVANCED_FACE('PartBody',(#683),#658,.F.) ;
#715=ADVANCED_FACE('PartBody',(#714),#689,.F.) ;
#746=ADVANCED_FACE('PartBody',(#745),#720,.F.) ;
#777=ADVANCED_FACE('PartBody',(#776),#751,.F.) ;
#817=ADVANCED_FACE('PartBody',(#816),#782,.F.) ;
#857=ADVANCED_FACE('PartBody',(#856),#822,.F.) ;
#897=ADVANCED_FACE('PartBody',(#896),#862,.F.) ;
#937=ADVANCED_FACE('PartBody',(#936),#902,.F.) ;
#977=ADVANCED_FACE('PartBody',(#976),#942,.F.) ;
#1017=ADVANCED_FACE('PartBody',(#1016),#982,.F.) ;
#1065=ADVANCED_FACE('PartBody',(#1064),#1022,.F.) ;
#1104=ADVANCED_FACE('PartBody',(#1103),#1070,.F.) ;
#1162=ADVANCED_FACE('PartBody',(#1143,#1161),#1109,.T.) ;
#1252=ADVANCED_FACE('PartBody',(#1233,#1251),#1167,.T.) ;
#1300=ADVANCED_FACE('PartBody',(#1299),#1257,.F.) ;
#1339=ADVANCED_FACE('PartBody',(#1338),#1305,.F.) ;
#1394=ADVANCED_FACE('PartBody',(#1393),#1344,.F.) ;
#1439=ADVANCED_FACE('PartBody',(#1438),#1399,.F.) ;
#1494=ADVANCED_FACE('PartBody',(#1493),#1444,.F.) ;
#1539=ADVANCED_FACE('PartBody',(#1538),#1499,.F.) ;
#1563=ADVANCED_FACE('PartBody',(#1562),#1544,.F.) ;
#1582=ADVANCED_FACE('PartBody',(#1581),#1544,.F.) ;
#1601=ADVANCED_FACE('PartBody',(#1600),#1544,.F.) ;
#1620=ADVANCED_FACE('PartBody',(#1619),#1544,.F.) ;
#1651=ADVANCED_FACE('PartBody',(#1650),#1625,.F.) ;
#1663=ADVANCED_FACE('PartBody',(#1662),#1625,.F.) ;
#1694=ADVANCED_FACE('PartBody',(#1693),#1668,.F.) ;
#1706=ADVANCED_FACE('PartBody',(#1705),#1668,.F.) ;
#1737=ADVANCED_FACE('PartBody',(#1736),#1711,.F.) ;
#1749=ADVANCED_FACE('PartBody',(#1748),#1711,.F.) ;
#1816=ADVANCED_FACE('PartBody',(#1815),#1167,.T.) ;
#1883=ADVANCED_FACE('PartBody',(#1882),#1167,.T.) ;
#1950=ADVANCED_FACE('PartBody',(#1949),#1167,.T.) ;
#2017=ADVANCED_FACE('PartBody',(#2016),#1167,.T.) ;
#2040=ADVANCED_FACE('PartBody',(#2035,#2039),#1109,.T.) ;
#2063=ADVANCED_FACE('PartBody',(#2058,#2062),#1109,.T.) ;
#2086=ADVANCED_FACE('PartBody',(#2081,#2085),#1109,.T.) ;
#2105=ADVANCED_FACE('PartBody',(#2104),#1499,.F.) ;
#2118=ADVANCED_FACE('PartBody',(#2117),#1444,.F.) ;
#2137=ADVANCED_FACE('PartBody',(#2136),#1399,.F.) ;
#2150=ADVANCED_FACE('PartBody',(#2149),#1344,.F.) ;
#2168=ADVANCED_FACE('PartBody',(#2167),#1305,.F.) ;
#2181=ADVANCED_FACE('PartBody',(#2180),#1257,.F.) ;
#2203=ADVANCED_FACE('PartBody',(#2202),#2186,.F.) ;
#2210=ADVANCED_FACE('PartBody',(#2209),#2186,.F.) ;
#2228=ADVANCED_FACE('PartBody',(#2227),#1070,.F.) ;
#2241=ADVANCED_FACE('PartBody',(#2240),#1022,.F.) ;
#2272=ADVANCED_FACE('PartBody',(#2271),#2246,.F.) ;
#2296=ADVANCED_FACE('PartBody',(#2295),#2277,.F.) ;
#2320=ADVANCED_FACE('PartBody',(#2319),#2301,.F.) ;
#2344=ADVANCED_FACE('PartBody',(#2343),#2325,.T.) ;
#2368=ADVANCED_FACE('PartBody',(#2367),#2349,.F.) ;
#2392=ADVANCED_FACE('PartBody',(#2391),#2373,.F.) ;
#2416=ADVANCED_FACE('PartBody',(#2415),#2397,.F.) ;
#2433=ADVANCED_FACE('PartBody',(#2432),#2421,.T.) ;
#2464=ADVANCED_FACE('PartBody',(#2463),#2438,.F.) ;
#2488=ADVANCED_FACE('PartBody',(#2487),#2469,.F.) ;
#2512=ADVANCED_FACE('PartBody',(#2511),#2493,.F.) ;
#2536=ADVANCED_FACE('PartBody',(#2535),#2517,.F.) ;
#2560=ADVANCED_FACE('PartBody',(#2559),#2541,.F.) ;
#2584=ADVANCED_FACE('PartBody',(#2583),#2565,.F.) ;
#2608=ADVANCED_FACE('PartBody',(#2607),#2589,.F.) ;
#2625=ADVANCED_FACE('PartBody',(#2624),#2613,.F.) ;
#2651=ADVANCED_FACE('PartBody',(#2650),#2277,.F.) ;
#2675=ADVANCED_FACE('PartBody',(#2674),#2656,.F.) ;
#2699=ADVANCED_FACE('PartBody',(#2698),#2680,.F.) ;
#2723=ADVANCED_FACE('PartBody',(#2722),#2704,.F.) ;
#2742=ADVANCED_FACE('PartBody',(#2741),#2373,.F.) ;
#2766=ADVANCED_FACE('PartBody',(#2765),#2747,.F.) ;
#2790=ADVANCED_FACE('PartBody',(#2789),#2771,.F.) ;
#2807=ADVANCED_FACE('PartBody',(#2806),#2795,.F.) ;
#2838=ADVANCED_FACE('PartBody',(#2837),#2812,.F.) ;
#2862=ADVANCED_FACE('PartBody',(#2861),#2843,.F.) ;
#2886=ADVANCED_FACE('PartBody',(#2885),#2867,.F.) ;
#2910=ADVANCED_FACE('PartBody',(#2909),#2891,.F.) ;
#2934=ADVANCED_FACE('PartBody',(#2933),#2915,.T.) ;
#2958=ADVANCED_FACE('PartBody',(#2957),#2939,.F.) ;
#2977=ADVANCED_FACE('PartBody',(#2976),#574,.F.) ;
#2994=ADVANCED_FACE('PartBody',(#2993),#2982,.F.) ;
#3020=ADVANCED_FACE('PartBody',(#3019),#2589,.F.) ;
#3044=ADVANCED_FACE('PartBody',(#3043),#3025,.F.) ;
#3063=ADVANCED_FACE('PartBody',(#3062),#574,.F.) ;
#3087=ADVANCED_FACE('PartBody',(#3086),#3068,.F.) ;
#3111=ADVANCED_FACE('PartBody',(#3110),#3092,.F.) ;
#3135=ADVANCED_FACE('PartBody',(#3134),#3116,.F.) ;
#3154=ADVANCED_FACE('PartBody',(#3153),#2867,.F.) ;
#3171=ADVANCED_FACE('PartBody',(#3170),#3159,.F.) ;
#3193=ADVANCED_FACE('PartBody',(#3192),#3176,.F.) ;
#3215=ADVANCED_FACE('PartBody',(#3214),#3198,.T.) ;
#3237=ADVANCED_FACE('PartBody',(#3236),#3220,.F.) ;
#3259=ADVANCED_FACE('PartBody',(#3258),#3242,.T.) ;
#3281=ADVANCED_FACE('PartBody',(#3280),#3264,.F.) ;
#3366=ADVANCED_FACE('PartBody',(#3349,#3353,#3357,#3361,#3365),#3286,.T.) ;
#3378=ADVANCED_FACE('PartBody',(#3377),#3371,.F.) ;
#3397=ADVANCED_FACE('PartBody',(#3396),#3383,.T.) ;
#3409=ADVANCED_FACE('PartBody',(#3408),#3402,.F.) ;
#3428=ADVANCED_FACE('PartBody',(#3427),#3414,.T.) ;
#3447=ADVANCED_FACE('PartBody',(#3446),#3433,.T.) ;
#3464=ADVANCED_FACE('PartBody',(#3463),#3452,.F.) ;
#3478=ADVANCED_FACE('PartBody',(#3477),#3469,.T.) ;
#3509=ADVANCED_FACE('PartBody',(#3508),#3483,.F.) ;
#3521=ADVANCED_FACE('PartBody',(#3520),#3483,.F.) ;
#3552=ADVANCED_FACE('PartBody',(#3551),#3526,.F.) ;
#3564=ADVANCED_FACE('PartBody',(#3563),#3526,.F.) ;
#3595=ADVANCED_FACE('PartBody',(#3594),#3569,.F.) ;
#3607=ADVANCED_FACE('PartBody',(#3606),#3569,.F.) ;
#3638=ADVANCED_FACE('PartBody',(#3637),#3612,.F.) ;
#3650=ADVANCED_FACE('PartBody',(#3649),#3612,.F.) ;
#3685=ADVANCED_FACE('PartBody',(#3684),#2541,.F.) ;
#3725=ADVANCED_FACE('PartBody',(#3724),#3690,.F.) ;
#3747=ADVANCED_FACE('PartBody',(#3746),#3730,.F.) ;
#3778=ADVANCED_FACE('PartBody',(#3777),#3752,.F.) ;
#3790=ADVANCED_FACE('PartBody',(#3789),#3752,.F.) ;
#3807=ADVANCED_FACE('PartBody',(#3806),#3795,.T.) ;
#3824=ADVANCED_FACE('PartBody',(#3823),#3812,.T.) ;
#3841=ADVANCED_FACE('PartBody',(#3840),#3829,.T.) ;
#3858=ADVANCED_FACE('PartBody',(#3857),#3846,.T.) ;
#3898=ADVANCED_FACE('PartBody',(#3897),#3863,.F.) ;
#3929=ADVANCED_FACE('PartBody',(#3928),#3903,.T.) ;
#3960=ADVANCED_FACE('PartBody',(#3959),#3934,.F.) ;
#3991=ADVANCED_FACE('PartBody',(#3990),#3965,.T.) ;
#4022=ADVANCED_FACE('PartBody',(#4021),#3996,.F.) ;
#4053=ADVANCED_FACE('PartBody',(#4052),#1167,.T.) ;
#4195=ADVANCED_FACE('PartBody',(#4068,#4097,#4101,#4167,#4178,#4182,#4186,#4190,#4194),#4058,.T.) ;
#4219=ADVANCED_FACE('PartBody',(#4218),#4200,.T.) ;
#4243=ADVANCED_FACE('PartBody',(#4242),#4224,.T.) ;
#4255=ADVANCED_FACE('PartBody',(#4254),#4248,.F.) ;
#4286=ADVANCED_FACE('PartBody',(#4285),#4260,.F.) ;
#4317=ADVANCED_FACE('PartBody',(#4316),#4291,.F.) ;
#4348=ADVANCED_FACE('PartBody',(#4347),#4322,.F.) ;
#4379=ADVANCED_FACE('PartBody',(#4378),#4353,.F.) ;
#4391=ADVANCED_FACE('PartBody',(#4390),#2373,.F.) ;
#4403=ADVANCED_FACE('PartBody',(#4402),#636,.F.) ;
#4420=ADVANCED_FACE('PartBody',(#4419),#4408,.F.) ;
#4432=ADVANCED_FACE('PartBody',(#4431),#2589,.F.) ;
#4463=ADVANCED_FACE('PartBody',(#4462),#4437,.T.) ;
#4487=ADVANCED_FACE('PartBody',(#4486),#4468,.F.) ;
#4511=ADVANCED_FACE('PartBody',(#4510),#4492,.T.) ;
#4535=ADVANCED_FACE('PartBody',(#4534),#4516,.F.) ;
#4559=ADVANCED_FACE('PartBody',(#4558),#4540,.T.) ;
#4583=ADVANCED_FACE('PartBody',(#4582),#4564,.F.) ;
#4607=ADVANCED_FACE('PartBody',(#4606),#4588,.T.) ;
#4624=ADVANCED_FACE('PartBody',(#4623),#4612,.F.) ;
#4655=ADVANCED_FACE('PartBody',(#4654),#4629,.T.) ;
#4667=ADVANCED_FACE('PartBody',(#4666),#4629,.T.) ;
#4698=ADVANCED_FACE('PartBody',(#4697),#4672,.T.) ;
#4715=ADVANCED_FACE('PartBody',(#4714),#4703,.T.) ;
#4746=ADVANCED_FACE('PartBody',(#4745),#4720,.T.) ;
#4758=ADVANCED_FACE('PartBody',(#4757),#4720,.T.) ;
#4789=ADVANCED_FACE('PartBody',(#4788),#4763,.T.) ;
#4806=ADVANCED_FACE('PartBody',(#4805),#4794,.T.) ;
#4837=ADVANCED_FACE('PartBody',(#4836),#4811,.T.) ;
#4849=ADVANCED_FACE('PartBody',(#4848),#4811,.T.) ;
#4880=ADVANCED_FACE('PartBody',(#4879),#4854,.T.) ;
#4897=ADVANCED_FACE('PartBody',(#4896),#4885,.T.) ;
#4928=ADVANCED_FACE('PartBody',(#4927),#4902,.T.) ;
#4947=ADVANCED_FACE('PartBody',(#4946),#4902,.T.) ;
#4966=ADVANCED_FACE('PartBody',(#4965),#4902,.T.) ;
#5113=ADVANCED_FACE('PartBody',(#4982,#4986,#4990,#4994,#5004,#5019,#5062,#5072,#5082,#5092,#5102,#5112),#320,.T.) ;
#5135=ADVANCED_FACE('PartBody',(#5134),#5118,.T.) ;
#5154=ADVANCED_FACE('PartBody',(#5153),#5140,.T.) ;
#5173=ADVANCED_FACE('PartBody',(#5172),#5159,.T.) ;
#5191=ADVANCED_FACE('PartBody',(#5190),#5178,.F.) ;
#4=APPLICATION_PROTOCOL_DEFINITION('international standard','config_control_design',1994,#1) ;
#32=APPROVAL_DATE_TIME(#13,#21) ;
#1345=B_SPLINE_CURVE_WITH_KNOTS('',5,(#1346,#1347,#1348,#1349,#1350,#1351,#1352,#1353,#1354),.UNSPECIFIED.,.F.,.U.,(6,3,6),(0.,132.099855352,264.199710704),.UNSPECIFIED.) ;
#1360=B_SPLINE_CURVE_WITH_KNOTS('',3,(#1361,#1362,#1363,#1364),.UNSPECIFIED.,.F.,.U.,(4,4),(0.,50.0076547177),.UNSPECIFIED.) ;
#1400=B_SPLINE_CURVE_WITH_KNOTS('',5,(#1401,#1402,#1403,#1404,#1405,#1406,#1407,#1408,#1409),.UNSPECIFIED.,.F.,.U.,(6,3,6),(0.,132.099856298,264.199712596),.UNSPECIFIED.) ;
#1445=B_SPLINE_CURVE_WITH_KNOTS('',5,(#1446,#1447,#1448,#1449,#1450,#1451,#1452,#1453,#1454),.UNSPECIFIED.,.F.,.U.,(6,3,6),(0.,132.099855352,264.199710704),.UNSPECIFIED.) ;
#1460=B_SPLINE_CURVE_WITH_KNOTS('',3,(#1461,#1462,#1463,#1464),.UNSPECIFIED.,.F.,.U.,(4,4),(0.,50.0076547177),.UNSPECIFIED.) ;
#1500=B_SPLINE_CURVE_WITH_KNOTS('',5,(#1501,#1502,#1503,#1504,#1505,#1506,#1507,#1508,#1509),.UNSPECIFIED.,.F.,.U.,(6,3,6),(0.,132.099856298,264.199712596),.UNSPECIFIED.) ;
#2087=B_SPLINE_CURVE_WITH_KNOTS('',3,(#2088,#2089,#2090,#2091),.UNSPECIFIED.,.F.,.U.,(4,4),(0.,50.0076566101),.UNSPECIFIED.) ;
#2119=B_SPLINE_CURVE_WITH_KNOTS('',3,(#2120,#2121,#2122,#2123),.UNSPECIFIED.,.F.,.U.,(4,4),(0.,50.0076566101),.UNSPECIFIED.) ;
#5141=B_SPLINE_CURVE_WITH_KNOTS('',4,(#5142,#5143,#5144,#5145,#5146),.UNSPECIFIED.,.F.,.U.,(5,5),(0.,12.55085805),.UNSPECIFIED.) ;
#5160=B_SPLINE_CURVE_WITH_KNOTS('',4,(#5161,#5162,#5163,#5164,#5165),.UNSPECIFIED.,.F.,.U.,(5,5),(0.,12.5508417018),.UNSPECIFIED.) ;
#5192=MANIFOLD_SOLID_BREP('PartBody',#51) ;
#11=CALENDAR_DATE(2025,3,12) ;
#30=CC_DESIGN_APPROVAL(#21,(#16,#6,#14)) ;
#18=CC_DESIGN_DATE_AND_TIME_ASSIGNMENT(#13,#17,(#16)) ;
#29=CC_DESIGN_DATE_AND_TIME_ASSIGNMENT(#13,#28,(#14)) ;
#17=DATE_TIME_ROLE('classification_date') ;
#28=DATE_TIME_ROLE('creation_date') ;
#27=CC_DESIGN_PERSON_AND_ORGANIZATION_ASSIGNMENT(#25,#26,(#16)) ;
#33=CC_DESIGN_PERSON_AND_ORGANIZATION_ASSIGNMENT(#25,#34,(#6)) ;
#35=CC_DESIGN_PERSON_AND_ORGANIZATION_ASSIGNMENT(#25,#36,(#6,#14)) ;
#37=CC_DESIGN_PERSON_AND_ORGANIZATION_ASSIGNMENT(#25,#38,(#5)) ;
#26=PERSON_AND_ORGANIZATION_ROLE('classification_officer') ;
#34=PERSON_AND_ORGANIZATION_ROLE('design_supplier') ;
#36=PERSON_AND_ORGANIZATION_ROLE('creator') ;
#38=PERSON_AND_ORGANIZATION_ROLE('design_owner') ;
#39=CC_DESIGN_SECURITY_CLASSIFICATION(#16,(#6)) ;
#293=CIRCLE('generated circle',#292,2.) ;
#307=CIRCLE('generated circle',#306,2.) ;
#324=CIRCLE('generated circle',#323,4.) ;
#329=CIRCLE('generated circle',#328,3.25) ;
#341=CIRCLE('generated circle',#340,4.) ;
#355=CIRCLE('generated circle',#354,4.) ;
#367=CIRCLE('generated circle',#366,4.) ;
#372=CIRCLE('generated circle',#371,3.25) ;
#384=CIRCLE('generated circle',#383,4.) ;
#391=CIRCLE('generated circle',#390,4.) ;
#398=CIRCLE('generated circle',#397,2.) ;
#412=CIRCLE('generated circle',#411,2.) ;
#426=CIRCLE('generated circle',#425,4.) ;
#431=CIRCLE('generated circle',#430,3.25) ;
#443=CIRCLE('generated circle',#442,4.) ;
#448=CIRCLE('generated circle',#447,3.25) ;
#469=CIRCLE('generated circle',#468,2.) ;
#476=CIRCLE('generated circle',#475,4.) ;
#481=CIRCLE('generated circle',#480,4.) ;
#488=CIRCLE('generated circle',#487,2.) ;
#547=CIRCLE('generated circle',#546,2.) ;
#561=CIRCLE('generated circle',#560,2.) ;
#609=CIRCLE('generated circle',#608,2.) ;
#623=CIRCLE('generated circle',#622,2.) ;
#669=CIRCLE('generated circle',#668,2.) ;
#700=CIRCLE('generated circle',#699,2.) ;
#731=CIRCLE('generated circle',#730,2.) ;
#762=CIRCLE('generated circle',#761,2.) ;
#795=CIRCLE('generated circle',#794,2.) ;
#809=CIRCLE('generated circle',#808,2.) ;
#835=CIRCLE('generated circle',#834,2.) ;
#849=CIRCLE('generated circle',#848,2.) ;
#875=CIRCLE('generated circle',#874,2.) ;
#889=CIRCLE('generated circle',#888,2.) ;
#915=CIRCLE('generated circle',#914,2.) ;
#929=CIRCLE('generated circle',#928,2.) ;
#955=CIRCLE('generated circle',#954,2.) ;
#969=CIRCLE('generated circle',#968,2.) ;
#995=CIRCLE('generated circle',#994,2.) ;
#1009=CIRCLE('generated circle',#1008,2.) ;
#1026=CIRCLE('generated circle',#1025,1.75) ;
#1035=CIRCLE('generated circle',#1034,1.75) ;
#1049=CIRCLE('generated circle',#1048,3.25) ;
#1074=CIRCLE('generated circle',#1073,1.75) ;
#1088=CIRCLE('generated circle',#1087,1.75) ;
#1113=CIRCLE('generated circle',#1112,4.5) ;
#1122=CIRCLE('generated circle',#1121,4.5) ;
#1129=CIRCLE('generated circle',#1128,4.5) ;
#1136=CIRCLE('generated circle',#1135,8.) ;
#1147=CIRCLE('generated circle',#1146,1.95) ;
#1156=CIRCLE('generated circle',#1155,1.95) ;
#1171=CIRCLE('generated circle',#1170,2.) ;
#1187=CIRCLE('generated circle',#1186,2.) ;
#1201=CIRCLE('generated circle',#1200,2.) ;
#1215=CIRCLE('generated circle',#1214,2.) ;
#1237=CIRCLE('generated circle',#1236,2.5) ;
#1246=CIRCLE('generated circle',#1245,2.5) ;
#1261=CIRCLE('generated circle',#1260,1.75) ;
#1270=CIRCLE('generated circle',#1269,1.75) ;
#1284=CIRCLE('generated circle',#1283,3.25) ;
#1309=CIRCLE('generated circle',#1308,1.75) ;
#1323=CIRCLE('generated circle',#1322,1.75) ;
#1378=CIRCLE('generated circle',#1377,3.25) ;
#1423=CIRCLE('generated circle',#1422,1.75) ;
#1478=CIRCLE('generated circle',#1477,3.25) ;
#1523=CIRCLE('generated circle',#1522,1.75) ;
#1548=CIRCLE('generated circle',#1547,1.95) ;
#1557=CIRCLE('generated circle',#1556,1.95) ;
#1567=CIRCLE('generated circle',#1566,1.95) ;
#1576=CIRCLE('generated circle',#1575,1.95) ;
#1586=CIRCLE('generated circle',#1585,1.95) ;
#1595=CIRCLE('generated circle',#1594,1.95) ;
#1605=CIRCLE('generated circle',#1604,1.95) ;
#1614=CIRCLE('generated circle',#1613,1.95) ;
#1629=CIRCLE('generated circle',#1628,1.95) ;
#1655=CIRCLE('generated circle',#1654,1.95) ;
#1672=CIRCLE('generated circle',#1671,1.95) ;
#1698=CIRCLE('generated circle',#1697,1.95) ;
#1715=CIRCLE('generated circle',#1714,1.95) ;
#1741=CIRCLE('generated circle',#1740,1.95) ;
#1762=CIRCLE('generated circle',#1761,2.) ;
#1776=CIRCLE('generated circle',#1775,2.) ;
#1790=CIRCLE('generated circle',#1789,2.) ;
#1804=CIRCLE('generated circle',#1803,2.) ;
#1820=CIRCLE('generated circle',#1819,2.) ;
#1836=CIRCLE('generated circle',#1835,2.) ;
#1850=CIRCLE('generated circle',#1849,2.) ;
#1864=CIRCLE('generated circle',#1863,2.) ;
#1887=CIRCLE('generated circle',#1886,2.) ;
#1903=CIRCLE('generated circle',#1902,2.) ;
#1917=CIRCLE('generated circle',#1916,2.) ;
#1931=CIRCLE('generated circle',#1930,2.) ;
#1954=CIRCLE('generated circle',#1953,2.) ;
#1970=CIRCLE('generated circle',#1969,2.) ;
#1984=CIRCLE('generated circle',#1983,2.) ;
#1998=CIRCLE('generated circle',#1997,2.) ;
#2021=CIRCLE('generated circle',#2020,4.5) ;
#2030=CIRCLE('generated circle',#2029,4.5) ;
#2044=CIRCLE('generated circle',#2043,4.5) ;
#2053=CIRCLE('generated circle',#2052,4.5) ;
#2067=CIRCLE('generated circle',#2066,4.5) ;
#2076=CIRCLE('generated circle',#2075,4.5) ;
#2096=CIRCLE('generated circle',#2095,1.75) ;
#2109=CIRCLE('generated circle',#2108,3.25) ;
#2128=CIRCLE('generated circle',#2127,1.75) ;
#2141=CIRCLE('generated circle',#2140,3.25) ;
#2154=CIRCLE('generated circle',#2153,1.75) ;
#2159=CIRCLE('generated circle',#2158,1.75) ;
#2172=CIRCLE('generated circle',#2171,3.25) ;
#2214=CIRCLE('generated circle',#2213,1.75) ;
#2219=CIRCLE('generated circle',#2218,1.75) ;
#2232=CIRCLE('generated circle',#2231,3.25) ;
#2257=CIRCLE('generated circle',#2256,2.) ;
#2305=CIRCLE('generated circle',#2304,2.) ;
#2353=CIRCLE('generated circle',#2352,2.) ;
#2401=CIRCLE('generated circle',#2400,2.) ;
#2473=CIRCLE('generated circle',#2472,2.) ;
#2521=CIRCLE('generated circle',#2520,2.) ;
#2569=CIRCLE('generated circle',#2568,2.) ;
#2617=CIRCLE('generated circle',#2616,2.) ;
#2660=CIRCLE('generated circle',#2659,2.) ;
#2708=CIRCLE('generated circle',#2707,2.) ;
#2751=CIRCLE('generated circle',#2750,2.) ;
#2799=CIRCLE('generated circle',#2798,2.) ;
#2847=CIRCLE('generated circle',#2846,2.) ;
#2895=CIRCLE('generated circle',#2894,2.) ;
#2943=CIRCLE('generated circle',#2942,2.) ;
#2986=CIRCLE('generated circle',#2985,2.) ;
#3029=CIRCLE('generated circle',#3028,2.) ;
#3072=CIRCLE('generated circle',#3071,2.) ;
#3120=CIRCLE('generated circle',#3119,2.) ;
#3163=CIRCLE('generated circle',#3162,2.) ;
#3202=CIRCLE('generated circle',#3201,4.) ;
#3207=CIRCLE('generated circle',#3206,4.) ;
#3246=CIRCLE('generated circle',#3245,4.) ;
#3251=CIRCLE('generated circle',#3250,4.) ;
#3290=CIRCLE('generated circle',#3289,4.) ;
#3300=CIRCLE('generated circle',#3299,4.) ;
#3314=CIRCLE('generated circle',#3313,4.) ;
#3324=CIRCLE('generated circle',#3323,4.) ;
#3387=CIRCLE('generated circle',#3386,4.) ;
#3418=CIRCLE('generated circle',#3417,4.) ;
#3487=CIRCLE('generated circle',#3486,3.25) ;
#3513=CIRCLE('generated circle',#3512,3.25) ;
#3530=CIRCLE('generated circle',#3529,3.25) ;
#3556=CIRCLE('generated circle',#3555,3.25) ;
#3573=CIRCLE('generated circle',#3572,3.25) ;
#3599=CIRCLE('generated circle',#3598,3.25) ;
#3623=CIRCLE('generated circle',#3622,2.5) ;
#3642=CIRCLE('generated circle',#3641,2.5) ;
#3734=CIRCLE('generated circle',#3733,8.) ;
#3739=CIRCLE('generated circle',#3738,8.) ;
#3756=CIRCLE('generated circle',#3755,3.25) ;
#3782=CIRCLE('generated circle',#3781,3.25) ;
#3799=CIRCLE('generated circle',#3798,3.25) ;
#3816=CIRCLE('generated circle',#3815,3.25) ;
#3833=CIRCLE('generated circle',#3832,3.25) ;
#3850=CIRCLE('generated circle',#3849,3.25) ;
#3876=CIRCLE('generated circle',#3875,0.5) ;
#3890=CIRCLE('generated circle',#3889,0.5) ;
#3938=CIRCLE('generated circle',#3937,0.5) ;
#3952=CIRCLE('generated circle',#3951,0.5) ;
#4000=CIRCLE('generated circle',#3999,0.5) ;
#4014=CIRCLE('generated circle',#4013,0.5) ;
#4026=CIRCLE('generated circle',#4025,0.5) ;
#4072=CIRCLE('generated circle',#4071,0.5) ;
#4105=CIRCLE('generated circle',#4104,2.) ;
#4121=CIRCLE('generated circle',#4120,2.) ;
#4135=CIRCLE('generated circle',#4134,2.) ;
#4149=CIRCLE('generated circle',#4148,2.) ;
#4171=CIRCLE('generated circle',#4170,8.) ;
#4264=CIRCLE('generated circle',#4263,2.) ;
#4295=CIRCLE('generated circle',#4294,2.) ;
#4326=CIRCLE('generated circle',#4325,2.) ;
#4357=CIRCLE('generated circle',#4356,2.) ;
#4479=CIRCLE('generated circle',#4478,3.) ;
#4527=CIRCLE('generated circle',#4526,3.) ;
#4575=CIRCLE('generated circle',#4574,3.) ;
#4616=CIRCLE('generated circle',#4615,3.) ;
#4647=CIRCLE('generated circle',#4646,4.5) ;
#4659=CIRCLE('generated circle',#4658,4.5) ;
#4683=CIRCLE('generated circle',#4682,5.5) ;
#4707=CIRCLE('generated circle',#4706,5.5) ;
#4738=CIRCLE('generated circle',#4737,4.5) ;
#4750=CIRCLE('generated circle',#4749,4.5) ;
#4774=CIRCLE('generated circle',#4773,5.5) ;
#4798=CIRCLE('generated circle',#4797,5.5) ;
#4829=CIRCLE('generated circle',#4828,4.5) ;
#4841=CIRCLE('generated circle',#4840,4.5) ;
#4865=CIRCLE('generated circle',#4864,5.5) ;
#4889=CIRCLE('generated circle',#4888,5.5) ;
#4920=CIRCLE('generated circle',#4919,4.5) ;
#4939=CIRCLE('generated circle',#4938,4.5) ;
#4958=CIRCLE('generated circle',#4957,4.5) ;
#5023=CIRCLE('generated circle',#5022,5.5) ;
#5032=CIRCLE('generated circle',#5031,5.5) ;
#5039=CIRCLE('generated circle',#5038,5.5) ;
#5046=CIRCLE('generated circle',#5045,8.) ;
#5051=CIRCLE('generated circle',#5050,8.) ;
#1022=CONICAL_SURFACE('Cone',#1021,1.7763568394E-015,1.0471975512) ;
#1257=CONICAL_SURFACE('Cone',#1256,1.7763568394E-015,1.0471975512) ;
#1344=CONICAL_SURFACE('Cone',#1343,1.7763568394E-015,1.0471975512) ;
#1444=CONICAL_SURFACE('Cone',#1443,1.7763568394E-015,1.0471975512) ;
#4468=CONICAL_SURFACE('Cone',#4467,0.,0.785398163397) ;
#4516=CONICAL_SURFACE('Cone',#4515,0.,0.785398163397) ;
#4564=CONICAL_SURFACE('Cone',#4563,0.,0.785398163397) ;
#4612=CONICAL_SURFACE('Cone',#4611,0.,0.785398163397) ;
#4672=CONICAL_SURFACE('Cone',#4671,0.,0.785398163397) ;
#4703=CONICAL_SURFACE('Cone',#4702,0.,0.785398163397) ;
#4763=CONICAL_SURFACE('Cone',#4762,0.,0.785398163397) ;
#4794=CONICAL_SURFACE('Cone',#4793,0.,0.785398163397) ;
#4854=CONICAL_SURFACE('Cone',#4853,0.,0.785398163397) ;
#4885=CONICAL_SURFACE('Cone',#4884,0.,0.785398163397) ;
#5118=CONICAL_SURFACE('Cone',#5117,0.,0.785398163397) ;
#5140=CONICAL_SURFACE('Cone',#5139,0.,0.785398163397) ;
#5159=CONICAL_SURFACE('Cone',#5158,0.,0.785398163398) ;
#5194=SHAPE_REPRESENTATION_RELATIONSHIP(' ',' ',#49,#5193) ;
#280=CYLINDRICAL_SURFACE('generated cylinder',#279,2.) ;
#543=CYLINDRICAL_SURFACE('generated cylinder',#542,2.) ;
#605=CYLINDRICAL_SURFACE('generated cylinder',#604,2.) ;
#658=CYLINDRICAL_SURFACE('generated cylinder',#657,2.) ;
#689=CYLINDRICAL_SURFACE('generated cylinder',#688,2.) ;
#720=CYLINDRICAL_SURFACE('generated cylinder',#719,2.) ;
#751=CYLINDRICAL_SURFACE('generated cylinder',#750,2.) ;
#782=CYLINDRICAL_SURFACE('generated cylinder',#781,2.) ;
#822=CYLINDRICAL_SURFACE('generated cylinder',#821,2.) ;
#862=CYLINDRICAL_SURFACE('generated cylinder',#861,2.) ;
#902=CYLINDRICAL_SURFACE('generated cylinder',#901,2.) ;
#942=CYLINDRICAL_SURFACE('generated cylinder',#941,2.) ;
#982=CYLINDRICAL_SURFACE('generated cylinder',#981,2.) ;
#1070=CYLINDRICAL_SURFACE('generated cylinder',#1069,1.75) ;
#1305=CYLINDRICAL_SURFACE('generated cylinder',#1304,1.75) ;
#1399=CYLINDRICAL_SURFACE('generated cylinder',#1398,1.75) ;
#1499=CYLINDRICAL_SURFACE('generated cylinder',#1498,1.75) ;
#1625=CYLINDRICAL_SURFACE('generated cylinder',#1624,1.95) ;
#1668=CYLINDRICAL_SURFACE('generated cylinder',#1667,1.95) ;
#1711=CYLINDRICAL_SURFACE('generated cylinder',#1710,1.95) ;
#2186=CYLINDRICAL_SURFACE('generated cylinder',#2185,1.95) ;
#2246=CYLINDRICAL_SURFACE('generated cylinder',#2245,2.) ;
#2301=CYLINDRICAL_SURFACE('generated cylinder',#2300,2.) ;
#2349=CYLINDRICAL_SURFACE('generated cylinder',#2348,2.) ;
#2397=CYLINDRICAL_SURFACE('generated cylinder',#2396,2.) ;
#2469=CYLINDRICAL_SURFACE('generated cylinder',#2468,2.) ;
#2517=CYLINDRICAL_SURFACE('generated cylinder',#2516,2.) ;
#2565=CYLINDRICAL_SURFACE('generated cylinder',#2564,2.) ;
#2613=CYLINDRICAL_SURFACE('generated cylinder',#2612,2.) ;
#2656=CYLINDRICAL_SURFACE('generated cylinder',#2655,2.) ;
#2704=CYLINDRICAL_SURFACE('generated cylinder',#2703,2.) ;
#2747=CYLINDRICAL_SURFACE('generated cylinder',#2746,2.) ;
#2795=CYLINDRICAL_SURFACE('generated cylinder',#2794,2.) ;
#2843=CYLINDRICAL_SURFACE('generated cylinder',#2842,2.) ;
#2891=CYLINDRICAL_SURFACE('generated cylinder',#2890,2.) ;
#2939=CYLINDRICAL_SURFACE('generated cylinder',#2938,2.) ;
#2982=CYLINDRICAL_SURFACE('generated cylinder',#2981,2.) ;
#3025=CYLINDRICAL_SURFACE('generated cylinder',#3024,2.) ;
#3068=CYLINDRICAL_SURFACE('generated cylinder',#3067,2.) ;
#3116=CYLINDRICAL_SURFACE('generated cylinder',#3115,2.) ;
#3159=CYLINDRICAL_SURFACE('generated cylinder',#3158,2.) ;
#3198=CYLINDRICAL_SURFACE('generated cylinder',#3197,4.) ;
#3242=CYLINDRICAL_SURFACE('generated cylinder',#3241,4.) ;
#3383=CYLINDRICAL_SURFACE('generated cylinder',#3382,4.) ;
#3414=CYLINDRICAL_SURFACE('generated cylinder',#3413,4.) ;
#3433=CYLINDRICAL_SURFACE('generated cylinder',#3432,4.) ;
#3469=CYLINDRICAL_SURFACE('generated cylinder',#3468,4.) ;
#3483=CYLINDRICAL_SURFACE('generated cylinder',#3482,3.25) ;
#3526=CYLINDRICAL_SURFACE('generated cylinder',#3525,3.25) ;
#3569=CYLINDRICAL_SURFACE('generated cylinder',#3568,3.25) ;
#3612=CYLINDRICAL_SURFACE('generated cylinder',#3611,2.5) ;
#3730=CYLINDRICAL_SURFACE('generated cylinder',#3729,8.) ;
#3752=CYLINDRICAL_SURFACE('generated cylinder',#3751,3.25) ;
#3795=CYLINDRICAL_SURFACE('generated cylinder',#3794,3.25) ;
#3812=CYLINDRICAL_SURFACE('generated cylinder',#3811,3.25) ;
#3829=CYLINDRICAL_SURFACE('generated cylinder',#3828,3.25) ;
#3846=CYLINDRICAL_SURFACE('generated cylinder',#3845,3.25) ;
#3863=CYLINDRICAL_SURFACE('generated cylinder',#3862,0.5) ;
#3934=CYLINDRICAL_SURFACE('generated cylinder',#3933,0.5) ;
#3996=CYLINDRICAL_SURFACE('generated cylinder',#3995,0.5) ;
#4248=CYLINDRICAL_SURFACE('generated cylinder',#4247,0.5) ;
#4260=CYLINDRICAL_SURFACE('generated cylinder',#4259,2.) ;
#4291=CYLINDRICAL_SURFACE('generated cylinder',#4290,2.) ;
#4322=CYLINDRICAL_SURFACE('generated cylinder',#4321,2.) ;
#4353=CYLINDRICAL_SURFACE('generated cylinder',#4352,2.) ;
#4629=CYLINDRICAL_SURFACE('generated cylinder',#4628,4.5) ;
#4720=CYLINDRICAL_SURFACE('generated cylinder',#4719,4.5) ;
#4811=CYLINDRICAL_SURFACE('generated cylinder',#4810,4.5) ;
#4902=CYLINDRICAL_SURFACE('generated cylinder',#4901,4.5) ;
#5178=CYLINDRICAL_SURFACE('generated cylinder',#5177,8.) ;
#3=DESIGN_CONTEXT(' ',#1,'design') ;
#65=EDGE_CURVE('',#62,#64,#60,.T.) ;
#72=EDGE_CURVE('',#64,#71,#69,.T.) ;
#79=EDGE_CURVE('',#71,#78,#76,.T.) ;
#86=EDGE_CURVE('',#78,#85,#83,.T.) ;
#93=EDGE_CURVE('',#92,#85,#90,.T.) ;
#98=EDGE_CURVE('',#62,#92,#97,.T.) ;
#121=EDGE_CURVE('',#118,#120,#116,.T.) ;
#128=EDGE_CURVE('',#120,#127,#125,.T.) ;
#135=EDGE_CURVE('',#127,#134,#132,.T.) ;
#142=EDGE_CURVE('',#134,#141,#139,.T.) ;
#149=EDGE_CURVE('',#148,#141,#146,.T.) ;
#154=EDGE_CURVE('',#118,#148,#153,.T.) ;
#177=EDGE_CURVE('',#174,#176,#172,.T.) ;
#184=EDGE_CURVE('',#183,#174,#181,.T.) ;
#191=EDGE_CURVE('',#183,#190,#188,.T.) ;
#198=EDGE_CURVE('',#190,#197,#195,.T.) ;
#205=EDGE_CURVE('',#197,#204,#202,.T.) ;
#210=EDGE_CURVE('',#204,#176,#209,.T.) ;
#233=EDGE_CURVE('',#230,#232,#228,.T.) ;
#240=EDGE_CURVE('',#239,#230,#237,.T.) ;
#247=EDGE_CURVE('',#239,#246,#244,.T.) ;
#254=EDGE_CURVE('',#246,#253,#251,.T.) ;
#261=EDGE_CURVE('',#253,#260,#258,.T.) ;
#266=EDGE_CURVE('',#260,#232,#265,.T.) ;
#289=EDGE_CURVE('',#286,#288,#284,.T.) ;
#296=EDGE_CURVE('',#295,#286,#293,.T.) ;
#303=EDGE_CURVE('',#302,#295,#300,.F.) ;
#308=EDGE_CURVE('',#302,#288,#307,.T.) ;
#325=EDGE_CURVE('',#64,#253,#324,.T.) ;
#330=EDGE_CURVE('',#260,#62,#329,.F.) ;
#344=EDGE_CURVE('',#343,#64,#341,.T.) ;
#351=EDGE_CURVE('',#350,#343,#348,.F.) ;
#356=EDGE_CURVE('',#71,#350,#355,.T.) ;
#368=EDGE_CURVE('',#120,#71,#367,.T.) ;
#373=EDGE_CURVE('',#78,#118,#372,.F.) ;
#387=EDGE_CURVE('',#127,#386,#384,.T.) ;
#394=EDGE_CURVE('',#393,#120,#391,.T.) ;
#401=EDGE_CURVE('',#393,#400,#398,.T.) ;
#408=EDGE_CURVE('',#407,#400,#405,.F.) ;
#413=EDGE_CURVE('',#407,#386,#412,.T.) ;
#427=EDGE_CURVE('',#190,#127,#426,.T.) ;
#432=EDGE_CURVE('',#134,#183,#431,.F.) ;
#444=EDGE_CURVE('',#246,#197,#443,.T.) ;
#449=EDGE_CURVE('',#204,#239,#448,.F.) ;
#465=EDGE_CURVE('',#462,#464,#460,.F.) ;
#472=EDGE_CURVE('',#462,#471,#469,.T.) ;
#477=EDGE_CURVE('',#253,#471,#476,.T.) ;
#484=EDGE_CURVE('',#483,#246,#481,.T.) ;
#489=EDGE_CURVE('',#483,#464,#488,.T.) ;
#512=EDGE_CURVE('',#509,#511,#507,.T.) ;
#519=EDGE_CURVE('',#511,#518,#516,.T.) ;
#526=EDGE_CURVE('',#525,#518,#523,.T.) ;
#531=EDGE_CURVE('',#525,#509,#530,.T.) ;
#550=EDGE_CURVE('',#511,#549,#547,.T.) ;
#557=EDGE_CURVE('',#549,#556,#554,.F.) ;
#562=EDGE_CURVE('',#518,#556,#561,.T.) ;
#581=EDGE_CURVE('',#549,#580,#578,.F.) ;
#588=EDGE_CURVE('',#580,#587,#585,.T.) ;
#593=EDGE_CURVE('',#556,#587,#592,.F.) ;
#612=EDGE_CURVE('',#580,#611,#609,.T.) ;
#619=EDGE_CURVE('',#611,#618,#616,.F.) ;
#624=EDGE_CURVE('',#587,#618,#623,.T.) ;
#641=EDGE_CURVE('',#611,#302,#640,.F.) ;
#646=EDGE_CURVE('',#618,#295,#645,.F.) ;
#665=EDGE_CURVE('',#664,#393,#662,.T.) ;
#672=EDGE_CURVE('',#671,#664,#669,.T.) ;
#677=EDGE_CURVE('',#671,#400,#676,.T.) ;
#696=EDGE_CURVE('',#695,#407,#693,.T.) ;
#703=EDGE_CURVE('',#702,#695,#700,.T.) ;
#708=EDGE_CURVE('',#702,#386,#707,.T.) ;
#727=EDGE_CURVE('',#726,#462,#724,.T.) ;
#734=EDGE_CURVE('',#733,#726,#731,.T.) ;
#739=EDGE_CURVE('',#733,#471,#738,.T.) ;
#758=EDGE_CURVE('',#757,#483,#755,.T.) ;
#765=EDGE_CURVE('',#764,#757,#762,.T.) ;
#770=EDGE_CURVE('',#764,#464,#769,.T.) ;
#791=EDGE_CURVE('',#788,#790,#786,.T.) ;
#798=EDGE_CURVE('',#797,#788,#795,.T.) ;
#805=EDGE_CURVE('',#797,#804,#802,.T.) ;
#810=EDGE_CURVE('',#790,#804,#809,.F.) ;
#831=EDGE_CURVE('',#828,#830,#826,.T.) ;
#838=EDGE_CURVE('',#837,#828,#835,.T.) ;
#845=EDGE_CURVE('',#837,#844,#842,.T.) ;
#850=EDGE_CURVE('',#830,#844,#849,.F.) ;
#871=EDGE_CURVE('',#868,#870,#866,.T.) ;
#878=EDGE_CURVE('',#877,#868,#875,.T.) ;
#885=EDGE_CURVE('',#877,#884,#882,.T.) ;
#890=EDGE_CURVE('',#870,#884,#889,.F.) ;
#911=EDGE_CURVE('',#908,#910,#906,.T.) ;
#918=EDGE_CURVE('',#917,#908,#915,.T.) ;
#925=EDGE_CURVE('',#917,#924,#922,.T.) ;
#930=EDGE_CURVE('',#910,#924,#929,.F.) ;
#951=EDGE_CURVE('',#948,#950,#946,.T.) ;
#958=EDGE_CURVE('',#957,#948,#955,.T.) ;
#965=EDGE_CURVE('',#957,#964,#962,.T.) ;
#970=EDGE_CURVE('',#950,#964,#969,.F.) ;
#991=EDGE_CURVE('',#988,#990,#986,.T.) ;
#998=EDGE_CURVE('',#997,#988,#995,.T.) ;
#1005=EDGE_CURVE('',#997,#1004,#1002,.T.) ;
#1010=EDGE_CURVE('',#990,#1004,#1009,.F.) ;
#1031=EDGE_CURVE('',#1028,#1030,#1026,.F.) ;
#1038=EDGE_CURVE('',#1037,#1030,#1035,.T.) ;
#1045=EDGE_CURVE('',#1037,#1044,#1042,.T.) ;
#1052=EDGE_CURVE('',#1051,#1044,#1049,.F.) ;
#1057=EDGE_CURVE('',#1028,#1051,#1056,.T.) ;
#1077=EDGE_CURVE('',#1028,#1076,#1074,.F.) ;
#1084=EDGE_CURVE('',#1076,#1083,#1081,.T.) ;
#1091=EDGE_CURVE('',#1083,#1090,#1088,.T.) ;
#1096=EDGE_CURVE('',#1030,#1090,#1095,.T.) ;
#1118=EDGE_CURVE('',#1115,#1117,#1113,.T.) ;
#1125=EDGE_CURVE('',#1117,#1124,#1122,.T.) ;
#1132=EDGE_CURVE('',#1124,#1131,#1129,.T.) ;
#1137=EDGE_CURVE('',#1115,#1131,#1136,.T.) ;
#1152=EDGE_CURVE('',#1149,#1151,#1147,.T.) ;
#1157=EDGE_CURVE('',#1151,#1149,#1156,.T.) ;
#1176=EDGE_CURVE('',#1173,#1175,#1171,.T.) ;
#1183=EDGE_CURVE('',#1175,#1182,#1180,.F.) ;
#1190=EDGE_CURVE('',#1182,#1189,#1187,.T.) ;
#1197=EDGE_CURVE('',#1189,#1196,#1194,.F.) ;
#1204=EDGE_CURVE('',#1196,#1203,#1201,.T.) ;
#1211=EDGE_CURVE('',#1203,#1210,#1208,.F.) ;
#1218=EDGE_CURVE('',#1210,#1217,#1215,.T.) ;
#1223=EDGE_CURVE('',#1217,#1173,#1222,.F.) ;
#1242=EDGE_CURVE('',#1239,#1241,#1237,.T.) ;
#1247=EDGE_CURVE('',#1241,#1239,#1246,.T.) ;
#1266=EDGE_CURVE('',#1263,#1265,#1261,.F.) ;
#1273=EDGE_CURVE('',#1272,#1265,#1270,.T.) ;
#1280=EDGE_CURVE('',#1272,#1279,#1277,.T.) ;
#1287=EDGE_CURVE('',#1286,#1279,#1284,.F.) ;
#1292=EDGE_CURVE('',#1263,#1286,#1291,.T.) ;
#1312=EDGE_CURVE('',#1263,#1311,#1309,.F.) ;
#1319=EDGE_CURVE('',#1311,#1318,#1316,.T.) ;
#1326=EDGE_CURVE('',#1318,#1325,#1323,.T.) ;
#1331=EDGE_CURVE('',#1265,#1325,#1330,.T.) ;
#1359=EDGE_CURVE('',#1356,#1358,#1345,.T.) ;
#1367=EDGE_CURVE('',#1356,#1366,#1360,.T.) ;
#1374=EDGE_CURVE('',#1366,#1373,#1371,.T.) ;
#1381=EDGE_CURVE('',#1380,#1373,#1378,.F.) ;
#1386=EDGE_CURVE('',#1358,#1380,#1385,.T.) ;
#1412=EDGE_CURVE('',#1411,#1366,#1400,.T.) ;
#1419=EDGE_CURVE('',#1356,#1418,#1416,.T.) ;
#1426=EDGE_CURVE('',#1418,#1425,#1423,.T.) ;
#1431=EDGE_CURVE('',#1411,#1425,#1430,.T.) ;
#1459=EDGE_CURVE('',#1456,#1458,#1445,.T.) ;
#1467=EDGE_CURVE('',#1456,#1466,#1460,.T.) ;
#1474=EDGE_CURVE('',#1466,#1473,#1471,.T.) ;
#1481=EDGE_CURVE('',#1480,#1473,#1478,.F.) ;
#1486=EDGE_CURVE('',#1458,#1480,#1485,.T.) ;
#1512=EDGE_CURVE('',#1511,#1466,#1500,.T.) ;
#1519=EDGE_CURVE('',#1456,#1518,#1516,.T.) ;
#1526=EDGE_CURVE('',#1518,#1525,#1523,.T.) ;
#1531=EDGE_CURVE('',#1511,#1525,#1530,.T.) ;
#1553=EDGE_CURVE('',#1550,#1552,#1548,.T.) ;
#1558=EDGE_CURVE('',#1552,#1550,#1557,.T.) ;
#1572=EDGE_CURVE('',#1569,#1571,#1567,.T.) ;
#1577=EDGE_CURVE('',#1571,#1569,#1576,.T.) ;
#1591=EDGE_CURVE('',#1588,#1590,#1586,.T.) ;
#1596=EDGE_CURVE('',#1590,#1588,#1595,.T.) ;
#1610=EDGE_CURVE('',#1607,#1609,#1605,.T.) ;
#1615=EDGE_CURVE('',#1609,#1607,#1614,.T.) ;
#1634=EDGE_CURVE('',#1631,#1633,#1629,.F.) ;
#1639=EDGE_CURVE('',#1607,#1633,#1638,.F.) ;
#1644=EDGE_CURVE('',#1609,#1631,#1643,.F.) ;
#1656=EDGE_CURVE('',#1633,#1631,#1655,.F.) ;
#1677=EDGE_CURVE('',#1674,#1676,#1672,.F.) ;
#1682=EDGE_CURVE('',#1588,#1676,#1681,.F.) ;
#1687=EDGE_CURVE('',#1590,#1674,#1686,.F.) ;
#1699=EDGE_CURVE('',#1676,#1674,#1698,.F.) ;
#1720=EDGE_CURVE('',#1717,#1719,#1715,.F.) ;
#1725=EDGE_CURVE('',#1569,#1719,#1724,.F.) ;
#1730=EDGE_CURVE('',#1571,#1717,#1729,.F.) ;
#1742=EDGE_CURVE('',#1719,#1717,#1741,.F.) ;
#1758=EDGE_CURVE('',#1755,#1757,#1753,.T.) ;
#1765=EDGE_CURVE('',#1757,#1764,#1762,.T.) ;
#1772=EDGE_CURVE('',#1764,#1771,#1769,.T.) ;
#1779=EDGE_CURVE('',#1771,#1778,#1776,.T.) ;
#1786=EDGE_CURVE('',#1778,#1785,#1783,.T.) ;
#1793=EDGE_CURVE('',#1785,#1792,#1790,.T.) ;
#1800=EDGE_CURVE('',#1792,#1799,#1797,.T.) ;
#1805=EDGE_CURVE('',#1799,#1755,#1804,.T.) ;
#1825=EDGE_CURVE('',#1822,#1824,#1820,.T.) ;
#1832=EDGE_CURVE('',#1824,#1831,#1829,.F.) ;
#1839=EDGE_CURVE('',#1831,#1838,#1836,.T.) ;
#1846=EDGE_CURVE('',#1838,#1845,#1843,.F.) ;
#1853=EDGE_CURVE('',#1845,#1852,#1850,.T.) ;
#1860=EDGE_CURVE('',#1852,#1859,#1857,.F.) ;
#1867=EDGE_CURVE('',#1859,#1866,#1864,.T.) ;
#1872=EDGE_CURVE('',#1866,#1822,#1871,.F.) ;
#1892=EDGE_CURVE('',#1889,#1891,#1887,.T.) ;
#1899=EDGE_CURVE('',#1891,#1898,#1896,.F.) ;
#1906=EDGE_CURVE('',#1898,#1905,#1903,.T.) ;
#1913=EDGE_CURVE('',#1905,#1912,#1910,.T.) ;
#1920=EDGE_CURVE('',#1912,#1919,#1917,.T.) ;
#1927=EDGE_CURVE('',#1919,#1926,#1924,.F.) ;
#1934=EDGE_CURVE('',#1926,#1933,#1931,.T.) ;
#1939=EDGE_CURVE('',#1933,#1889,#1938,.F.) ;
#1959=EDGE_CURVE('',#1956,#1958,#1954,.T.) ;
#1966=EDGE_CURVE('',#1958,#1965,#1963,.F.) ;
#1973=EDGE_CURVE('',#1965,#1972,#1970,.T.) ;
#1980=EDGE_CURVE('',#1972,#1979,#1977,.F.) ;
#1987=EDGE_CURVE('',#1979,#1986,#1984,.T.) ;
#1994=EDGE_CURVE('',#1986,#1993,#1991,.F.) ;
#2001=EDGE_CURVE('',#1993,#2000,#1998,.T.) ;
#2006=EDGE_CURVE('',#2000,#1956,#2005,.F.) ;
#2026=EDGE_CURVE('',#2023,#2025,#2021,.T.) ;
#2031=EDGE_CURVE('',#2025,#2023,#2030,.T.) ;
#2049=EDGE_CURVE('',#2046,#2048,#2044,.T.) ;
#2054=EDGE_CURVE('',#2048,#2046,#2053,.T.) ;
#2072=EDGE_CURVE('',#2069,#2071,#2067,.T.) ;
#2077=EDGE_CURVE('',#2071,#2069,#2076,.T.) ;
#2092=EDGE_CURVE('',#1511,#1458,#2087,.T.) ;
#2097=EDGE_CURVE('',#1525,#1518,#2096,.T.) ;
#2110=EDGE_CURVE('',#1473,#1480,#2109,.F.) ;
#2124=EDGE_CURVE('',#1411,#1358,#2119,.T.) ;
#2129=EDGE_CURVE('',#1425,#1418,#2128,.T.) ;
#2142=EDGE_CURVE('',#1373,#1380,#2141,.F.) ;
#2155=EDGE_CURVE('',#1272,#1311,#2154,.T.) ;
#2160=EDGE_CURVE('',#1325,#1318,#2159,.T.) ;
#2173=EDGE_CURVE('',#1279,#1286,#2172,.F.) ;
#2191=EDGE_CURVE('',#1550,#1149,#2190,.F.) ;
#2196=EDGE_CURVE('',#1552,#1151,#2195,.F.) ;
#2215=EDGE_CURVE('',#1037,#1076,#2214,.T.) ;
#2220=EDGE_CURVE('',#1090,#1083,#2219,.T.) ;
#2233=EDGE_CURVE('',#1044,#1051,#2232,.F.) ;
#2253=EDGE_CURVE('',#2252,#1799,#2250,.F.) ;
#2260=EDGE_CURVE('',#2252,#2259,#2257,.T.) ;
#2265=EDGE_CURVE('',#2259,#1755,#2264,.F.) ;
#2284=EDGE_CURVE('',#2259,#2283,#2281,.T.) ;
#2289=EDGE_CURVE('',#2283,#1757,#2288,.T.) ;
#2308=EDGE_CURVE('',#2283,#2307,#2305,.T.) ;
#2313=EDGE_CURVE('',#2307,#1764,#2312,.F.) ;
#2332=EDGE_CURVE('',#2307,#2331,#2329,.T.) ;
#2337=EDGE_CURVE('',#2331,#1771,#2336,.T.) ;
#2356=EDGE_CURVE('',#2331,#2355,#2353,.T.) ;
#2361=EDGE_CURVE('',#2355,#1778,#2360,.F.) ;
#2380=EDGE_CURVE('',#2355,#2379,#2377,.T.) ;
#2385=EDGE_CURVE('',#2379,#1785,#2384,.T.) ;
#2404=EDGE_CURVE('',#2379,#2403,#2401,.T.) ;
#2409=EDGE_CURVE('',#2403,#1792,#2408,.F.) ;
#2426=EDGE_CURVE('',#2403,#2252,#2425,.T.) ;
#2445=EDGE_CURVE('',#2444,#1217,#2442,.T.) ;
#2452=EDGE_CURVE('',#2444,#2451,#2449,.F.) ;
#2457=EDGE_CURVE('',#2451,#1173,#2456,.T.) ;
#2476=EDGE_CURVE('',#2451,#2475,#2473,.T.) ;
#2481=EDGE_CURVE('',#2475,#1175,#2480,.F.) ;
#2500=EDGE_CURVE('',#2475,#2499,#2497,.F.) ;
#2505=EDGE_CURVE('',#2499,#1182,#2504,.T.) ;
#2524=EDGE_CURVE('',#2499,#2523,#2521,.T.) ;
#2529=EDGE_CURVE('',#2523,#1189,#2528,.F.) ;
#2548=EDGE_CURVE('',#2523,#2547,#2545,.F.) ;
#2553=EDGE_CURVE('',#2547,#1196,#2552,.T.) ;
#2572=EDGE_CURVE('',#2547,#2571,#2569,.T.) ;
#2577=EDGE_CURVE('',#2571,#1203,#2576,.F.) ;
#2596=EDGE_CURVE('',#2571,#2595,#2593,.F.) ;
#2601=EDGE_CURVE('',#2595,#1210,#2600,.T.) ;
#2618=EDGE_CURVE('',#2595,#2444,#2617,.T.) ;
#2632=EDGE_CURVE('',#2631,#1866,#2629,.T.) ;
#2639=EDGE_CURVE('',#2631,#2638,#2636,.F.) ;
#2644=EDGE_CURVE('',#2638,#1822,#2643,.T.) ;
#2663=EDGE_CURVE('',#2638,#2662,#2660,.T.) ;
#2668=EDGE_CURVE('',#2662,#1824,#2667,.F.) ;
#2687=EDGE_CURVE('',#2662,#2686,#2684,.F.) ;
#2692=EDGE_CURVE('',#2686,#1831,#2691,.T.) ;
#2711=EDGE_CURVE('',#2686,#2710,#2708,.T.) ;
#2716=EDGE_CURVE('',#2710,#1838,#2715,.F.) ;
#2730=EDGE_CURVE('',#2710,#2729,#2727,.F.) ;
#2735=EDGE_CURVE('',#2729,#1845,#2734,.T.) ;
#2754=EDGE_CURVE('',#2729,#2753,#2751,.T.) ;
#2759=EDGE_CURVE('',#2753,#1852,#2758,.F.) ;
#2778=EDGE_CURVE('',#2753,#2777,#2775,.F.) ;
#2783=EDGE_CURVE('',#2777,#1859,#2782,.T.) ;
#2800=EDGE_CURVE('',#2777,#2631,#2799,.T.) ;
#2819=EDGE_CURVE('',#2818,#1933,#2816,.T.) ;
#2826=EDGE_CURVE('',#2818,#2825,#2823,.F.) ;
#2831=EDGE_CURVE('',#2825,#1889,#2830,.T.) ;
#2850=EDGE_CURVE('',#2825,#2849,#2847,.T.) ;
#2855=EDGE_CURVE('',#2849,#1891,#2854,.F.) ;
#2874=EDGE_CURVE('',#2849,#2873,#2871,.F.) ;
#2879=EDGE_CURVE('',#2873,#1898,#2878,.T.) ;
#2898=EDGE_CURVE('',#2873,#2897,#2895,.T.) ;
#2903=EDGE_CURVE('',#2897,#1905,#2902,.F.) ;
#2922=EDGE_CURVE('',#2897,#2921,#2919,.T.) ;
#2927=EDGE_CURVE('',#2921,#1912,#2926,.T.) ;
#2946=EDGE_CURVE('',#2921,#2945,#2943,.T.) ;
#2951=EDGE_CURVE('',#2945,#1919,#2950,.F.) ;
#2965=EDGE_CURVE('',#2945,#2964,#2962,.F.) ;
#2970=EDGE_CURVE('',#2964,#1926,#2969,.T.) ;
#2987=EDGE_CURVE('',#2964,#2818,#2986,.T.) ;
#3001=EDGE_CURVE('',#3000,#2000,#2998,.T.) ;
#3008=EDGE_CURVE('',#3000,#3007,#3005,.F.) ;
#3013=EDGE_CURVE('',#3007,#1956,#3012,.T.) ;
#3032=EDGE_CURVE('',#3007,#3031,#3029,.T.) ;
#3037=EDGE_CURVE('',#3031,#1958,#3036,.F.) ;
#3051=EDGE_CURVE('',#3031,#3050,#3048,.F.) ;
#3056=EDGE_CURVE('',#3050,#1965,#3055,.T.) ;
#3075=EDGE_CURVE('',#3050,#3074,#3072,.T.) ;
#3080=EDGE_CURVE('',#3074,#1972,#3079,.F.) ;
#3099=EDGE_CURVE('',#3074,#3098,#3096,.F.) ;
#3104=EDGE_CURVE('',#3098,#1979,#3103,.T.) ;
#3123=EDGE_CURVE('',#3098,#3122,#3120,.T.) ;
#3128=EDGE_CURVE('',#3122,#1986,#3127,.F.) ;
#3142=EDGE_CURVE('',#3122,#3141,#3139,.F.) ;
#3147=EDGE_CURVE('',#3141,#1993,#3146,.T.) ;
#3164=EDGE_CURVE('',#3141,#3000,#3163,.T.) ;
#3181=EDGE_CURVE('',#948,#917,#3180,.F.) ;
#3186=EDGE_CURVE('',#950,#924,#3185,.F.) ;
#3203=EDGE_CURVE('',#908,#877,#3202,.T.) ;
#3208=EDGE_CURVE('',#910,#884,#3207,.T.) ;
#3225=EDGE_CURVE('',#868,#837,#3224,.F.) ;
#3230=EDGE_CURVE('',#870,#844,#3229,.F.) ;
#3247=EDGE_CURVE('',#828,#797,#3246,.T.) ;
#3252=EDGE_CURVE('',#830,#804,#3251,.T.) ;
#3269=EDGE_CURVE('',#788,#997,#3268,.F.) ;
#3274=EDGE_CURVE('',#790,#1004,#3273,.F.) ;
#3291=EDGE_CURVE('',#988,#702,#3290,.T.) ;
#3296=EDGE_CURVE('',#695,#671,#3295,.F.) ;
#3303=EDGE_CURVE('',#664,#3302,#3300,.T.) ;
#3310=EDGE_CURVE('',#3302,#3309,#3307,.F.) ;
#3315=EDGE_CURVE('',#3309,#733,#3314,.T.) ;
#3320=EDGE_CURVE('',#726,#764,#3319,.F.) ;
#3325=EDGE_CURVE('',#757,#957,#3324,.T.) ;
#3388=EDGE_CURVE('',#197,#964,#3387,.T.) ;
#3419=EDGE_CURVE('',#990,#190,#3418,.T.) ;
#3438=EDGE_CURVE('',#350,#3302,#3437,.T.) ;
#3457=EDGE_CURVE('',#343,#3309,#3456,.T.) ;
#3492=EDGE_CURVE('',#3489,#3491,#3487,.F.) ;
#3497=EDGE_CURVE('',#1473,#3491,#3496,.F.) ;
#3502=EDGE_CURVE('',#1480,#3489,#3501,.F.) ;
#3514=EDGE_CURVE('',#3491,#3489,#3513,.F.) ;
#3535=EDGE_CURVE('',#3532,#3534,#3530,.F.) ;
#3540=EDGE_CURVE('',#1373,#3534,#3539,.F.) ;
#3545=EDGE_CURVE('',#1380,#3532,#3544,.F.) ;
#3557=EDGE_CURVE('',#3534,#3532,#3556,.F.) ;
#3578=EDGE_CURVE('',#3575,#3577,#3573,.F.) ;
#3583=EDGE_CURVE('',#1279,#3577,#3582,.F.) ;
#3588=EDGE_CURVE('',#1286,#3575,#3587,.F.) ;
#3600=EDGE_CURVE('',#3577,#3575,#3599,.F.) ;
#3619=EDGE_CURVE('',#3618,#1241,#3616,.F.) ;
#3626=EDGE_CURVE('',#3618,#3625,#3623,.T.) ;
#3631=EDGE_CURVE('',#3625,#1239,#3630,.F.) ;
#3643=EDGE_CURVE('',#3625,#3618,#3642,.T.) ;
#3659=EDGE_CURVE('',#3656,#3658,#3654,.T.) ;
#3666=EDGE_CURVE('',#3665,#3658,#3663,.T.) ;
#3673=EDGE_CURVE('',#3665,#3672,#3670,.F.) ;
#3678=EDGE_CURVE('',#3672,#3656,#3677,.T.) ;
#3699=EDGE_CURVE('',#3696,#3698,#3694,.T.) ;
#3706=EDGE_CURVE('',#3705,#3698,#3703,.T.) ;
#3713=EDGE_CURVE('',#3705,#3712,#3710,.F.) ;
#3718=EDGE_CURVE('',#3712,#3696,#3717,.T.) ;
#3735=EDGE_CURVE('',#3658,#3696,#3734,.F.) ;
#3740=EDGE_CURVE('',#3712,#3665,#3739,.T.) ;
#3761=EDGE_CURVE('',#3758,#3760,#3756,.F.) ;
#3766=EDGE_CURVE('',#1044,#3760,#3765,.F.) ;
#3771=EDGE_CURVE('',#1051,#3758,#3770,.F.) ;
#3783=EDGE_CURVE('',#3760,#3758,#3782,.F.) ;
#3800=EDGE_CURVE('',#92,#232,#3799,.F.) ;
#3817=EDGE_CURVE('',#230,#176,#3816,.F.) ;
#3834=EDGE_CURVE('',#174,#141,#3833,.F.) ;
#3851=EDGE_CURVE('',#148,#85,#3850,.F.) ;
#3872=EDGE_CURVE('',#3869,#3871,#3867,.F.) ;
#3879=EDGE_CURVE('',#3878,#3869,#3876,.F.) ;
#3886=EDGE_CURVE('',#3878,#3885,#3883,.F.) ;
#3891=EDGE_CURVE('',#3871,#3885,#3890,.T.) ;
#3910=EDGE_CURVE('',#3909,#3885,#3907,.T.) ;
#3917=EDGE_CURVE('',#3916,#3878,#3914,.T.) ;
#3922=EDGE_CURVE('',#3916,#3909,#3921,.F.) ;
#3941=EDGE_CURVE('',#3940,#3916,#3938,.F.) ;
#3948=EDGE_CURVE('',#3940,#3947,#3945,.F.) ;
#3953=EDGE_CURVE('',#3909,#3947,#3952,.T.) ;
#3972=EDGE_CURVE('',#3971,#3947,#3969,.T.) ;
#3979=EDGE_CURVE('',#3978,#3940,#3976,.T.) ;
#3984=EDGE_CURVE('',#3978,#3971,#3983,.F.) ;
#4003=EDGE_CURVE('',#4002,#3978,#4000,.F.) ;
#4010=EDGE_CURVE('',#4002,#4009,#4007,.F.) ;
#4015=EDGE_CURVE('',#3971,#4009,#4014,.T.) ;
#4031=EDGE_CURVE('',#4028,#4030,#4026,.F.) ;
#4036=EDGE_CURVE('',#4030,#525,#4035,.T.) ;
#4041=EDGE_CURVE('',#4028,#286,#4040,.T.) ;
#4077=EDGE_CURVE('',#4074,#4076,#4072,.F.) ;
#4082=EDGE_CURVE('',#3871,#4076,#4081,.T.) ;
#4087=EDGE_CURVE('',#4074,#4009,#4086,.T.) ;
#4110=EDGE_CURVE('',#4107,#4109,#4105,.F.) ;
#4117=EDGE_CURVE('',#4116,#4109,#4114,.T.) ;
#4124=EDGE_CURVE('',#4116,#4123,#4121,.F.) ;
#4131=EDGE_CURVE('',#4130,#4123,#4128,.T.) ;
#4138=EDGE_CURVE('',#4130,#4137,#4135,.F.) ;
#4145=EDGE_CURVE('',#4144,#4137,#4142,.T.) ;
#4152=EDGE_CURVE('',#4144,#4151,#4149,.F.) ;
#4157=EDGE_CURVE('',#4107,#4151,#4156,.T.) ;
#4172=EDGE_CURVE('',#3672,#3705,#4171,.T.) ;
#4205=EDGE_CURVE('',#3869,#288,#4204,.T.) ;
#4210=EDGE_CURVE('',#4028,#4076,#4209,.F.) ;
#4229=EDGE_CURVE('',#509,#4002,#4228,.T.) ;
#4234=EDGE_CURVE('',#4030,#4074,#4233,.F.) ;
#4269=EDGE_CURVE('',#4266,#4268,#4264,.T.) ;
#4274=EDGE_CURVE('',#4109,#4266,#4273,.F.) ;
#4279=EDGE_CURVE('',#4107,#4268,#4278,.F.) ;
#4300=EDGE_CURVE('',#4297,#4299,#4295,.T.) ;
#4305=EDGE_CURVE('',#4123,#4297,#4304,.F.) ;
#4310=EDGE_CURVE('',#4116,#4299,#4309,.F.) ;
#4331=EDGE_CURVE('',#4328,#4330,#4326,.T.) ;
#4336=EDGE_CURVE('',#4137,#4328,#4335,.F.) ;
#4341=EDGE_CURVE('',#4130,#4330,#4340,.F.) ;
#4362=EDGE_CURVE('',#4359,#4361,#4357,.T.) ;
#4367=EDGE_CURVE('',#4151,#4359,#4366,.F.) ;
#4372=EDGE_CURVE('',#4144,#4361,#4371,.F.) ;
#4384=EDGE_CURVE('',#4268,#4359,#4383,.T.) ;
#4396=EDGE_CURVE('',#4361,#4328,#4395,.T.) ;
#4413=EDGE_CURVE('',#4330,#4297,#4412,.T.) ;
#4425=EDGE_CURVE('',#4299,#4266,#4424,.T.) ;
#4444=EDGE_CURVE('',#4443,#4299,#4441,.F.) ;
#4451=EDGE_CURVE('',#4450,#4266,#4448,.F.) ;
#4456=EDGE_CURVE('',#4443,#4450,#4455,.T.) ;
#4475=EDGE_CURVE('',#4474,#4268,#4472,.F.) ;
#4480=EDGE_CURVE('',#4450,#4474,#4479,.F.) ;
#4499=EDGE_CURVE('',#4498,#4359,#4496,.F.) ;
#4504=EDGE_CURVE('',#4474,#4498,#4503,.T.) ;
#4523=EDGE_CURVE('',#4522,#4361,#4520,.F.) ;
#4528=EDGE_CURVE('',#4498,#4522,#4527,.F.) ;
#4547=EDGE_CURVE('',#4546,#4328,#4544,.F.) ;
#4552=EDGE_CURVE('',#4522,#4546,#4551,.T.) ;
#4571=EDGE_CURVE('',#4570,#4330,#4568,.F.) ;
#4576=EDGE_CURVE('',#4546,#4570,#4575,.F.) ;
#4595=EDGE_CURVE('',#4594,#4297,#4592,.F.) ;
#4600=EDGE_CURVE('',#4570,#4594,#4599,.T.) ;
#4617=EDGE_CURVE('',#4594,#4443,#4616,.F.) ;
#4636=EDGE_CURVE('',#2023,#4635,#4633,.F.) ;
#4643=EDGE_CURVE('',#2025,#4642,#4640,.F.) ;
#4648=EDGE_CURVE('',#4635,#4642,#4647,.F.) ;
#4660=EDGE_CURVE('',#4642,#4635,#4659,.F.) ;
#4679=EDGE_CURVE('',#4642,#4678,#4676,.T.) ;
#4686=EDGE_CURVE('',#4685,#4678,#4683,.F.) ;
#4691=EDGE_CURVE('',#4635,#4685,#4690,.T.) ;
#4708=EDGE_CURVE('',#4678,#4685,#4707,.F.) ;
#4727=EDGE_CURVE('',#2046,#4726,#4724,.F.) ;
#4734=EDGE_CURVE('',#2048,#4733,#4731,.F.) ;
#4739=EDGE_CURVE('',#4726,#4733,#4738,.F.) ;
#4751=EDGE_CURVE('',#4733,#4726,#4750,.F.) ;
#4770=EDGE_CURVE('',#4733,#4769,#4767,.T.) ;
#4777=EDGE_CURVE('',#4776,#4769,#4774,.F.) ;
#4782=EDGE_CURVE('',#4726,#4776,#4781,.T.) ;
#4799=EDGE_CURVE('',#4769,#4776,#4798,.F.) ;
#4818=EDGE_CURVE('',#2069,#4817,#4815,.F.) ;
#4825=EDGE_CURVE('',#2071,#4824,#4822,.F.) ;
#4830=EDGE_CURVE('',#4817,#4824,#4829,.F.) ;
#4842=EDGE_CURVE('',#4824,#4817,#4841,.F.) ;
#4861=EDGE_CURVE('',#4824,#4860,#4858,.T.) ;
#4868=EDGE_CURVE('',#4867,#4860,#4865,.F.) ;
#4873=EDGE_CURVE('',#4817,#4867,#4872,.T.) ;
#4890=EDGE_CURVE('',#4860,#4867,#4889,.F.) ;
#4909=EDGE_CURVE('',#1117,#4908,#4906,.F.) ;
#4916=EDGE_CURVE('',#4915,#1115,#4913,.T.) ;
#4921=EDGE_CURVE('',#4908,#4915,#4920,.F.) ;
#4935=EDGE_CURVE('',#1124,#4934,#4932,.F.) ;
#4940=EDGE_CURVE('',#4934,#4908,#4939,.F.) ;
#4954=EDGE_CURVE('',#4953,#1131,#4951,.T.) ;
#4959=EDGE_CURVE('',#4953,#4934,#4958,.F.) ;
#5028=EDGE_CURVE('',#5025,#5027,#5023,.F.) ;
#5035=EDGE_CURVE('',#5027,#5034,#5032,.F.) ;
#5042=EDGE_CURVE('',#5034,#5041,#5039,.F.) ;
#5047=EDGE_CURVE('',#3698,#5041,#5046,.T.) ;
#5052=EDGE_CURVE('',#5025,#3656,#5051,.T.) ;
#5123=EDGE_CURVE('',#4908,#5034,#5122,.T.) ;
#5128=EDGE_CURVE('',#4934,#5027,#5127,.T.) ;
#5147=EDGE_CURVE('',#5041,#4915,#5141,.T.) ;
#5166=EDGE_CURVE('',#4953,#5025,#5160,.F.) ;
#99=EDGE_LOOP('',(#100,#101,#102,#103,#104,#105)) ;
#155=EDGE_LOOP('',(#156,#157,#158,#159,#160,#161)) ;
#211=EDGE_LOOP('',(#212,#213,#214,#215,#216,#217)) ;
#267=EDGE_LOOP('',(#268,#269,#270,#271,#272,#273)) ;
#309=EDGE_LOOP('',(#310,#311,#312,#313)) ;
#331=EDGE_LOOP('',(#332,#333,#334,#335)) ;
#357=EDGE_LOOP('',(#358,#359,#360,#361)) ;
#374=EDGE_LOOP('',(#375,#376,#377,#378)) ;
#414=EDGE_LOOP('',(#415,#416,#417,#418,#419,#420)) ;
#433=EDGE_LOOP('',(#434,#435,#436,#437)) ;
#450=EDGE_LOOP('',(#451,#452,#453,#454)) ;
#490=EDGE_LOOP('',(#491,#492,#493,#494,#495,#496)) ;
#532=EDGE_LOOP('',(#533,#534,#535,#536)) ;
#563=EDGE_LOOP('',(#564,#565,#566,#567)) ;
#594=EDGE_LOOP('',(#595,#596,#597,#598)) ;
#625=EDGE_LOOP('',(#626,#627,#628,#629)) ;
#647=EDGE_LOOP('',(#648,#649,#650,#651)) ;
#678=EDGE_LOOP('',(#679,#680,#681,#682)) ;
#709=EDGE_LOOP('',(#710,#711,#712,#713)) ;
#740=EDGE_LOOP('',(#741,#742,#743,#744)) ;
#771=EDGE_LOOP('',(#772,#773,#774,#775)) ;
#811=EDGE_LOOP('',(#812,#813,#814,#815)) ;
#851=EDGE_LOOP('',(#852,#853,#854,#855)) ;
#891=EDGE_LOOP('',(#892,#893,#894,#895)) ;
#931=EDGE_LOOP('',(#932,#933,#934,#935)) ;
#971=EDGE_LOOP('',(#972,#973,#974,#975)) ;
#1011=EDGE_LOOP('',(#1012,#1013,#1014,#1015)) ;
#1058=EDGE_LOOP('',(#1059,#1060,#1061,#1062,#1063)) ;
#1097=EDGE_LOOP('',(#1098,#1099,#1100,#1101,#1102)) ;
#1138=EDGE_LOOP('',(#1139,#1140,#1141,#1142)) ;
#1158=EDGE_LOOP('',(#1159,#1160)) ;
#1224=EDGE_LOOP('',(#1225,#1226,#1227,#1228,#1229,#1230,#1231,#1232)) ;
#1248=EDGE_LOOP('',(#1249,#1250)) ;
#1293=EDGE_LOOP('',(#1294,#1295,#1296,#1297,#1298)) ;
#1332=EDGE_LOOP('',(#1333,#1334,#1335,#1336,#1337)) ;
#1387=EDGE_LOOP('',(#1388,#1389,#1390,#1391,#1392)) ;
#1432=EDGE_LOOP('',(#1433,#1434,#1435,#1436,#1437)) ;
#1487=EDGE_LOOP('',(#1488,#1489,#1490,#1491,#1492)) ;
#1532=EDGE_LOOP('',(#1533,#1534,#1535,#1536,#1537)) ;
#1559=EDGE_LOOP('',(#1560,#1561)) ;
#1578=EDGE_LOOP('',(#1579,#1580)) ;
#1597=EDGE_LOOP('',(#1598,#1599)) ;
#1616=EDGE_LOOP('',(#1617,#1618)) ;
#1645=EDGE_LOOP('',(#1646,#1647,#1648,#1649)) ;
#1657=EDGE_LOOP('',(#1658,#1659,#1660,#1661)) ;
#1688=EDGE_LOOP('',(#1689,#1690,#1691,#1692)) ;
#1700=EDGE_LOOP('',(#1701,#1702,#1703,#1704)) ;
#1731=EDGE_LOOP('',(#1732,#1733,#1734,#1735)) ;
#1743=EDGE_LOOP('',(#1744,#1745,#1746,#1747)) ;
#1806=EDGE_LOOP('',(#1807,#1808,#1809,#1810,#1811,#1812,#1813,#1814)) ;
#1873=EDGE_LOOP('',(#1874,#1875,#1876,#1877,#1878,#1879,#1880,#1881)) ;
#1940=EDGE_LOOP('',(#1941,#1942,#1943,#1944,#1945,#1946,#1947,#1948)) ;
#2007=EDGE_LOOP('',(#2008,#2009,#2010,#2011,#2012,#2013,#2014,#2015)) ;
#2032=EDGE_LOOP('',(#2033,#2034)) ;
#2036=EDGE_LOOP('',(#2037,#2038)) ;
#2055=EDGE_LOOP('',(#2056,#2057)) ;
#2059=EDGE_LOOP('',(#2060,#2061)) ;
#2078=EDGE_LOOP('',(#2079,#2080)) ;
#2082=EDGE_LOOP('',(#2083,#2084)) ;
#2098=EDGE_LOOP('',(#2099,#2100,#2101,#2102,#2103)) ;
#2111=EDGE_LOOP('',(#2112,#2113,#2114,#2115,#2116)) ;
#2130=EDGE_LOOP('',(#2131,#2132,#2133,#2134,#2135)) ;
#2143=EDGE_LOOP('',(#2144,#2145,#2146,#2147,#2148)) ;
#2161=EDGE_LOOP('',(#2162,#2163,#2164,#2165,#2166)) ;
#2174=EDGE_LOOP('',(#2175,#2176,#2177,#2178,#2179)) ;
#2197=EDGE_LOOP('',(#2198,#2199,#2200,#2201)) ;
#2204=EDGE_LOOP('',(#2205,#2206,#2207,#2208)) ;
#2221=EDGE_LOOP('',(#2222,#2223,#2224,#2225,#2226)) ;
#2234=EDGE_LOOP('',(#2235,#2236,#2237,#2238,#2239)) ;
#2266=EDGE_LOOP('',(#2267,#2268,#2269,#2270)) ;
#2290=EDGE_LOOP('',(#2291,#2292,#2293,#2294)) ;
#2314=EDGE_LOOP('',(#2315,#2316,#2317,#2318)) ;
#2338=EDGE_LOOP('',(#2339,#2340,#2341,#2342)) ;
#2362=EDGE_LOOP('',(#2363,#2364,#2365,#2366)) ;
#2386=EDGE_LOOP('',(#2387,#2388,#2389,#2390)) ;
#2410=EDGE_LOOP('',(#2411,#2412,#2413,#2414)) ;
#2427=EDGE_LOOP('',(#2428,#2429,#2430,#2431)) ;
#2458=EDGE_LOOP('',(#2459,#2460,#2461,#2462)) ;
#2482=EDGE_LOOP('',(#2483,#2484,#2485,#2486)) ;
#2506=EDGE_LOOP('',(#2507,#2508,#2509,#2510)) ;
#2530=EDGE_LOOP('',(#2531,#2532,#2533,#2534)) ;
#2554=EDGE_LOOP('',(#2555,#2556,#2557,#2558)) ;
#2578=EDGE_LOOP('',(#2579,#2580,#2581,#2582)) ;
#2602=EDGE_LOOP('',(#2603,#2604,#2605,#2606)) ;
#2619=EDGE_LOOP('',(#2620,#2621,#2622,#2623)) ;
#2645=EDGE_LOOP('',(#2646,#2647,#2648,#2649)) ;
#2669=EDGE_LOOP('',(#2670,#2671,#2672,#2673)) ;
#2693=EDGE_LOOP('',(#2694,#2695,#2696,#2697)) ;
#2717=EDGE_LOOP('',(#2718,#2719,#2720,#2721)) ;
#2736=EDGE_LOOP('',(#2737,#2738,#2739,#2740)) ;
#2760=EDGE_LOOP('',(#2761,#2762,#2763,#2764)) ;
#2784=EDGE_LOOP('',(#2785,#2786,#2787,#2788)) ;
#2801=EDGE_LOOP('',(#2802,#2803,#2804,#2805)) ;
#2832=EDGE_LOOP('',(#2833,#2834,#2835,#2836)) ;
#2856=EDGE_LOOP('',(#2857,#2858,#2859,#2860)) ;
#2880=EDGE_LOOP('',(#2881,#2882,#2883,#2884)) ;
#2904=EDGE_LOOP('',(#2905,#2906,#2907,#2908)) ;
#2928=EDGE_LOOP('',(#2929,#2930,#2931,#2932)) ;
#2952=EDGE_LOOP('',(#2953,#2954,#2955,#2956)) ;
#2971=EDGE_LOOP('',(#2972,#2973,#2974,#2975)) ;
#2988=EDGE_LOOP('',(#2989,#2990,#2991,#2992)) ;
#3014=EDGE_LOOP('',(#3015,#3016,#3017,#3018)) ;
#3038=EDGE_LOOP('',(#3039,#3040,#3041,#3042)) ;
#3057=EDGE_LOOP('',(#3058,#3059,#3060,#3061)) ;
#3081=EDGE_LOOP('',(#3082,#3083,#3084,#3085)) ;
#3105=EDGE_LOOP('',(#3106,#3107,#3108,#3109)) ;
#3129=EDGE_LOOP('',(#3130,#3131,#3132,#3133)) ;
#3148=EDGE_LOOP('',(#3149,#3150,#3151,#3152)) ;
#3165=EDGE_LOOP('',(#3166,#3167,#3168,#3169)) ;
#3187=EDGE_LOOP('',(#3188,#3189,#3190,#3191)) ;
#3209=EDGE_LOOP('',(#3210,#3211,#3212,#3213)) ;
#3231=EDGE_LOOP('',(#3232,#3233,#3234,#3235)) ;
#3253=EDGE_LOOP('',(#3254,#3255,#3256,#3257)) ;
#3275=EDGE_LOOP('',(#3276,#3277,#3278,#3279)) ;
#3326=EDGE_LOOP('',(#3327,#3328,#3329,#3330,#3331,#3332,#3333,#3334,#3335,#3336,#3337,#3338,#3339,#3340,#3341,#3342,#3343,#3344,#3345,#3346,#3347,#3348)) ;
#3350=EDGE_LOOP('',(#3351,#3352)) ;
#3354=EDGE_LOOP('',(#3355,#3356)) ;
#3358=EDGE_LOOP('',(#3359,#3360)) ;
#3362=EDGE_LOOP('',(#3363,#3364)) ;
#3372=EDGE_LOOP('',(#3373,#3374,#3375,#3376)) ;
#3389=EDGE_LOOP('',(#3390,#3391,#3392,#3393,#3394,#3395)) ;
#3403=EDGE_LOOP('',(#3404,#3405,#3406,#3407)) ;
#3420=EDGE_LOOP('',(#3421,#3422,#3423,#3424,#3425,#3426)) ;
#3439=EDGE_LOOP('',(#3440,#3441,#3442,#3443,#3444,#3445)) ;
#3458=EDGE_LOOP('',(#3459,#3460,#3461,#3462)) ;
#3470=EDGE_LOOP('',(#3471,#3472,#3473,#3474,#3475,#3476)) ;
#3503=EDGE_LOOP('',(#3504,#3505,#3506,#3507)) ;
#3515=EDGE_LOOP('',(#3516,#3517,#3518,#3519)) ;
#3546=EDGE_LOOP('',(#3547,#3548,#3549,#3550)) ;
#3558=EDGE_LOOP('',(#3559,#3560,#3561,#3562)) ;
#3589=EDGE_LOOP('',(#3590,#3591,#3592,#3593)) ;
#3601=EDGE_LOOP('',(#3602,#3603,#3604,#3605)) ;
#3632=EDGE_LOOP('',(#3633,#3634,#3635,#3636)) ;
#3644=EDGE_LOOP('',(#3645,#3646,#3647,#3648)) ;
#3679=EDGE_LOOP('',(#3680,#3681,#3682,#3683)) ;
#3719=EDGE_LOOP('',(#3720,#3721,#3722,#3723)) ;
#3741=EDGE_LOOP('',(#3742,#3743,#3744,#3745)) ;
#3772=EDGE_LOOP('',(#3773,#3774,#3775,#3776)) ;
#3784=EDGE_LOOP('',(#3785,#3786,#3787,#3788)) ;
#3801=EDGE_LOOP('',(#3802,#3803,#3804,#3805)) ;
#3818=EDGE_LOOP('',(#3819,#3820,#3821,#3822)) ;
#3835=EDGE_LOOP('',(#3836,#3837,#3838,#3839)) ;
#3852=EDGE_LOOP('',(#3853,#3854,#3855,#3856)) ;
#3892=EDGE_LOOP('',(#3893,#3894,#3895,#3896)) ;
#3923=EDGE_LOOP('',(#3924,#3925,#3926,#3927)) ;
#3954=EDGE_LOOP('',(#3955,#3956,#3957,#3958)) ;
#3985=EDGE_LOOP('',(#3986,#3987,#3988,#3989)) ;
#4016=EDGE_LOOP('',(#4017,#4018,#4019,#4020)) ;
#4042=EDGE_LOOP('',(#4043,#4044,#4045,#4046,#4047,#4048,#4049,#4050,#4051)) ;
#4059=EDGE_LOOP('',(#4060,#4061,#4062,#4063,#4064,#4065,#4066,#4067)) ;
#4088=EDGE_LOOP('',(#4089,#4090,#4091,#4092,#4093,#4094,#4095,#4096)) ;
#4098=EDGE_LOOP('',(#4099,#4100)) ;
#4158=EDGE_LOOP('',(#4159,#4160,#4161,#4162,#4163,#4164,#4165,#4166)) ;
#4173=EDGE_LOOP('',(#4174,#4175,#4176,#4177)) ;
#4179=EDGE_LOOP('',(#4180,#4181)) ;
#4183=EDGE_LOOP('',(#4184,#4185)) ;
#4187=EDGE_LOOP('',(#4188,#4189)) ;
#4191=EDGE_LOOP('',(#4192,#4193)) ;
#4211=EDGE_LOOP('',(#4212,#4213,#4214,#4215,#4216,#4217)) ;
#4235=EDGE_LOOP('',(#4236,#4237,#4238,#4239,#4240,#4241)) ;
#4249=EDGE_LOOP('',(#4250,#4251,#4252,#4253)) ;
#4280=EDGE_LOOP('',(#4281,#4282,#4283,#4284)) ;
#4311=EDGE_LOOP('',(#4312,#4313,#4314,#4315)) ;
#4342=EDGE_LOOP('',(#4343,#4344,#4345,#4346)) ;
#4373=EDGE_LOOP('',(#4374,#4375,#4376,#4377)) ;
#4385=EDGE_LOOP('',(#4386,#4387,#4388,#4389)) ;
#4397=EDGE_LOOP('',(#4398,#4399,#4400,#4401)) ;
#4414=EDGE_LOOP('',(#4415,#4416,#4417,#4418)) ;
#4426=EDGE_LOOP('',(#4427,#4428,#4429,#4430)) ;
#4457=EDGE_LOOP('',(#4458,#4459,#4460,#4461)) ;
#4481=EDGE_LOOP('',(#4482,#4483,#4484,#4485)) ;
#4505=EDGE_LOOP('',(#4506,#4507,#4508,#4509)) ;
#4529=EDGE_LOOP('',(#4530,#4531,#4532,#4533)) ;
#4553=EDGE_LOOP('',(#4554,#4555,#4556,#4557)) ;
#4577=EDGE_LOOP('',(#4578,#4579,#4580,#4581)) ;
#4601=EDGE_LOOP('',(#4602,#4603,#4604,#4605)) ;
#4618=EDGE_LOOP('',(#4619,#4620,#4621,#4622)) ;
#4649=EDGE_LOOP('',(#4650,#4651,#4652,#4653)) ;
#4661=EDGE_LOOP('',(#4662,#4663,#4664,#4665)) ;
#4692=EDGE_LOOP('',(#4693,#4694,#4695,#4696)) ;
#4709=EDGE_LOOP('',(#4710,#4711,#4712,#4713)) ;
#4740=EDGE_LOOP('',(#4741,#4742,#4743,#4744)) ;
#4752=EDGE_LOOP('',(#4753,#4754,#4755,#4756)) ;
#4783=EDGE_LOOP('',(#4784,#4785,#4786,#4787)) ;
#4800=EDGE_LOOP('',(#4801,#4802,#4803,#4804)) ;
#4831=EDGE_LOOP('',(#4832,#4833,#4834,#4835)) ;
#4843=EDGE_LOOP('',(#4844,#4845,#4846,#4847)) ;
#4874=EDGE_LOOP('',(#4875,#4876,#4877,#4878)) ;
#4891=EDGE_LOOP('',(#4892,#4893,#4894,#4895)) ;
#4922=EDGE_LOOP('',(#4923,#4924,#4925,#4926)) ;
#4941=EDGE_LOOP('',(#4942,#4943,#4944,#4945)) ;
#4960=EDGE_LOOP('',(#4961,#4962,#4963,#4964)) ;
#4967=EDGE_LOOP('',(#4968,#4969,#4970,#4971,#4972,#4973,#4974,#4975,#4976,#4977,#4978,#4979,#4980,#4981)) ;
#4983=EDGE_LOOP('',(#4984,#4985)) ;
#4987=EDGE_LOOP('',(#4988,#4989)) ;
#4991=EDGE_LOOP('',(#4992,#4993)) ;
#4995=EDGE_LOOP('',(#4996,#4997,#4998,#4999,#5000,#5001,#5002,#5003)) ;
#5005=EDGE_LOOP('',(#5006,#5007,#5008,#5009,#5010,#5011,#5012,#5013,#5014,#5015,#5016,#5017,#5018)) ;
#5053=EDGE_LOOP('',(#5054,#5055,#5056,#5057,#5058,#5059,#5060,#5061)) ;
#5063=EDGE_LOOP('',(#5064,#5065,#5066,#5067,#5068,#5069,#5070,#5071)) ;
#5073=EDGE_LOOP('',(#5074,#5075,#5076,#5077,#5078,#5079,#5080,#5081)) ;
#5083=EDGE_LOOP('',(#5084,#5085,#5086,#5087,#5088,#5089,#5090,#5091)) ;
#5093=EDGE_LOOP('',(#5094,#5095,#5096,#5097,#5098,#5099,#5100,#5101)) ;
#5103=EDGE_LOOP('',(#5104,#5105,#5106,#5107,#5108,#5109,#5110,#5111)) ;
#5129=EDGE_LOOP('',(#5130,#5131,#5132,#5133)) ;
#5148=EDGE_LOOP('',(#5149,#5150,#5151,#5152)) ;
#5167=EDGE_LOOP('',(#5168,#5169,#5170,#5171)) ;
#5179=EDGE_LOOP('',(#5180,#5181,#5182,#5183,#5184,#5185,#5186,#5187,#5188,#5189)) ;
#106=FACE_OUTER_BOUND('',#99,.T.) ;
#162=FACE_OUTER_BOUND('',#155,.T.) ;
#218=FACE_OUTER_BOUND('',#211,.T.) ;
#274=FACE_OUTER_BOUND('',#267,.T.) ;
#314=FACE_OUTER_BOUND('',#309,.T.) ;
#336=FACE_OUTER_BOUND('',#331,.T.) ;
#362=FACE_OUTER_BOUND('',#357,.T.) ;
#379=FACE_OUTER_BOUND('',#374,.T.) ;
#421=FACE_OUTER_BOUND('',#414,.T.) ;
#438=FACE_OUTER_BOUND('',#433,.T.) ;
#455=FACE_OUTER_BOUND('',#450,.T.) ;
#497=FACE_OUTER_BOUND('',#490,.T.) ;
#537=FACE_OUTER_BOUND('',#532,.T.) ;
#568=FACE_OUTER_BOUND('',#563,.T.) ;
#599=FACE_OUTER_BOUND('',#594,.T.) ;
#630=FACE_OUTER_BOUND('',#625,.T.) ;
#652=FACE_OUTER_BOUND('',#647,.T.) ;
#683=FACE_OUTER_BOUND('',#678,.T.) ;
#714=FACE_OUTER_BOUND('',#709,.T.) ;
#745=FACE_OUTER_BOUND('',#740,.T.) ;
#776=FACE_OUTER_BOUND('',#771,.T.) ;
#816=FACE_OUTER_BOUND('',#811,.T.) ;
#856=FACE_OUTER_BOUND('',#851,.T.) ;
#896=FACE_OUTER_BOUND('',#891,.T.) ;
#936=FACE_OUTER_BOUND('',#931,.T.) ;
#976=FACE_OUTER_BOUND('',#971,.T.) ;
#1016=FACE_OUTER_BOUND('',#1011,.T.) ;
#1064=FACE_OUTER_BOUND('',#1058,.T.) ;
#1103=FACE_OUTER_BOUND('',#1097,.T.) ;
#1143=FACE_OUTER_BOUND('',#1138,.T.) ;
#1233=FACE_OUTER_BOUND('',#1224,.T.) ;
#1299=FACE_OUTER_BOUND('',#1293,.T.) ;
#1338=FACE_OUTER_BOUND('',#1332,.T.) ;
#1393=FACE_OUTER_BOUND('',#1387,.T.) ;
#1438=FACE_OUTER_BOUND('',#1432,.T.) ;
#1493=FACE_OUTER_BOUND('',#1487,.T.) ;
#1538=FACE_OUTER_BOUND('',#1532,.T.) ;
#1562=FACE_OUTER_BOUND('',#1559,.T.) ;
#1581=FACE_OUTER_BOUND('',#1578,.T.) ;
#1600=FACE_OUTER_BOUND('',#1597,.T.) ;
#1619=FACE_OUTER_BOUND('',#1616,.T.) ;
#1650=FACE_OUTER_BOUND('',#1645,.T.) ;
#1662=FACE_OUTER_BOUND('',#1657,.T.) ;
#1693=FACE_OUTER_BOUND('',#1688,.T.) ;
#1705=FACE_OUTER_BOUND('',#1700,.T.) ;
#1736=FACE_OUTER_BOUND('',#1731,.T.) ;
#1748=FACE_OUTER_BOUND('',#1743,.T.) ;
#1815=FACE_OUTER_BOUND('',#1806,.T.) ;
#1882=FACE_OUTER_BOUND('',#1873,.T.) ;
#1949=FACE_OUTER_BOUND('',#1940,.T.) ;
#2016=FACE_OUTER_BOUND('',#2007,.T.) ;
#2035=FACE_OUTER_BOUND('',#2032,.T.) ;
#2058=FACE_OUTER_BOUND('',#2055,.T.) ;
#2081=FACE_OUTER_BOUND('',#2078,.T.) ;
#2104=FACE_OUTER_BOUND('',#2098,.T.) ;
#2117=FACE_OUTER_BOUND('',#2111,.T.) ;
#2136=FACE_OUTER_BOUND('',#2130,.T.) ;
#2149=FACE_OUTER_BOUND('',#2143,.T.) ;
#2167=FACE_OUTER_BOUND('',#2161,.T.) ;
#2180=FACE_OUTER_BOUND('',#2174,.T.) ;
#2202=FACE_OUTER_BOUND('',#2197,.T.) ;
#2209=FACE_OUTER_BOUND('',#2204,.T.) ;
#2227=FACE_OUTER_BOUND('',#2221,.T.) ;
#2240=FACE_OUTER_BOUND('',#2234,.T.) ;
#2271=FACE_OUTER_BOUND('',#2266,.T.) ;
#2295=FACE_OUTER_BOUND('',#2290,.T.) ;
#2319=FACE_OUTER_BOUND('',#2314,.T.) ;
#2343=FACE_OUTER_BOUND('',#2338,.T.) ;
#2367=FACE_OUTER_BOUND('',#2362,.T.) ;
#2391=FACE_OUTER_BOUND('',#2386,.T.) ;
#2415=FACE_OUTER_BOUND('',#2410,.T.) ;
#2432=FACE_OUTER_BOUND('',#2427,.T.) ;
#2463=FACE_OUTER_BOUND('',#2458,.T.) ;
#2487=FACE_OUTER_BOUND('',#2482,.T.) ;
#2511=FACE_OUTER_BOUND('',#2506,.T.) ;
#2535=FACE_OUTER_BOUND('',#2530,.T.) ;
#2559=FACE_OUTER_BOUND('',#2554,.T.) ;
#2583=FACE_OUTER_BOUND('',#2578,.T.) ;
#2607=FACE_OUTER_BOUND('',#2602,.T.) ;
#2624=FACE_OUTER_BOUND('',#2619,.T.) ;
#2650=FACE_OUTER_BOUND('',#2645,.T.) ;
#2674=FACE_OUTER_BOUND('',#2669,.T.) ;
#2698=FACE_OUTER_BOUND('',#2693,.T.) ;
#2722=FACE_OUTER_BOUND('',#2717,.T.) ;
#2741=FACE_OUTER_BOUND('',#2736,.T.) ;
#2765=FACE_OUTER_BOUND('',#2760,.T.) ;
#2789=FACE_OUTER_BOUND('',#2784,.T.) ;
#2806=FACE_OUTER_BOUND('',#2801,.T.) ;
#2837=FACE_OUTER_BOUND('',#2832,.T.) ;
#2861=FACE_OUTER_BOUND('',#2856,.T.) ;
#2885=FACE_OUTER_BOUND('',#2880,.T.) ;
#2909=FACE_OUTER_BOUND('',#2904,.T.) ;
#2933=FACE_OUTER_BOUND('',#2928,.T.) ;
#2957=FACE_OUTER_BOUND('',#2952,.T.) ;
#2976=FACE_OUTER_BOUND('',#2971,.T.) ;
#2993=FACE_OUTER_BOUND('',#2988,.T.) ;
#3019=FACE_OUTER_BOUND('',#3014,.T.) ;
#3043=FACE_OUTER_BOUND('',#3038,.T.) ;
#3062=FACE_OUTER_BOUND('',#3057,.T.) ;
#3086=FACE_OUTER_BOUND('',#3081,.T.) ;
#3110=FACE_OUTER_BOUND('',#3105,.T.) ;
#3134=FACE_OUTER_BOUND('',#3129,.T.) ;
#3153=FACE_OUTER_BOUND('',#3148,.T.) ;
#3170=FACE_OUTER_BOUND('',#3165,.T.) ;
#3192=FACE_OUTER_BOUND('',#3187,.T.) ;
#3214=FACE_OUTER_BOUND('',#3209,.T.) ;
#3236=FACE_OUTER_BOUND('',#3231,.T.) ;
#3258=FACE_OUTER_BOUND('',#3253,.T.) ;
#3280=FACE_OUTER_BOUND('',#3275,.T.) ;
#3349=FACE_OUTER_BOUND('',#3326,.T.) ;
#3377=FACE_OUTER_BOUND('',#3372,.T.) ;
#3396=FACE_OUTER_BOUND('',#3389,.T.) ;
#3408=FACE_OUTER_BOUND('',#3403,.T.) ;
#3427=FACE_OUTER_BOUND('',#3420,.T.) ;
#3446=FACE_OUTER_BOUND('',#3439,.T.) ;
#3463=FACE_OUTER_BOUND('',#3458,.T.) ;
#3477=FACE_OUTER_BOUND('',#3470,.T.) ;
#3508=FACE_OUTER_BOUND('',#3503,.T.) ;
#3520=FACE_OUTER_BOUND('',#3515,.T.) ;
#3551=FACE_OUTER_BOUND('',#3546,.T.) ;
#3563=FACE_OUTER_BOUND('',#3558,.T.) ;
#3594=FACE_OUTER_BOUND('',#3589,.T.) ;
#3606=FACE_OUTER_BOUND('',#3601,.T.) ;
#3637=FACE_OUTER_BOUND('',#3632,.T.) ;
#3649=FACE_OUTER_BOUND('',#3644,.T.) ;
#3684=FACE_OUTER_BOUND('',#3679,.T.) ;
#3724=FACE_OUTER_BOUND('',#3719,.T.) ;
#3746=FACE_OUTER_BOUND('',#3741,.T.) ;
#3777=FACE_OUTER_BOUND('',#3772,.T.) ;
#3789=FACE_OUTER_BOUND('',#3784,.T.) ;
#3806=FACE_OUTER_BOUND('',#3801,.T.) ;
#3823=FACE_OUTER_BOUND('',#3818,.T.) ;
#3840=FACE_OUTER_BOUND('',#3835,.T.) ;
#3857=FACE_OUTER_BOUND('',#3852,.T.) ;
#3897=FACE_OUTER_BOUND('',#3892,.T.) ;
#3928=FACE_OUTER_BOUND('',#3923,.T.) ;
#3959=FACE_OUTER_BOUND('',#3954,.T.) ;
#3990=FACE_OUTER_BOUND('',#3985,.T.) ;
#4021=FACE_OUTER_BOUND('',#4016,.T.) ;
#4052=FACE_OUTER_BOUND('',#4042,.T.) ;
#4068=FACE_OUTER_BOUND('',#4059,.T.) ;
#4218=FACE_OUTER_BOUND('',#4211,.T.) ;
#4242=FACE_OUTER_BOUND('',#4235,.T.) ;
#4254=FACE_OUTER_BOUND('',#4249,.T.) ;
#4285=FACE_OUTER_BOUND('',#4280,.T.) ;
#4316=FACE_OUTER_BOUND('',#4311,.T.) ;
#4347=FACE_OUTER_BOUND('',#4342,.T.) ;
#4378=FACE_OUTER_BOUND('',#4373,.T.) ;
#4390=FACE_OUTER_BOUND('',#4385,.T.) ;
#4402=FACE_OUTER_BOUND('',#4397,.T.) ;
#4419=FACE_OUTER_BOUND('',#4414,.T.) ;
#4431=FACE_OUTER_BOUND('',#4426,.T.) ;
#4462=FACE_OUTER_BOUND('',#4457,.T.) ;
#4486=FACE_OUTER_BOUND('',#4481,.T.) ;
#4510=FACE_OUTER_BOUND('',#4505,.T.) ;
#4534=FACE_OUTER_BOUND('',#4529,.T.) ;
#4558=FACE_OUTER_BOUND('',#4553,.T.) ;
#4582=FACE_OUTER_BOUND('',#4577,.T.) ;
#4606=FACE_OUTER_BOUND('',#4601,.T.) ;
#4623=FACE_OUTER_BOUND('',#4618,.T.) ;
#4654=FACE_OUTER_BOUND('',#4649,.T.) ;
#4666=FACE_OUTER_BOUND('',#4661,.T.) ;
#4697=FACE_OUTER_BOUND('',#4692,.T.) ;
#4714=FACE_OUTER_BOUND('',#4709,.T.) ;
#4745=FACE_OUTER_BOUND('',#4740,.T.) ;
#4757=FACE_OUTER_BOUND('',#4752,.T.) ;
#4788=FACE_OUTER_BOUND('',#4783,.T.) ;
#4805=FACE_OUTER_BOUND('',#4800,.T.) ;
#4836=FACE_OUTER_BOUND('',#4831,.T.) ;
#4848=FACE_OUTER_BOUND('',#4843,.T.) ;
#4879=FACE_OUTER_BOUND('',#4874,.T.) ;
#4896=FACE_OUTER_BOUND('',#4891,.T.) ;
#4927=FACE_OUTER_BOUND('',#4922,.T.) ;
#4946=FACE_OUTER_BOUND('',#4941,.T.) ;
#4965=FACE_OUTER_BOUND('',#4960,.T.) ;
#4982=FACE_OUTER_BOUND('',#4967,.T.) ;
#5134=FACE_OUTER_BOUND('',#5129,.T.) ;
#5153=FACE_OUTER_BOUND('',#5148,.T.) ;
#5172=FACE_OUTER_BOUND('',#5167,.T.) ;
#5190=FACE_OUTER_BOUND('',#5179,.T.) ;
#45=UNCERTAINTY_MEASURE_WITH_UNIT(LENGTH_MEASURE(0.005),#41,'distance_accuracy_value','CONFUSED CURVE UNCERTAINTY') ;
#60=LINE('Line',#57,#59) ;
#69=LINE('Line',#66,#68) ;
#76=LINE('Line',#73,#75) ;
#83=LINE('Line',#80,#82) ;
#90=LINE('Line',#87,#89) ;
#97=LINE('Line',#94,#96) ;
#116=LINE('Line',#113,#115) ;
#125=LINE('Line',#122,#124) ;
#132=LINE('Line',#129,#131) ;
#139=LINE('Line',#136,#138) ;
#146=LINE('Line',#143,#145) ;
#153=LINE('Line',#150,#152) ;
#172=LINE('Line',#169,#171) ;
#181=LINE('Line',#178,#180) ;
#188=LINE('Line',#185,#187) ;
#195=LINE('Line',#192,#194) ;
#202=LINE('Line',#199,#201) ;
#209=LINE('Line',#206,#208) ;
#228=LINE('Line',#225,#227) ;
#237=LINE('Line',#234,#236) ;
#244=LINE('Line',#241,#243) ;
#251=LINE('Line',#248,#250) ;
#258=LINE('Line',#255,#257) ;
#265=LINE('Line',#262,#264) ;
#284=LINE('Line',#281,#283) ;
#300=LINE('Line',#297,#299) ;
#348=LINE('Line',#345,#347) ;
#405=LINE('Line',#402,#404) ;
#460=LINE('Line',#457,#459) ;
#507=LINE('Line',#504,#506) ;
#516=LINE('Line',#513,#515) ;
#523=LINE('Line',#520,#522) ;
#530=LINE('Line',#527,#529) ;
#554=LINE('Line',#551,#553) ;
#578=LINE('Line',#575,#577) ;
#585=LINE('Line',#582,#584) ;
#592=LINE('Line',#589,#591) ;
#616=LINE('Line',#613,#615) ;
#640=LINE('Line',#637,#639) ;
#645=LINE('Line',#642,#644) ;
#662=LINE('Line',#659,#661) ;
#676=LINE('Line',#673,#675) ;
#693=LINE('Line',#690,#692) ;
#707=LINE('Line',#704,#706) ;
#724=LINE('Line',#721,#723) ;
#738=LINE('Line',#735,#737) ;
#755=LINE('Line',#752,#754) ;
#769=LINE('Line',#766,#768) ;
#786=LINE('Line',#783,#785) ;
#802=LINE('Line',#799,#801) ;
#826=LINE('Line',#823,#825) ;
#842=LINE('Line',#839,#841) ;
#866=LINE('Line',#863,#865) ;
#882=LINE('Line',#879,#881) ;
#906=LINE('Line',#903,#905) ;
#922=LINE('Line',#919,#921) ;
#946=LINE('Line',#943,#945) ;
#962=LINE('Line',#959,#961) ;
#986=LINE('Line',#983,#985) ;
#1002=LINE('Line',#999,#1001) ;
#1042=LINE('Line',#1039,#1041) ;
#1056=LINE('Line',#1053,#1055) ;
#1081=LINE('Line',#1078,#1080) ;
#1095=LINE('Line',#1092,#1094) ;
#1180=LINE('Line',#1177,#1179) ;
#1194=LINE('Line',#1191,#1193) ;
#1208=LINE('Line',#1205,#1207) ;
#1222=LINE('Line',#1219,#1221) ;
#1277=LINE('Line',#1274,#1276) ;
#1291=LINE('Line',#1288,#1290) ;
#1316=LINE('Line',#1313,#1315) ;
#1330=LINE('Line',#1327,#1329) ;
#1371=LINE('Line',#1368,#1370) ;
#1385=LINE('Line',#1382,#1384) ;
#1416=LINE('Line',#1413,#1415) ;
#1430=LINE('Line',#1427,#1429) ;
#1471=LINE('Line',#1468,#1470) ;
#1485=LINE('Line',#1482,#1484) ;
#1516=LINE('Line',#1513,#1515) ;
#1530=LINE('Line',#1527,#1529) ;
#1638=LINE('Line',#1635,#1637) ;
#1643=LINE('Line',#1640,#1642) ;
#1681=LINE('Line',#1678,#1680) ;
#1686=LINE('Line',#1683,#1685) ;
#1724=LINE('Line',#1721,#1723) ;
#1729=LINE('Line',#1726,#1728) ;
#1753=LINE('Line',#1750,#1752) ;
#1769=LINE('Line',#1766,#1768) ;
#1783=LINE('Line',#1780,#1782) ;
#1797=LINE('Line',#1794,#1796) ;
#1829=LINE('Line',#1826,#1828) ;
#1843=LINE('Line',#1840,#1842) ;
#1857=LINE('Line',#1854,#1856) ;
#1871=LINE('Line',#1868,#1870) ;
#1896=LINE('Line',#1893,#1895) ;
#1910=LINE('Line',#1907,#1909) ;
#1924=LINE('Line',#1921,#1923) ;
#1938=LINE('Line',#1935,#1937) ;
#1963=LINE('Line',#1960,#1962) ;
#1977=LINE('Line',#1974,#1976) ;
#1991=LINE('Line',#1988,#1990) ;
#2005=LINE('Line',#2002,#2004) ;
#2190=LINE('Line',#2187,#2189) ;
#2195=LINE('Line',#2192,#2194) ;
#2250=LINE('Line',#2247,#2249) ;
#2264=LINE('Line',#2261,#2263) ;
#2281=LINE('Line',#2278,#2280) ;
#2288=LINE('Line',#2285,#2287) ;
#2312=LINE('Line',#2309,#2311) ;
#2329=LINE('Line',#2326,#2328) ;
#2336=LINE('Line',#2333,#2335) ;
#2360=LINE('Line',#2357,#2359) ;
#2377=LINE('Line',#2374,#2376) ;
#2384=LINE('Line',#2381,#2383) ;
#2408=LINE('Line',#2405,#2407) ;
#2425=LINE('Line',#2422,#2424) ;
#2442=LINE('Line',#2439,#2441) ;
#2449=LINE('Line',#2446,#2448) ;
#2456=LINE('Line',#2453,#2455) ;
#2480=LINE('Line',#2477,#2479) ;
#2497=LINE('Line',#2494,#2496) ;
#2504=LINE('Line',#2501,#2503) ;
#2528=LINE('Line',#2525,#2527) ;
#2545=LINE('Line',#2542,#2544) ;
#2552=LINE('Line',#2549,#2551) ;
#2576=LINE('Line',#2573,#2575) ;
#2593=LINE('Line',#2590,#2592) ;
#2600=LINE('Line',#2597,#2599) ;
#2629=LINE('Line',#2626,#2628) ;
#2636=LINE('Line',#2633,#2635) ;
#2643=LINE('Line',#2640,#2642) ;
#2667=LINE('Line',#2664,#2666) ;
#2684=LINE('Line',#2681,#2683) ;
#2691=LINE('Line',#2688,#2690) ;
#2715=LINE('Line',#2712,#2714) ;
#2727=LINE('Line',#2724,#2726) ;
#2734=LINE('Line',#2731,#2733) ;
#2758=LINE('Line',#2755,#2757) ;
#2775=LINE('Line',#2772,#2774) ;
#2782=LINE('Line',#2779,#2781) ;
#2816=LINE('Line',#2813,#2815) ;
#2823=LINE('Line',#2820,#2822) ;
#2830=LINE('Line',#2827,#2829) ;
#2854=LINE('Line',#2851,#2853) ;
#2871=LINE('Line',#2868,#2870) ;
#2878=LINE('Line',#2875,#2877) ;
#2902=LINE('Line',#2899,#2901) ;
#2919=LINE('Line',#2916,#2918) ;
#2926=LINE('Line',#2923,#2925) ;
#2950=LINE('Line',#2947,#2949) ;
#2962=LINE('Line',#2959,#2961) ;
#2969=LINE('Line',#2966,#2968) ;
#2998=LINE('Line',#2995,#2997) ;
#3005=LINE('Line',#3002,#3004) ;
#3012=LINE('Line',#3009,#3011) ;
#3036=LINE('Line',#3033,#3035) ;
#3048=LINE('Line',#3045,#3047) ;
#3055=LINE('Line',#3052,#3054) ;
#3079=LINE('Line',#3076,#3078) ;
#3096=LINE('Line',#3093,#3095) ;
#3103=LINE('Line',#3100,#3102) ;
#3127=LINE('Line',#3124,#3126) ;
#3139=LINE('Line',#3136,#3138) ;
#3146=LINE('Line',#3143,#3145) ;
#3180=LINE('Line',#3177,#3179) ;
#3185=LINE('Line',#3182,#3184) ;
#3224=LINE('Line',#3221,#3223) ;
#3229=LINE('Line',#3226,#3228) ;
#3268=LINE('Line',#3265,#3267) ;
#3273=LINE('Line',#3270,#3272) ;
#3295=LINE('Line',#3292,#3294) ;
#3307=LINE('Line',#3304,#3306) ;
#3319=LINE('Line',#3316,#3318) ;
#3437=LINE('Line',#3434,#3436) ;
#3456=LINE('Line',#3453,#3455) ;
#3496=LINE('Line',#3493,#3495) ;
#3501=LINE('Line',#3498,#3500) ;
#3539=LINE('Line',#3536,#3538) ;
#3544=LINE('Line',#3541,#3543) ;
#3582=LINE('Line',#3579,#3581) ;
#3587=LINE('Line',#3584,#3586) ;
#3616=LINE('Line',#3613,#3615) ;
#3630=LINE('Line',#3627,#3629) ;
#3654=LINE('Line',#3651,#3653) ;
#3663=LINE('Line',#3660,#3662) ;
#3670=LINE('Line',#3667,#3669) ;
#3677=LINE('Line',#3674,#3676) ;
#3694=LINE('Line',#3691,#3693) ;
#3703=LINE('Line',#3700,#3702) ;
#3710=LINE('Line',#3707,#3709) ;
#3717=LINE('Line',#3714,#3716) ;
#3765=LINE('Line',#3762,#3764) ;
#3770=LINE('Line',#3767,#3769) ;
#3867=LINE('Line',#3864,#3866) ;
#3883=LINE('Line',#3880,#3882) ;
#3907=LINE('Line',#3904,#3906) ;
#3914=LINE('Line',#3911,#3913) ;
#3921=LINE('Line',#3918,#3920) ;
#3945=LINE('Line',#3942,#3944) ;
#3969=LINE('Line',#3966,#3968) ;
#3976=LINE('Line',#3973,#3975) ;
#3983=LINE('Line',#3980,#3982) ;
#4007=LINE('Line',#4004,#4006) ;
#4035=LINE('Line',#4032,#4034) ;
#4040=LINE('Line',#4037,#4039) ;
#4081=LINE('Line',#4078,#4080) ;
#4086=LINE('Line',#4083,#4085) ;
#4114=LINE('Line',#4111,#4113) ;
#4128=LINE('Line',#4125,#4127) ;
#4142=LINE('Line',#4139,#4141) ;
#4156=LINE('Line',#4153,#4155) ;
#4204=LINE('Line',#4201,#4203) ;
#4209=LINE('Line',#4206,#4208) ;
#4228=LINE('Line',#4225,#4227) ;
#4233=LINE('Line',#4230,#4232) ;
#4273=LINE('Line',#4270,#4272) ;
#4278=LINE('Line',#4275,#4277) ;
#4304=LINE('Line',#4301,#4303) ;
#4309=LINE('Line',#4306,#4308) ;
#4335=LINE('Line',#4332,#4334) ;
#4340=LINE('Line',#4337,#4339) ;
#4366=LINE('Line',#4363,#4365) ;
#4371=LINE('Line',#4368,#4370) ;
#4383=LINE('Line',#4380,#4382) ;
#4395=LINE('Line',#4392,#4394) ;
#4412=LINE('Line',#4409,#4411) ;
#4424=LINE('Line',#4421,#4423) ;
#4441=LINE('Line',#4438,#4440) ;
#4448=LINE('Line',#4445,#4447) ;
#4455=LINE('Line',#4452,#4454) ;
#4472=LINE('Line',#4469,#4471) ;
#4496=LINE('Line',#4493,#4495) ;
#4503=LINE('Line',#4500,#4502) ;
#4520=LINE('Line',#4517,#4519) ;
#4544=LINE('Line',#4541,#4543) ;
#4551=LINE('Line',#4548,#4550) ;
#4568=LINE('Line',#4565,#4567) ;
#4592=LINE('Line',#4589,#4591) ;
#4599=LINE('Line',#4596,#4598) ;
#4633=LINE('Line',#4630,#4632) ;
#4640=LINE('Line',#4637,#4639) ;
#4676=LINE('Line',#4673,#4675) ;
#4690=LINE('Line',#4687,#4689) ;
#4724=LINE('Line',#4721,#4723) ;
#4731=LINE('Line',#4728,#4730) ;
#4767=LINE('Line',#4764,#4766) ;
#4781=LINE('Line',#4778,#4780) ;
#4815=LINE('Line',#4812,#4814) ;
#4822=LINE('Line',#4819,#4821) ;
#4858=LINE('Line',#4855,#4857) ;
#4872=LINE('Line',#4869,#4871) ;
#4906=LINE('Line',#4903,#4905) ;
#4913=LINE('Line',#4910,#4912) ;
#4932=LINE('Line',#4929,#4931) ;
#4951=LINE('Line',#4948,#4950) ;
#5122=LINE('Line',#5119,#5121) ;
#5127=LINE('Line',#5124,#5126) ;
#2=MECHANICAL_CONTEXT(' ',#1,'mechanical') ;
#24=PERSONAL_ADDRESS(' ',' ',' ',' ',' ',' ',' ',' ',' ',' ',' ',' ',(#22),' ') ;
#56=PLANE('Plane',#55) ;
#112=PLANE('Plane',#111) ;
#168=PLANE('Plane',#167) ;
#224=PLANE('Plane',#223) ;
#320=PLANE('Plane',#319) ;
#503=PLANE('Plane',#502) ;
#574=PLANE('Plane',#573) ;
#636=PLANE('Plane',#635) ;
#1109=PLANE('Plane',#1108) ;
#1167=PLANE('Plane',#1166) ;
#1544=PLANE('Plane',#1543) ;
#2277=PLANE('Plane',#2276) ;
#2325=PLANE('Plane',#2324) ;
#2373=PLANE('Plane',#2372) ;
#2421=PLANE('Plane',#2420) ;
#2438=PLANE('Plane',#2437) ;
#2493=PLANE('Plane',#2492) ;
#2541=PLANE('Plane',#2540) ;
#2589=PLANE('Plane',#2588) ;
#2680=PLANE('Plane',#2679) ;
#2771=PLANE('Plane',#2770) ;
#2812=PLANE('Plane',#2811) ;
#2867=PLANE('Plane',#2866) ;
#2915=PLANE('Plane',#2914) ;
#3092=PLANE('Plane',#3091) ;
#3176=PLANE('Plane',#3175) ;
#3220=PLANE('Plane',#3219) ;
#3264=PLANE('Plane',#3263) ;
#3286=PLANE('Plane',#3285) ;
#3371=PLANE('Plane',#3370) ;
#3402=PLANE('Plane',#3401) ;
#3452=PLANE('Plane',#3451) ;
#3690=PLANE('Plane',#3689) ;
#3903=PLANE('Plane',#3902) ;
#3965=PLANE('Plane',#3964) ;
#4058=PLANE('Plane',#4057) ;
#4200=PLANE('Plane',#4199) ;
#4224=PLANE('Plane',#4223) ;
#4408=PLANE('Plane',#4407) ;
#4437=PLANE('Plane',#4436) ;
#4492=PLANE('Plane',#4491) ;
#4540=PLANE('Plane',#4539) ;
#4588=PLANE('Plane',#4587) ;
#43=PLANE_ANGLE_MEASURE_WITH_UNIT(PLANE_ANGLE_MEASURE(0.0174532925199),#42) ;
#7=PRODUCT_CATEGORY('part',$) ;
#9=PRODUCT_CATEGORY_RELATIONSHIP(' ',' ',#7,#8) ;
#6=PRODUCT_DEFINITION_FORMATION_WITH_SPECIFIED_SOURCE('',' ',#5,.NOT_KNOWN.) ;
#8=PRODUCT_RELATED_PRODUCT_CATEGORY('detail',$,(#5)) ;
#50=SHAPE_DEFINITION_REPRESENTATION(#40,#49) ;
#62=VERTEX_POINT('',#61) ;
#64=VERTEX_POINT('',#63) ;
#71=VERTEX_POINT('',#70) ;
#78=VERTEX_POINT('',#77) ;
#85=VERTEX_POINT('',#84) ;
#92=VERTEX_POINT('',#91) ;
#118=VERTEX_POINT('',#117) ;
#120=VERTEX_POINT('',#119) ;
#127=VERTEX_POINT('',#126) ;
#134=VERTEX_POINT('',#133) ;
#141=VERTEX_POINT('',#140) ;
#148=VERTEX_POINT('',#147) ;
#174=VERTEX_POINT('',#173) ;
#176=VERTEX_POINT('',#175) ;
#183=VERTEX_POINT('',#182) ;
#190=VERTEX_POINT('',#189) ;
#197=VERTEX_POINT('',#196) ;
#204=VERTEX_POINT('',#203) ;
#230=VERTEX_POINT('',#229) ;
#232=VERTEX_POINT('',#231) ;
#239=VERTEX_POINT('',#238) ;
#246=VERTEX_POINT('',#245) ;
#253=VERTEX_POINT('',#252) ;
#260=VERTEX_POINT('',#259) ;
#286=VERTEX_POINT('',#285) ;
#288=VERTEX_POINT('',#287) ;
#295=VERTEX_POINT('',#294) ;
#302=VERTEX_POINT('',#301) ;
#343=VERTEX_POINT('',#342) ;
#350=VERTEX_POINT('',#349) ;
#386=VERTEX_POINT('',#385) ;
#393=VERTEX_POINT('',#392) ;
#400=VERTEX_POINT('',#399) ;
#407=VERTEX_POINT('',#406) ;
#462=VERTEX_POINT('',#461) ;
#464=VERTEX_POINT('',#463) ;
#471=VERTEX_POINT('',#470) ;
#483=VERTEX_POINT('',#482) ;
#509=VERTEX_POINT('',#508) ;
#511=VERTEX_POINT('',#510) ;
#518=VERTEX_POINT('',#517) ;
#525=VERTEX_POINT('',#524) ;
#549=VERTEX_POINT('',#548) ;
#556=VERTEX_POINT('',#555) ;
#580=VERTEX_POINT('',#579) ;
#587=VERTEX_POINT('',#586) ;
#611=VERTEX_POINT('',#610) ;
#618=VERTEX_POINT('',#617) ;
#664=VERTEX_POINT('',#663) ;
#671=VERTEX_POINT('',#670) ;
#695=VERTEX_POINT('',#694) ;
#702=VERTEX_POINT('',#701) ;
#726=VERTEX_POINT('',#725) ;
#733=VERTEX_POINT('',#732) ;
#757=VERTEX_POINT('',#756) ;
#764=VERTEX_POINT('',#763) ;
#788=VERTEX_POINT('',#787) ;
#790=VERTEX_POINT('',#789) ;
#797=VERTEX_POINT('',#796) ;
#804=VERTEX_POINT('',#803) ;
#828=VERTEX_POINT('',#827) ;
#830=VERTEX_POINT('',#829) ;
#837=VERTEX_POINT('',#836) ;
#844=VERTEX_POINT('',#843) ;
#868=VERTEX_POINT('',#867) ;
#870=VERTEX_POINT('',#869) ;
#877=VERTEX_POINT('',#876) ;
#884=VERTEX_POINT('',#883) ;
#908=VERTEX_POINT('',#907) ;
#910=VERTEX_POINT('',#909) ;
#917=VERTEX_POINT('',#916) ;
#924=VERTEX_POINT('',#923) ;
#948=VERTEX_POINT('',#947) ;
#950=VERTEX_POINT('',#949) ;
#957=VERTEX_POINT('',#956) ;
#964=VERTEX_POINT('',#963) ;
#988=VERTEX_POINT('',#987) ;
#990=VERTEX_POINT('',#989) ;
#997=VERTEX_POINT('',#996) ;
#1004=VERTEX_POINT('',#1003) ;
#1028=VERTEX_POINT('',#1027) ;
#1030=VERTEX_POINT('',#1029) ;
#1037=VERTEX_POINT('',#1036) ;
#1044=VERTEX_POINT('',#1043) ;
#1051=VERTEX_POINT('',#1050) ;
#1076=VERTEX_POINT('',#1075) ;
#1083=VERTEX_POINT('',#1082) ;
#1090=VERTEX_POINT('',#1089) ;
#1115=VERTEX_POINT('',#1114) ;
#1117=VERTEX_POINT('',#1116) ;
#1124=VERTEX_POINT('',#1123) ;
#1131=VERTEX_POINT('',#1130) ;
#1149=VERTEX_POINT('',#1148) ;
#1151=VERTEX_POINT('',#1150) ;
#1173=VERTEX_POINT('',#1172) ;
#1175=VERTEX_POINT('',#1174) ;
#1182=VERTEX_POINT('',#1181) ;
#1189=VERTEX_POINT('',#1188) ;
#1196=VERTEX_POINT('',#1195) ;
#1203=VERTEX_POINT('',#1202) ;
#1210=VERTEX_POINT('',#1209) ;
#1217=VERTEX_POINT('',#1216) ;
#1239=VERTEX_POINT('',#1238) ;
#1241=VERTEX_POINT('',#1240) ;
#1263=VERTEX_POINT('',#1262) ;
#1265=VERTEX_POINT('',#1264) ;
#1272=VERTEX_POINT('',#1271) ;
#1279=VERTEX_POINT('',#1278) ;
#1286=VERTEX_POINT('',#1285) ;
#1311=VERTEX_POINT('',#1310) ;
#1318=VERTEX_POINT('',#1317) ;
#1325=VERTEX_POINT('',#1324) ;
#1356=VERTEX_POINT('',#1355) ;
#1358=VERTEX_POINT('',#1357) ;
#1366=VERTEX_POINT('',#1365) ;
#1373=VERTEX_POINT('',#1372) ;
#1380=VERTEX_POINT('',#1379) ;
#1411=VERTEX_POINT('',#1410) ;
#1418=VERTEX_POINT('',#1417) ;
#1425=VERTEX_POINT('',#1424) ;
#1456=VERTEX_POINT('',#1455) ;
#1458=VERTEX_POINT('',#1457) ;
#1466=VERTEX_POINT('',#1465) ;
#1473=VERTEX_POINT('',#1472) ;
#1480=VERTEX_POINT('',#1479) ;
#1511=VERTEX_POINT('',#1510) ;
#1518=VERTEX_POINT('',#1517) ;
#1525=VERTEX_POINT('',#1524) ;
#1550=VERTEX_POINT('',#1549) ;
#1552=VERTEX_POINT('',#1551) ;
#1569=VERTEX_POINT('',#1568) ;
#1571=VERTEX_POINT('',#1570) ;
#1588=VERTEX_POINT('',#1587) ;
#1590=VERTEX_POINT('',#1589) ;
#1607=VERTEX_POINT('',#1606) ;
#1609=VERTEX_POINT('',#1608) ;
#1631=VERTEX_POINT('',#1630) ;
#1633=VERTEX_POINT('',#1632) ;
#1674=VERTEX_POINT('',#1673) ;
#1676=VERTEX_POINT('',#1675) ;
#1717=VERTEX_POINT('',#1716) ;
#1719=VERTEX_POINT('',#1718) ;
#1755=VERTEX_POINT('',#1754) ;
#1757=VERTEX_POINT('',#1756) ;
#1764=VERTEX_POINT('',#1763) ;
#1771=VERTEX_POINT('',#1770) ;
#1778=VERTEX_POINT('',#1777) ;
#1785=VERTEX_POINT('',#1784) ;
#1792=VERTEX_POINT('',#1791) ;
#1799=VERTEX_POINT('',#1798) ;
#1822=VERTEX_POINT('',#1821) ;
#1824=VERTEX_POINT('',#1823) ;
#1831=VERTEX_POINT('',#1830) ;
#1838=VERTEX_POINT('',#1837) ;
#1845=VERTEX_POINT('',#1844) ;
#1852=VERTEX_POINT('',#1851) ;
#1859=VERTEX_POINT('',#1858) ;
#1866=VERTEX_POINT('',#1865) ;
#1889=VERTEX_POINT('',#1888) ;
#1891=VERTEX_POINT('',#1890) ;
#1898=VERTEX_POINT('',#1897) ;
#1905=VERTEX_POINT('',#1904) ;
#1912=VERTEX_POINT('',#1911) ;
#1919=VERTEX_POINT('',#1918) ;
#1926=VERTEX_POINT('',#1925) ;
#1933=VERTEX_POINT('',#1932) ;
#1956=VERTEX_POINT('',#1955) ;
#1958=VERTEX_POINT('',#1957) ;
#1965=VERTEX_POINT('',#1964) ;
#1972=VERTEX_POINT('',#1971) ;
#1979=VERTEX_POINT('',#1978) ;
#1986=VERTEX_POINT('',#1985) ;
#1993=VERTEX_POINT('',#1992) ;
#2000=VERTEX_POINT('',#1999) ;
#2023=VERTEX_POINT('',#2022) ;
#2025=VERTEX_POINT('',#2024) ;
#2046=VERTEX_POINT('',#2045) ;
#2048=VERTEX_POINT('',#2047) ;
#2069=VERTEX_POINT('',#2068) ;
#2071=VERTEX_POINT('',#2070) ;
#2252=VERTEX_POINT('',#2251) ;
#2259=VERTEX_POINT('',#2258) ;
#2283=VERTEX_POINT('',#2282) ;
#2307=VERTEX_POINT('',#2306) ;
#2331=VERTEX_POINT('',#2330) ;
#2355=VERTEX_POINT('',#2354) ;
#2379=VERTEX_POINT('',#2378) ;
#2403=VERTEX_POINT('',#2402) ;
#2444=VERTEX_POINT('',#2443) ;
#2451=VERTEX_POINT('',#2450) ;
#2475=VERTEX_POINT('',#2474) ;
#2499=VERTEX_POINT('',#2498) ;
#2523=VERTEX_POINT('',#2522) ;
#2547=VERTEX_POINT('',#2546) ;
#2571=VERTEX_POINT('',#2570) ;
#2595=VERTEX_POINT('',#2594) ;
#2631=VERTEX_POINT('',#2630) ;
#2638=VERTEX_POINT('',#2637) ;
#2662=VERTEX_POINT('',#2661) ;
#2686=VERTEX_POINT('',#2685) ;
#2710=VERTEX_POINT('',#2709) ;
#2729=VERTEX_POINT('',#2728) ;
#2753=VERTEX_POINT('',#2752) ;
#2777=VERTEX_POINT('',#2776) ;
#2818=VERTEX_POINT('',#2817) ;
#2825=VERTEX_POINT('',#2824) ;
#2849=VERTEX_POINT('',#2848) ;
#2873=VERTEX_POINT('',#2872) ;
#2897=VERTEX_POINT('',#2896) ;
#2921=VERTEX_POINT('',#2920) ;
#2945=VERTEX_POINT('',#2944) ;
#2964=VERTEX_POINT('',#2963) ;
#3000=VERTEX_POINT('',#2999) ;
#3007=VERTEX_POINT('',#3006) ;
#3031=VERTEX_POINT('',#3030) ;
#3050=VERTEX_POINT('',#3049) ;
#3074=VERTEX_POINT('',#3073) ;
#3098=VERTEX_POINT('',#3097) ;
#3122=VERTEX_POINT('',#3121) ;
#3141=VERTEX_POINT('',#3140) ;
#3302=VERTEX_POINT('',#3301) ;
#3309=VERTEX_POINT('',#3308) ;
#3489=VERTEX_POINT('',#3488) ;
#3491=VERTEX_POINT('',#3490) ;
#3532=VERTEX_POINT('',#3531) ;
#3534=VERTEX_POINT('',#3533) ;
#3575=VERTEX_POINT('',#3574) ;
#3577=VERTEX_POINT('',#3576) ;
#3618=VERTEX_POINT('',#3617) ;
#3625=VERTEX_POINT('',#3624) ;
#3656=VERTEX_POINT('',#3655) ;
#3658=VERTEX_POINT('',#3657) ;
#3665=VERTEX_POINT('',#3664) ;
#3672=VERTEX_POINT('',#3671) ;
#3696=VERTEX_POINT('',#3695) ;
#3698=VERTEX_POINT('',#3697) ;
#3705=VERTEX_POINT('',#3704) ;
#3712=VERTEX_POINT('',#3711) ;
#3758=VERTEX_POINT('',#3757) ;
#3760=VERTEX_POINT('',#3759) ;
#3869=VERTEX_POINT('',#3868) ;
#3871=VERTEX_POINT('',#3870) ;
#3878=VERTEX_POINT('',#3877) ;
#3885=VERTEX_POINT('',#3884) ;
#3909=VERTEX_POINT('',#3908) ;
#3916=VERTEX_POINT('',#3915) ;
#3940=VERTEX_POINT('',#3939) ;
#3947=VERTEX_POINT('',#3946) ;
#3971=VERTEX_POINT('',#3970) ;
#3978=VERTEX_POINT('',#3977) ;
#4002=VERTEX_POINT('',#4001) ;
#4009=VERTEX_POINT('',#4008) ;
#4028=VERTEX_POINT('',#4027) ;
#4030=VERTEX_POINT('',#4029) ;
#4074=VERTEX_POINT('',#4073) ;
#4076=VERTEX_POINT('',#4075) ;
#4107=VERTEX_POINT('',#4106) ;
#4109=VERTEX_POINT('',#4108) ;
#4116=VERTEX_POINT('',#4115) ;
#4123=VERTEX_POINT('',#4122) ;
#4130=VERTEX_POINT('',#4129) ;
#4137=VERTEX_POINT('',#4136) ;
#4144=VERTEX_POINT('',#4143) ;
#4151=VERTEX_POINT('',#4150) ;
#4266=VERTEX_POINT('',#4265) ;
#4268=VERTEX_POINT('',#4267) ;
#4297=VERTEX_POINT('',#4296) ;
#4299=VERTEX_POINT('',#4298) ;
#4328=VERTEX_POINT('',#4327) ;
#4330=VERTEX_POINT('',#4329) ;
#4359=VERTEX_POINT('',#4358) ;
#4361=VERTEX_POINT('',#4360) ;
#4443=VERTEX_POINT('',#4442) ;
#4450=VERTEX_POINT('',#4449) ;
#4474=VERTEX_POINT('',#4473) ;
#4498=VERTEX_POINT('',#4497) ;
#4522=VERTEX_POINT('',#4521) ;
#4546=VERTEX_POINT('',#4545) ;
#4570=VERTEX_POINT('',#4569) ;
#4594=VERTEX_POINT('',#4593) ;
#4635=VERTEX_POINT('',#4634) ;
#4642=VERTEX_POINT('',#4641) ;
#4678=VERTEX_POINT('',#4677) ;
#4685=VERTEX_POINT('',#4684) ;
#4726=VERTEX_POINT('',#4725) ;
#4733=VERTEX_POINT('',#4732) ;
#4769=VERTEX_POINT('',#4768) ;
#4776=VERTEX_POINT('',#4775) ;
#4817=VERTEX_POINT('',#4816) ;
#4824=VERTEX_POINT('',#4823) ;
#4860=VERTEX_POINT('',#4859) ;
#4867=VERTEX_POINT('',#4866) ;
#4908=VERTEX_POINT('',#4907) ;
#4915=VERTEX_POINT('',#4914) ;
#4934=VERTEX_POINT('',#4933) ;
#4953=VERTEX_POINT('',#4952) ;
#5025=VERTEX_POINT('',#5024) ;
#5027=VERTEX_POINT('',#5026) ;
#5034=VERTEX_POINT('',#5033) ;
#5041=VERTEX_POINT('',#5040) ;
#41=(LENGTH_UNIT()NAMED_UNIT(*)SI_UNIT(.MILLI.,.METRE.)) ;
#42=(NAMED_UNIT(*)PLANE_ANGLE_UNIT()SI_UNIT($,.RADIAN.)) ;
#44=(NAMED_UNIT(*)SI_UNIT($,.STERADIAN.)SOLID_ANGLE_UNIT()) ;
#46=(GEOMETRIC_REPRESENTATION_CONTEXT(3)GLOBAL_UNCERTAINTY_ASSIGNED_CONTEXT((#45))GLOBAL_UNIT_ASSIGNED_CONTEXT((#41,#42,#44))REPRESENTATION_CONTEXT(' ',' ')) ;
ENDSEC;
END-ISO-10303-21;
